[2026-05-19T05:23:15.242+0000] {processor.py:161} INFO - Started process (PID=165) to work on /opt/airflow/dags/stackoverflow_migration_dag.py
[2026-05-19T05:23:15.244+0000] {processor.py:830} INFO - Processing file /opt/airflow/dags/stackoverflow_migration_dag.py for tasks to queue
[2026-05-19T05:23:15.248+0000] {logging_mixin.py:188} INFO - [2026-05-19T05:23:15.246+0000] {dagbag.py:545} INFO - Filling up the DagBag from /opt/airflow/dags/stackoverflow_migration_dag.py
[2026-05-19T05:23:17.040+0000] {processor.py:840} INFO - DAG(s) 'stackoverflow_medallion_pipeline_v2' retrieved from /opt/airflow/dags/stackoverflow_migration_dag.py
[2026-05-19T05:23:17.111+0000] {logging_mixin.py:188} INFO - [2026-05-19T05:23:17.110+0000] {dag.py:3096} INFO - Sync 1 DAGs
[2026-05-19T05:23:17.176+0000] {logging_mixin.py:188} INFO - [2026-05-19T05:23:17.176+0000] {dag.py:3954} INFO - Setting next_dagrun for stackoverflow_medallion_pipeline_v2 to 2026-05-19 00:00:00+00:00, run_after=2026-05-20 00:00:00+00:00
[2026-05-19T05:23:17.228+0000] {processor.py:183} INFO - Processing /opt/airflow/dags/stackoverflow_migration_dag.py took 1.998 seconds
[2026-05-19T05:23:47.562+0000] {processor.py:161} INFO - Started process (PID=171) to work on /opt/airflow/dags/stackoverflow_migration_dag.py
[2026-05-19T05:23:47.565+0000] {processor.py:830} INFO - Processing file /opt/airflow/dags/stackoverflow_migration_dag.py for tasks to queue
[2026-05-19T05:23:47.570+0000] {logging_mixin.py:188} INFO - [2026-05-19T05:23:47.569+0000] {dagbag.py:545} INFO - Filling up the DagBag from /opt/airflow/dags/stackoverflow_migration_dag.py
[2026-05-19T05:23:48.794+0000] {processor.py:840} INFO - DAG(s) 'stackoverflow_medallion_pipeline_v2' retrieved from /opt/airflow/dags/stackoverflow_migration_dag.py
[2026-05-19T05:23:49.193+0000] {logging_mixin.py:188} INFO - [2026-05-19T05:23:49.193+0000] {dag.py:3096} INFO - Sync 1 DAGs
[2026-05-19T05:23:49.248+0000] {logging_mixin.py:188} INFO - [2026-05-19T05:23:49.248+0000] {dag.py:3954} INFO - Setting next_dagrun for stackoverflow_medallion_pipeline_v2 to 2026-05-19 00:00:00+00:00, run_after=2026-05-20 00:00:00+00:00
[2026-05-19T05:23:49.293+0000] {processor.py:183} INFO - Processing /opt/airflow/dags/stackoverflow_migration_dag.py took 1.742 seconds
[2026-05-19T05:24:19.753+0000] {processor.py:161} INFO - Started process (PID=176) to work on /opt/airflow/dags/stackoverflow_migration_dag.py
[2026-05-19T05:24:19.755+0000] {processor.py:830} INFO - Processing file /opt/airflow/dags/stackoverflow_migration_dag.py for tasks to queue
[2026-05-19T05:24:19.759+0000] {logging_mixin.py:188} INFO - [2026-05-19T05:24:19.759+0000] {dagbag.py:545} INFO - Filling up the DagBag from /opt/airflow/dags/stackoverflow_migration_dag.py
[2026-05-19T05:24:21.188+0000] {processor.py:840} INFO - DAG(s) 'stackoverflow_medallion_pipeline_v2' retrieved from /opt/airflow/dags/stackoverflow_migration_dag.py
[2026-05-19T05:24:21.272+0000] {logging_mixin.py:188} INFO - [2026-05-19T05:24:21.272+0000] {dag.py:3096} INFO - Sync 1 DAGs
[2026-05-19T05:24:21.326+0000] {logging_mixin.py:188} INFO - [2026-05-19T05:24:21.326+0000] {dag.py:3954} INFO - Setting next_dagrun for stackoverflow_medallion_pipeline_v2 to 2026-05-19 00:00:00+00:00, run_after=2026-05-20 00:00:00+00:00
[2026-05-19T05:24:21.373+0000] {processor.py:183} INFO - Processing /opt/airflow/dags/stackoverflow_migration_dag.py took 1.632 seconds
[2026-05-19T05:24:51.963+0000] {processor.py:161} INFO - Started process (PID=181) to work on /opt/airflow/dags/stackoverflow_migration_dag.py
[2026-05-19T05:24:51.968+0000] {processor.py:830} INFO - Processing file /opt/airflow/dags/stackoverflow_migration_dag.py for tasks to queue
[2026-05-19T05:24:51.979+0000] {logging_mixin.py:188} INFO - [2026-05-19T05:24:51.973+0000] {dagbag.py:545} INFO - Filling up the DagBag from /opt/airflow/dags/stackoverflow_migration_dag.py
[2026-05-19T05:24:53.152+0000] {processor.py:840} INFO - DAG(s) 'stackoverflow_medallion_pipeline_v2' retrieved from /opt/airflow/dags/stackoverflow_migration_dag.py
[2026-05-19T05:24:53.222+0000] {logging_mixin.py:188} INFO - [2026-05-19T05:24:53.222+0000] {dag.py:3096} INFO - Sync 1 DAGs
[2026-05-19T05:24:53.304+0000] {logging_mixin.py:188} INFO - [2026-05-19T05:24:53.304+0000] {dag.py:3954} INFO - Setting next_dagrun for stackoverflow_medallion_pipeline_v2 to 2026-05-19 00:00:00+00:00, run_after=2026-05-20 00:00:00+00:00
[2026-05-19T05:24:53.377+0000] {processor.py:183} INFO - Processing /opt/airflow/dags/stackoverflow_migration_dag.py took 1.463 seconds
[2026-05-19T05:25:23.603+0000] {processor.py:161} INFO - Started process (PID=188) to work on /opt/airflow/dags/stackoverflow_migration_dag.py
[2026-05-19T05:25:23.604+0000] {processor.py:830} INFO - Processing file /opt/airflow/dags/stackoverflow_migration_dag.py for tasks to queue
[2026-05-19T05:25:23.607+0000] {logging_mixin.py:188} INFO - [2026-05-19T05:25:23.607+0000] {dagbag.py:545} INFO - Filling up the DagBag from /opt/airflow/dags/stackoverflow_migration_dag.py
[2026-05-19T05:25:24.931+0000] {processor.py:840} INFO - DAG(s) 'stackoverflow_medallion_pipeline_v2' retrieved from /opt/airflow/dags/stackoverflow_migration_dag.py
[2026-05-19T05:25:25.008+0000] {logging_mixin.py:188} INFO - [2026-05-19T05:25:25.008+0000] {dag.py:3096} INFO - Sync 1 DAGs
[2026-05-19T05:25:25.063+0000] {logging_mixin.py:188} INFO - [2026-05-19T05:25:25.063+0000] {dag.py:3954} INFO - Setting next_dagrun for stackoverflow_medallion_pipeline_v2 to 2026-05-19 00:00:00+00:00, run_after=2026-05-20 00:00:00+00:00
[2026-05-19T05:25:25.106+0000] {processor.py:183} INFO - Processing /opt/airflow/dags/stackoverflow_migration_dag.py took 1.512 seconds
[2026-05-19T05:25:55.566+0000] {processor.py:161} INFO - Started process (PID=194) to work on /opt/airflow/dags/stackoverflow_migration_dag.py
[2026-05-19T05:25:55.568+0000] {processor.py:830} INFO - Processing file /opt/airflow/dags/stackoverflow_migration_dag.py for tasks to queue
[2026-05-19T05:25:55.571+0000] {logging_mixin.py:188} INFO - [2026-05-19T05:25:55.570+0000] {dagbag.py:545} INFO - Filling up the DagBag from /opt/airflow/dags/stackoverflow_migration_dag.py
[2026-05-19T05:25:56.687+0000] {processor.py:840} INFO - DAG(s) 'stackoverflow_medallion_pipeline_v2' retrieved from /opt/airflow/dags/stackoverflow_migration_dag.py
[2026-05-19T05:25:56.780+0000] {logging_mixin.py:188} INFO - [2026-05-19T05:25:56.780+0000] {dag.py:3096} INFO - Sync 1 DAGs
[2026-05-19T05:25:56.856+0000] {logging_mixin.py:188} INFO - [2026-05-19T05:25:56.856+0000] {dag.py:3954} INFO - Setting next_dagrun for stackoverflow_medallion_pipeline_v2 to 2026-05-19 00:00:00+00:00, run_after=2026-05-20 00:00:00+00:00
[2026-05-19T05:25:56.928+0000] {processor.py:183} INFO - Processing /opt/airflow/dags/stackoverflow_migration_dag.py took 1.372 seconds
[2026-05-19T05:26:27.520+0000] {processor.py:161} INFO - Started process (PID=202) to work on /opt/airflow/dags/stackoverflow_migration_dag.py
[2026-05-19T05:26:27.524+0000] {processor.py:830} INFO - Processing file /opt/airflow/dags/stackoverflow_migration_dag.py for tasks to queue
[2026-05-19T05:26:27.529+0000] {logging_mixin.py:188} INFO - [2026-05-19T05:26:27.528+0000] {dagbag.py:545} INFO - Filling up the DagBag from /opt/airflow/dags/stackoverflow_migration_dag.py
[2026-05-19T05:26:28.695+0000] {processor.py:840} INFO - DAG(s) 'stackoverflow_medallion_pipeline_v2' retrieved from /opt/airflow/dags/stackoverflow_migration_dag.py
[2026-05-19T05:26:28.783+0000] {logging_mixin.py:188} INFO - [2026-05-19T05:26:28.783+0000] {dag.py:3096} INFO - Sync 1 DAGs
[2026-05-19T05:26:28.843+0000] {logging_mixin.py:188} INFO - [2026-05-19T05:26:28.843+0000] {dag.py:3954} INFO - Setting next_dagrun for stackoverflow_medallion_pipeline_v2 to 2026-05-19 00:00:00+00:00, run_after=2026-05-20 00:00:00+00:00
[2026-05-19T05:26:28.887+0000] {processor.py:183} INFO - Processing /opt/airflow/dags/stackoverflow_migration_dag.py took 1.397 seconds
[2026-05-19T05:26:59.268+0000] {processor.py:161} INFO - Started process (PID=210) to work on /opt/airflow/dags/stackoverflow_migration_dag.py
[2026-05-19T05:26:59.270+0000] {processor.py:830} INFO - Processing file /opt/airflow/dags/stackoverflow_migration_dag.py for tasks to queue
[2026-05-19T05:26:59.273+0000] {logging_mixin.py:188} INFO - [2026-05-19T05:26:59.273+0000] {dagbag.py:545} INFO - Filling up the DagBag from /opt/airflow/dags/stackoverflow_migration_dag.py
[2026-05-19T05:27:00.289+0000] {processor.py:840} INFO - DAG(s) 'stackoverflow_medallion_pipeline_v2' retrieved from /opt/airflow/dags/stackoverflow_migration_dag.py
[2026-05-19T05:27:00.385+0000] {logging_mixin.py:188} INFO - [2026-05-19T05:27:00.384+0000] {dag.py:3096} INFO - Sync 1 DAGs
[2026-05-19T05:27:00.471+0000] {logging_mixin.py:188} INFO - [2026-05-19T05:27:00.471+0000] {dag.py:3954} INFO - Setting next_dagrun for stackoverflow_medallion_pipeline_v2 to 2026-05-19 00:00:00+00:00, run_after=2026-05-20 00:00:00+00:00
[2026-05-19T05:27:00.525+0000] {processor.py:183} INFO - Processing /opt/airflow/dags/stackoverflow_migration_dag.py took 1.268 seconds
[2026-05-19T05:27:30.648+0000] {processor.py:161} INFO - Started process (PID=218) to work on /opt/airflow/dags/stackoverflow_migration_dag.py
[2026-05-19T05:27:30.650+0000] {processor.py:830} INFO - Processing file /opt/airflow/dags/stackoverflow_migration_dag.py for tasks to queue
[2026-05-19T05:27:30.653+0000] {logging_mixin.py:188} INFO - [2026-05-19T05:27:30.653+0000] {dagbag.py:545} INFO - Filling up the DagBag from /opt/airflow/dags/stackoverflow_migration_dag.py
[2026-05-19T05:27:31.614+0000] {processor.py:840} INFO - DAG(s) 'stackoverflow_medallion_pipeline_v2' retrieved from /opt/airflow/dags/stackoverflow_migration_dag.py
[2026-05-19T05:27:31.671+0000] {logging_mixin.py:188} INFO - [2026-05-19T05:27:31.670+0000] {dag.py:3096} INFO - Sync 1 DAGs
[2026-05-19T05:27:31.738+0000] {logging_mixin.py:188} INFO - [2026-05-19T05:27:31.738+0000] {dag.py:3954} INFO - Setting next_dagrun for stackoverflow_medallion_pipeline_v2 to 2026-05-19 00:00:00+00:00, run_after=2026-05-20 00:00:00+00:00
[2026-05-19T05:27:31.810+0000] {processor.py:183} INFO - Processing /opt/airflow/dags/stackoverflow_migration_dag.py took 1.172 seconds
[2026-05-19T05:28:02.231+0000] {processor.py:161} INFO - Started process (PID=226) to work on /opt/airflow/dags/stackoverflow_migration_dag.py
[2026-05-19T05:28:02.232+0000] {processor.py:830} INFO - Processing file /opt/airflow/dags/stackoverflow_migration_dag.py for tasks to queue
[2026-05-19T05:28:02.236+0000] {logging_mixin.py:188} INFO - [2026-05-19T05:28:02.235+0000] {dagbag.py:545} INFO - Filling up the DagBag from /opt/airflow/dags/stackoverflow_migration_dag.py
[2026-05-19T05:28:03.185+0000] {processor.py:840} INFO - DAG(s) 'stackoverflow_medallion_pipeline_v2' retrieved from /opt/airflow/dags/stackoverflow_migration_dag.py
[2026-05-19T05:28:03.314+0000] {logging_mixin.py:188} INFO - [2026-05-19T05:28:03.314+0000] {dag.py:3096} INFO - Sync 1 DAGs
[2026-05-19T05:28:03.403+0000] {logging_mixin.py:188} INFO - [2026-05-19T05:28:03.403+0000] {dag.py:3954} INFO - Setting next_dagrun for stackoverflow_medallion_pipeline_v2 to 2026-05-19 00:00:00+00:00, run_after=2026-05-20 00:00:00+00:00
[2026-05-19T05:28:03.457+0000] {processor.py:183} INFO - Processing /opt/airflow/dags/stackoverflow_migration_dag.py took 1.234 seconds
[2026-05-19T05:28:33.670+0000] {processor.py:161} INFO - Started process (PID=231) to work on /opt/airflow/dags/stackoverflow_migration_dag.py
[2026-05-19T05:28:33.673+0000] {processor.py:830} INFO - Processing file /opt/airflow/dags/stackoverflow_migration_dag.py for tasks to queue
[2026-05-19T05:28:33.676+0000] {logging_mixin.py:188} INFO - [2026-05-19T05:28:33.676+0000] {dagbag.py:545} INFO - Filling up the DagBag from /opt/airflow/dags/stackoverflow_migration_dag.py
[2026-05-19T05:28:34.643+0000] {processor.py:840} INFO - DAG(s) 'stackoverflow_medallion_pipeline_v2' retrieved from /opt/airflow/dags/stackoverflow_migration_dag.py
[2026-05-19T05:28:34.739+0000] {logging_mixin.py:188} INFO - [2026-05-19T05:28:34.739+0000] {dag.py:3096} INFO - Sync 1 DAGs
[2026-05-19T05:28:34.798+0000] {logging_mixin.py:188} INFO - [2026-05-19T05:28:34.798+0000] {dag.py:3954} INFO - Setting next_dagrun for stackoverflow_medallion_pipeline_v2 to 2026-05-19 00:00:00+00:00, run_after=2026-05-20 00:00:00+00:00
[2026-05-19T05:28:34.841+0000] {processor.py:183} INFO - Processing /opt/airflow/dags/stackoverflow_migration_dag.py took 1.183 seconds
[2026-05-19T05:29:05.513+0000] {processor.py:161} INFO - Started process (PID=236) to work on /opt/airflow/dags/stackoverflow_migration_dag.py
[2026-05-19T05:29:05.518+0000] {processor.py:830} INFO - Processing file /opt/airflow/dags/stackoverflow_migration_dag.py for tasks to queue
[2026-05-19T05:29:05.532+0000] {logging_mixin.py:188} INFO - [2026-05-19T05:29:05.530+0000] {dagbag.py:545} INFO - Filling up the DagBag from /opt/airflow/dags/stackoverflow_migration_dag.py
[2026-05-19T05:29:08.602+0000] {processor.py:840} INFO - DAG(s) 'stackoverflow_medallion_pipeline_v2' retrieved from /opt/airflow/dags/stackoverflow_migration_dag.py
[2026-05-19T05:29:08.716+0000] {logging_mixin.py:188} INFO - [2026-05-19T05:29:08.716+0000] {dag.py:3096} INFO - Sync 1 DAGs
[2026-05-19T05:29:08.814+0000] {logging_mixin.py:188} INFO - [2026-05-19T05:29:08.813+0000] {dag.py:3954} INFO - Setting next_dagrun for stackoverflow_medallion_pipeline_v2 to 2026-05-19 00:00:00+00:00, run_after=2026-05-20 00:00:00+00:00
[2026-05-19T05:29:08.866+0000] {processor.py:183} INFO - Processing /opt/airflow/dags/stackoverflow_migration_dag.py took 3.400 seconds
[2026-05-19T05:29:39.377+0000] {processor.py:161} INFO - Started process (PID=241) to work on /opt/airflow/dags/stackoverflow_migration_dag.py
[2026-05-19T05:29:39.379+0000] {processor.py:830} INFO - Processing file /opt/airflow/dags/stackoverflow_migration_dag.py for tasks to queue
[2026-05-19T05:29:39.383+0000] {logging_mixin.py:188} INFO - [2026-05-19T05:29:39.382+0000] {dagbag.py:545} INFO - Filling up the DagBag from /opt/airflow/dags/stackoverflow_migration_dag.py
[2026-05-19T05:29:40.536+0000] {processor.py:840} INFO - DAG(s) 'stackoverflow_medallion_pipeline_v2' retrieved from /opt/airflow/dags/stackoverflow_migration_dag.py
[2026-05-19T05:29:40.631+0000] {logging_mixin.py:188} INFO - [2026-05-19T05:29:40.630+0000] {dag.py:3096} INFO - Sync 1 DAGs
[2026-05-19T05:29:40.697+0000] {logging_mixin.py:188} INFO - [2026-05-19T05:29:40.697+0000] {dag.py:3954} INFO - Setting next_dagrun for stackoverflow_medallion_pipeline_v2 to 2026-05-19 00:00:00+00:00, run_after=2026-05-20 00:00:00+00:00
[2026-05-19T05:29:40.758+0000] {processor.py:183} INFO - Processing /opt/airflow/dags/stackoverflow_migration_dag.py took 1.392 seconds
[2026-05-19T05:30:11.217+0000] {processor.py:161} INFO - Started process (PID=246) to work on /opt/airflow/dags/stackoverflow_migration_dag.py
[2026-05-19T05:30:11.218+0000] {processor.py:830} INFO - Processing file /opt/airflow/dags/stackoverflow_migration_dag.py for tasks to queue
[2026-05-19T05:30:11.221+0000] {logging_mixin.py:188} INFO - [2026-05-19T05:30:11.220+0000] {dagbag.py:545} INFO - Filling up the DagBag from /opt/airflow/dags/stackoverflow_migration_dag.py
[2026-05-19T05:30:12.333+0000] {processor.py:840} INFO - DAG(s) 'stackoverflow_medallion_pipeline_v2' retrieved from /opt/airflow/dags/stackoverflow_migration_dag.py
[2026-05-19T05:30:12.450+0000] {logging_mixin.py:188} INFO - [2026-05-19T05:30:12.450+0000] {dag.py:3096} INFO - Sync 1 DAGs
[2026-05-19T05:30:12.498+0000] {logging_mixin.py:188} INFO - [2026-05-19T05:30:12.497+0000] {dag.py:3954} INFO - Setting next_dagrun for stackoverflow_medallion_pipeline_v2 to 2026-05-19 00:00:00+00:00, run_after=2026-05-20 00:00:00+00:00
[2026-05-19T05:30:12.555+0000] {processor.py:183} INFO - Processing /opt/airflow/dags/stackoverflow_migration_dag.py took 1.346 seconds
[2026-05-19T05:30:42.956+0000] {processor.py:161} INFO - Started process (PID=251) to work on /opt/airflow/dags/stackoverflow_migration_dag.py
[2026-05-19T05:30:42.958+0000] {processor.py:830} INFO - Processing file /opt/airflow/dags/stackoverflow_migration_dag.py for tasks to queue
[2026-05-19T05:30:42.960+0000] {logging_mixin.py:188} INFO - [2026-05-19T05:30:42.960+0000] {dagbag.py:545} INFO - Filling up the DagBag from /opt/airflow/dags/stackoverflow_migration_dag.py
[2026-05-19T05:30:44.017+0000] {processor.py:840} INFO - DAG(s) 'stackoverflow_medallion_pipeline_v2' retrieved from /opt/airflow/dags/stackoverflow_migration_dag.py
[2026-05-19T05:30:44.082+0000] {logging_mixin.py:188} INFO - [2026-05-19T05:30:44.082+0000] {dag.py:3096} INFO - Sync 1 DAGs
[2026-05-19T05:30:44.126+0000] {logging_mixin.py:188} INFO - [2026-05-19T05:30:44.126+0000] {dag.py:3954} INFO - Setting next_dagrun for stackoverflow_medallion_pipeline_v2 to 2026-05-19 00:00:00+00:00, run_after=2026-05-20 00:00:00+00:00
[2026-05-19T05:30:44.164+0000] {processor.py:183} INFO - Processing /opt/airflow/dags/stackoverflow_migration_dag.py took 1.221 seconds
[2026-05-19T05:31:14.418+0000] {processor.py:161} INFO - Started process (PID=256) to work on /opt/airflow/dags/stackoverflow_migration_dag.py
[2026-05-19T05:31:14.425+0000] {processor.py:830} INFO - Processing file /opt/airflow/dags/stackoverflow_migration_dag.py for tasks to queue
[2026-05-19T05:31:14.433+0000] {logging_mixin.py:188} INFO - [2026-05-19T05:31:14.432+0000] {dagbag.py:545} INFO - Filling up the DagBag from /opt/airflow/dags/stackoverflow_migration_dag.py
[2026-05-19T05:31:16.173+0000] {processor.py:840} INFO - DAG(s) 'stackoverflow_medallion_pipeline_v2' retrieved from /opt/airflow/dags/stackoverflow_migration_dag.py
[2026-05-19T05:31:16.278+0000] {logging_mixin.py:188} INFO - [2026-05-19T05:31:16.277+0000] {dag.py:3096} INFO - Sync 1 DAGs
[2026-05-19T05:31:16.364+0000] {logging_mixin.py:188} INFO - [2026-05-19T05:31:16.364+0000] {dag.py:3954} INFO - Setting next_dagrun for stackoverflow_medallion_pipeline_v2 to 2026-05-19 00:00:00+00:00, run_after=2026-05-20 00:00:00+00:00
[2026-05-19T05:31:16.436+0000] {processor.py:183} INFO - Processing /opt/airflow/dags/stackoverflow_migration_dag.py took 2.053 seconds
[2026-05-19T05:31:46.759+0000] {processor.py:161} INFO - Started process (PID=261) to work on /opt/airflow/dags/stackoverflow_migration_dag.py
[2026-05-19T05:31:46.762+0000] {processor.py:830} INFO - Processing file /opt/airflow/dags/stackoverflow_migration_dag.py for tasks to queue
[2026-05-19T05:31:46.766+0000] {logging_mixin.py:188} INFO - [2026-05-19T05:31:46.765+0000] {dagbag.py:545} INFO - Filling up the DagBag from /opt/airflow/dags/stackoverflow_migration_dag.py
[2026-05-19T05:31:48.274+0000] {processor.py:840} INFO - DAG(s) 'stackoverflow_medallion_pipeline_v2' retrieved from /opt/airflow/dags/stackoverflow_migration_dag.py
[2026-05-19T05:31:48.372+0000] {logging_mixin.py:188} INFO - [2026-05-19T05:31:48.371+0000] {dag.py:3096} INFO - Sync 1 DAGs
[2026-05-19T05:31:48.436+0000] {logging_mixin.py:188} INFO - [2026-05-19T05:31:48.436+0000] {dag.py:3954} INFO - Setting next_dagrun for stackoverflow_medallion_pipeline_v2 to 2026-05-19 00:00:00+00:00, run_after=2026-05-20 00:00:00+00:00
[2026-05-19T05:31:48.493+0000] {processor.py:183} INFO - Processing /opt/airflow/dags/stackoverflow_migration_dag.py took 1.745 seconds
[2026-05-19T05:32:18.917+0000] {processor.py:161} INFO - Started process (PID=266) to work on /opt/airflow/dags/stackoverflow_migration_dag.py
[2026-05-19T05:32:18.920+0000] {processor.py:830} INFO - Processing file /opt/airflow/dags/stackoverflow_migration_dag.py for tasks to queue
[2026-05-19T05:32:18.928+0000] {logging_mixin.py:188} INFO - [2026-05-19T05:32:18.927+0000] {dagbag.py:545} INFO - Filling up the DagBag from /opt/airflow/dags/stackoverflow_migration_dag.py
[2026-05-19T05:32:20.172+0000] {processor.py:840} INFO - DAG(s) 'stackoverflow_medallion_pipeline_v2' retrieved from /opt/airflow/dags/stackoverflow_migration_dag.py
[2026-05-19T05:32:20.246+0000] {logging_mixin.py:188} INFO - [2026-05-19T05:32:20.245+0000] {dag.py:3096} INFO - Sync 1 DAGs
[2026-05-19T05:32:20.300+0000] {logging_mixin.py:188} INFO - [2026-05-19T05:32:20.300+0000] {dag.py:3954} INFO - Setting next_dagrun for stackoverflow_medallion_pipeline_v2 to 2026-05-19 00:00:00+00:00, run_after=2026-05-20 00:00:00+00:00
[2026-05-19T05:32:20.346+0000] {processor.py:183} INFO - Processing /opt/airflow/dags/stackoverflow_migration_dag.py took 1.448 seconds
[2026-05-19T05:32:50.794+0000] {processor.py:161} INFO - Started process (PID=271) to work on /opt/airflow/dags/stackoverflow_migration_dag.py
[2026-05-19T05:32:50.804+0000] {processor.py:830} INFO - Processing file /opt/airflow/dags/stackoverflow_migration_dag.py for tasks to queue
[2026-05-19T05:32:50.813+0000] {logging_mixin.py:188} INFO - [2026-05-19T05:32:50.812+0000] {dagbag.py:545} INFO - Filling up the DagBag from /opt/airflow/dags/stackoverflow_migration_dag.py
[2026-05-19T05:32:53.668+0000] {processor.py:840} INFO - DAG(s) 'stackoverflow_medallion_pipeline_v2' retrieved from /opt/airflow/dags/stackoverflow_migration_dag.py
[2026-05-19T05:32:53.912+0000] {logging_mixin.py:188} INFO - [2026-05-19T05:32:53.911+0000] {dag.py:3096} INFO - Sync 1 DAGs
[2026-05-19T05:32:54.080+0000] {logging_mixin.py:188} INFO - [2026-05-19T05:32:54.079+0000] {dag.py:3954} INFO - Setting next_dagrun for stackoverflow_medallion_pipeline_v2 to 2026-05-19 00:00:00+00:00, run_after=2026-05-20 00:00:00+00:00
[2026-05-19T05:32:54.186+0000] {processor.py:183} INFO - Processing /opt/airflow/dags/stackoverflow_migration_dag.py took 3.419 seconds
[2026-05-19T05:33:24.623+0000] {processor.py:161} INFO - Started process (PID=276) to work on /opt/airflow/dags/stackoverflow_migration_dag.py
[2026-05-19T05:33:24.627+0000] {processor.py:830} INFO - Processing file /opt/airflow/dags/stackoverflow_migration_dag.py for tasks to queue
[2026-05-19T05:33:24.632+0000] {logging_mixin.py:188} INFO - [2026-05-19T05:33:24.631+0000] {dagbag.py:545} INFO - Filling up the DagBag from /opt/airflow/dags/stackoverflow_migration_dag.py
[2026-05-19T05:33:26.533+0000] {processor.py:840} INFO - DAG(s) 'stackoverflow_medallion_pipeline_v2' retrieved from /opt/airflow/dags/stackoverflow_migration_dag.py
[2026-05-19T05:33:26.624+0000] {logging_mixin.py:188} INFO - [2026-05-19T05:33:26.624+0000] {dag.py:3096} INFO - Sync 1 DAGs
[2026-05-19T05:33:26.711+0000] {logging_mixin.py:188} INFO - [2026-05-19T05:33:26.710+0000] {dag.py:3954} INFO - Setting next_dagrun for stackoverflow_medallion_pipeline_v2 to 2026-05-19 00:00:00+00:00, run_after=2026-05-20 00:00:00+00:00
[2026-05-19T05:33:26.774+0000] {processor.py:183} INFO - Processing /opt/airflow/dags/stackoverflow_migration_dag.py took 2.170 seconds
[2026-05-19T05:33:57.050+0000] {processor.py:161} INFO - Started process (PID=281) to work on /opt/airflow/dags/stackoverflow_migration_dag.py
[2026-05-19T05:33:57.101+0000] {processor.py:830} INFO - Processing file /opt/airflow/dags/stackoverflow_migration_dag.py for tasks to queue
[2026-05-19T05:33:57.108+0000] {logging_mixin.py:188} INFO - [2026-05-19T05:33:57.106+0000] {dagbag.py:545} INFO - Filling up the DagBag from /opt/airflow/dags/stackoverflow_migration_dag.py
[2026-05-19T05:33:59.509+0000] {processor.py:840} INFO - DAG(s) 'stackoverflow_medallion_pipeline_v2' retrieved from /opt/airflow/dags/stackoverflow_migration_dag.py
[2026-05-19T05:33:59.599+0000] {logging_mixin.py:188} INFO - [2026-05-19T05:33:59.598+0000] {dag.py:3096} INFO - Sync 1 DAGs
[2026-05-19T05:33:59.678+0000] {logging_mixin.py:188} INFO - [2026-05-19T05:33:59.677+0000] {dag.py:3954} INFO - Setting next_dagrun for stackoverflow_medallion_pipeline_v2 to 2026-05-19 00:00:00+00:00, run_after=2026-05-20 00:00:00+00:00
[2026-05-19T05:33:59.764+0000] {processor.py:183} INFO - Processing /opt/airflow/dags/stackoverflow_migration_dag.py took 2.740 seconds
[2026-05-19T05:34:30.217+0000] {processor.py:161} INFO - Started process (PID=286) to work on /opt/airflow/dags/stackoverflow_migration_dag.py
[2026-05-19T05:34:30.220+0000] {processor.py:830} INFO - Processing file /opt/airflow/dags/stackoverflow_migration_dag.py for tasks to queue
[2026-05-19T05:34:30.224+0000] {logging_mixin.py:188} INFO - [2026-05-19T05:34:30.223+0000] {dagbag.py:545} INFO - Filling up the DagBag from /opt/airflow/dags/stackoverflow_migration_dag.py
[2026-05-19T05:34:31.669+0000] {processor.py:840} INFO - DAG(s) 'stackoverflow_medallion_pipeline_v2' retrieved from /opt/airflow/dags/stackoverflow_migration_dag.py
[2026-05-19T05:34:31.777+0000] {logging_mixin.py:188} INFO - [2026-05-19T05:34:31.777+0000] {dag.py:3096} INFO - Sync 1 DAGs
[2026-05-19T05:34:31.854+0000] {logging_mixin.py:188} INFO - [2026-05-19T05:34:31.853+0000] {dag.py:3954} INFO - Setting next_dagrun for stackoverflow_medallion_pipeline_v2 to 2026-05-19 00:00:00+00:00, run_after=2026-05-20 00:00:00+00:00
[2026-05-19T05:34:31.912+0000] {processor.py:183} INFO - Processing /opt/airflow/dags/stackoverflow_migration_dag.py took 1.705 seconds
[2026-05-19T05:34:55.304+0000] {processor.py:161} INFO - Started process (PID=291) to work on /opt/airflow/dags/stackoverflow_migration_dag.py
[2026-05-19T05:34:55.307+0000] {processor.py:830} INFO - Processing file /opt/airflow/dags/stackoverflow_migration_dag.py for tasks to queue
[2026-05-19T05:34:55.312+0000] {logging_mixin.py:188} INFO - [2026-05-19T05:34:55.311+0000] {dagbag.py:545} INFO - Filling up the DagBag from /opt/airflow/dags/stackoverflow_migration_dag.py
[2026-05-19T05:34:57.264+0000] {processor.py:840} INFO - DAG(s) 'stackoverflow_medallion_pipeline_v2' retrieved from /opt/airflow/dags/stackoverflow_migration_dag.py
[2026-05-19T05:34:57.353+0000] {logging_mixin.py:188} INFO - [2026-05-19T05:34:57.352+0000] {dag.py:3096} INFO - Sync 1 DAGs
[2026-05-19T05:34:57.522+0000] {logging_mixin.py:188} INFO - [2026-05-19T05:34:57.522+0000] {dag.py:3954} INFO - Setting next_dagrun for stackoverflow_medallion_pipeline_v2 to 2026-05-19 00:00:00+00:00, run_after=2026-05-20 00:00:00+00:00
[2026-05-19T05:34:57.596+0000] {processor.py:183} INFO - Processing /opt/airflow/dags/stackoverflow_migration_dag.py took 2.317 seconds
[2026-05-19T05:35:28.092+0000] {processor.py:161} INFO - Started process (PID=296) to work on /opt/airflow/dags/stackoverflow_migration_dag.py
[2026-05-19T05:35:28.094+0000] {processor.py:830} INFO - Processing file /opt/airflow/dags/stackoverflow_migration_dag.py for tasks to queue
[2026-05-19T05:35:28.099+0000] {logging_mixin.py:188} INFO - [2026-05-19T05:35:28.098+0000] {dagbag.py:545} INFO - Filling up the DagBag from /opt/airflow/dags/stackoverflow_migration_dag.py
[2026-05-19T05:35:29.911+0000] {processor.py:840} INFO - DAG(s) 'stackoverflow_medallion_pipeline_v2' retrieved from /opt/airflow/dags/stackoverflow_migration_dag.py
[2026-05-19T05:35:29.996+0000] {logging_mixin.py:188} INFO - [2026-05-19T05:35:29.996+0000] {dag.py:3096} INFO - Sync 1 DAGs
[2026-05-19T05:35:30.063+0000] {logging_mixin.py:188} INFO - [2026-05-19T05:35:30.062+0000] {dag.py:3954} INFO - Setting next_dagrun for stackoverflow_medallion_pipeline_v2 to 2026-05-19 00:00:00+00:00, run_after=2026-05-20 00:00:00+00:00
[2026-05-19T05:35:30.125+0000] {processor.py:183} INFO - Processing /opt/airflow/dags/stackoverflow_migration_dag.py took 2.053 seconds
[2026-05-19T05:36:00.456+0000] {processor.py:161} INFO - Started process (PID=301) to work on /opt/airflow/dags/stackoverflow_migration_dag.py
[2026-05-19T05:36:00.459+0000] {processor.py:830} INFO - Processing file /opt/airflow/dags/stackoverflow_migration_dag.py for tasks to queue
[2026-05-19T05:36:00.463+0000] {logging_mixin.py:188} INFO - [2026-05-19T05:36:00.463+0000] {dagbag.py:545} INFO - Filling up the DagBag from /opt/airflow/dags/stackoverflow_migration_dag.py
[2026-05-19T05:36:01.621+0000] {processor.py:840} INFO - DAG(s) 'stackoverflow_medallion_pipeline_v2' retrieved from /opt/airflow/dags/stackoverflow_migration_dag.py
[2026-05-19T05:36:01.700+0000] {logging_mixin.py:188} INFO - [2026-05-19T05:36:01.700+0000] {dag.py:3096} INFO - Sync 1 DAGs
[2026-05-19T05:36:01.749+0000] {logging_mixin.py:188} INFO - [2026-05-19T05:36:01.748+0000] {dag.py:3954} INFO - Setting next_dagrun for stackoverflow_medallion_pipeline_v2 to 2026-05-19 00:00:00+00:00, run_after=2026-05-20 00:00:00+00:00
[2026-05-19T05:36:01.810+0000] {processor.py:183} INFO - Processing /opt/airflow/dags/stackoverflow_migration_dag.py took 1.372 seconds
[2026-05-19T05:36:32.022+0000] {processor.py:161} INFO - Started process (PID=306) to work on /opt/airflow/dags/stackoverflow_migration_dag.py
[2026-05-19T05:36:32.024+0000] {processor.py:830} INFO - Processing file /opt/airflow/dags/stackoverflow_migration_dag.py for tasks to queue
[2026-05-19T05:36:32.028+0000] {logging_mixin.py:188} INFO - [2026-05-19T05:36:32.027+0000] {dagbag.py:545} INFO - Filling up the DagBag from /opt/airflow/dags/stackoverflow_migration_dag.py
[2026-05-19T05:36:33.123+0000] {processor.py:840} INFO - DAG(s) 'stackoverflow_medallion_pipeline_v2' retrieved from /opt/airflow/dags/stackoverflow_migration_dag.py
[2026-05-19T05:36:33.220+0000] {logging_mixin.py:188} INFO - [2026-05-19T05:36:33.219+0000] {dag.py:3096} INFO - Sync 1 DAGs
[2026-05-19T05:36:33.288+0000] {logging_mixin.py:188} INFO - [2026-05-19T05:36:33.288+0000] {dag.py:3954} INFO - Setting next_dagrun for stackoverflow_medallion_pipeline_v2 to 2026-05-19 00:00:00+00:00, run_after=2026-05-20 00:00:00+00:00
[2026-05-19T05:36:33.333+0000] {processor.py:183} INFO - Processing /opt/airflow/dags/stackoverflow_migration_dag.py took 1.322 seconds
[2026-05-19T05:37:03.637+0000] {processor.py:161} INFO - Started process (PID=322) to work on /opt/airflow/dags/stackoverflow_migration_dag.py
[2026-05-19T05:37:03.641+0000] {processor.py:830} INFO - Processing file /opt/airflow/dags/stackoverflow_migration_dag.py for tasks to queue
[2026-05-19T05:37:03.651+0000] {logging_mixin.py:188} INFO - [2026-05-19T05:37:03.648+0000] {dagbag.py:545} INFO - Filling up the DagBag from /opt/airflow/dags/stackoverflow_migration_dag.py
[2026-05-19T05:37:05.403+0000] {processor.py:840} INFO - DAG(s) 'stackoverflow_medallion_pipeline_v2' retrieved from /opt/airflow/dags/stackoverflow_migration_dag.py
[2026-05-19T05:37:05.524+0000] {logging_mixin.py:188} INFO - [2026-05-19T05:37:05.524+0000] {dag.py:3096} INFO - Sync 1 DAGs
[2026-05-19T05:37:05.612+0000] {logging_mixin.py:188} INFO - [2026-05-19T05:37:05.612+0000] {dag.py:3954} INFO - Setting next_dagrun for stackoverflow_medallion_pipeline_v2 to 2026-05-19 00:00:00+00:00, run_after=2026-05-20 00:00:00+00:00
[2026-05-19T05:37:05.667+0000] {processor.py:183} INFO - Processing /opt/airflow/dags/stackoverflow_migration_dag.py took 2.068 seconds
[2026-05-19T05:37:36.018+0000] {processor.py:161} INFO - Started process (PID=338) to work on /opt/airflow/dags/stackoverflow_migration_dag.py
[2026-05-19T05:37:36.020+0000] {processor.py:830} INFO - Processing file /opt/airflow/dags/stackoverflow_migration_dag.py for tasks to queue
[2026-05-19T05:37:36.023+0000] {logging_mixin.py:188} INFO - [2026-05-19T05:37:36.023+0000] {dagbag.py:545} INFO - Filling up the DagBag from /opt/airflow/dags/stackoverflow_migration_dag.py
[2026-05-19T05:37:37.867+0000] {processor.py:840} INFO - DAG(s) 'stackoverflow_medallion_pipeline_v2' retrieved from /opt/airflow/dags/stackoverflow_migration_dag.py
[2026-05-19T05:37:37.963+0000] {logging_mixin.py:188} INFO - [2026-05-19T05:37:37.963+0000] {dag.py:3096} INFO - Sync 1 DAGs
[2026-05-19T05:37:38.025+0000] {logging_mixin.py:188} INFO - [2026-05-19T05:37:38.024+0000] {dag.py:3954} INFO - Setting next_dagrun for stackoverflow_medallion_pipeline_v2 to 2026-05-19 00:00:00+00:00, run_after=2026-05-20 00:00:00+00:00
[2026-05-19T05:37:38.079+0000] {processor.py:183} INFO - Processing /opt/airflow/dags/stackoverflow_migration_dag.py took 2.070 seconds
[2026-05-19T05:38:08.431+0000] {processor.py:161} INFO - Started process (PID=343) to work on /opt/airflow/dags/stackoverflow_migration_dag.py
[2026-05-19T05:38:08.432+0000] {processor.py:830} INFO - Processing file /opt/airflow/dags/stackoverflow_migration_dag.py for tasks to queue
[2026-05-19T05:38:08.435+0000] {logging_mixin.py:188} INFO - [2026-05-19T05:38:08.435+0000] {dagbag.py:545} INFO - Filling up the DagBag from /opt/airflow/dags/stackoverflow_migration_dag.py
[2026-05-19T05:38:09.523+0000] {processor.py:840} INFO - DAG(s) 'stackoverflow_medallion_pipeline_v2' retrieved from /opt/airflow/dags/stackoverflow_migration_dag.py
[2026-05-19T05:38:09.641+0000] {logging_mixin.py:188} INFO - [2026-05-19T05:38:09.641+0000] {dag.py:3096} INFO - Sync 1 DAGs
[2026-05-19T05:38:09.695+0000] {logging_mixin.py:188} INFO - [2026-05-19T05:38:09.695+0000] {dag.py:3954} INFO - Setting next_dagrun for stackoverflow_medallion_pipeline_v2 to 2026-05-19 00:00:00+00:00, run_after=2026-05-20 00:00:00+00:00
[2026-05-19T05:38:09.745+0000] {processor.py:183} INFO - Processing /opt/airflow/dags/stackoverflow_migration_dag.py took 1.322 seconds
[2026-05-19T05:38:40.002+0000] {processor.py:161} INFO - Started process (PID=348) to work on /opt/airflow/dags/stackoverflow_migration_dag.py
[2026-05-19T05:38:40.003+0000] {processor.py:830} INFO - Processing file /opt/airflow/dags/stackoverflow_migration_dag.py for tasks to queue
[2026-05-19T05:38:40.006+0000] {logging_mixin.py:188} INFO - [2026-05-19T05:38:40.006+0000] {dagbag.py:545} INFO - Filling up the DagBag from /opt/airflow/dags/stackoverflow_migration_dag.py
[2026-05-19T05:38:41.066+0000] {processor.py:840} INFO - DAG(s) 'stackoverflow_medallion_pipeline_v2' retrieved from /opt/airflow/dags/stackoverflow_migration_dag.py
[2026-05-19T05:38:41.192+0000] {logging_mixin.py:188} INFO - [2026-05-19T05:38:41.192+0000] {dag.py:3096} INFO - Sync 1 DAGs
[2026-05-19T05:38:41.274+0000] {logging_mixin.py:188} INFO - [2026-05-19T05:38:41.273+0000] {dag.py:3954} INFO - Setting next_dagrun for stackoverflow_medallion_pipeline_v2 to 2026-05-19 00:00:00+00:00, run_after=2026-05-20 00:00:00+00:00
[2026-05-19T05:38:41.363+0000] {processor.py:183} INFO - Processing /opt/airflow/dags/stackoverflow_migration_dag.py took 1.370 seconds
[2026-05-19T05:39:11.523+0000] {processor.py:161} INFO - Started process (PID=353) to work on /opt/airflow/dags/stackoverflow_migration_dag.py
[2026-05-19T05:39:11.524+0000] {processor.py:830} INFO - Processing file /opt/airflow/dags/stackoverflow_migration_dag.py for tasks to queue
[2026-05-19T05:39:11.527+0000] {logging_mixin.py:188} INFO - [2026-05-19T05:39:11.527+0000] {dagbag.py:545} INFO - Filling up the DagBag from /opt/airflow/dags/stackoverflow_migration_dag.py
[2026-05-19T05:39:12.571+0000] {processor.py:840} INFO - DAG(s) 'stackoverflow_medallion_pipeline_v2' retrieved from /opt/airflow/dags/stackoverflow_migration_dag.py
[2026-05-19T05:39:12.662+0000] {logging_mixin.py:188} INFO - [2026-05-19T05:39:12.661+0000] {dag.py:3096} INFO - Sync 1 DAGs
[2026-05-19T05:39:12.712+0000] {logging_mixin.py:188} INFO - [2026-05-19T05:39:12.711+0000] {dag.py:3954} INFO - Setting next_dagrun for stackoverflow_medallion_pipeline_v2 to 2026-05-19 00:00:00+00:00, run_after=2026-05-20 00:00:00+00:00
[2026-05-19T05:39:12.752+0000] {processor.py:183} INFO - Processing /opt/airflow/dags/stackoverflow_migration_dag.py took 1.238 seconds
[2026-05-19T05:39:43.088+0000] {processor.py:161} INFO - Started process (PID=358) to work on /opt/airflow/dags/stackoverflow_migration_dag.py
[2026-05-19T05:39:43.090+0000] {processor.py:830} INFO - Processing file /opt/airflow/dags/stackoverflow_migration_dag.py for tasks to queue
[2026-05-19T05:39:43.093+0000] {logging_mixin.py:188} INFO - [2026-05-19T05:39:43.092+0000] {dagbag.py:545} INFO - Filling up the DagBag from /opt/airflow/dags/stackoverflow_migration_dag.py
[2026-05-19T05:39:44.053+0000] {processor.py:840} INFO - DAG(s) 'stackoverflow_medallion_pipeline_v2' retrieved from /opt/airflow/dags/stackoverflow_migration_dag.py
[2026-05-19T05:39:44.126+0000] {logging_mixin.py:188} INFO - [2026-05-19T05:39:44.126+0000] {dag.py:3096} INFO - Sync 1 DAGs
[2026-05-19T05:39:44.178+0000] {logging_mixin.py:188} INFO - [2026-05-19T05:39:44.178+0000] {dag.py:3954} INFO - Setting next_dagrun for stackoverflow_medallion_pipeline_v2 to 2026-05-19 00:00:00+00:00, run_after=2026-05-20 00:00:00+00:00
[2026-05-19T05:39:44.222+0000] {processor.py:183} INFO - Processing /opt/airflow/dags/stackoverflow_migration_dag.py took 1.143 seconds
[2026-05-19T05:40:14.497+0000] {processor.py:161} INFO - Started process (PID=363) to work on /opt/airflow/dags/stackoverflow_migration_dag.py
[2026-05-19T05:40:14.499+0000] {processor.py:830} INFO - Processing file /opt/airflow/dags/stackoverflow_migration_dag.py for tasks to queue
[2026-05-19T05:40:14.502+0000] {logging_mixin.py:188} INFO - [2026-05-19T05:40:14.502+0000] {dagbag.py:545} INFO - Filling up the DagBag from /opt/airflow/dags/stackoverflow_migration_dag.py
[2026-05-19T05:40:15.746+0000] {processor.py:840} INFO - DAG(s) 'stackoverflow_medallion_pipeline_v2' retrieved from /opt/airflow/dags/stackoverflow_migration_dag.py
[2026-05-19T05:40:15.847+0000] {logging_mixin.py:188} INFO - [2026-05-19T05:40:15.847+0000] {dag.py:3096} INFO - Sync 1 DAGs
[2026-05-19T05:40:15.933+0000] {logging_mixin.py:188} INFO - [2026-05-19T05:40:15.933+0000] {dag.py:3954} INFO - Setting next_dagrun for stackoverflow_medallion_pipeline_v2 to 2026-05-19 00:00:00+00:00, run_after=2026-05-20 00:00:00+00:00
[2026-05-19T05:40:15.982+0000] {processor.py:183} INFO - Processing /opt/airflow/dags/stackoverflow_migration_dag.py took 1.495 seconds
[2026-05-19T05:40:46.439+0000] {processor.py:161} INFO - Started process (PID=368) to work on /opt/airflow/dags/stackoverflow_migration_dag.py
[2026-05-19T05:40:46.441+0000] {processor.py:830} INFO - Processing file /opt/airflow/dags/stackoverflow_migration_dag.py for tasks to queue
[2026-05-19T05:40:46.444+0000] {logging_mixin.py:188} INFO - [2026-05-19T05:40:46.444+0000] {dagbag.py:545} INFO - Filling up the DagBag from /opt/airflow/dags/stackoverflow_migration_dag.py
[2026-05-19T05:40:47.597+0000] {processor.py:840} INFO - DAG(s) 'stackoverflow_medallion_pipeline_v2' retrieved from /opt/airflow/dags/stackoverflow_migration_dag.py
[2026-05-19T05:40:47.703+0000] {logging_mixin.py:188} INFO - [2026-05-19T05:40:47.702+0000] {dag.py:3096} INFO - Sync 1 DAGs
[2026-05-19T05:40:47.752+0000] {logging_mixin.py:188} INFO - [2026-05-19T05:40:47.752+0000] {dag.py:3954} INFO - Setting next_dagrun for stackoverflow_medallion_pipeline_v2 to 2026-05-19 00:00:00+00:00, run_after=2026-05-20 00:00:00+00:00
[2026-05-19T05:40:47.792+0000] {processor.py:183} INFO - Processing /opt/airflow/dags/stackoverflow_migration_dag.py took 1.359 seconds
[2026-05-19T05:41:18.201+0000] {processor.py:161} INFO - Started process (PID=373) to work on /opt/airflow/dags/stackoverflow_migration_dag.py
[2026-05-19T05:41:18.203+0000] {processor.py:830} INFO - Processing file /opt/airflow/dags/stackoverflow_migration_dag.py for tasks to queue
[2026-05-19T05:41:18.206+0000] {logging_mixin.py:188} INFO - [2026-05-19T05:41:18.206+0000] {dagbag.py:545} INFO - Filling up the DagBag from /opt/airflow/dags/stackoverflow_migration_dag.py
[2026-05-19T05:41:19.434+0000] {processor.py:840} INFO - DAG(s) 'stackoverflow_medallion_pipeline_v2' retrieved from /opt/airflow/dags/stackoverflow_migration_dag.py
[2026-05-19T05:41:19.524+0000] {logging_mixin.py:188} INFO - [2026-05-19T05:41:19.523+0000] {dag.py:3096} INFO - Sync 1 DAGs
[2026-05-19T05:41:19.579+0000] {logging_mixin.py:188} INFO - [2026-05-19T05:41:19.579+0000] {dag.py:3954} INFO - Setting next_dagrun for stackoverflow_medallion_pipeline_v2 to 2026-05-19 00:00:00+00:00, run_after=2026-05-20 00:00:00+00:00
[2026-05-19T05:41:19.651+0000] {processor.py:183} INFO - Processing /opt/airflow/dags/stackoverflow_migration_dag.py took 1.458 seconds
[2026-05-19T05:41:50.113+0000] {processor.py:161} INFO - Started process (PID=378) to work on /opt/airflow/dags/stackoverflow_migration_dag.py
[2026-05-19T05:41:50.114+0000] {processor.py:830} INFO - Processing file /opt/airflow/dags/stackoverflow_migration_dag.py for tasks to queue
[2026-05-19T05:41:50.117+0000] {logging_mixin.py:188} INFO - [2026-05-19T05:41:50.117+0000] {dagbag.py:545} INFO - Filling up the DagBag from /opt/airflow/dags/stackoverflow_migration_dag.py
[2026-05-19T05:41:51.125+0000] {processor.py:840} INFO - DAG(s) 'stackoverflow_medallion_pipeline_v2' retrieved from /opt/airflow/dags/stackoverflow_migration_dag.py
[2026-05-19T05:41:51.245+0000] {logging_mixin.py:188} INFO - [2026-05-19T05:41:51.245+0000] {dag.py:3096} INFO - Sync 1 DAGs
[2026-05-19T05:41:51.295+0000] {logging_mixin.py:188} INFO - [2026-05-19T05:41:51.295+0000] {dag.py:3954} INFO - Setting next_dagrun for stackoverflow_medallion_pipeline_v2 to 2026-05-19 00:00:00+00:00, run_after=2026-05-20 00:00:00+00:00
[2026-05-19T05:41:51.356+0000] {processor.py:183} INFO - Processing /opt/airflow/dags/stackoverflow_migration_dag.py took 1.251 seconds
[2026-05-19T05:42:21.824+0000] {processor.py:161} INFO - Started process (PID=383) to work on /opt/airflow/dags/stackoverflow_migration_dag.py
[2026-05-19T05:42:21.827+0000] {processor.py:830} INFO - Processing file /opt/airflow/dags/stackoverflow_migration_dag.py for tasks to queue
[2026-05-19T05:42:21.834+0000] {logging_mixin.py:188} INFO - [2026-05-19T05:42:21.833+0000] {dagbag.py:545} INFO - Filling up the DagBag from /opt/airflow/dags/stackoverflow_migration_dag.py
[2026-05-19T05:42:23.213+0000] {processor.py:840} INFO - DAG(s) 'stackoverflow_medallion_pipeline_v2' retrieved from /opt/airflow/dags/stackoverflow_migration_dag.py
[2026-05-19T05:42:23.286+0000] {logging_mixin.py:188} INFO - [2026-05-19T05:42:23.285+0000] {dag.py:3096} INFO - Sync 1 DAGs
[2026-05-19T05:42:23.349+0000] {logging_mixin.py:188} INFO - [2026-05-19T05:42:23.348+0000] {dag.py:3954} INFO - Setting next_dagrun for stackoverflow_medallion_pipeline_v2 to 2026-05-19 00:00:00+00:00, run_after=2026-05-20 00:00:00+00:00
[2026-05-19T05:42:23.399+0000] {processor.py:183} INFO - Processing /opt/airflow/dags/stackoverflow_migration_dag.py took 1.594 seconds
[2026-05-19T05:42:53.861+0000] {processor.py:161} INFO - Started process (PID=388) to work on /opt/airflow/dags/stackoverflow_migration_dag.py
[2026-05-19T05:42:53.864+0000] {processor.py:830} INFO - Processing file /opt/airflow/dags/stackoverflow_migration_dag.py for tasks to queue
[2026-05-19T05:42:53.867+0000] {logging_mixin.py:188} INFO - [2026-05-19T05:42:53.867+0000] {dagbag.py:545} INFO - Filling up the DagBag from /opt/airflow/dags/stackoverflow_migration_dag.py
[2026-05-19T05:42:54.925+0000] {processor.py:840} INFO - DAG(s) 'stackoverflow_medallion_pipeline_v2' retrieved from /opt/airflow/dags/stackoverflow_migration_dag.py
[2026-05-19T05:42:55.021+0000] {logging_mixin.py:188} INFO - [2026-05-19T05:42:55.020+0000] {dag.py:3096} INFO - Sync 1 DAGs
[2026-05-19T05:42:55.073+0000] {logging_mixin.py:188} INFO - [2026-05-19T05:42:55.073+0000] {dag.py:3954} INFO - Setting next_dagrun for stackoverflow_medallion_pipeline_v2 to 2026-05-19 00:00:00+00:00, run_after=2026-05-20 00:00:00+00:00
[2026-05-19T05:42:55.115+0000] {processor.py:183} INFO - Processing /opt/airflow/dags/stackoverflow_migration_dag.py took 1.265 seconds
[2026-05-19T05:43:25.308+0000] {processor.py:161} INFO - Started process (PID=393) to work on /opt/airflow/dags/stackoverflow_migration_dag.py
[2026-05-19T05:43:25.310+0000] {processor.py:830} INFO - Processing file /opt/airflow/dags/stackoverflow_migration_dag.py for tasks to queue
[2026-05-19T05:43:25.314+0000] {logging_mixin.py:188} INFO - [2026-05-19T05:43:25.313+0000] {dagbag.py:545} INFO - Filling up the DagBag from /opt/airflow/dags/stackoverflow_migration_dag.py
[2026-05-19T05:43:26.742+0000] {processor.py:840} INFO - DAG(s) 'stackoverflow_medallion_pipeline_v2' retrieved from /opt/airflow/dags/stackoverflow_migration_dag.py
[2026-05-19T05:43:26.824+0000] {logging_mixin.py:188} INFO - [2026-05-19T05:43:26.824+0000] {dag.py:3096} INFO - Sync 1 DAGs
[2026-05-19T05:43:26.873+0000] {logging_mixin.py:188} INFO - [2026-05-19T05:43:26.872+0000] {dag.py:3954} INFO - Setting next_dagrun for stackoverflow_medallion_pipeline_v2 to 2026-05-19 00:00:00+00:00, run_after=2026-05-20 00:00:00+00:00
[2026-05-19T05:43:26.915+0000] {processor.py:183} INFO - Processing /opt/airflow/dags/stackoverflow_migration_dag.py took 1.616 seconds
[2026-05-19T05:43:57.463+0000] {processor.py:161} INFO - Started process (PID=398) to work on /opt/airflow/dags/stackoverflow_migration_dag.py
[2026-05-19T05:43:57.470+0000] {processor.py:830} INFO - Processing file /opt/airflow/dags/stackoverflow_migration_dag.py for tasks to queue
[2026-05-19T05:43:57.482+0000] {logging_mixin.py:188} INFO - [2026-05-19T05:43:57.480+0000] {dagbag.py:545} INFO - Filling up the DagBag from /opt/airflow/dags/stackoverflow_migration_dag.py
[2026-05-19T05:43:58.606+0000] {processor.py:840} INFO - DAG(s) 'stackoverflow_medallion_pipeline_v2' retrieved from /opt/airflow/dags/stackoverflow_migration_dag.py
[2026-05-19T05:43:58.676+0000] {logging_mixin.py:188} INFO - [2026-05-19T05:43:58.676+0000] {dag.py:3096} INFO - Sync 1 DAGs
[2026-05-19T05:43:58.722+0000] {logging_mixin.py:188} INFO - [2026-05-19T05:43:58.722+0000] {dag.py:3954} INFO - Setting next_dagrun for stackoverflow_medallion_pipeline_v2 to 2026-05-19 00:00:00+00:00, run_after=2026-05-20 00:00:00+00:00
[2026-05-19T05:43:58.763+0000] {processor.py:183} INFO - Processing /opt/airflow/dags/stackoverflow_migration_dag.py took 1.339 seconds
[2026-05-19T05:44:29.220+0000] {processor.py:161} INFO - Started process (PID=403) to work on /opt/airflow/dags/stackoverflow_migration_dag.py
[2026-05-19T05:44:29.223+0000] {processor.py:830} INFO - Processing file /opt/airflow/dags/stackoverflow_migration_dag.py for tasks to queue
[2026-05-19T05:44:29.228+0000] {logging_mixin.py:188} INFO - [2026-05-19T05:44:29.227+0000] {dagbag.py:545} INFO - Filling up the DagBag from /opt/airflow/dags/stackoverflow_migration_dag.py
[2026-05-19T05:44:30.402+0000] {processor.py:840} INFO - DAG(s) 'stackoverflow_medallion_pipeline_v2' retrieved from /opt/airflow/dags/stackoverflow_migration_dag.py
[2026-05-19T05:44:30.476+0000] {logging_mixin.py:188} INFO - [2026-05-19T05:44:30.476+0000] {dag.py:3096} INFO - Sync 1 DAGs
[2026-05-19T05:44:30.538+0000] {logging_mixin.py:188} INFO - [2026-05-19T05:44:30.537+0000] {dag.py:3954} INFO - Setting next_dagrun for stackoverflow_medallion_pipeline_v2 to 2026-05-19 00:00:00+00:00, run_after=2026-05-20 00:00:00+00:00
[2026-05-19T05:44:30.618+0000] {processor.py:183} INFO - Processing /opt/airflow/dags/stackoverflow_migration_dag.py took 1.415 seconds
[2026-05-19T05:45:01.086+0000] {processor.py:161} INFO - Started process (PID=408) to work on /opt/airflow/dags/stackoverflow_migration_dag.py
[2026-05-19T05:45:01.089+0000] {processor.py:830} INFO - Processing file /opt/airflow/dags/stackoverflow_migration_dag.py for tasks to queue
[2026-05-19T05:45:01.094+0000] {logging_mixin.py:188} INFO - [2026-05-19T05:45:01.093+0000] {dagbag.py:545} INFO - Filling up the DagBag from /opt/airflow/dags/stackoverflow_migration_dag.py
[2026-05-19T05:45:02.182+0000] {processor.py:840} INFO - DAG(s) 'stackoverflow_medallion_pipeline_v2' retrieved from /opt/airflow/dags/stackoverflow_migration_dag.py
[2026-05-19T05:45:02.258+0000] {logging_mixin.py:188} INFO - [2026-05-19T05:45:02.257+0000] {dag.py:3096} INFO - Sync 1 DAGs
[2026-05-19T05:45:02.326+0000] {logging_mixin.py:188} INFO - [2026-05-19T05:45:02.326+0000] {dag.py:3954} INFO - Setting next_dagrun for stackoverflow_medallion_pipeline_v2 to 2026-05-19 00:00:00+00:00, run_after=2026-05-20 00:00:00+00:00
[2026-05-19T05:45:02.385+0000] {processor.py:183} INFO - Processing /opt/airflow/dags/stackoverflow_migration_dag.py took 1.316 seconds
[2026-05-19T05:45:32.478+0000] {processor.py:161} INFO - Started process (PID=413) to work on /opt/airflow/dags/stackoverflow_migration_dag.py
[2026-05-19T05:45:32.480+0000] {processor.py:830} INFO - Processing file /opt/airflow/dags/stackoverflow_migration_dag.py for tasks to queue
[2026-05-19T05:45:32.484+0000] {logging_mixin.py:188} INFO - [2026-05-19T05:45:32.483+0000] {dagbag.py:545} INFO - Filling up the DagBag from /opt/airflow/dags/stackoverflow_migration_dag.py
[2026-05-19T05:45:33.515+0000] {processor.py:840} INFO - DAG(s) 'stackoverflow_medallion_pipeline_v2' retrieved from /opt/airflow/dags/stackoverflow_migration_dag.py
[2026-05-19T05:45:33.613+0000] {logging_mixin.py:188} INFO - [2026-05-19T05:45:33.612+0000] {dag.py:3096} INFO - Sync 1 DAGs
[2026-05-19T05:45:33.679+0000] {logging_mixin.py:188} INFO - [2026-05-19T05:45:33.678+0000] {dag.py:3954} INFO - Setting next_dagrun for stackoverflow_medallion_pipeline_v2 to 2026-05-19 00:00:00+00:00, run_after=2026-05-20 00:00:00+00:00
[2026-05-19T05:45:33.729+0000] {processor.py:183} INFO - Processing /opt/airflow/dags/stackoverflow_migration_dag.py took 1.262 seconds
[2026-05-19T05:46:04.153+0000] {processor.py:161} INFO - Started process (PID=418) to work on /opt/airflow/dags/stackoverflow_migration_dag.py
[2026-05-19T05:46:04.155+0000] {processor.py:830} INFO - Processing file /opt/airflow/dags/stackoverflow_migration_dag.py for tasks to queue
[2026-05-19T05:46:04.158+0000] {logging_mixin.py:188} INFO - [2026-05-19T05:46:04.158+0000] {dagbag.py:545} INFO - Filling up the DagBag from /opt/airflow/dags/stackoverflow_migration_dag.py
[2026-05-19T05:46:05.194+0000] {processor.py:840} INFO - DAG(s) 'stackoverflow_medallion_pipeline_v2' retrieved from /opt/airflow/dags/stackoverflow_migration_dag.py
[2026-05-19T05:46:05.272+0000] {logging_mixin.py:188} INFO - [2026-05-19T05:46:05.272+0000] {dag.py:3096} INFO - Sync 1 DAGs
[2026-05-19T05:46:05.320+0000] {logging_mixin.py:188} INFO - [2026-05-19T05:46:05.320+0000] {dag.py:3954} INFO - Setting next_dagrun for stackoverflow_medallion_pipeline_v2 to 2026-05-19 00:00:00+00:00, run_after=2026-05-20 00:00:00+00:00
[2026-05-19T05:46:05.366+0000] {processor.py:183} INFO - Processing /opt/airflow/dags/stackoverflow_migration_dag.py took 1.223 seconds
[2026-05-19T05:46:35.553+0000] {processor.py:161} INFO - Started process (PID=423) to work on /opt/airflow/dags/stackoverflow_migration_dag.py
[2026-05-19T05:46:35.555+0000] {processor.py:830} INFO - Processing file /opt/airflow/dags/stackoverflow_migration_dag.py for tasks to queue
[2026-05-19T05:46:35.558+0000] {logging_mixin.py:188} INFO - [2026-05-19T05:46:35.557+0000] {dagbag.py:545} INFO - Filling up the DagBag from /opt/airflow/dags/stackoverflow_migration_dag.py
[2026-05-19T05:46:36.784+0000] {processor.py:840} INFO - DAG(s) 'stackoverflow_medallion_pipeline_v2' retrieved from /opt/airflow/dags/stackoverflow_migration_dag.py
[2026-05-19T05:46:36.891+0000] {logging_mixin.py:188} INFO - [2026-05-19T05:46:36.890+0000] {dag.py:3096} INFO - Sync 1 DAGs
[2026-05-19T05:46:36.940+0000] {logging_mixin.py:188} INFO - [2026-05-19T05:46:36.940+0000] {dag.py:3954} INFO - Setting next_dagrun for stackoverflow_medallion_pipeline_v2 to 2026-05-19 00:00:00+00:00, run_after=2026-05-20 00:00:00+00:00
[2026-05-19T05:46:36.981+0000] {processor.py:183} INFO - Processing /opt/airflow/dags/stackoverflow_migration_dag.py took 1.440 seconds
[2026-05-19T05:47:07.118+0000] {processor.py:161} INFO - Started process (PID=428) to work on /opt/airflow/dags/stackoverflow_migration_dag.py
[2026-05-19T05:47:07.121+0000] {processor.py:830} INFO - Processing file /opt/airflow/dags/stackoverflow_migration_dag.py for tasks to queue
[2026-05-19T05:47:07.124+0000] {logging_mixin.py:188} INFO - [2026-05-19T05:47:07.124+0000] {dagbag.py:545} INFO - Filling up the DagBag from /opt/airflow/dags/stackoverflow_migration_dag.py
[2026-05-19T05:47:08.190+0000] {processor.py:840} INFO - DAG(s) 'stackoverflow_medallion_pipeline_v2' retrieved from /opt/airflow/dags/stackoverflow_migration_dag.py
[2026-05-19T05:47:08.288+0000] {logging_mixin.py:188} INFO - [2026-05-19T05:47:08.287+0000] {dag.py:3096} INFO - Sync 1 DAGs
[2026-05-19T05:47:08.367+0000] {logging_mixin.py:188} INFO - [2026-05-19T05:47:08.366+0000] {dag.py:3954} INFO - Setting next_dagrun for stackoverflow_medallion_pipeline_v2 to 2026-05-19 00:00:00+00:00, run_after=2026-05-20 00:00:00+00:00
[2026-05-19T05:47:08.442+0000] {processor.py:183} INFO - Processing /opt/airflow/dags/stackoverflow_migration_dag.py took 1.335 seconds
[2026-05-19T05:47:38.675+0000] {processor.py:161} INFO - Started process (PID=433) to work on /opt/airflow/dags/stackoverflow_migration_dag.py
[2026-05-19T05:47:38.676+0000] {processor.py:830} INFO - Processing file /opt/airflow/dags/stackoverflow_migration_dag.py for tasks to queue
[2026-05-19T05:47:38.680+0000] {logging_mixin.py:188} INFO - [2026-05-19T05:47:38.679+0000] {dagbag.py:545} INFO - Filling up the DagBag from /opt/airflow/dags/stackoverflow_migration_dag.py
[2026-05-19T05:47:39.805+0000] {processor.py:840} INFO - DAG(s) 'stackoverflow_medallion_pipeline_v2' retrieved from /opt/airflow/dags/stackoverflow_migration_dag.py
[2026-05-19T05:47:39.930+0000] {logging_mixin.py:188} INFO - [2026-05-19T05:47:39.930+0000] {dag.py:3096} INFO - Sync 1 DAGs
[2026-05-19T05:47:39.987+0000] {logging_mixin.py:188} INFO - [2026-05-19T05:47:39.987+0000] {dag.py:3954} INFO - Setting next_dagrun for stackoverflow_medallion_pipeline_v2 to 2026-05-19 00:00:00+00:00, run_after=2026-05-20 00:00:00+00:00
[2026-05-19T05:47:40.050+0000] {processor.py:183} INFO - Processing /opt/airflow/dags/stackoverflow_migration_dag.py took 1.387 seconds
[2026-05-19T05:48:10.307+0000] {processor.py:161} INFO - Started process (PID=438) to work on /opt/airflow/dags/stackoverflow_migration_dag.py
[2026-05-19T05:48:10.312+0000] {processor.py:830} INFO - Processing file /opt/airflow/dags/stackoverflow_migration_dag.py for tasks to queue
[2026-05-19T05:48:10.321+0000] {logging_mixin.py:188} INFO - [2026-05-19T05:48:10.319+0000] {dagbag.py:545} INFO - Filling up the DagBag from /opt/airflow/dags/stackoverflow_migration_dag.py
[2026-05-19T05:48:11.591+0000] {processor.py:840} INFO - DAG(s) 'stackoverflow_medallion_pipeline_v2' retrieved from /opt/airflow/dags/stackoverflow_migration_dag.py
[2026-05-19T05:48:11.670+0000] {logging_mixin.py:188} INFO - [2026-05-19T05:48:11.669+0000] {dag.py:3096} INFO - Sync 1 DAGs
[2026-05-19T05:48:11.732+0000] {logging_mixin.py:188} INFO - [2026-05-19T05:48:11.732+0000] {dag.py:3954} INFO - Setting next_dagrun for stackoverflow_medallion_pipeline_v2 to 2026-05-19 00:00:00+00:00, run_after=2026-05-20 00:00:00+00:00
[2026-05-19T05:48:11.787+0000] {processor.py:183} INFO - Processing /opt/airflow/dags/stackoverflow_migration_dag.py took 1.506 seconds
[2026-05-19T05:48:41.976+0000] {processor.py:161} INFO - Started process (PID=443) to work on /opt/airflow/dags/stackoverflow_migration_dag.py
[2026-05-19T05:48:41.978+0000] {processor.py:830} INFO - Processing file /opt/airflow/dags/stackoverflow_migration_dag.py for tasks to queue
[2026-05-19T05:48:41.981+0000] {logging_mixin.py:188} INFO - [2026-05-19T05:48:41.981+0000] {dagbag.py:545} INFO - Filling up the DagBag from /opt/airflow/dags/stackoverflow_migration_dag.py
[2026-05-19T05:48:43.256+0000] {processor.py:840} INFO - DAG(s) 'stackoverflow_medallion_pipeline_v2' retrieved from /opt/airflow/dags/stackoverflow_migration_dag.py
[2026-05-19T05:48:43.335+0000] {logging_mixin.py:188} INFO - [2026-05-19T05:48:43.334+0000] {dag.py:3096} INFO - Sync 1 DAGs
[2026-05-19T05:48:43.397+0000] {logging_mixin.py:188} INFO - [2026-05-19T05:48:43.397+0000] {dag.py:3954} INFO - Setting next_dagrun for stackoverflow_medallion_pipeline_v2 to 2026-05-19 00:00:00+00:00, run_after=2026-05-20 00:00:00+00:00
[2026-05-19T05:48:43.461+0000] {processor.py:183} INFO - Processing /opt/airflow/dags/stackoverflow_migration_dag.py took 1.496 seconds
[2026-05-19T05:49:13.779+0000] {processor.py:161} INFO - Started process (PID=448) to work on /opt/airflow/dags/stackoverflow_migration_dag.py
[2026-05-19T05:49:13.781+0000] {processor.py:830} INFO - Processing file /opt/airflow/dags/stackoverflow_migration_dag.py for tasks to queue
[2026-05-19T05:49:13.784+0000] {logging_mixin.py:188} INFO - [2026-05-19T05:49:13.784+0000] {dagbag.py:545} INFO - Filling up the DagBag from /opt/airflow/dags/stackoverflow_migration_dag.py
[2026-05-19T05:49:15.155+0000] {processor.py:840} INFO - DAG(s) 'stackoverflow_medallion_pipeline_v2' retrieved from /opt/airflow/dags/stackoverflow_migration_dag.py
[2026-05-19T05:49:15.267+0000] {logging_mixin.py:188} INFO - [2026-05-19T05:49:15.267+0000] {dag.py:3096} INFO - Sync 1 DAGs
[2026-05-19T05:49:15.354+0000] {logging_mixin.py:188} INFO - [2026-05-19T05:49:15.353+0000] {dag.py:3954} INFO - Setting next_dagrun for stackoverflow_medallion_pipeline_v2 to 2026-05-19 00:00:00+00:00, run_after=2026-05-20 00:00:00+00:00
[2026-05-19T05:49:15.422+0000] {processor.py:183} INFO - Processing /opt/airflow/dags/stackoverflow_migration_dag.py took 1.656 seconds
[2026-05-19T05:49:45.821+0000] {processor.py:161} INFO - Started process (PID=453) to work on /opt/airflow/dags/stackoverflow_migration_dag.py
[2026-05-19T05:49:45.824+0000] {processor.py:830} INFO - Processing file /opt/airflow/dags/stackoverflow_migration_dag.py for tasks to queue
[2026-05-19T05:49:45.828+0000] {logging_mixin.py:188} INFO - [2026-05-19T05:49:45.827+0000] {dagbag.py:545} INFO - Filling up the DagBag from /opt/airflow/dags/stackoverflow_migration_dag.py
[2026-05-19T05:49:47.915+0000] {processor.py:840} INFO - DAG(s) 'stackoverflow_medallion_pipeline_v2' retrieved from /opt/airflow/dags/stackoverflow_migration_dag.py
[2026-05-19T05:49:48.028+0000] {logging_mixin.py:188} INFO - [2026-05-19T05:49:48.027+0000] {dag.py:3096} INFO - Sync 1 DAGs
[2026-05-19T05:49:48.099+0000] {logging_mixin.py:188} INFO - [2026-05-19T05:49:48.099+0000] {dag.py:3954} INFO - Setting next_dagrun for stackoverflow_medallion_pipeline_v2 to 2026-05-19 00:00:00+00:00, run_after=2026-05-20 00:00:00+00:00
[2026-05-19T05:49:48.157+0000] {processor.py:183} INFO - Processing /opt/airflow/dags/stackoverflow_migration_dag.py took 2.346 seconds
[2026-05-19T05:50:18.720+0000] {processor.py:161} INFO - Started process (PID=458) to work on /opt/airflow/dags/stackoverflow_migration_dag.py
[2026-05-19T05:50:18.724+0000] {processor.py:830} INFO - Processing file /opt/airflow/dags/stackoverflow_migration_dag.py for tasks to queue
[2026-05-19T05:50:18.732+0000] {logging_mixin.py:188} INFO - [2026-05-19T05:50:18.731+0000] {dagbag.py:545} INFO - Filling up the DagBag from /opt/airflow/dags/stackoverflow_migration_dag.py
[2026-05-19T05:50:20.199+0000] {processor.py:840} INFO - DAG(s) 'stackoverflow_medallion_pipeline_v2' retrieved from /opt/airflow/dags/stackoverflow_migration_dag.py
[2026-05-19T05:50:20.286+0000] {logging_mixin.py:188} INFO - [2026-05-19T05:50:20.285+0000] {dag.py:3096} INFO - Sync 1 DAGs
[2026-05-19T05:50:20.338+0000] {logging_mixin.py:188} INFO - [2026-05-19T05:50:20.337+0000] {dag.py:3954} INFO - Setting next_dagrun for stackoverflow_medallion_pipeline_v2 to 2026-05-19 00:00:00+00:00, run_after=2026-05-20 00:00:00+00:00
[2026-05-19T05:50:20.435+0000] {processor.py:183} INFO - Processing /opt/airflow/dags/stackoverflow_migration_dag.py took 1.736 seconds
[2026-05-19T05:50:50.611+0000] {processor.py:161} INFO - Started process (PID=463) to work on /opt/airflow/dags/stackoverflow_migration_dag.py
[2026-05-19T05:50:50.614+0000] {processor.py:830} INFO - Processing file /opt/airflow/dags/stackoverflow_migration_dag.py for tasks to queue
[2026-05-19T05:50:50.622+0000] {logging_mixin.py:188} INFO - [2026-05-19T05:50:50.621+0000] {dagbag.py:545} INFO - Filling up the DagBag from /opt/airflow/dags/stackoverflow_migration_dag.py
[2026-05-19T05:50:51.993+0000] {processor.py:840} INFO - DAG(s) 'stackoverflow_medallion_pipeline_v2' retrieved from /opt/airflow/dags/stackoverflow_migration_dag.py
[2026-05-19T05:50:52.067+0000] {logging_mixin.py:188} INFO - [2026-05-19T05:50:52.066+0000] {dag.py:3096} INFO - Sync 1 DAGs
[2026-05-19T05:50:52.131+0000] {logging_mixin.py:188} INFO - [2026-05-19T05:50:52.130+0000] {dag.py:3954} INFO - Setting next_dagrun for stackoverflow_medallion_pipeline_v2 to 2026-05-19 00:00:00+00:00, run_after=2026-05-20 00:00:00+00:00
[2026-05-19T05:50:52.187+0000] {processor.py:183} INFO - Processing /opt/airflow/dags/stackoverflow_migration_dag.py took 1.600 seconds
[2026-05-19T05:51:22.765+0000] {processor.py:161} INFO - Started process (PID=468) to work on /opt/airflow/dags/stackoverflow_migration_dag.py
[2026-05-19T05:51:22.768+0000] {processor.py:830} INFO - Processing file /opt/airflow/dags/stackoverflow_migration_dag.py for tasks to queue
[2026-05-19T05:51:22.773+0000] {logging_mixin.py:188} INFO - [2026-05-19T05:51:22.772+0000] {dagbag.py:545} INFO - Filling up the DagBag from /opt/airflow/dags/stackoverflow_migration_dag.py
[2026-05-19T05:51:24.488+0000] {processor.py:840} INFO - DAG(s) 'stackoverflow_medallion_pipeline_v2' retrieved from /opt/airflow/dags/stackoverflow_migration_dag.py
[2026-05-19T05:51:24.564+0000] {logging_mixin.py:188} INFO - [2026-05-19T05:51:24.563+0000] {dag.py:3096} INFO - Sync 1 DAGs
[2026-05-19T05:51:24.622+0000] {logging_mixin.py:188} INFO - [2026-05-19T05:51:24.621+0000] {dag.py:3954} INFO - Setting next_dagrun for stackoverflow_medallion_pipeline_v2 to 2026-05-19 00:00:00+00:00, run_after=2026-05-20 00:00:00+00:00
[2026-05-19T05:51:24.667+0000] {processor.py:183} INFO - Processing /opt/airflow/dags/stackoverflow_migration_dag.py took 1.913 seconds
[2026-05-19T05:51:55.132+0000] {processor.py:161} INFO - Started process (PID=473) to work on /opt/airflow/dags/stackoverflow_migration_dag.py
[2026-05-19T05:51:55.135+0000] {processor.py:830} INFO - Processing file /opt/airflow/dags/stackoverflow_migration_dag.py for tasks to queue
[2026-05-19T05:51:55.141+0000] {logging_mixin.py:188} INFO - [2026-05-19T05:51:55.139+0000] {dagbag.py:545} INFO - Filling up the DagBag from /opt/airflow/dags/stackoverflow_migration_dag.py
[2026-05-19T05:51:56.793+0000] {processor.py:840} INFO - DAG(s) 'stackoverflow_medallion_pipeline_v2' retrieved from /opt/airflow/dags/stackoverflow_migration_dag.py
[2026-05-19T05:51:56.899+0000] {logging_mixin.py:188} INFO - [2026-05-19T05:51:56.898+0000] {dag.py:3096} INFO - Sync 1 DAGs
[2026-05-19T05:51:57.026+0000] {logging_mixin.py:188} INFO - [2026-05-19T05:51:57.026+0000] {dag.py:3954} INFO - Setting next_dagrun for stackoverflow_medallion_pipeline_v2 to 2026-05-19 00:00:00+00:00, run_after=2026-05-20 00:00:00+00:00
[2026-05-19T05:51:57.085+0000] {processor.py:183} INFO - Processing /opt/airflow/dags/stackoverflow_migration_dag.py took 1.969 seconds
[2026-05-19T05:52:27.582+0000] {processor.py:161} INFO - Started process (PID=478) to work on /opt/airflow/dags/stackoverflow_migration_dag.py
[2026-05-19T05:52:27.584+0000] {processor.py:830} INFO - Processing file /opt/airflow/dags/stackoverflow_migration_dag.py for tasks to queue
[2026-05-19T05:52:27.589+0000] {logging_mixin.py:188} INFO - [2026-05-19T05:52:27.588+0000] {dagbag.py:545} INFO - Filling up the DagBag from /opt/airflow/dags/stackoverflow_migration_dag.py
[2026-05-19T05:52:28.853+0000] {processor.py:840} INFO - DAG(s) 'stackoverflow_medallion_pipeline_v2' retrieved from /opt/airflow/dags/stackoverflow_migration_dag.py
[2026-05-19T05:52:28.932+0000] {logging_mixin.py:188} INFO - [2026-05-19T05:52:28.932+0000] {dag.py:3096} INFO - Sync 1 DAGs
[2026-05-19T05:52:28.984+0000] {logging_mixin.py:188} INFO - [2026-05-19T05:52:28.984+0000] {dag.py:3954} INFO - Setting next_dagrun for stackoverflow_medallion_pipeline_v2 to 2026-05-19 00:00:00+00:00, run_after=2026-05-20 00:00:00+00:00
[2026-05-19T05:52:29.031+0000] {processor.py:183} INFO - Processing /opt/airflow/dags/stackoverflow_migration_dag.py took 1.459 seconds
[2026-05-19T05:52:59.445+0000] {processor.py:161} INFO - Started process (PID=483) to work on /opt/airflow/dags/stackoverflow_migration_dag.py
[2026-05-19T05:52:59.448+0000] {processor.py:830} INFO - Processing file /opt/airflow/dags/stackoverflow_migration_dag.py for tasks to queue
[2026-05-19T05:52:59.454+0000] {logging_mixin.py:188} INFO - [2026-05-19T05:52:59.452+0000] {dagbag.py:545} INFO - Filling up the DagBag from /opt/airflow/dags/stackoverflow_migration_dag.py
[2026-05-19T05:53:00.899+0000] {processor.py:840} INFO - DAG(s) 'stackoverflow_medallion_pipeline_v2' retrieved from /opt/airflow/dags/stackoverflow_migration_dag.py
[2026-05-19T05:53:01.022+0000] {logging_mixin.py:188} INFO - [2026-05-19T05:53:01.022+0000] {dag.py:3096} INFO - Sync 1 DAGs
[2026-05-19T05:53:01.107+0000] {logging_mixin.py:188} INFO - [2026-05-19T05:53:01.107+0000] {dag.py:3954} INFO - Setting next_dagrun for stackoverflow_medallion_pipeline_v2 to 2026-05-19 00:00:00+00:00, run_after=2026-05-20 00:00:00+00:00
[2026-05-19T05:53:01.209+0000] {processor.py:183} INFO - Processing /opt/airflow/dags/stackoverflow_migration_dag.py took 1.783 seconds
[2026-05-19T05:53:31.552+0000] {processor.py:161} INFO - Started process (PID=488) to work on /opt/airflow/dags/stackoverflow_migration_dag.py
[2026-05-19T05:53:31.553+0000] {processor.py:830} INFO - Processing file /opt/airflow/dags/stackoverflow_migration_dag.py for tasks to queue
[2026-05-19T05:53:31.556+0000] {logging_mixin.py:188} INFO - [2026-05-19T05:53:31.556+0000] {dagbag.py:545} INFO - Filling up the DagBag from /opt/airflow/dags/stackoverflow_migration_dag.py
[2026-05-19T05:53:32.659+0000] {processor.py:840} INFO - DAG(s) 'stackoverflow_medallion_pipeline_v2' retrieved from /opt/airflow/dags/stackoverflow_migration_dag.py
[2026-05-19T05:53:32.741+0000] {logging_mixin.py:188} INFO - [2026-05-19T05:53:32.741+0000] {dag.py:3096} INFO - Sync 1 DAGs
[2026-05-19T05:53:32.799+0000] {logging_mixin.py:188} INFO - [2026-05-19T05:53:32.798+0000] {dag.py:3954} INFO - Setting next_dagrun for stackoverflow_medallion_pipeline_v2 to 2026-05-19 00:00:00+00:00, run_after=2026-05-20 00:00:00+00:00
[2026-05-19T05:53:32.842+0000] {processor.py:183} INFO - Processing /opt/airflow/dags/stackoverflow_migration_dag.py took 1.299 seconds
[2026-05-19T05:54:02.962+0000] {processor.py:161} INFO - Started process (PID=493) to work on /opt/airflow/dags/stackoverflow_migration_dag.py
[2026-05-19T05:54:02.964+0000] {processor.py:830} INFO - Processing file /opt/airflow/dags/stackoverflow_migration_dag.py for tasks to queue
[2026-05-19T05:54:02.969+0000] {logging_mixin.py:188} INFO - [2026-05-19T05:54:02.968+0000] {dagbag.py:545} INFO - Filling up the DagBag from /opt/airflow/dags/stackoverflow_migration_dag.py
[2026-05-19T05:54:04.214+0000] {processor.py:840} INFO - DAG(s) 'stackoverflow_medallion_pipeline_v2' retrieved from /opt/airflow/dags/stackoverflow_migration_dag.py
[2026-05-19T05:54:04.303+0000] {logging_mixin.py:188} INFO - [2026-05-19T05:54:04.302+0000] {dag.py:3096} INFO - Sync 1 DAGs
[2026-05-19T05:54:04.360+0000] {logging_mixin.py:188} INFO - [2026-05-19T05:54:04.360+0000] {dag.py:3954} INFO - Setting next_dagrun for stackoverflow_medallion_pipeline_v2 to 2026-05-19 00:00:00+00:00, run_after=2026-05-20 00:00:00+00:00
[2026-05-19T05:54:04.411+0000] {processor.py:183} INFO - Processing /opt/airflow/dags/stackoverflow_migration_dag.py took 1.460 seconds
[2026-05-19T05:54:34.564+0000] {processor.py:161} INFO - Started process (PID=498) to work on /opt/airflow/dags/stackoverflow_migration_dag.py
[2026-05-19T05:54:34.567+0000] {processor.py:830} INFO - Processing file /opt/airflow/dags/stackoverflow_migration_dag.py for tasks to queue
[2026-05-19T05:54:34.571+0000] {logging_mixin.py:188} INFO - [2026-05-19T05:54:34.570+0000] {dagbag.py:545} INFO - Filling up the DagBag from /opt/airflow/dags/stackoverflow_migration_dag.py
[2026-05-19T05:54:36.115+0000] {processor.py:840} INFO - DAG(s) 'stackoverflow_medallion_pipeline_v2' retrieved from /opt/airflow/dags/stackoverflow_migration_dag.py
[2026-05-19T05:54:36.207+0000] {logging_mixin.py:188} INFO - [2026-05-19T05:54:36.207+0000] {dag.py:3096} INFO - Sync 1 DAGs
[2026-05-19T05:54:36.272+0000] {logging_mixin.py:188} INFO - [2026-05-19T05:54:36.271+0000] {dag.py:3954} INFO - Setting next_dagrun for stackoverflow_medallion_pipeline_v2 to 2026-05-19 00:00:00+00:00, run_after=2026-05-20 00:00:00+00:00
[2026-05-19T05:54:36.324+0000] {processor.py:183} INFO - Processing /opt/airflow/dags/stackoverflow_migration_dag.py took 1.779 seconds
[2026-05-19T05:55:06.794+0000] {processor.py:161} INFO - Started process (PID=503) to work on /opt/airflow/dags/stackoverflow_migration_dag.py
[2026-05-19T05:55:06.797+0000] {processor.py:830} INFO - Processing file /opt/airflow/dags/stackoverflow_migration_dag.py for tasks to queue
[2026-05-19T05:55:06.802+0000] {logging_mixin.py:188} INFO - [2026-05-19T05:55:06.802+0000] {dagbag.py:545} INFO - Filling up the DagBag from /opt/airflow/dags/stackoverflow_migration_dag.py
[2026-05-19T05:55:08.359+0000] {processor.py:840} INFO - DAG(s) 'stackoverflow_medallion_pipeline_v2' retrieved from /opt/airflow/dags/stackoverflow_migration_dag.py
[2026-05-19T05:55:08.456+0000] {logging_mixin.py:188} INFO - [2026-05-19T05:55:08.456+0000] {dag.py:3096} INFO - Sync 1 DAGs
[2026-05-19T05:55:08.526+0000] {logging_mixin.py:188} INFO - [2026-05-19T05:55:08.525+0000] {dag.py:3954} INFO - Setting next_dagrun for stackoverflow_medallion_pipeline_v2 to 2026-05-19 00:00:00+00:00, run_after=2026-05-20 00:00:00+00:00
[2026-05-19T05:55:08.578+0000] {processor.py:183} INFO - Processing /opt/airflow/dags/stackoverflow_migration_dag.py took 1.801 seconds
[2026-05-19T05:55:39.040+0000] {processor.py:161} INFO - Started process (PID=508) to work on /opt/airflow/dags/stackoverflow_migration_dag.py
[2026-05-19T05:55:39.042+0000] {processor.py:830} INFO - Processing file /opt/airflow/dags/stackoverflow_migration_dag.py for tasks to queue
[2026-05-19T05:55:39.045+0000] {logging_mixin.py:188} INFO - [2026-05-19T05:55:39.044+0000] {dagbag.py:545} INFO - Filling up the DagBag from /opt/airflow/dags/stackoverflow_migration_dag.py
[2026-05-19T05:55:40.368+0000] {processor.py:840} INFO - DAG(s) 'stackoverflow_medallion_pipeline_v2' retrieved from /opt/airflow/dags/stackoverflow_migration_dag.py
[2026-05-19T05:55:40.475+0000] {logging_mixin.py:188} INFO - [2026-05-19T05:55:40.475+0000] {dag.py:3096} INFO - Sync 1 DAGs
[2026-05-19T05:55:40.547+0000] {logging_mixin.py:188} INFO - [2026-05-19T05:55:40.546+0000] {dag.py:3954} INFO - Setting next_dagrun for stackoverflow_medallion_pipeline_v2 to 2026-05-19 00:00:00+00:00, run_after=2026-05-20 00:00:00+00:00
[2026-05-19T05:55:40.606+0000] {processor.py:183} INFO - Processing /opt/airflow/dags/stackoverflow_migration_dag.py took 1.576 seconds
[2026-05-19T05:56:10.862+0000] {processor.py:161} INFO - Started process (PID=513) to work on /opt/airflow/dags/stackoverflow_migration_dag.py
[2026-05-19T05:56:10.864+0000] {processor.py:830} INFO - Processing file /opt/airflow/dags/stackoverflow_migration_dag.py for tasks to queue
[2026-05-19T05:56:10.867+0000] {logging_mixin.py:188} INFO - [2026-05-19T05:56:10.867+0000] {dagbag.py:545} INFO - Filling up the DagBag from /opt/airflow/dags/stackoverflow_migration_dag.py
[2026-05-19T05:56:12.107+0000] {processor.py:840} INFO - DAG(s) 'stackoverflow_medallion_pipeline_v2' retrieved from /opt/airflow/dags/stackoverflow_migration_dag.py
[2026-05-19T05:56:12.225+0000] {logging_mixin.py:188} INFO - [2026-05-19T05:56:12.224+0000] {dag.py:3096} INFO - Sync 1 DAGs
[2026-05-19T05:56:12.303+0000] {logging_mixin.py:188} INFO - [2026-05-19T05:56:12.303+0000] {dag.py:3954} INFO - Setting next_dagrun for stackoverflow_medallion_pipeline_v2 to 2026-05-19 00:00:00+00:00, run_after=2026-05-20 00:00:00+00:00
[2026-05-19T05:56:12.376+0000] {processor.py:183} INFO - Processing /opt/airflow/dags/stackoverflow_migration_dag.py took 1.525 seconds
[2026-05-19T05:56:42.832+0000] {processor.py:161} INFO - Started process (PID=518) to work on /opt/airflow/dags/stackoverflow_migration_dag.py
[2026-05-19T05:56:42.835+0000] {processor.py:830} INFO - Processing file /opt/airflow/dags/stackoverflow_migration_dag.py for tasks to queue
[2026-05-19T05:56:42.840+0000] {logging_mixin.py:188} INFO - [2026-05-19T05:56:42.839+0000] {dagbag.py:545} INFO - Filling up the DagBag from /opt/airflow/dags/stackoverflow_migration_dag.py
[2026-05-19T05:56:44.017+0000] {processor.py:840} INFO - DAG(s) 'stackoverflow_medallion_pipeline_v2' retrieved from /opt/airflow/dags/stackoverflow_migration_dag.py
[2026-05-19T05:56:44.115+0000] {logging_mixin.py:188} INFO - [2026-05-19T05:56:44.114+0000] {dag.py:3096} INFO - Sync 1 DAGs
[2026-05-19T05:56:44.189+0000] {logging_mixin.py:188} INFO - [2026-05-19T05:56:44.189+0000] {dag.py:3954} INFO - Setting next_dagrun for stackoverflow_medallion_pipeline_v2 to 2026-05-19 00:00:00+00:00, run_after=2026-05-20 00:00:00+00:00
[2026-05-19T05:56:44.255+0000] {processor.py:183} INFO - Processing /opt/airflow/dags/stackoverflow_migration_dag.py took 1.435 seconds
[2026-05-19T05:57:14.720+0000] {processor.py:161} INFO - Started process (PID=523) to work on /opt/airflow/dags/stackoverflow_migration_dag.py
[2026-05-19T05:57:14.723+0000] {processor.py:830} INFO - Processing file /opt/airflow/dags/stackoverflow_migration_dag.py for tasks to queue
[2026-05-19T05:57:14.729+0000] {logging_mixin.py:188} INFO - [2026-05-19T05:57:14.728+0000] {dagbag.py:545} INFO - Filling up the DagBag from /opt/airflow/dags/stackoverflow_migration_dag.py
[2026-05-19T05:57:15.961+0000] {processor.py:840} INFO - DAG(s) 'stackoverflow_medallion_pipeline_v2' retrieved from /opt/airflow/dags/stackoverflow_migration_dag.py
[2026-05-19T05:57:16.061+0000] {logging_mixin.py:188} INFO - [2026-05-19T05:57:16.061+0000] {dag.py:3096} INFO - Sync 1 DAGs
[2026-05-19T05:57:16.128+0000] {logging_mixin.py:188} INFO - [2026-05-19T05:57:16.127+0000] {dag.py:3954} INFO - Setting next_dagrun for stackoverflow_medallion_pipeline_v2 to 2026-05-19 00:00:00+00:00, run_after=2026-05-20 00:00:00+00:00
[2026-05-19T05:57:16.183+0000] {processor.py:183} INFO - Processing /opt/airflow/dags/stackoverflow_migration_dag.py took 1.482 seconds
[2026-05-19T05:57:46.476+0000] {processor.py:161} INFO - Started process (PID=528) to work on /opt/airflow/dags/stackoverflow_migration_dag.py
[2026-05-19T05:57:46.478+0000] {processor.py:830} INFO - Processing file /opt/airflow/dags/stackoverflow_migration_dag.py for tasks to queue
[2026-05-19T05:57:46.482+0000] {logging_mixin.py:188} INFO - [2026-05-19T05:57:46.481+0000] {dagbag.py:545} INFO - Filling up the DagBag from /opt/airflow/dags/stackoverflow_migration_dag.py
[2026-05-19T05:57:47.945+0000] {processor.py:840} INFO - DAG(s) 'stackoverflow_medallion_pipeline_v2' retrieved from /opt/airflow/dags/stackoverflow_migration_dag.py
[2026-05-19T05:57:48.067+0000] {logging_mixin.py:188} INFO - [2026-05-19T05:57:48.067+0000] {dag.py:3096} INFO - Sync 1 DAGs
[2026-05-19T05:57:48.144+0000] {logging_mixin.py:188} INFO - [2026-05-19T05:57:48.143+0000] {dag.py:3954} INFO - Setting next_dagrun for stackoverflow_medallion_pipeline_v2 to 2026-05-19 00:00:00+00:00, run_after=2026-05-20 00:00:00+00:00
[2026-05-19T05:57:48.203+0000] {processor.py:183} INFO - Processing /opt/airflow/dags/stackoverflow_migration_dag.py took 1.737 seconds
[2026-05-19T05:58:18.663+0000] {processor.py:161} INFO - Started process (PID=533) to work on /opt/airflow/dags/stackoverflow_migration_dag.py
[2026-05-19T05:58:18.665+0000] {processor.py:830} INFO - Processing file /opt/airflow/dags/stackoverflow_migration_dag.py for tasks to queue
[2026-05-19T05:58:18.668+0000] {logging_mixin.py:188} INFO - [2026-05-19T05:58:18.668+0000] {dagbag.py:545} INFO - Filling up the DagBag from /opt/airflow/dags/stackoverflow_migration_dag.py
[2026-05-19T05:58:20.083+0000] {processor.py:840} INFO - DAG(s) 'stackoverflow_medallion_pipeline_v2' retrieved from /opt/airflow/dags/stackoverflow_migration_dag.py
[2026-05-19T05:58:20.164+0000] {logging_mixin.py:188} INFO - [2026-05-19T05:58:20.164+0000] {dag.py:3096} INFO - Sync 1 DAGs
[2026-05-19T05:58:20.243+0000] {logging_mixin.py:188} INFO - [2026-05-19T05:58:20.242+0000] {dag.py:3954} INFO - Setting next_dagrun for stackoverflow_medallion_pipeline_v2 to 2026-05-19 00:00:00+00:00, run_after=2026-05-20 00:00:00+00:00
[2026-05-19T05:58:20.315+0000] {processor.py:183} INFO - Processing /opt/airflow/dags/stackoverflow_migration_dag.py took 1.663 seconds
[2026-05-19T05:58:50.894+0000] {processor.py:161} INFO - Started process (PID=538) to work on /opt/airflow/dags/stackoverflow_migration_dag.py
[2026-05-19T05:58:50.898+0000] {processor.py:830} INFO - Processing file /opt/airflow/dags/stackoverflow_migration_dag.py for tasks to queue
[2026-05-19T05:58:50.905+0000] {logging_mixin.py:188} INFO - [2026-05-19T05:58:50.904+0000] {dagbag.py:545} INFO - Filling up the DagBag from /opt/airflow/dags/stackoverflow_migration_dag.py
[2026-05-19T05:58:52.368+0000] {processor.py:840} INFO - DAG(s) 'stackoverflow_medallion_pipeline_v2' retrieved from /opt/airflow/dags/stackoverflow_migration_dag.py
[2026-05-19T05:58:52.533+0000] {logging_mixin.py:188} INFO - [2026-05-19T05:58:52.532+0000] {dag.py:3096} INFO - Sync 1 DAGs
[2026-05-19T05:58:52.623+0000] {logging_mixin.py:188} INFO - [2026-05-19T05:58:52.623+0000] {dag.py:3954} INFO - Setting next_dagrun for stackoverflow_medallion_pipeline_v2 to 2026-05-19 00:00:00+00:00, run_after=2026-05-20 00:00:00+00:00
[2026-05-19T05:58:52.689+0000] {processor.py:183} INFO - Processing /opt/airflow/dags/stackoverflow_migration_dag.py took 1.816 seconds
[2026-05-19T05:59:23.319+0000] {processor.py:161} INFO - Started process (PID=543) to work on /opt/airflow/dags/stackoverflow_migration_dag.py
[2026-05-19T05:59:23.323+0000] {processor.py:830} INFO - Processing file /opt/airflow/dags/stackoverflow_migration_dag.py for tasks to queue
[2026-05-19T05:59:23.329+0000] {logging_mixin.py:188} INFO - [2026-05-19T05:59:23.328+0000] {dagbag.py:545} INFO - Filling up the DagBag from /opt/airflow/dags/stackoverflow_migration_dag.py
[2026-05-19T05:59:25.593+0000] {processor.py:840} INFO - DAG(s) 'stackoverflow_medallion_pipeline_v2' retrieved from /opt/airflow/dags/stackoverflow_migration_dag.py
[2026-05-19T05:59:25.695+0000] {logging_mixin.py:188} INFO - [2026-05-19T05:59:25.695+0000] {dag.py:3096} INFO - Sync 1 DAGs
[2026-05-19T05:59:25.780+0000] {logging_mixin.py:188} INFO - [2026-05-19T05:59:25.780+0000] {dag.py:3954} INFO - Setting next_dagrun for stackoverflow_medallion_pipeline_v2 to 2026-05-19 00:00:00+00:00, run_after=2026-05-20 00:00:00+00:00
[2026-05-19T05:59:25.830+0000] {processor.py:183} INFO - Processing /opt/airflow/dags/stackoverflow_migration_dag.py took 2.554 seconds
[2026-05-19T05:59:55.997+0000] {processor.py:161} INFO - Started process (PID=548) to work on /opt/airflow/dags/stackoverflow_migration_dag.py
[2026-05-19T05:59:55.999+0000] {processor.py:830} INFO - Processing file /opt/airflow/dags/stackoverflow_migration_dag.py for tasks to queue
[2026-05-19T05:59:56.004+0000] {logging_mixin.py:188} INFO - [2026-05-19T05:59:56.003+0000] {dagbag.py:545} INFO - Filling up the DagBag from /opt/airflow/dags/stackoverflow_migration_dag.py
[2026-05-19T05:59:57.979+0000] {processor.py:840} INFO - DAG(s) 'stackoverflow_medallion_pipeline_v2' retrieved from /opt/airflow/dags/stackoverflow_migration_dag.py
[2026-05-19T05:59:58.085+0000] {logging_mixin.py:188} INFO - [2026-05-19T05:59:58.084+0000] {dag.py:3096} INFO - Sync 1 DAGs
[2026-05-19T05:59:58.156+0000] {logging_mixin.py:188} INFO - [2026-05-19T05:59:58.156+0000] {dag.py:3954} INFO - Setting next_dagrun for stackoverflow_medallion_pipeline_v2 to 2026-05-19 00:00:00+00:00, run_after=2026-05-20 00:00:00+00:00
[2026-05-19T05:59:58.214+0000] {processor.py:183} INFO - Processing /opt/airflow/dags/stackoverflow_migration_dag.py took 2.230 seconds
[2026-05-19T06:00:28.668+0000] {processor.py:161} INFO - Started process (PID=553) to work on /opt/airflow/dags/stackoverflow_migration_dag.py
[2026-05-19T06:00:28.670+0000] {processor.py:830} INFO - Processing file /opt/airflow/dags/stackoverflow_migration_dag.py for tasks to queue
[2026-05-19T06:00:28.675+0000] {logging_mixin.py:188} INFO - [2026-05-19T06:00:28.675+0000] {dagbag.py:545} INFO - Filling up the DagBag from /opt/airflow/dags/stackoverflow_migration_dag.py
[2026-05-19T06:00:30.419+0000] {processor.py:840} INFO - DAG(s) 'stackoverflow_medallion_pipeline_v2' retrieved from /opt/airflow/dags/stackoverflow_migration_dag.py
[2026-05-19T06:00:30.527+0000] {logging_mixin.py:188} INFO - [2026-05-19T06:00:30.526+0000] {dag.py:3096} INFO - Sync 1 DAGs
[2026-05-19T06:00:30.583+0000] {logging_mixin.py:188} INFO - [2026-05-19T06:00:30.582+0000] {dag.py:3954} INFO - Setting next_dagrun for stackoverflow_medallion_pipeline_v2 to 2026-05-19 00:00:00+00:00, run_after=2026-05-20 00:00:00+00:00
[2026-05-19T06:00:30.663+0000] {processor.py:183} INFO - Processing /opt/airflow/dags/stackoverflow_migration_dag.py took 2.007 seconds
[2026-05-19T06:01:01.436+0000] {processor.py:161} INFO - Started process (PID=558) to work on /opt/airflow/dags/stackoverflow_migration_dag.py
[2026-05-19T06:01:01.439+0000] {processor.py:830} INFO - Processing file /opt/airflow/dags/stackoverflow_migration_dag.py for tasks to queue
[2026-05-19T06:01:01.445+0000] {logging_mixin.py:188} INFO - [2026-05-19T06:01:01.444+0000] {dagbag.py:545} INFO - Filling up the DagBag from /opt/airflow/dags/stackoverflow_migration_dag.py
[2026-05-19T06:01:02.744+0000] {processor.py:840} INFO - DAG(s) 'stackoverflow_medallion_pipeline_v2' retrieved from /opt/airflow/dags/stackoverflow_migration_dag.py
[2026-05-19T06:01:02.813+0000] {logging_mixin.py:188} INFO - [2026-05-19T06:01:02.813+0000] {dag.py:3096} INFO - Sync 1 DAGs
[2026-05-19T06:01:02.861+0000] {logging_mixin.py:188} INFO - [2026-05-19T06:01:02.861+0000] {dag.py:3954} INFO - Setting next_dagrun for stackoverflow_medallion_pipeline_v2 to 2026-05-19 00:00:00+00:00, run_after=2026-05-20 00:00:00+00:00
[2026-05-19T06:01:02.902+0000] {processor.py:183} INFO - Processing /opt/airflow/dags/stackoverflow_migration_dag.py took 1.483 seconds
[2026-05-19T06:01:33.347+0000] {processor.py:161} INFO - Started process (PID=563) to work on /opt/airflow/dags/stackoverflow_migration_dag.py
[2026-05-19T06:01:33.349+0000] {processor.py:830} INFO - Processing file /opt/airflow/dags/stackoverflow_migration_dag.py for tasks to queue
[2026-05-19T06:01:33.353+0000] {logging_mixin.py:188} INFO - [2026-05-19T06:01:33.352+0000] {dagbag.py:545} INFO - Filling up the DagBag from /opt/airflow/dags/stackoverflow_migration_dag.py
[2026-05-19T06:01:34.975+0000] {processor.py:840} INFO - DAG(s) 'stackoverflow_medallion_pipeline_v2' retrieved from /opt/airflow/dags/stackoverflow_migration_dag.py
[2026-05-19T06:01:35.083+0000] {logging_mixin.py:188} INFO - [2026-05-19T06:01:35.082+0000] {dag.py:3096} INFO - Sync 1 DAGs
[2026-05-19T06:01:35.150+0000] {logging_mixin.py:188} INFO - [2026-05-19T06:01:35.150+0000] {dag.py:3954} INFO - Setting next_dagrun for stackoverflow_medallion_pipeline_v2 to 2026-05-19 00:00:00+00:00, run_after=2026-05-20 00:00:00+00:00
[2026-05-19T06:01:35.211+0000] {processor.py:183} INFO - Processing /opt/airflow/dags/stackoverflow_migration_dag.py took 1.878 seconds
[2026-05-19T06:02:05.666+0000] {processor.py:161} INFO - Started process (PID=568) to work on /opt/airflow/dags/stackoverflow_migration_dag.py
[2026-05-19T06:02:05.668+0000] {processor.py:830} INFO - Processing file /opt/airflow/dags/stackoverflow_migration_dag.py for tasks to queue
[2026-05-19T06:02:05.672+0000] {logging_mixin.py:188} INFO - [2026-05-19T06:02:05.671+0000] {dagbag.py:545} INFO - Filling up the DagBag from /opt/airflow/dags/stackoverflow_migration_dag.py
[2026-05-19T06:02:06.737+0000] {processor.py:840} INFO - DAG(s) 'stackoverflow_medallion_pipeline_v2' retrieved from /opt/airflow/dags/stackoverflow_migration_dag.py
[2026-05-19T06:02:06.809+0000] {logging_mixin.py:188} INFO - [2026-05-19T06:02:06.809+0000] {dag.py:3096} INFO - Sync 1 DAGs
[2026-05-19T06:02:06.858+0000] {logging_mixin.py:188} INFO - [2026-05-19T06:02:06.858+0000] {dag.py:3954} INFO - Setting next_dagrun for stackoverflow_medallion_pipeline_v2 to 2026-05-19 00:00:00+00:00, run_after=2026-05-20 00:00:00+00:00
[2026-05-19T06:02:06.931+0000] {processor.py:183} INFO - Processing /opt/airflow/dags/stackoverflow_migration_dag.py took 1.276 seconds
[2026-05-19T06:02:37.075+0000] {processor.py:161} INFO - Started process (PID=573) to work on /opt/airflow/dags/stackoverflow_migration_dag.py
[2026-05-19T06:02:37.078+0000] {processor.py:830} INFO - Processing file /opt/airflow/dags/stackoverflow_migration_dag.py for tasks to queue
[2026-05-19T06:02:37.082+0000] {logging_mixin.py:188} INFO - [2026-05-19T06:02:37.081+0000] {dagbag.py:545} INFO - Filling up the DagBag from /opt/airflow/dags/stackoverflow_migration_dag.py
[2026-05-19T06:02:38.519+0000] {processor.py:840} INFO - DAG(s) 'stackoverflow_medallion_pipeline_v2' retrieved from /opt/airflow/dags/stackoverflow_migration_dag.py
[2026-05-19T06:02:38.660+0000] {logging_mixin.py:188} INFO - [2026-05-19T06:02:38.660+0000] {dag.py:3096} INFO - Sync 1 DAGs
[2026-05-19T06:02:38.727+0000] {logging_mixin.py:188} INFO - [2026-05-19T06:02:38.726+0000] {dag.py:3954} INFO - Setting next_dagrun for stackoverflow_medallion_pipeline_v2 to 2026-05-19 00:00:00+00:00, run_after=2026-05-20 00:00:00+00:00
[2026-05-19T06:02:38.770+0000] {processor.py:183} INFO - Processing /opt/airflow/dags/stackoverflow_migration_dag.py took 1.708 seconds
[2026-05-19T06:03:09.260+0000] {processor.py:161} INFO - Started process (PID=578) to work on /opt/airflow/dags/stackoverflow_migration_dag.py
[2026-05-19T06:03:09.262+0000] {processor.py:830} INFO - Processing file /opt/airflow/dags/stackoverflow_migration_dag.py for tasks to queue
[2026-05-19T06:03:09.266+0000] {logging_mixin.py:188} INFO - [2026-05-19T06:03:09.265+0000] {dagbag.py:545} INFO - Filling up the DagBag from /opt/airflow/dags/stackoverflow_migration_dag.py
[2026-05-19T06:03:10.345+0000] {processor.py:840} INFO - DAG(s) 'stackoverflow_medallion_pipeline_v2' retrieved from /opt/airflow/dags/stackoverflow_migration_dag.py
[2026-05-19T06:03:10.455+0000] {logging_mixin.py:188} INFO - [2026-05-19T06:03:10.454+0000] {dag.py:3096} INFO - Sync 1 DAGs
[2026-05-19T06:03:10.505+0000] {logging_mixin.py:188} INFO - [2026-05-19T06:03:10.504+0000] {dag.py:3954} INFO - Setting next_dagrun for stackoverflow_medallion_pipeline_v2 to 2026-05-19 00:00:00+00:00, run_after=2026-05-20 00:00:00+00:00
[2026-05-19T06:03:10.546+0000] {processor.py:183} INFO - Processing /opt/airflow/dags/stackoverflow_migration_dag.py took 1.302 seconds
[2026-05-19T06:03:41.082+0000] {processor.py:161} INFO - Started process (PID=583) to work on /opt/airflow/dags/stackoverflow_migration_dag.py
[2026-05-19T06:03:41.084+0000] {processor.py:830} INFO - Processing file /opt/airflow/dags/stackoverflow_migration_dag.py for tasks to queue
[2026-05-19T06:03:41.088+0000] {logging_mixin.py:188} INFO - [2026-05-19T06:03:41.087+0000] {dagbag.py:545} INFO - Filling up the DagBag from /opt/airflow/dags/stackoverflow_migration_dag.py
[2026-05-19T06:03:42.365+0000] {processor.py:840} INFO - DAG(s) 'stackoverflow_medallion_pipeline_v2' retrieved from /opt/airflow/dags/stackoverflow_migration_dag.py
[2026-05-19T06:03:42.488+0000] {logging_mixin.py:188} INFO - [2026-05-19T06:03:42.487+0000] {dag.py:3096} INFO - Sync 1 DAGs
[2026-05-19T06:03:42.581+0000] {logging_mixin.py:188} INFO - [2026-05-19T06:03:42.580+0000] {dag.py:3954} INFO - Setting next_dagrun for stackoverflow_medallion_pipeline_v2 to 2026-05-19 00:00:00+00:00, run_after=2026-05-20 00:00:00+00:00
[2026-05-19T06:03:42.649+0000] {processor.py:183} INFO - Processing /opt/airflow/dags/stackoverflow_migration_dag.py took 1.583 seconds
[2026-05-19T06:04:12.956+0000] {processor.py:161} INFO - Started process (PID=588) to work on /opt/airflow/dags/stackoverflow_migration_dag.py
[2026-05-19T06:04:12.958+0000] {processor.py:830} INFO - Processing file /opt/airflow/dags/stackoverflow_migration_dag.py for tasks to queue
[2026-05-19T06:04:12.961+0000] {logging_mixin.py:188} INFO - [2026-05-19T06:04:12.961+0000] {dagbag.py:545} INFO - Filling up the DagBag from /opt/airflow/dags/stackoverflow_migration_dag.py
[2026-05-19T06:04:14.188+0000] {processor.py:840} INFO - DAG(s) 'stackoverflow_medallion_pipeline_v2' retrieved from /opt/airflow/dags/stackoverflow_migration_dag.py
[2026-05-19T06:04:14.277+0000] {logging_mixin.py:188} INFO - [2026-05-19T06:04:14.277+0000] {dag.py:3096} INFO - Sync 1 DAGs
[2026-05-19T06:04:14.324+0000] {logging_mixin.py:188} INFO - [2026-05-19T06:04:14.324+0000] {dag.py:3954} INFO - Setting next_dagrun for stackoverflow_medallion_pipeline_v2 to 2026-05-19 00:00:00+00:00, run_after=2026-05-20 00:00:00+00:00
[2026-05-19T06:04:14.368+0000] {processor.py:183} INFO - Processing /opt/airflow/dags/stackoverflow_migration_dag.py took 1.424 seconds
[2026-05-19T06:04:44.458+0000] {processor.py:161} INFO - Started process (PID=593) to work on /opt/airflow/dags/stackoverflow_migration_dag.py
[2026-05-19T06:04:44.460+0000] {processor.py:830} INFO - Processing file /opt/airflow/dags/stackoverflow_migration_dag.py for tasks to queue
[2026-05-19T06:04:44.462+0000] {logging_mixin.py:188} INFO - [2026-05-19T06:04:44.462+0000] {dagbag.py:545} INFO - Filling up the DagBag from /opt/airflow/dags/stackoverflow_migration_dag.py
[2026-05-19T06:04:45.549+0000] {processor.py:840} INFO - DAG(s) 'stackoverflow_medallion_pipeline_v2' retrieved from /opt/airflow/dags/stackoverflow_migration_dag.py
[2026-05-19T06:04:45.647+0000] {logging_mixin.py:188} INFO - [2026-05-19T06:04:45.646+0000] {dag.py:3096} INFO - Sync 1 DAGs
[2026-05-19T06:04:45.725+0000] {logging_mixin.py:188} INFO - [2026-05-19T06:04:45.724+0000] {dag.py:3954} INFO - Setting next_dagrun for stackoverflow_medallion_pipeline_v2 to 2026-05-19 00:00:00+00:00, run_after=2026-05-20 00:00:00+00:00
[2026-05-19T06:04:45.781+0000] {processor.py:183} INFO - Processing /opt/airflow/dags/stackoverflow_migration_dag.py took 1.332 seconds
[2026-05-19T06:05:16.139+0000] {processor.py:161} INFO - Started process (PID=598) to work on /opt/airflow/dags/stackoverflow_migration_dag.py
[2026-05-19T06:05:16.141+0000] {processor.py:830} INFO - Processing file /opt/airflow/dags/stackoverflow_migration_dag.py for tasks to queue
[2026-05-19T06:05:16.144+0000] {logging_mixin.py:188} INFO - [2026-05-19T06:05:16.144+0000] {dagbag.py:545} INFO - Filling up the DagBag from /opt/airflow/dags/stackoverflow_migration_dag.py
[2026-05-19T06:05:17.671+0000] {processor.py:840} INFO - DAG(s) 'stackoverflow_medallion_pipeline_v2' retrieved from /opt/airflow/dags/stackoverflow_migration_dag.py
[2026-05-19T06:05:17.843+0000] {logging_mixin.py:188} INFO - [2026-05-19T06:05:17.842+0000] {dag.py:3096} INFO - Sync 1 DAGs
[2026-05-19T06:05:17.915+0000] {logging_mixin.py:188} INFO - [2026-05-19T06:05:17.915+0000] {dag.py:3954} INFO - Setting next_dagrun for stackoverflow_medallion_pipeline_v2 to 2026-05-19 00:00:00+00:00, run_after=2026-05-20 00:00:00+00:00
[2026-05-19T06:05:17.959+0000] {processor.py:183} INFO - Processing /opt/airflow/dags/stackoverflow_migration_dag.py took 1.829 seconds
[2026-05-19T06:05:48.631+0000] {processor.py:161} INFO - Started process (PID=603) to work on /opt/airflow/dags/stackoverflow_migration_dag.py
[2026-05-19T06:05:48.634+0000] {processor.py:830} INFO - Processing file /opt/airflow/dags/stackoverflow_migration_dag.py for tasks to queue
[2026-05-19T06:05:48.638+0000] {logging_mixin.py:188} INFO - [2026-05-19T06:05:48.637+0000] {dagbag.py:545} INFO - Filling up the DagBag from /opt/airflow/dags/stackoverflow_migration_dag.py
[2026-05-19T06:05:49.814+0000] {processor.py:840} INFO - DAG(s) 'stackoverflow_medallion_pipeline_v2' retrieved from /opt/airflow/dags/stackoverflow_migration_dag.py
[2026-05-19T06:05:49.910+0000] {logging_mixin.py:188} INFO - [2026-05-19T06:05:49.910+0000] {dag.py:3096} INFO - Sync 1 DAGs
[2026-05-19T06:05:49.973+0000] {logging_mixin.py:188} INFO - [2026-05-19T06:05:49.973+0000] {dag.py:3954} INFO - Setting next_dagrun for stackoverflow_medallion_pipeline_v2 to 2026-05-19 00:00:00+00:00, run_after=2026-05-20 00:00:00+00:00
[2026-05-19T06:05:50.016+0000] {processor.py:183} INFO - Processing /opt/airflow/dags/stackoverflow_migration_dag.py took 1.401 seconds
[2026-05-19T06:06:20.519+0000] {processor.py:161} INFO - Started process (PID=608) to work on /opt/airflow/dags/stackoverflow_migration_dag.py
[2026-05-19T06:06:20.522+0000] {processor.py:830} INFO - Processing file /opt/airflow/dags/stackoverflow_migration_dag.py for tasks to queue
[2026-05-19T06:06:20.525+0000] {logging_mixin.py:188} INFO - [2026-05-19T06:06:20.524+0000] {dagbag.py:545} INFO - Filling up the DagBag from /opt/airflow/dags/stackoverflow_migration_dag.py
[2026-05-19T06:06:21.668+0000] {processor.py:840} INFO - DAG(s) 'stackoverflow_medallion_pipeline_v2' retrieved from /opt/airflow/dags/stackoverflow_migration_dag.py
[2026-05-19T06:06:21.765+0000] {logging_mixin.py:188} INFO - [2026-05-19T06:06:21.765+0000] {dag.py:3096} INFO - Sync 1 DAGs
[2026-05-19T06:06:21.826+0000] {logging_mixin.py:188} INFO - [2026-05-19T06:06:21.825+0000] {dag.py:3954} INFO - Setting next_dagrun for stackoverflow_medallion_pipeline_v2 to 2026-05-19 00:00:00+00:00, run_after=2026-05-20 00:00:00+00:00
[2026-05-19T06:06:21.865+0000] {processor.py:183} INFO - Processing /opt/airflow/dags/stackoverflow_migration_dag.py took 1.359 seconds
[2026-05-19T06:06:52.505+0000] {processor.py:161} INFO - Started process (PID=613) to work on /opt/airflow/dags/stackoverflow_migration_dag.py
[2026-05-19T06:06:52.507+0000] {processor.py:830} INFO - Processing file /opt/airflow/dags/stackoverflow_migration_dag.py for tasks to queue
[2026-05-19T06:06:52.510+0000] {logging_mixin.py:188} INFO - [2026-05-19T06:06:52.510+0000] {dagbag.py:545} INFO - Filling up the DagBag from /opt/airflow/dags/stackoverflow_migration_dag.py
[2026-05-19T06:06:53.650+0000] {processor.py:840} INFO - DAG(s) 'stackoverflow_medallion_pipeline_v2' retrieved from /opt/airflow/dags/stackoverflow_migration_dag.py
[2026-05-19T06:06:53.787+0000] {logging_mixin.py:188} INFO - [2026-05-19T06:06:53.787+0000] {dag.py:3096} INFO - Sync 1 DAGs
[2026-05-19T06:06:53.877+0000] {logging_mixin.py:188} INFO - [2026-05-19T06:06:53.876+0000] {dag.py:3954} INFO - Setting next_dagrun for stackoverflow_medallion_pipeline_v2 to 2026-05-19 00:00:00+00:00, run_after=2026-05-20 00:00:00+00:00
[2026-05-19T06:06:53.962+0000] {processor.py:183} INFO - Processing /opt/airflow/dags/stackoverflow_migration_dag.py took 1.469 seconds
[2026-05-19T06:07:24.215+0000] {processor.py:161} INFO - Started process (PID=618) to work on /opt/airflow/dags/stackoverflow_migration_dag.py
[2026-05-19T06:07:24.217+0000] {processor.py:830} INFO - Processing file /opt/airflow/dags/stackoverflow_migration_dag.py for tasks to queue
[2026-05-19T06:07:24.221+0000] {logging_mixin.py:188} INFO - [2026-05-19T06:07:24.220+0000] {dagbag.py:545} INFO - Filling up the DagBag from /opt/airflow/dags/stackoverflow_migration_dag.py
[2026-05-19T06:07:25.455+0000] {processor.py:840} INFO - DAG(s) 'stackoverflow_medallion_pipeline_v2' retrieved from /opt/airflow/dags/stackoverflow_migration_dag.py
[2026-05-19T06:07:25.581+0000] {logging_mixin.py:188} INFO - [2026-05-19T06:07:25.580+0000] {dag.py:3096} INFO - Sync 1 DAGs
[2026-05-19T06:07:25.682+0000] {logging_mixin.py:188} INFO - [2026-05-19T06:07:25.682+0000] {dag.py:3954} INFO - Setting next_dagrun for stackoverflow_medallion_pipeline_v2 to 2026-05-19 00:00:00+00:00, run_after=2026-05-20 00:00:00+00:00
[2026-05-19T06:07:25.762+0000] {processor.py:183} INFO - Processing /opt/airflow/dags/stackoverflow_migration_dag.py took 1.558 seconds
[2026-05-19T06:07:56.265+0000] {processor.py:161} INFO - Started process (PID=623) to work on /opt/airflow/dags/stackoverflow_migration_dag.py
[2026-05-19T06:07:56.268+0000] {processor.py:830} INFO - Processing file /opt/airflow/dags/stackoverflow_migration_dag.py for tasks to queue
[2026-05-19T06:07:56.271+0000] {logging_mixin.py:188} INFO - [2026-05-19T06:07:56.270+0000] {dagbag.py:545} INFO - Filling up the DagBag from /opt/airflow/dags/stackoverflow_migration_dag.py
[2026-05-19T06:07:58.058+0000] {processor.py:840} INFO - DAG(s) 'stackoverflow_medallion_pipeline_v2' retrieved from /opt/airflow/dags/stackoverflow_migration_dag.py
[2026-05-19T06:07:58.175+0000] {logging_mixin.py:188} INFO - [2026-05-19T06:07:58.174+0000] {dag.py:3096} INFO - Sync 1 DAGs
[2026-05-19T06:07:58.224+0000] {logging_mixin.py:188} INFO - [2026-05-19T06:07:58.224+0000] {dag.py:3954} INFO - Setting next_dagrun for stackoverflow_medallion_pipeline_v2 to 2026-05-19 00:00:00+00:00, run_after=2026-05-20 00:00:00+00:00
[2026-05-19T06:07:58.265+0000] {processor.py:183} INFO - Processing /opt/airflow/dags/stackoverflow_migration_dag.py took 2.010 seconds
[2026-05-19T06:08:28.905+0000] {processor.py:161} INFO - Started process (PID=628) to work on /opt/airflow/dags/stackoverflow_migration_dag.py
[2026-05-19T06:08:28.908+0000] {processor.py:830} INFO - Processing file /opt/airflow/dags/stackoverflow_migration_dag.py for tasks to queue
[2026-05-19T06:08:28.914+0000] {logging_mixin.py:188} INFO - [2026-05-19T06:08:28.913+0000] {dagbag.py:545} INFO - Filling up the DagBag from /opt/airflow/dags/stackoverflow_migration_dag.py
[2026-05-19T06:08:30.279+0000] {processor.py:840} INFO - DAG(s) 'stackoverflow_medallion_pipeline_v2' retrieved from /opt/airflow/dags/stackoverflow_migration_dag.py
[2026-05-19T06:08:30.381+0000] {logging_mixin.py:188} INFO - [2026-05-19T06:08:30.380+0000] {dag.py:3096} INFO - Sync 1 DAGs
[2026-05-19T06:08:30.455+0000] {logging_mixin.py:188} INFO - [2026-05-19T06:08:30.454+0000] {dag.py:3954} INFO - Setting next_dagrun for stackoverflow_medallion_pipeline_v2 to 2026-05-19 00:00:00+00:00, run_after=2026-05-20 00:00:00+00:00
[2026-05-19T06:08:30.517+0000] {processor.py:183} INFO - Processing /opt/airflow/dags/stackoverflow_migration_dag.py took 1.628 seconds
[2026-05-19T06:09:00.970+0000] {processor.py:161} INFO - Started process (PID=633) to work on /opt/airflow/dags/stackoverflow_migration_dag.py
[2026-05-19T06:09:00.973+0000] {processor.py:830} INFO - Processing file /opt/airflow/dags/stackoverflow_migration_dag.py for tasks to queue
[2026-05-19T06:09:00.980+0000] {logging_mixin.py:188} INFO - [2026-05-19T06:09:00.978+0000] {dagbag.py:545} INFO - Filling up the DagBag from /opt/airflow/dags/stackoverflow_migration_dag.py
[2026-05-19T06:09:02.132+0000] {processor.py:840} INFO - DAG(s) 'stackoverflow_medallion_pipeline_v2' retrieved from /opt/airflow/dags/stackoverflow_migration_dag.py
[2026-05-19T06:09:02.204+0000] {logging_mixin.py:188} INFO - [2026-05-19T06:09:02.204+0000] {dag.py:3096} INFO - Sync 1 DAGs
[2026-05-19T06:09:02.279+0000] {logging_mixin.py:188} INFO - [2026-05-19T06:09:02.279+0000] {dag.py:3954} INFO - Setting next_dagrun for stackoverflow_medallion_pipeline_v2 to 2026-05-19 00:00:00+00:00, run_after=2026-05-20 00:00:00+00:00
[2026-05-19T06:09:02.337+0000] {processor.py:183} INFO - Processing /opt/airflow/dags/stackoverflow_migration_dag.py took 1.384 seconds
[2026-05-19T06:09:32.604+0000] {processor.py:161} INFO - Started process (PID=638) to work on /opt/airflow/dags/stackoverflow_migration_dag.py
[2026-05-19T06:09:32.605+0000] {processor.py:830} INFO - Processing file /opt/airflow/dags/stackoverflow_migration_dag.py for tasks to queue
[2026-05-19T06:09:32.609+0000] {logging_mixin.py:188} INFO - [2026-05-19T06:09:32.608+0000] {dagbag.py:545} INFO - Filling up the DagBag from /opt/airflow/dags/stackoverflow_migration_dag.py
[2026-05-19T06:09:33.716+0000] {processor.py:840} INFO - DAG(s) 'stackoverflow_medallion_pipeline_v2' retrieved from /opt/airflow/dags/stackoverflow_migration_dag.py
[2026-05-19T06:09:33.818+0000] {logging_mixin.py:188} INFO - [2026-05-19T06:09:33.817+0000] {dag.py:3096} INFO - Sync 1 DAGs
[2026-05-19T06:09:33.911+0000] {logging_mixin.py:188} INFO - [2026-05-19T06:09:33.910+0000] {dag.py:3954} INFO - Setting next_dagrun for stackoverflow_medallion_pipeline_v2 to 2026-05-19 00:00:00+00:00, run_after=2026-05-20 00:00:00+00:00
[2026-05-19T06:09:33.978+0000] {processor.py:183} INFO - Processing /opt/airflow/dags/stackoverflow_migration_dag.py took 1.383 seconds
[2026-05-19T06:10:04.173+0000] {processor.py:161} INFO - Started process (PID=643) to work on /opt/airflow/dags/stackoverflow_migration_dag.py
[2026-05-19T06:10:04.175+0000] {processor.py:830} INFO - Processing file /opt/airflow/dags/stackoverflow_migration_dag.py for tasks to queue
[2026-05-19T06:10:04.180+0000] {logging_mixin.py:188} INFO - [2026-05-19T06:10:04.179+0000] {dagbag.py:545} INFO - Filling up the DagBag from /opt/airflow/dags/stackoverflow_migration_dag.py
[2026-05-19T06:10:05.315+0000] {processor.py:840} INFO - DAG(s) 'stackoverflow_medallion_pipeline_v2' retrieved from /opt/airflow/dags/stackoverflow_migration_dag.py
[2026-05-19T06:10:05.425+0000] {logging_mixin.py:188} INFO - [2026-05-19T06:10:05.425+0000] {dag.py:3096} INFO - Sync 1 DAGs
[2026-05-19T06:10:05.482+0000] {logging_mixin.py:188} INFO - [2026-05-19T06:10:05.481+0000] {dag.py:3954} INFO - Setting next_dagrun for stackoverflow_medallion_pipeline_v2 to 2026-05-19 00:00:00+00:00, run_after=2026-05-20 00:00:00+00:00
[2026-05-19T06:10:05.540+0000] {processor.py:183} INFO - Processing /opt/airflow/dags/stackoverflow_migration_dag.py took 1.384 seconds
[2026-05-19T06:10:35.753+0000] {processor.py:161} INFO - Started process (PID=648) to work on /opt/airflow/dags/stackoverflow_migration_dag.py
[2026-05-19T06:10:35.755+0000] {processor.py:830} INFO - Processing file /opt/airflow/dags/stackoverflow_migration_dag.py for tasks to queue
[2026-05-19T06:10:35.759+0000] {logging_mixin.py:188} INFO - [2026-05-19T06:10:35.758+0000] {dagbag.py:545} INFO - Filling up the DagBag from /opt/airflow/dags/stackoverflow_migration_dag.py
[2026-05-19T06:10:36.809+0000] {processor.py:840} INFO - DAG(s) 'stackoverflow_medallion_pipeline_v2' retrieved from /opt/airflow/dags/stackoverflow_migration_dag.py
[2026-05-19T06:10:36.894+0000] {logging_mixin.py:188} INFO - [2026-05-19T06:10:36.893+0000] {dag.py:3096} INFO - Sync 1 DAGs
[2026-05-19T06:10:36.942+0000] {logging_mixin.py:188} INFO - [2026-05-19T06:10:36.942+0000] {dag.py:3954} INFO - Setting next_dagrun for stackoverflow_medallion_pipeline_v2 to 2026-05-19 00:00:00+00:00, run_after=2026-05-20 00:00:00+00:00
[2026-05-19T06:10:36.983+0000] {processor.py:183} INFO - Processing /opt/airflow/dags/stackoverflow_migration_dag.py took 1.240 seconds
[2026-05-19T06:11:07.224+0000] {processor.py:161} INFO - Started process (PID=653) to work on /opt/airflow/dags/stackoverflow_migration_dag.py
[2026-05-19T06:11:07.226+0000] {processor.py:830} INFO - Processing file /opt/airflow/dags/stackoverflow_migration_dag.py for tasks to queue
[2026-05-19T06:11:07.229+0000] {logging_mixin.py:188} INFO - [2026-05-19T06:11:07.228+0000] {dagbag.py:545} INFO - Filling up the DagBag from /opt/airflow/dags/stackoverflow_migration_dag.py
[2026-05-19T06:11:08.719+0000] {processor.py:840} INFO - DAG(s) 'stackoverflow_medallion_pipeline_v2' retrieved from /opt/airflow/dags/stackoverflow_migration_dag.py
[2026-05-19T06:11:08.796+0000] {logging_mixin.py:188} INFO - [2026-05-19T06:11:08.796+0000] {dag.py:3096} INFO - Sync 1 DAGs
[2026-05-19T06:11:08.845+0000] {logging_mixin.py:188} INFO - [2026-05-19T06:11:08.845+0000] {dag.py:3954} INFO - Setting next_dagrun for stackoverflow_medallion_pipeline_v2 to 2026-05-19 00:00:00+00:00, run_after=2026-05-20 00:00:00+00:00
[2026-05-19T06:11:08.913+0000] {processor.py:183} INFO - Processing /opt/airflow/dags/stackoverflow_migration_dag.py took 1.699 seconds
[2026-05-19T06:11:39.307+0000] {processor.py:161} INFO - Started process (PID=658) to work on /opt/airflow/dags/stackoverflow_migration_dag.py
[2026-05-19T06:11:39.310+0000] {processor.py:830} INFO - Processing file /opt/airflow/dags/stackoverflow_migration_dag.py for tasks to queue
[2026-05-19T06:11:39.313+0000] {logging_mixin.py:188} INFO - [2026-05-19T06:11:39.312+0000] {dagbag.py:545} INFO - Filling up the DagBag from /opt/airflow/dags/stackoverflow_migration_dag.py
[2026-05-19T06:11:40.570+0000] {processor.py:840} INFO - DAG(s) 'stackoverflow_medallion_pipeline_v2' retrieved from /opt/airflow/dags/stackoverflow_migration_dag.py
[2026-05-19T06:11:40.646+0000] {logging_mixin.py:188} INFO - [2026-05-19T06:11:40.645+0000] {dag.py:3096} INFO - Sync 1 DAGs
[2026-05-19T06:11:40.696+0000] {logging_mixin.py:188} INFO - [2026-05-19T06:11:40.695+0000] {dag.py:3954} INFO - Setting next_dagrun for stackoverflow_medallion_pipeline_v2 to 2026-05-19 00:00:00+00:00, run_after=2026-05-20 00:00:00+00:00
[2026-05-19T06:11:40.739+0000] {processor.py:183} INFO - Processing /opt/airflow/dags/stackoverflow_migration_dag.py took 1.446 seconds
[2026-05-19T06:12:11.225+0000] {processor.py:161} INFO - Started process (PID=663) to work on /opt/airflow/dags/stackoverflow_migration_dag.py
[2026-05-19T06:12:11.227+0000] {processor.py:830} INFO - Processing file /opt/airflow/dags/stackoverflow_migration_dag.py for tasks to queue
[2026-05-19T06:12:11.231+0000] {logging_mixin.py:188} INFO - [2026-05-19T06:12:11.231+0000] {dagbag.py:545} INFO - Filling up the DagBag from /opt/airflow/dags/stackoverflow_migration_dag.py
[2026-05-19T06:12:12.347+0000] {processor.py:840} INFO - DAG(s) 'stackoverflow_medallion_pipeline_v2' retrieved from /opt/airflow/dags/stackoverflow_migration_dag.py
[2026-05-19T06:12:12.434+0000] {logging_mixin.py:188} INFO - [2026-05-19T06:12:12.434+0000] {dag.py:3096} INFO - Sync 1 DAGs
[2026-05-19T06:12:12.487+0000] {logging_mixin.py:188} INFO - [2026-05-19T06:12:12.486+0000] {dag.py:3954} INFO - Setting next_dagrun for stackoverflow_medallion_pipeline_v2 to 2026-05-19 00:00:00+00:00, run_after=2026-05-20 00:00:00+00:00
[2026-05-19T06:12:12.527+0000] {processor.py:183} INFO - Processing /opt/airflow/dags/stackoverflow_migration_dag.py took 1.315 seconds
[2026-05-19T06:12:42.733+0000] {processor.py:161} INFO - Started process (PID=668) to work on /opt/airflow/dags/stackoverflow_migration_dag.py
[2026-05-19T06:12:42.736+0000] {processor.py:830} INFO - Processing file /opt/airflow/dags/stackoverflow_migration_dag.py for tasks to queue
[2026-05-19T06:12:42.739+0000] {logging_mixin.py:188} INFO - [2026-05-19T06:12:42.739+0000] {dagbag.py:545} INFO - Filling up the DagBag from /opt/airflow/dags/stackoverflow_migration_dag.py
[2026-05-19T06:12:43.851+0000] {processor.py:840} INFO - DAG(s) 'stackoverflow_medallion_pipeline_v2' retrieved from /opt/airflow/dags/stackoverflow_migration_dag.py
[2026-05-19T06:12:43.936+0000] {logging_mixin.py:188} INFO - [2026-05-19T06:12:43.936+0000] {dag.py:3096} INFO - Sync 1 DAGs
[2026-05-19T06:12:44.005+0000] {logging_mixin.py:188} INFO - [2026-05-19T06:12:44.004+0000] {dag.py:3954} INFO - Setting next_dagrun for stackoverflow_medallion_pipeline_v2 to 2026-05-19 00:00:00+00:00, run_after=2026-05-20 00:00:00+00:00
[2026-05-19T06:12:44.081+0000] {processor.py:183} INFO - Processing /opt/airflow/dags/stackoverflow_migration_dag.py took 1.362 seconds
[2026-05-19T06:13:14.330+0000] {processor.py:161} INFO - Started process (PID=673) to work on /opt/airflow/dags/stackoverflow_migration_dag.py
[2026-05-19T06:13:14.332+0000] {processor.py:830} INFO - Processing file /opt/airflow/dags/stackoverflow_migration_dag.py for tasks to queue
[2026-05-19T06:13:14.335+0000] {logging_mixin.py:188} INFO - [2026-05-19T06:13:14.335+0000] {dagbag.py:545} INFO - Filling up the DagBag from /opt/airflow/dags/stackoverflow_migration_dag.py
[2026-05-19T06:13:15.421+0000] {processor.py:840} INFO - DAG(s) 'stackoverflow_medallion_pipeline_v2' retrieved from /opt/airflow/dags/stackoverflow_migration_dag.py
[2026-05-19T06:13:15.518+0000] {logging_mixin.py:188} INFO - [2026-05-19T06:13:15.517+0000] {dag.py:3096} INFO - Sync 1 DAGs
[2026-05-19T06:13:15.575+0000] {logging_mixin.py:188} INFO - [2026-05-19T06:13:15.574+0000] {dag.py:3954} INFO - Setting next_dagrun for stackoverflow_medallion_pipeline_v2 to 2026-05-19 00:00:00+00:00, run_after=2026-05-20 00:00:00+00:00
[2026-05-19T06:13:15.647+0000] {processor.py:183} INFO - Processing /opt/airflow/dags/stackoverflow_migration_dag.py took 1.328 seconds
[2026-05-19T06:13:45.977+0000] {processor.py:161} INFO - Started process (PID=678) to work on /opt/airflow/dags/stackoverflow_migration_dag.py
[2026-05-19T06:13:45.979+0000] {processor.py:830} INFO - Processing file /opt/airflow/dags/stackoverflow_migration_dag.py for tasks to queue
[2026-05-19T06:13:45.981+0000] {logging_mixin.py:188} INFO - [2026-05-19T06:13:45.981+0000] {dagbag.py:545} INFO - Filling up the DagBag from /opt/airflow/dags/stackoverflow_migration_dag.py
[2026-05-19T06:13:47.077+0000] {processor.py:840} INFO - DAG(s) 'stackoverflow_medallion_pipeline_v2' retrieved from /opt/airflow/dags/stackoverflow_migration_dag.py
[2026-05-19T06:13:47.161+0000] {logging_mixin.py:188} INFO - [2026-05-19T06:13:47.161+0000] {dag.py:3096} INFO - Sync 1 DAGs
[2026-05-19T06:13:47.220+0000] {logging_mixin.py:188} INFO - [2026-05-19T06:13:47.219+0000] {dag.py:3954} INFO - Setting next_dagrun for stackoverflow_medallion_pipeline_v2 to 2026-05-19 00:00:00+00:00, run_after=2026-05-20 00:00:00+00:00
[2026-05-19T06:13:47.284+0000] {processor.py:183} INFO - Processing /opt/airflow/dags/stackoverflow_migration_dag.py took 1.316 seconds
[2026-05-19T06:14:17.444+0000] {processor.py:161} INFO - Started process (PID=683) to work on /opt/airflow/dags/stackoverflow_migration_dag.py
[2026-05-19T06:14:17.448+0000] {processor.py:830} INFO - Processing file /opt/airflow/dags/stackoverflow_migration_dag.py for tasks to queue
[2026-05-19T06:14:17.453+0000] {logging_mixin.py:188} INFO - [2026-05-19T06:14:17.452+0000] {dagbag.py:545} INFO - Filling up the DagBag from /opt/airflow/dags/stackoverflow_migration_dag.py
[2026-05-19T06:14:19.041+0000] {processor.py:840} INFO - DAG(s) 'stackoverflow_medallion_pipeline_v2' retrieved from /opt/airflow/dags/stackoverflow_migration_dag.py
[2026-05-19T06:14:19.119+0000] {logging_mixin.py:188} INFO - [2026-05-19T06:14:19.119+0000] {dag.py:3096} INFO - Sync 1 DAGs
[2026-05-19T06:14:19.173+0000] {logging_mixin.py:188} INFO - [2026-05-19T06:14:19.173+0000] {dag.py:3954} INFO - Setting next_dagrun for stackoverflow_medallion_pipeline_v2 to 2026-05-19 00:00:00+00:00, run_after=2026-05-20 00:00:00+00:00
[2026-05-19T06:14:19.216+0000] {processor.py:183} INFO - Processing /opt/airflow/dags/stackoverflow_migration_dag.py took 1.792 seconds
[2026-05-19T06:14:49.669+0000] {processor.py:161} INFO - Started process (PID=688) to work on /opt/airflow/dags/stackoverflow_migration_dag.py
[2026-05-19T06:14:49.671+0000] {processor.py:830} INFO - Processing file /opt/airflow/dags/stackoverflow_migration_dag.py for tasks to queue
[2026-05-19T06:14:49.674+0000] {logging_mixin.py:188} INFO - [2026-05-19T06:14:49.673+0000] {dagbag.py:545} INFO - Filling up the DagBag from /opt/airflow/dags/stackoverflow_migration_dag.py
[2026-05-19T06:14:51.401+0000] {processor.py:840} INFO - DAG(s) 'stackoverflow_medallion_pipeline_v2' retrieved from /opt/airflow/dags/stackoverflow_migration_dag.py
[2026-05-19T06:14:51.483+0000] {logging_mixin.py:188} INFO - [2026-05-19T06:14:51.483+0000] {dag.py:3096} INFO - Sync 1 DAGs
[2026-05-19T06:14:51.533+0000] {logging_mixin.py:188} INFO - [2026-05-19T06:14:51.533+0000] {dag.py:3954} INFO - Setting next_dagrun for stackoverflow_medallion_pipeline_v2 to 2026-05-19 00:00:00+00:00, run_after=2026-05-20 00:00:00+00:00
[2026-05-19T06:14:51.579+0000] {processor.py:183} INFO - Processing /opt/airflow/dags/stackoverflow_migration_dag.py took 1.923 seconds
[2026-05-19T06:15:22.236+0000] {processor.py:161} INFO - Started process (PID=693) to work on /opt/airflow/dags/stackoverflow_migration_dag.py
[2026-05-19T06:15:22.238+0000] {processor.py:830} INFO - Processing file /opt/airflow/dags/stackoverflow_migration_dag.py for tasks to queue
[2026-05-19T06:15:22.242+0000] {logging_mixin.py:188} INFO - [2026-05-19T06:15:22.241+0000] {dagbag.py:545} INFO - Filling up the DagBag from /opt/airflow/dags/stackoverflow_migration_dag.py
[2026-05-19T06:15:23.641+0000] {processor.py:840} INFO - DAG(s) 'stackoverflow_medallion_pipeline_v2' retrieved from /opt/airflow/dags/stackoverflow_migration_dag.py
[2026-05-19T06:15:23.764+0000] {logging_mixin.py:188} INFO - [2026-05-19T06:15:23.763+0000] {dag.py:3096} INFO - Sync 1 DAGs
[2026-05-19T06:15:23.865+0000] {logging_mixin.py:188} INFO - [2026-05-19T06:15:23.864+0000] {dag.py:3954} INFO - Setting next_dagrun for stackoverflow_medallion_pipeline_v2 to 2026-05-19 00:00:00+00:00, run_after=2026-05-20 00:00:00+00:00
[2026-05-19T06:15:24.004+0000] {processor.py:183} INFO - Processing /opt/airflow/dags/stackoverflow_migration_dag.py took 1.782 seconds
[2026-05-19T06:15:54.550+0000] {processor.py:161} INFO - Started process (PID=698) to work on /opt/airflow/dags/stackoverflow_migration_dag.py
[2026-05-19T06:15:54.552+0000] {processor.py:830} INFO - Processing file /opt/airflow/dags/stackoverflow_migration_dag.py for tasks to queue
[2026-05-19T06:15:54.555+0000] {logging_mixin.py:188} INFO - [2026-05-19T06:15:54.555+0000] {dagbag.py:545} INFO - Filling up the DagBag from /opt/airflow/dags/stackoverflow_migration_dag.py
[2026-05-19T06:15:56.100+0000] {processor.py:840} INFO - DAG(s) 'stackoverflow_medallion_pipeline_v2' retrieved from /opt/airflow/dags/stackoverflow_migration_dag.py
[2026-05-19T06:15:56.221+0000] {logging_mixin.py:188} INFO - [2026-05-19T06:15:56.221+0000] {dag.py:3096} INFO - Sync 1 DAGs
[2026-05-19T06:15:56.266+0000] {logging_mixin.py:188} INFO - [2026-05-19T06:15:56.266+0000] {dag.py:3954} INFO - Setting next_dagrun for stackoverflow_medallion_pipeline_v2 to 2026-05-19 00:00:00+00:00, run_after=2026-05-20 00:00:00+00:00
[2026-05-19T06:15:56.313+0000] {processor.py:183} INFO - Processing /opt/airflow/dags/stackoverflow_migration_dag.py took 1.772 seconds
[2026-05-19T06:16:26.764+0000] {processor.py:161} INFO - Started process (PID=703) to work on /opt/airflow/dags/stackoverflow_migration_dag.py
[2026-05-19T06:16:26.766+0000] {processor.py:830} INFO - Processing file /opt/airflow/dags/stackoverflow_migration_dag.py for tasks to queue
[2026-05-19T06:16:26.770+0000] {logging_mixin.py:188} INFO - [2026-05-19T06:16:26.770+0000] {dagbag.py:545} INFO - Filling up the DagBag from /opt/airflow/dags/stackoverflow_migration_dag.py
[2026-05-19T06:16:28.075+0000] {processor.py:840} INFO - DAG(s) 'stackoverflow_medallion_pipeline_v2' retrieved from /opt/airflow/dags/stackoverflow_migration_dag.py
[2026-05-19T06:16:28.193+0000] {logging_mixin.py:188} INFO - [2026-05-19T06:16:28.193+0000] {dag.py:3096} INFO - Sync 1 DAGs
[2026-05-19T06:16:28.297+0000] {logging_mixin.py:188} INFO - [2026-05-19T06:16:28.297+0000] {dag.py:3954} INFO - Setting next_dagrun for stackoverflow_medallion_pipeline_v2 to 2026-05-19 00:00:00+00:00, run_after=2026-05-20 00:00:00+00:00
[2026-05-19T06:16:28.352+0000] {processor.py:183} INFO - Processing /opt/airflow/dags/stackoverflow_migration_dag.py took 1.600 seconds
[2026-05-19T06:16:58.963+0000] {processor.py:161} INFO - Started process (PID=708) to work on /opt/airflow/dags/stackoverflow_migration_dag.py
[2026-05-19T06:16:58.966+0000] {processor.py:830} INFO - Processing file /opt/airflow/dags/stackoverflow_migration_dag.py for tasks to queue
[2026-05-19T06:16:58.969+0000] {logging_mixin.py:188} INFO - [2026-05-19T06:16:58.969+0000] {dagbag.py:545} INFO - Filling up the DagBag from /opt/airflow/dags/stackoverflow_migration_dag.py
[2026-05-19T06:17:00.279+0000] {processor.py:840} INFO - DAG(s) 'stackoverflow_medallion_pipeline_v2' retrieved from /opt/airflow/dags/stackoverflow_migration_dag.py
[2026-05-19T06:17:00.368+0000] {logging_mixin.py:188} INFO - [2026-05-19T06:17:00.368+0000] {dag.py:3096} INFO - Sync 1 DAGs
[2026-05-19T06:17:00.424+0000] {logging_mixin.py:188} INFO - [2026-05-19T06:17:00.424+0000] {dag.py:3954} INFO - Setting next_dagrun for stackoverflow_medallion_pipeline_v2 to 2026-05-19 00:00:00+00:00, run_after=2026-05-20 00:00:00+00:00
[2026-05-19T06:17:00.493+0000] {processor.py:183} INFO - Processing /opt/airflow/dags/stackoverflow_migration_dag.py took 1.549 seconds
[2026-05-19T06:17:30.897+0000] {processor.py:161} INFO - Started process (PID=713) to work on /opt/airflow/dags/stackoverflow_migration_dag.py
[2026-05-19T06:17:30.899+0000] {processor.py:830} INFO - Processing file /opt/airflow/dags/stackoverflow_migration_dag.py for tasks to queue
[2026-05-19T06:17:30.902+0000] {logging_mixin.py:188} INFO - [2026-05-19T06:17:30.901+0000] {dagbag.py:545} INFO - Filling up the DagBag from /opt/airflow/dags/stackoverflow_migration_dag.py
[2026-05-19T06:17:32.107+0000] {processor.py:840} INFO - DAG(s) 'stackoverflow_medallion_pipeline_v2' retrieved from /opt/airflow/dags/stackoverflow_migration_dag.py
[2026-05-19T06:17:32.215+0000] {logging_mixin.py:188} INFO - [2026-05-19T06:17:32.215+0000] {dag.py:3096} INFO - Sync 1 DAGs
[2026-05-19T06:17:32.299+0000] {logging_mixin.py:188} INFO - [2026-05-19T06:17:32.298+0000] {dag.py:3954} INFO - Setting next_dagrun for stackoverflow_medallion_pipeline_v2 to 2026-05-19 00:00:00+00:00, run_after=2026-05-20 00:00:00+00:00
[2026-05-19T06:17:32.362+0000] {processor.py:183} INFO - Processing /opt/airflow/dags/stackoverflow_migration_dag.py took 1.473 seconds
[2026-05-19T06:18:02.813+0000] {processor.py:161} INFO - Started process (PID=718) to work on /opt/airflow/dags/stackoverflow_migration_dag.py
[2026-05-19T06:18:02.815+0000] {processor.py:830} INFO - Processing file /opt/airflow/dags/stackoverflow_migration_dag.py for tasks to queue
[2026-05-19T06:18:02.820+0000] {logging_mixin.py:188} INFO - [2026-05-19T06:18:02.819+0000] {dagbag.py:545} INFO - Filling up the DagBag from /opt/airflow/dags/stackoverflow_migration_dag.py
[2026-05-19T06:18:04.069+0000] {processor.py:840} INFO - DAG(s) 'stackoverflow_medallion_pipeline_v2' retrieved from /opt/airflow/dags/stackoverflow_migration_dag.py
[2026-05-19T06:18:04.184+0000] {logging_mixin.py:188} INFO - [2026-05-19T06:18:04.184+0000] {dag.py:3096} INFO - Sync 1 DAGs
[2026-05-19T06:18:04.265+0000] {logging_mixin.py:188} INFO - [2026-05-19T06:18:04.265+0000] {dag.py:3954} INFO - Setting next_dagrun for stackoverflow_medallion_pipeline_v2 to 2026-05-19 00:00:00+00:00, run_after=2026-05-20 00:00:00+00:00
[2026-05-19T06:18:04.337+0000] {processor.py:183} INFO - Processing /opt/airflow/dags/stackoverflow_migration_dag.py took 1.549 seconds
[2026-05-19T06:18:34.693+0000] {processor.py:161} INFO - Started process (PID=723) to work on /opt/airflow/dags/stackoverflow_migration_dag.py
[2026-05-19T06:18:34.695+0000] {processor.py:830} INFO - Processing file /opt/airflow/dags/stackoverflow_migration_dag.py for tasks to queue
[2026-05-19T06:18:34.698+0000] {logging_mixin.py:188} INFO - [2026-05-19T06:18:34.697+0000] {dagbag.py:545} INFO - Filling up the DagBag from /opt/airflow/dags/stackoverflow_migration_dag.py
[2026-05-19T06:18:35.971+0000] {processor.py:840} INFO - DAG(s) 'stackoverflow_medallion_pipeline_v2' retrieved from /opt/airflow/dags/stackoverflow_migration_dag.py
[2026-05-19T06:18:36.050+0000] {logging_mixin.py:188} INFO - [2026-05-19T06:18:36.050+0000] {dag.py:3096} INFO - Sync 1 DAGs
[2026-05-19T06:18:36.098+0000] {logging_mixin.py:188} INFO - [2026-05-19T06:18:36.098+0000] {dag.py:3954} INFO - Setting next_dagrun for stackoverflow_medallion_pipeline_v2 to 2026-05-19 00:00:00+00:00, run_after=2026-05-20 00:00:00+00:00
[2026-05-19T06:18:36.280+0000] {processor.py:183} INFO - Processing /opt/airflow/dags/stackoverflow_migration_dag.py took 1.596 seconds
[2026-05-19T06:19:06.732+0000] {processor.py:161} INFO - Started process (PID=728) to work on /opt/airflow/dags/stackoverflow_migration_dag.py
[2026-05-19T06:19:06.735+0000] {processor.py:830} INFO - Processing file /opt/airflow/dags/stackoverflow_migration_dag.py for tasks to queue
[2026-05-19T06:19:06.740+0000] {logging_mixin.py:188} INFO - [2026-05-19T06:19:06.739+0000] {dagbag.py:545} INFO - Filling up the DagBag from /opt/airflow/dags/stackoverflow_migration_dag.py
[2026-05-19T06:19:08.433+0000] {processor.py:840} INFO - DAG(s) 'stackoverflow_medallion_pipeline_v2' retrieved from /opt/airflow/dags/stackoverflow_migration_dag.py
[2026-05-19T06:19:08.567+0000] {logging_mixin.py:188} INFO - [2026-05-19T06:19:08.566+0000] {dag.py:3096} INFO - Sync 1 DAGs
[2026-05-19T06:19:08.657+0000] {logging_mixin.py:188} INFO - [2026-05-19T06:19:08.656+0000] {dag.py:3954} INFO - Setting next_dagrun for stackoverflow_medallion_pipeline_v2 to 2026-05-19 00:00:00+00:00, run_after=2026-05-20 00:00:00+00:00
[2026-05-19T06:19:08.699+0000] {processor.py:183} INFO - Processing /opt/airflow/dags/stackoverflow_migration_dag.py took 1.983 seconds
[2026-05-19T06:19:39.217+0000] {processor.py:161} INFO - Started process (PID=733) to work on /opt/airflow/dags/stackoverflow_migration_dag.py
[2026-05-19T06:19:39.219+0000] {processor.py:830} INFO - Processing file /opt/airflow/dags/stackoverflow_migration_dag.py for tasks to queue
[2026-05-19T06:19:39.223+0000] {logging_mixin.py:188} INFO - [2026-05-19T06:19:39.222+0000] {dagbag.py:545} INFO - Filling up the DagBag from /opt/airflow/dags/stackoverflow_migration_dag.py
[2026-05-19T06:19:41.061+0000] {processor.py:840} INFO - DAG(s) 'stackoverflow_medallion_pipeline_v2' retrieved from /opt/airflow/dags/stackoverflow_migration_dag.py
[2026-05-19T06:19:41.183+0000] {logging_mixin.py:188} INFO - [2026-05-19T06:19:41.182+0000] {dag.py:3096} INFO - Sync 1 DAGs
[2026-05-19T06:19:41.249+0000] {logging_mixin.py:188} INFO - [2026-05-19T06:19:41.248+0000] {dag.py:3954} INFO - Setting next_dagrun for stackoverflow_medallion_pipeline_v2 to 2026-05-19 00:00:00+00:00, run_after=2026-05-20 00:00:00+00:00
[2026-05-19T06:19:41.307+0000] {processor.py:183} INFO - Processing /opt/airflow/dags/stackoverflow_migration_dag.py took 2.102 seconds
[2026-05-19T06:20:11.846+0000] {processor.py:161} INFO - Started process (PID=738) to work on /opt/airflow/dags/stackoverflow_migration_dag.py
[2026-05-19T06:20:11.848+0000] {processor.py:830} INFO - Processing file /opt/airflow/dags/stackoverflow_migration_dag.py for tasks to queue
[2026-05-19T06:20:11.852+0000] {logging_mixin.py:188} INFO - [2026-05-19T06:20:11.852+0000] {dagbag.py:545} INFO - Filling up the DagBag from /opt/airflow/dags/stackoverflow_migration_dag.py
[2026-05-19T06:20:13.303+0000] {processor.py:840} INFO - DAG(s) 'stackoverflow_medallion_pipeline_v2' retrieved from /opt/airflow/dags/stackoverflow_migration_dag.py
[2026-05-19T06:20:13.428+0000] {logging_mixin.py:188} INFO - [2026-05-19T06:20:13.427+0000] {dag.py:3096} INFO - Sync 1 DAGs
[2026-05-19T06:20:13.525+0000] {logging_mixin.py:188} INFO - [2026-05-19T06:20:13.525+0000] {dag.py:3954} INFO - Setting next_dagrun for stackoverflow_medallion_pipeline_v2 to 2026-05-19 00:00:00+00:00, run_after=2026-05-20 00:00:00+00:00
[2026-05-19T06:20:13.590+0000] {processor.py:183} INFO - Processing /opt/airflow/dags/stackoverflow_migration_dag.py took 1.757 seconds
[2026-05-19T06:20:43.962+0000] {processor.py:161} INFO - Started process (PID=743) to work on /opt/airflow/dags/stackoverflow_migration_dag.py
[2026-05-19T06:20:43.965+0000] {processor.py:830} INFO - Processing file /opt/airflow/dags/stackoverflow_migration_dag.py for tasks to queue
[2026-05-19T06:20:43.968+0000] {logging_mixin.py:188} INFO - [2026-05-19T06:20:43.967+0000] {dagbag.py:545} INFO - Filling up the DagBag from /opt/airflow/dags/stackoverflow_migration_dag.py
[2026-05-19T06:20:45.690+0000] {processor.py:840} INFO - DAG(s) 'stackoverflow_medallion_pipeline_v2' retrieved from /opt/airflow/dags/stackoverflow_migration_dag.py
[2026-05-19T06:20:45.852+0000] {logging_mixin.py:188} INFO - [2026-05-19T06:20:45.851+0000] {dag.py:3096} INFO - Sync 1 DAGs
[2026-05-19T06:20:45.930+0000] {logging_mixin.py:188} INFO - [2026-05-19T06:20:45.929+0000] {dag.py:3954} INFO - Setting next_dagrun for stackoverflow_medallion_pipeline_v2 to 2026-05-19 00:00:00+00:00, run_after=2026-05-20 00:00:00+00:00
[2026-05-19T06:20:45.985+0000] {processor.py:183} INFO - Processing /opt/airflow/dags/stackoverflow_migration_dag.py took 2.032 seconds
[2026-05-19T06:21:16.269+0000] {processor.py:161} INFO - Started process (PID=748) to work on /opt/airflow/dags/stackoverflow_migration_dag.py
[2026-05-19T06:21:16.271+0000] {processor.py:830} INFO - Processing file /opt/airflow/dags/stackoverflow_migration_dag.py for tasks to queue
[2026-05-19T06:21:16.274+0000] {logging_mixin.py:188} INFO - [2026-05-19T06:21:16.273+0000] {dagbag.py:545} INFO - Filling up the DagBag from /opt/airflow/dags/stackoverflow_migration_dag.py
[2026-05-19T06:21:17.834+0000] {processor.py:840} INFO - DAG(s) 'stackoverflow_medallion_pipeline_v2' retrieved from /opt/airflow/dags/stackoverflow_migration_dag.py
[2026-05-19T06:21:17.953+0000] {logging_mixin.py:188} INFO - [2026-05-19T06:21:17.953+0000] {dag.py:3096} INFO - Sync 1 DAGs
[2026-05-19T06:21:18.048+0000] {logging_mixin.py:188} INFO - [2026-05-19T06:21:18.048+0000] {dag.py:3954} INFO - Setting next_dagrun for stackoverflow_medallion_pipeline_v2 to 2026-05-19 00:00:00+00:00, run_after=2026-05-20 00:00:00+00:00
[2026-05-19T06:21:18.115+0000] {processor.py:183} INFO - Processing /opt/airflow/dags/stackoverflow_migration_dag.py took 1.854 seconds
[2026-05-19T06:21:48.527+0000] {processor.py:161} INFO - Started process (PID=753) to work on /opt/airflow/dags/stackoverflow_migration_dag.py
[2026-05-19T06:21:48.528+0000] {processor.py:830} INFO - Processing file /opt/airflow/dags/stackoverflow_migration_dag.py for tasks to queue
[2026-05-19T06:21:48.532+0000] {logging_mixin.py:188} INFO - [2026-05-19T06:21:48.531+0000] {dagbag.py:545} INFO - Filling up the DagBag from /opt/airflow/dags/stackoverflow_migration_dag.py
[2026-05-19T06:21:50.009+0000] {processor.py:840} INFO - DAG(s) 'stackoverflow_medallion_pipeline_v2' retrieved from /opt/airflow/dags/stackoverflow_migration_dag.py
[2026-05-19T06:21:50.129+0000] {logging_mixin.py:188} INFO - [2026-05-19T06:21:50.129+0000] {dag.py:3096} INFO - Sync 1 DAGs
[2026-05-19T06:21:50.177+0000] {logging_mixin.py:188} INFO - [2026-05-19T06:21:50.177+0000] {dag.py:3954} INFO - Setting next_dagrun for stackoverflow_medallion_pipeline_v2 to 2026-05-19 00:00:00+00:00, run_after=2026-05-20 00:00:00+00:00
[2026-05-19T06:21:50.253+0000] {processor.py:183} INFO - Processing /opt/airflow/dags/stackoverflow_migration_dag.py took 1.736 seconds
[2026-05-19T06:22:20.737+0000] {processor.py:161} INFO - Started process (PID=758) to work on /opt/airflow/dags/stackoverflow_migration_dag.py
[2026-05-19T06:22:20.741+0000] {processor.py:830} INFO - Processing file /opt/airflow/dags/stackoverflow_migration_dag.py for tasks to queue
[2026-05-19T06:22:20.746+0000] {logging_mixin.py:188} INFO - [2026-05-19T06:22:20.745+0000] {dagbag.py:545} INFO - Filling up the DagBag from /opt/airflow/dags/stackoverflow_migration_dag.py
[2026-05-19T06:22:22.579+0000] {processor.py:840} INFO - DAG(s) 'stackoverflow_medallion_pipeline_v2' retrieved from /opt/airflow/dags/stackoverflow_migration_dag.py
[2026-05-19T06:22:22.710+0000] {logging_mixin.py:188} INFO - [2026-05-19T06:22:22.710+0000] {dag.py:3096} INFO - Sync 1 DAGs
[2026-05-19T06:22:22.799+0000] {logging_mixin.py:188} INFO - [2026-05-19T06:22:22.798+0000] {dag.py:3954} INFO - Setting next_dagrun for stackoverflow_medallion_pipeline_v2 to 2026-05-19 00:00:00+00:00, run_after=2026-05-20 00:00:00+00:00
[2026-05-19T06:22:22.859+0000] {processor.py:183} INFO - Processing /opt/airflow/dags/stackoverflow_migration_dag.py took 2.162 seconds
[2026-05-19T06:22:53.207+0000] {processor.py:161} INFO - Started process (PID=763) to work on /opt/airflow/dags/stackoverflow_migration_dag.py
[2026-05-19T06:22:53.211+0000] {processor.py:830} INFO - Processing file /opt/airflow/dags/stackoverflow_migration_dag.py for tasks to queue
[2026-05-19T06:22:53.225+0000] {logging_mixin.py:188} INFO - [2026-05-19T06:22:53.224+0000] {dagbag.py:545} INFO - Filling up the DagBag from /opt/airflow/dags/stackoverflow_migration_dag.py
[2026-05-19T06:22:54.515+0000] {processor.py:840} INFO - DAG(s) 'stackoverflow_medallion_pipeline_v2' retrieved from /opt/airflow/dags/stackoverflow_migration_dag.py
[2026-05-19T06:22:54.589+0000] {logging_mixin.py:188} INFO - [2026-05-19T06:22:54.588+0000] {dag.py:3096} INFO - Sync 1 DAGs
[2026-05-19T06:22:54.639+0000] {logging_mixin.py:188} INFO - [2026-05-19T06:22:54.639+0000] {dag.py:3954} INFO - Setting next_dagrun for stackoverflow_medallion_pipeline_v2 to 2026-05-19 00:00:00+00:00, run_after=2026-05-20 00:00:00+00:00
[2026-05-19T06:22:54.679+0000] {processor.py:183} INFO - Processing /opt/airflow/dags/stackoverflow_migration_dag.py took 1.491 seconds
[2026-05-19T06:23:24.930+0000] {processor.py:161} INFO - Started process (PID=768) to work on /opt/airflow/dags/stackoverflow_migration_dag.py
[2026-05-19T06:23:24.932+0000] {processor.py:830} INFO - Processing file /opt/airflow/dags/stackoverflow_migration_dag.py for tasks to queue
[2026-05-19T06:23:24.935+0000] {logging_mixin.py:188} INFO - [2026-05-19T06:23:24.935+0000] {dagbag.py:545} INFO - Filling up the DagBag from /opt/airflow/dags/stackoverflow_migration_dag.py
[2026-05-19T06:23:26.302+0000] {processor.py:840} INFO - DAG(s) 'stackoverflow_medallion_pipeline_v2' retrieved from /opt/airflow/dags/stackoverflow_migration_dag.py
[2026-05-19T06:23:26.388+0000] {logging_mixin.py:188} INFO - [2026-05-19T06:23:26.388+0000] {dag.py:3096} INFO - Sync 1 DAGs
[2026-05-19T06:23:26.448+0000] {logging_mixin.py:188} INFO - [2026-05-19T06:23:26.447+0000] {dag.py:3954} INFO - Setting next_dagrun for stackoverflow_medallion_pipeline_v2 to 2026-05-19 00:00:00+00:00, run_after=2026-05-20 00:00:00+00:00
[2026-05-19T06:23:26.514+0000] {processor.py:183} INFO - Processing /opt/airflow/dags/stackoverflow_migration_dag.py took 1.594 seconds
[2026-05-19T06:23:56.670+0000] {processor.py:161} INFO - Started process (PID=773) to work on /opt/airflow/dags/stackoverflow_migration_dag.py
[2026-05-19T06:23:56.672+0000] {processor.py:830} INFO - Processing file /opt/airflow/dags/stackoverflow_migration_dag.py for tasks to queue
[2026-05-19T06:23:56.676+0000] {logging_mixin.py:188} INFO - [2026-05-19T06:23:56.675+0000] {dagbag.py:545} INFO - Filling up the DagBag from /opt/airflow/dags/stackoverflow_migration_dag.py
[2026-05-19T06:23:58.040+0000] {processor.py:840} INFO - DAG(s) 'stackoverflow_medallion_pipeline_v2' retrieved from /opt/airflow/dags/stackoverflow_migration_dag.py
[2026-05-19T06:23:58.151+0000] {logging_mixin.py:188} INFO - [2026-05-19T06:23:58.151+0000] {dag.py:3096} INFO - Sync 1 DAGs
[2026-05-19T06:23:58.207+0000] {logging_mixin.py:188} INFO - [2026-05-19T06:23:58.206+0000] {dag.py:3954} INFO - Setting next_dagrun for stackoverflow_medallion_pipeline_v2 to 2026-05-19 00:00:00+00:00, run_after=2026-05-20 00:00:00+00:00
[2026-05-19T06:23:58.290+0000] {processor.py:183} INFO - Processing /opt/airflow/dags/stackoverflow_migration_dag.py took 1.637 seconds
[2026-05-19T06:24:28.771+0000] {processor.py:161} INFO - Started process (PID=778) to work on /opt/airflow/dags/stackoverflow_migration_dag.py
[2026-05-19T06:24:28.774+0000] {processor.py:830} INFO - Processing file /opt/airflow/dags/stackoverflow_migration_dag.py for tasks to queue
[2026-05-19T06:24:28.779+0000] {logging_mixin.py:188} INFO - [2026-05-19T06:24:28.778+0000] {dagbag.py:545} INFO - Filling up the DagBag from /opt/airflow/dags/stackoverflow_migration_dag.py
[2026-05-19T06:24:30.137+0000] {processor.py:840} INFO - DAG(s) 'stackoverflow_medallion_pipeline_v2' retrieved from /opt/airflow/dags/stackoverflow_migration_dag.py
[2026-05-19T06:24:30.232+0000] {logging_mixin.py:188} INFO - [2026-05-19T06:24:30.232+0000] {dag.py:3096} INFO - Sync 1 DAGs
[2026-05-19T06:24:30.286+0000] {logging_mixin.py:188} INFO - [2026-05-19T06:24:30.285+0000] {dag.py:3954} INFO - Setting next_dagrun for stackoverflow_medallion_pipeline_v2 to 2026-05-19 00:00:00+00:00, run_after=2026-05-20 00:00:00+00:00
[2026-05-19T06:24:30.354+0000] {processor.py:183} INFO - Processing /opt/airflow/dags/stackoverflow_migration_dag.py took 1.597 seconds
[2026-05-19T06:25:00.618+0000] {processor.py:161} INFO - Started process (PID=783) to work on /opt/airflow/dags/stackoverflow_migration_dag.py
[2026-05-19T06:25:00.621+0000] {processor.py:830} INFO - Processing file /opt/airflow/dags/stackoverflow_migration_dag.py for tasks to queue
[2026-05-19T06:25:00.626+0000] {logging_mixin.py:188} INFO - [2026-05-19T06:25:00.625+0000] {dagbag.py:545} INFO - Filling up the DagBag from /opt/airflow/dags/stackoverflow_migration_dag.py
[2026-05-19T06:25:01.942+0000] {processor.py:840} INFO - DAG(s) 'stackoverflow_medallion_pipeline_v2' retrieved from /opt/airflow/dags/stackoverflow_migration_dag.py
[2026-05-19T06:25:02.035+0000] {logging_mixin.py:188} INFO - [2026-05-19T06:25:02.034+0000] {dag.py:3096} INFO - Sync 1 DAGs
[2026-05-19T06:25:02.118+0000] {logging_mixin.py:188} INFO - [2026-05-19T06:25:02.117+0000] {dag.py:3954} INFO - Setting next_dagrun for stackoverflow_medallion_pipeline_v2 to 2026-05-19 00:00:00+00:00, run_after=2026-05-20 00:00:00+00:00
[2026-05-19T06:25:02.189+0000] {processor.py:183} INFO - Processing /opt/airflow/dags/stackoverflow_migration_dag.py took 1.585 seconds
[2026-05-19T06:25:32.579+0000] {processor.py:161} INFO - Started process (PID=788) to work on /opt/airflow/dags/stackoverflow_migration_dag.py
[2026-05-19T06:25:32.581+0000] {processor.py:830} INFO - Processing file /opt/airflow/dags/stackoverflow_migration_dag.py for tasks to queue
[2026-05-19T06:25:32.584+0000] {logging_mixin.py:188} INFO - [2026-05-19T06:25:32.584+0000] {dagbag.py:545} INFO - Filling up the DagBag from /opt/airflow/dags/stackoverflow_migration_dag.py
[2026-05-19T06:25:33.863+0000] {processor.py:840} INFO - DAG(s) 'stackoverflow_medallion_pipeline_v2' retrieved from /opt/airflow/dags/stackoverflow_migration_dag.py
[2026-05-19T06:25:33.950+0000] {logging_mixin.py:188} INFO - [2026-05-19T06:25:33.950+0000] {dag.py:3096} INFO - Sync 1 DAGs
[2026-05-19T06:25:34.029+0000] {logging_mixin.py:188} INFO - [2026-05-19T06:25:34.029+0000] {dag.py:3954} INFO - Setting next_dagrun for stackoverflow_medallion_pipeline_v2 to 2026-05-19 00:00:00+00:00, run_after=2026-05-20 00:00:00+00:00
[2026-05-19T06:25:34.077+0000] {processor.py:183} INFO - Processing /opt/airflow/dags/stackoverflow_migration_dag.py took 1.506 seconds
[2026-05-19T06:26:04.602+0000] {processor.py:161} INFO - Started process (PID=793) to work on /opt/airflow/dags/stackoverflow_migration_dag.py
[2026-05-19T06:26:04.610+0000] {processor.py:830} INFO - Processing file /opt/airflow/dags/stackoverflow_migration_dag.py for tasks to queue
[2026-05-19T06:26:04.619+0000] {logging_mixin.py:188} INFO - [2026-05-19T06:26:04.618+0000] {dagbag.py:545} INFO - Filling up the DagBag from /opt/airflow/dags/stackoverflow_migration_dag.py
[2026-05-19T06:26:05.986+0000] {processor.py:840} INFO - DAG(s) 'stackoverflow_medallion_pipeline_v2' retrieved from /opt/airflow/dags/stackoverflow_migration_dag.py
[2026-05-19T06:26:06.099+0000] {logging_mixin.py:188} INFO - [2026-05-19T06:26:06.099+0000] {dag.py:3096} INFO - Sync 1 DAGs
[2026-05-19T06:26:06.189+0000] {logging_mixin.py:188} INFO - [2026-05-19T06:26:06.188+0000] {dag.py:3954} INFO - Setting next_dagrun for stackoverflow_medallion_pipeline_v2 to 2026-05-19 00:00:00+00:00, run_after=2026-05-20 00:00:00+00:00
[2026-05-19T06:26:06.264+0000] {processor.py:183} INFO - Processing /opt/airflow/dags/stackoverflow_migration_dag.py took 1.680 seconds
[2026-05-19T06:26:36.777+0000] {processor.py:161} INFO - Started process (PID=798) to work on /opt/airflow/dags/stackoverflow_migration_dag.py
[2026-05-19T06:26:36.780+0000] {processor.py:830} INFO - Processing file /opt/airflow/dags/stackoverflow_migration_dag.py for tasks to queue
[2026-05-19T06:26:36.784+0000] {logging_mixin.py:188} INFO - [2026-05-19T06:26:36.783+0000] {dagbag.py:545} INFO - Filling up the DagBag from /opt/airflow/dags/stackoverflow_migration_dag.py
[2026-05-19T06:26:38.072+0000] {processor.py:840} INFO - DAG(s) 'stackoverflow_medallion_pipeline_v2' retrieved from /opt/airflow/dags/stackoverflow_migration_dag.py
[2026-05-19T06:26:38.165+0000] {logging_mixin.py:188} INFO - [2026-05-19T06:26:38.165+0000] {dag.py:3096} INFO - Sync 1 DAGs
[2026-05-19T06:26:38.228+0000] {logging_mixin.py:188} INFO - [2026-05-19T06:26:38.228+0000] {dag.py:3954} INFO - Setting next_dagrun for stackoverflow_medallion_pipeline_v2 to 2026-05-19 00:00:00+00:00, run_after=2026-05-20 00:00:00+00:00
[2026-05-19T06:26:38.282+0000] {processor.py:183} INFO - Processing /opt/airflow/dags/stackoverflow_migration_dag.py took 1.521 seconds
[2026-05-19T06:27:08.641+0000] {processor.py:161} INFO - Started process (PID=803) to work on /opt/airflow/dags/stackoverflow_migration_dag.py
[2026-05-19T06:27:08.644+0000] {processor.py:830} INFO - Processing file /opt/airflow/dags/stackoverflow_migration_dag.py for tasks to queue
[2026-05-19T06:27:08.648+0000] {logging_mixin.py:188} INFO - [2026-05-19T06:27:08.648+0000] {dagbag.py:545} INFO - Filling up the DagBag from /opt/airflow/dags/stackoverflow_migration_dag.py
[2026-05-19T06:27:09.948+0000] {processor.py:840} INFO - DAG(s) 'stackoverflow_medallion_pipeline_v2' retrieved from /opt/airflow/dags/stackoverflow_migration_dag.py
[2026-05-19T06:27:10.061+0000] {logging_mixin.py:188} INFO - [2026-05-19T06:27:10.060+0000] {dag.py:3096} INFO - Sync 1 DAGs
[2026-05-19T06:27:10.130+0000] {logging_mixin.py:188} INFO - [2026-05-19T06:27:10.129+0000] {dag.py:3954} INFO - Setting next_dagrun for stackoverflow_medallion_pipeline_v2 to 2026-05-19 00:00:00+00:00, run_after=2026-05-20 00:00:00+00:00
[2026-05-19T06:27:10.207+0000] {processor.py:183} INFO - Processing /opt/airflow/dags/stackoverflow_migration_dag.py took 1.581 seconds
[2026-05-19T06:27:40.653+0000] {processor.py:161} INFO - Started process (PID=808) to work on /opt/airflow/dags/stackoverflow_migration_dag.py
[2026-05-19T06:27:40.656+0000] {processor.py:830} INFO - Processing file /opt/airflow/dags/stackoverflow_migration_dag.py for tasks to queue
[2026-05-19T06:27:40.662+0000] {logging_mixin.py:188} INFO - [2026-05-19T06:27:40.661+0000] {dagbag.py:545} INFO - Filling up the DagBag from /opt/airflow/dags/stackoverflow_migration_dag.py
[2026-05-19T06:27:41.892+0000] {processor.py:840} INFO - DAG(s) 'stackoverflow_medallion_pipeline_v2' retrieved from /opt/airflow/dags/stackoverflow_migration_dag.py
[2026-05-19T06:27:41.986+0000] {logging_mixin.py:188} INFO - [2026-05-19T06:27:41.985+0000] {dag.py:3096} INFO - Sync 1 DAGs
[2026-05-19T06:27:42.040+0000] {logging_mixin.py:188} INFO - [2026-05-19T06:27:42.040+0000] {dag.py:3954} INFO - Setting next_dagrun for stackoverflow_medallion_pipeline_v2 to 2026-05-19 00:00:00+00:00, run_after=2026-05-20 00:00:00+00:00
[2026-05-19T06:27:42.085+0000] {processor.py:183} INFO - Processing /opt/airflow/dags/stackoverflow_migration_dag.py took 1.448 seconds
[2026-05-19T06:28:12.452+0000] {processor.py:161} INFO - Started process (PID=813) to work on /opt/airflow/dags/stackoverflow_migration_dag.py
[2026-05-19T06:28:12.454+0000] {processor.py:830} INFO - Processing file /opt/airflow/dags/stackoverflow_migration_dag.py for tasks to queue
[2026-05-19T06:28:12.457+0000] {logging_mixin.py:188} INFO - [2026-05-19T06:28:12.456+0000] {dagbag.py:545} INFO - Filling up the DagBag from /opt/airflow/dags/stackoverflow_migration_dag.py
[2026-05-19T06:28:13.659+0000] {processor.py:840} INFO - DAG(s) 'stackoverflow_medallion_pipeline_v2' retrieved from /opt/airflow/dags/stackoverflow_migration_dag.py
[2026-05-19T06:28:13.765+0000] {logging_mixin.py:188} INFO - [2026-05-19T06:28:13.764+0000] {dag.py:3096} INFO - Sync 1 DAGs
[2026-05-19T06:28:13.844+0000] {logging_mixin.py:188} INFO - [2026-05-19T06:28:13.844+0000] {dag.py:3954} INFO - Setting next_dagrun for stackoverflow_medallion_pipeline_v2 to 2026-05-19 00:00:00+00:00, run_after=2026-05-20 00:00:00+00:00
[2026-05-19T06:28:13.887+0000] {processor.py:183} INFO - Processing /opt/airflow/dags/stackoverflow_migration_dag.py took 1.448 seconds
[2026-05-19T06:28:44.361+0000] {processor.py:161} INFO - Started process (PID=818) to work on /opt/airflow/dags/stackoverflow_migration_dag.py
[2026-05-19T06:28:44.362+0000] {processor.py:830} INFO - Processing file /opt/airflow/dags/stackoverflow_migration_dag.py for tasks to queue
[2026-05-19T06:28:44.365+0000] {logging_mixin.py:188} INFO - [2026-05-19T06:28:44.365+0000] {dagbag.py:545} INFO - Filling up the DagBag from /opt/airflow/dags/stackoverflow_migration_dag.py
[2026-05-19T06:28:45.862+0000] {processor.py:840} INFO - DAG(s) 'stackoverflow_medallion_pipeline_v2' retrieved from /opt/airflow/dags/stackoverflow_migration_dag.py
[2026-05-19T06:28:45.976+0000] {logging_mixin.py:188} INFO - [2026-05-19T06:28:45.976+0000] {dag.py:3096} INFO - Sync 1 DAGs
[2026-05-19T06:28:46.031+0000] {logging_mixin.py:188} INFO - [2026-05-19T06:28:46.030+0000] {dag.py:3954} INFO - Setting next_dagrun for stackoverflow_medallion_pipeline_v2 to 2026-05-19 00:00:00+00:00, run_after=2026-05-20 00:00:00+00:00
[2026-05-19T06:28:46.070+0000] {processor.py:183} INFO - Processing /opt/airflow/dags/stackoverflow_migration_dag.py took 1.717 seconds
[2026-05-19T06:29:16.176+0000] {processor.py:161} INFO - Started process (PID=823) to work on /opt/airflow/dags/stackoverflow_migration_dag.py
[2026-05-19T06:29:16.178+0000] {processor.py:830} INFO - Processing file /opt/airflow/dags/stackoverflow_migration_dag.py for tasks to queue
[2026-05-19T06:29:16.181+0000] {logging_mixin.py:188} INFO - [2026-05-19T06:29:16.181+0000] {dagbag.py:545} INFO - Filling up the DagBag from /opt/airflow/dags/stackoverflow_migration_dag.py
[2026-05-19T06:29:17.360+0000] {processor.py:840} INFO - DAG(s) 'stackoverflow_medallion_pipeline_v2' retrieved from /opt/airflow/dags/stackoverflow_migration_dag.py
[2026-05-19T06:29:17.458+0000] {logging_mixin.py:188} INFO - [2026-05-19T06:29:17.457+0000] {dag.py:3096} INFO - Sync 1 DAGs
[2026-05-19T06:29:17.516+0000] {logging_mixin.py:188} INFO - [2026-05-19T06:29:17.515+0000] {dag.py:3954} INFO - Setting next_dagrun for stackoverflow_medallion_pipeline_v2 to 2026-05-19 00:00:00+00:00, run_after=2026-05-20 00:00:00+00:00
[2026-05-19T06:29:17.561+0000] {processor.py:183} INFO - Processing /opt/airflow/dags/stackoverflow_migration_dag.py took 1.395 seconds
[2026-05-19T06:29:47.845+0000] {processor.py:161} INFO - Started process (PID=828) to work on /opt/airflow/dags/stackoverflow_migration_dag.py
[2026-05-19T06:29:47.847+0000] {processor.py:830} INFO - Processing file /opt/airflow/dags/stackoverflow_migration_dag.py for tasks to queue
[2026-05-19T06:29:47.850+0000] {logging_mixin.py:188} INFO - [2026-05-19T06:29:47.849+0000] {dagbag.py:545} INFO - Filling up the DagBag from /opt/airflow/dags/stackoverflow_migration_dag.py
[2026-05-19T06:29:49.005+0000] {processor.py:840} INFO - DAG(s) 'stackoverflow_medallion_pipeline_v2' retrieved from /opt/airflow/dags/stackoverflow_migration_dag.py
[2026-05-19T06:29:49.080+0000] {logging_mixin.py:188} INFO - [2026-05-19T06:29:49.080+0000] {dag.py:3096} INFO - Sync 1 DAGs
[2026-05-19T06:29:49.126+0000] {logging_mixin.py:188} INFO - [2026-05-19T06:29:49.126+0000] {dag.py:3954} INFO - Setting next_dagrun for stackoverflow_medallion_pipeline_v2 to 2026-05-19 00:00:00+00:00, run_after=2026-05-20 00:00:00+00:00
[2026-05-19T06:29:49.184+0000] {processor.py:183} INFO - Processing /opt/airflow/dags/stackoverflow_migration_dag.py took 1.348 seconds
[2026-05-19T06:30:19.561+0000] {processor.py:161} INFO - Started process (PID=833) to work on /opt/airflow/dags/stackoverflow_migration_dag.py
[2026-05-19T06:30:19.562+0000] {processor.py:830} INFO - Processing file /opt/airflow/dags/stackoverflow_migration_dag.py for tasks to queue
[2026-05-19T06:30:19.566+0000] {logging_mixin.py:188} INFO - [2026-05-19T06:30:19.566+0000] {dagbag.py:545} INFO - Filling up the DagBag from /opt/airflow/dags/stackoverflow_migration_dag.py
[2026-05-19T06:30:20.807+0000] {processor.py:840} INFO - DAG(s) 'stackoverflow_medallion_pipeline_v2' retrieved from /opt/airflow/dags/stackoverflow_migration_dag.py
[2026-05-19T06:30:20.915+0000] {logging_mixin.py:188} INFO - [2026-05-19T06:30:20.915+0000] {dag.py:3096} INFO - Sync 1 DAGs
[2026-05-19T06:30:21.005+0000] {logging_mixin.py:188} INFO - [2026-05-19T06:30:21.004+0000] {dag.py:3954} INFO - Setting next_dagrun for stackoverflow_medallion_pipeline_v2 to 2026-05-19 00:00:00+00:00, run_after=2026-05-20 00:00:00+00:00
[2026-05-19T06:30:21.083+0000] {processor.py:183} INFO - Processing /opt/airflow/dags/stackoverflow_migration_dag.py took 1.531 seconds
[2026-05-19T06:30:51.467+0000] {processor.py:161} INFO - Started process (PID=838) to work on /opt/airflow/dags/stackoverflow_migration_dag.py
[2026-05-19T06:30:51.469+0000] {processor.py:830} INFO - Processing file /opt/airflow/dags/stackoverflow_migration_dag.py for tasks to queue
[2026-05-19T06:30:51.472+0000] {logging_mixin.py:188} INFO - [2026-05-19T06:30:51.472+0000] {dagbag.py:545} INFO - Filling up the DagBag from /opt/airflow/dags/stackoverflow_migration_dag.py
[2026-05-19T06:30:52.885+0000] {processor.py:840} INFO - DAG(s) 'stackoverflow_medallion_pipeline_v2' retrieved from /opt/airflow/dags/stackoverflow_migration_dag.py
[2026-05-19T06:30:53.003+0000] {logging_mixin.py:188} INFO - [2026-05-19T06:30:53.002+0000] {dag.py:3096} INFO - Sync 1 DAGs
[2026-05-19T06:30:53.080+0000] {logging_mixin.py:188} INFO - [2026-05-19T06:30:53.079+0000] {dag.py:3954} INFO - Setting next_dagrun for stackoverflow_medallion_pipeline_v2 to 2026-05-19 00:00:00+00:00, run_after=2026-05-20 00:00:00+00:00
[2026-05-19T06:30:53.138+0000] {processor.py:183} INFO - Processing /opt/airflow/dags/stackoverflow_migration_dag.py took 1.681 seconds
[2026-05-19T06:31:23.513+0000] {processor.py:161} INFO - Started process (PID=843) to work on /opt/airflow/dags/stackoverflow_migration_dag.py
[2026-05-19T06:31:23.515+0000] {processor.py:830} INFO - Processing file /opt/airflow/dags/stackoverflow_migration_dag.py for tasks to queue
[2026-05-19T06:31:23.519+0000] {logging_mixin.py:188} INFO - [2026-05-19T06:31:23.518+0000] {dagbag.py:545} INFO - Filling up the DagBag from /opt/airflow/dags/stackoverflow_migration_dag.py
[2026-05-19T06:31:24.763+0000] {processor.py:840} INFO - DAG(s) 'stackoverflow_medallion_pipeline_v2' retrieved from /opt/airflow/dags/stackoverflow_migration_dag.py
[2026-05-19T06:31:24.838+0000] {logging_mixin.py:188} INFO - [2026-05-19T06:31:24.838+0000] {dag.py:3096} INFO - Sync 1 DAGs
[2026-05-19T06:31:24.892+0000] {logging_mixin.py:188} INFO - [2026-05-19T06:31:24.891+0000] {dag.py:3954} INFO - Setting next_dagrun for stackoverflow_medallion_pipeline_v2 to 2026-05-19 00:00:00+00:00, run_after=2026-05-20 00:00:00+00:00
[2026-05-19T06:31:24.937+0000] {processor.py:183} INFO - Processing /opt/airflow/dags/stackoverflow_migration_dag.py took 1.432 seconds
[2026-05-19T06:31:55.350+0000] {processor.py:161} INFO - Started process (PID=848) to work on /opt/airflow/dags/stackoverflow_migration_dag.py
[2026-05-19T06:31:55.352+0000] {processor.py:830} INFO - Processing file /opt/airflow/dags/stackoverflow_migration_dag.py for tasks to queue
[2026-05-19T06:31:55.356+0000] {logging_mixin.py:188} INFO - [2026-05-19T06:31:55.355+0000] {dagbag.py:545} INFO - Filling up the DagBag from /opt/airflow/dags/stackoverflow_migration_dag.py
[2026-05-19T06:31:56.526+0000] {processor.py:840} INFO - DAG(s) 'stackoverflow_medallion_pipeline_v2' retrieved from /opt/airflow/dags/stackoverflow_migration_dag.py
[2026-05-19T06:31:56.610+0000] {logging_mixin.py:188} INFO - [2026-05-19T06:31:56.610+0000] {dag.py:3096} INFO - Sync 1 DAGs
[2026-05-19T06:31:56.681+0000] {logging_mixin.py:188} INFO - [2026-05-19T06:31:56.680+0000] {dag.py:3954} INFO - Setting next_dagrun for stackoverflow_medallion_pipeline_v2 to 2026-05-19 00:00:00+00:00, run_after=2026-05-20 00:00:00+00:00
[2026-05-19T06:31:56.749+0000] {processor.py:183} INFO - Processing /opt/airflow/dags/stackoverflow_migration_dag.py took 1.411 seconds
[2026-05-19T06:32:27.139+0000] {processor.py:161} INFO - Started process (PID=853) to work on /opt/airflow/dags/stackoverflow_migration_dag.py
[2026-05-19T06:32:27.141+0000] {processor.py:830} INFO - Processing file /opt/airflow/dags/stackoverflow_migration_dag.py for tasks to queue
[2026-05-19T06:32:27.143+0000] {logging_mixin.py:188} INFO - [2026-05-19T06:32:27.143+0000] {dagbag.py:545} INFO - Filling up the DagBag from /opt/airflow/dags/stackoverflow_migration_dag.py
[2026-05-19T06:32:28.343+0000] {processor.py:840} INFO - DAG(s) 'stackoverflow_medallion_pipeline_v2' retrieved from /opt/airflow/dags/stackoverflow_migration_dag.py
[2026-05-19T06:32:28.429+0000] {logging_mixin.py:188} INFO - [2026-05-19T06:32:28.428+0000] {dag.py:3096} INFO - Sync 1 DAGs
[2026-05-19T06:32:28.475+0000] {logging_mixin.py:188} INFO - [2026-05-19T06:32:28.475+0000] {dag.py:3954} INFO - Setting next_dagrun for stackoverflow_medallion_pipeline_v2 to 2026-05-19 00:00:00+00:00, run_after=2026-05-20 00:00:00+00:00
[2026-05-19T06:32:28.516+0000] {processor.py:183} INFO - Processing /opt/airflow/dags/stackoverflow_migration_dag.py took 1.385 seconds
[2026-05-19T06:32:58.867+0000] {processor.py:161} INFO - Started process (PID=858) to work on /opt/airflow/dags/stackoverflow_migration_dag.py
[2026-05-19T06:32:58.870+0000] {processor.py:830} INFO - Processing file /opt/airflow/dags/stackoverflow_migration_dag.py for tasks to queue
[2026-05-19T06:32:58.873+0000] {logging_mixin.py:188} INFO - [2026-05-19T06:32:58.873+0000] {dagbag.py:545} INFO - Filling up the DagBag from /opt/airflow/dags/stackoverflow_migration_dag.py
[2026-05-19T06:33:00.423+0000] {processor.py:840} INFO - DAG(s) 'stackoverflow_medallion_pipeline_v2' retrieved from /opt/airflow/dags/stackoverflow_migration_dag.py
[2026-05-19T06:33:00.530+0000] {logging_mixin.py:188} INFO - [2026-05-19T06:33:00.530+0000] {dag.py:3096} INFO - Sync 1 DAGs
[2026-05-19T06:33:00.607+0000] {logging_mixin.py:188} INFO - [2026-05-19T06:33:00.606+0000] {dag.py:3954} INFO - Setting next_dagrun for stackoverflow_medallion_pipeline_v2 to 2026-05-19 00:00:00+00:00, run_after=2026-05-20 00:00:00+00:00
[2026-05-19T06:33:00.682+0000] {processor.py:183} INFO - Processing /opt/airflow/dags/stackoverflow_migration_dag.py took 1.837 seconds
[2026-05-19T06:33:31.559+0000] {processor.py:161} INFO - Started process (PID=863) to work on /opt/airflow/dags/stackoverflow_migration_dag.py
[2026-05-19T06:33:31.578+0000] {processor.py:830} INFO - Processing file /opt/airflow/dags/stackoverflow_migration_dag.py for tasks to queue
[2026-05-19T06:33:31.611+0000] {logging_mixin.py:188} INFO - [2026-05-19T06:33:31.605+0000] {dagbag.py:545} INFO - Filling up the DagBag from /opt/airflow/dags/stackoverflow_migration_dag.py
[2026-05-19T09:34:16.934+0000] {logging_mixin.py:188} INFO - [2026-05-19T09:34:16.931+0000] {timeout.py:68} ERROR - Process timed out, PID: 863
[2026-05-19T09:34:16.995+0000] {logging_mixin.py:188} WARNING - Exception ignored in: <function WeakKeyDictionary.__init__.<locals>.remove at 0x735373ea63e0>
[2026-05-19T09:34:17.049+0000] {logging_mixin.py:188} WARNING - Traceback (most recent call last):
[2026-05-19T09:34:17.095+0000] {logging_mixin.py:188} WARNING -   File "/usr/local/lib/python3.12/weakref.py", line 369, in remove
[2026-05-19T09:34:17.143+0000] {logging_mixin.py:188} WARNING -     def remove(k, selfref=ref(self)):
[2026-05-19T09:34:17.196+0000] {logging_mixin.py:188} WARNING -   File "/home/airflow/.local/lib/python3.12/site-packages/airflow/utils/timeout.py", line 69, in handle_timeout
[2026-05-19T09:34:17.220+0000] {logging_mixin.py:188} WARNING -     raise AirflowTaskTimeout(self.error_message)
[2026-05-19T09:34:17.226+0000] {logging_mixin.py:188} WARNING - airflow.exceptions.AirflowTaskTimeout: DagBag import timeout for /opt/airflow/dags/stackoverflow_migration_dag.py after 30.0s.
Please take a look at these docs to improve your DAG import time:
* https://airflow.apache.org/docs/apache-airflow/2.9.1/best-practices.html#top-level-python-code
* https://airflow.apache.org/docs/apache-airflow/2.9.1/best-practices.html#reducing-dag-complexity, PID: 863
[2026-05-19T09:55:00.608+0000] {processor.py:840} INFO - DAG(s) 'stackoverflow_medallion_pipeline_v2' retrieved from /opt/airflow/dags/stackoverflow_migration_dag.py
[2026-05-19T09:55:32.501+0000] {processor.py:186} ERROR - Got an exception! Propagating...
Traceback (most recent call last):
  File "/home/airflow/.local/lib/python3.12/site-packages/sqlalchemy/engine/base.py", line 3371, in _wrap_pool_connect
    return fn()
           ^^^^
  File "/home/airflow/.local/lib/python3.12/site-packages/sqlalchemy/pool/base.py", line 327, in connect
    return _ConnectionFairy._checkout(self)
           ^^^^^^^^^^^^^^^^^^^^^^^^^^^^^^^^
  File "/home/airflow/.local/lib/python3.12/site-packages/sqlalchemy/pool/base.py", line 894, in _checkout
    fairy = _ConnectionRecord.checkout(pool)
            ^^^^^^^^^^^^^^^^^^^^^^^^^^^^^^^^
  File "/home/airflow/.local/lib/python3.12/site-packages/sqlalchemy/pool/base.py", line 493, in checkout
    rec = pool._do_get()
          ^^^^^^^^^^^^^^
  File "/home/airflow/.local/lib/python3.12/site-packages/sqlalchemy/pool/impl.py", line 145, in _do_get
    with util.safe_reraise():
  File "/home/airflow/.local/lib/python3.12/site-packages/sqlalchemy/util/langhelpers.py", line 70, in __exit__
    compat.raise_(
  File "/home/airflow/.local/lib/python3.12/site-packages/sqlalchemy/util/compat.py", line 211, in raise_
    raise exception
  File "/home/airflow/.local/lib/python3.12/site-packages/sqlalchemy/pool/impl.py", line 143, in _do_get
    return self._create_connection()
           ^^^^^^^^^^^^^^^^^^^^^^^^^
  File "/home/airflow/.local/lib/python3.12/site-packages/sqlalchemy/pool/base.py", line 273, in _create_connection
    return _ConnectionRecord(self)
           ^^^^^^^^^^^^^^^^^^^^^^^
  File "/home/airflow/.local/lib/python3.12/site-packages/sqlalchemy/pool/base.py", line 388, in __init__
    self.__connect()
  File "/home/airflow/.local/lib/python3.12/site-packages/sqlalchemy/pool/base.py", line 690, in __connect
    with util.safe_reraise():
  File "/home/airflow/.local/lib/python3.12/site-packages/sqlalchemy/util/langhelpers.py", line 70, in __exit__
    compat.raise_(
  File "/home/airflow/.local/lib/python3.12/site-packages/sqlalchemy/util/compat.py", line 211, in raise_
    raise exception
  File "/home/airflow/.local/lib/python3.12/site-packages/sqlalchemy/pool/base.py", line 686, in __connect
    self.dbapi_connection = connection = pool._invoke_creator(self)
                                         ^^^^^^^^^^^^^^^^^^^^^^^^^^
  File "/home/airflow/.local/lib/python3.12/site-packages/sqlalchemy/engine/create.py", line 574, in connect
    return dialect.connect(*cargs, **cparams)
           ^^^^^^^^^^^^^^^^^^^^^^^^^^^^^^^^^^
  File "/home/airflow/.local/lib/python3.12/site-packages/sqlalchemy/engine/default.py", line 598, in connect
    return self.dbapi.connect(*cargs, **cparams)
           ^^^^^^^^^^^^^^^^^^^^^^^^^^^^^^^^^^^^^
  File "/home/airflow/.local/lib/python3.12/site-packages/psycopg2/__init__.py", line 122, in connect
    conn = _connect(dsn, connection_factory=connection_factory, **kwasync)
           ^^^^^^^^^^^^^^^^^^^^^^^^^^^^^^^^^^^^^^^^^^^^^^^^^^^^^^^^^^^^^^^
psycopg2.OperationalError: connection to server at "postgres" (172.18.0.2), port 5432 failed: FATAL:  the database system is in recovery mode


The above exception was the direct cause of the following exception:

Traceback (most recent call last):
  File "/home/airflow/.local/lib/python3.12/site-packages/airflow/dag_processing/processor.py", line 182, in _run_file_processor
    _handle_dag_file_processing()
  File "/home/airflow/.local/lib/python3.12/site-packages/airflow/dag_processing/processor.py", line 163, in _handle_dag_file_processing
    result: tuple[int, int] = dag_file_processor.process_file(
                              ^^^^^^^^^^^^^^^^^^^^^^^^^^^^^^^^
  File "/home/airflow/.local/lib/python3.12/site-packages/airflow/utils/session.py", line 79, in wrapper
    return func(*args, session=session, **kwargs)
           ^^^^^^^^^^^^^^^^^^^^^^^^^^^^^^^^^^^^^^
  File "/home/airflow/.local/lib/python3.12/site-packages/airflow/dag_processing/processor.py", line 859, in process_file
    serialize_errors = DagFileProcessor.save_dag_to_db(
                       ^^^^^^^^^^^^^^^^^^^^^^^^^^^^^^^^
  File "/home/airflow/.local/lib/python3.12/site-packages/airflow/api_internal/internal_api_call.py", line 115, in wrapper
    return func(*args, **kwargs)
           ^^^^^^^^^^^^^^^^^^^^^
  File "/home/airflow/.local/lib/python3.12/site-packages/airflow/utils/session.py", line 79, in wrapper
    return func(*args, session=session, **kwargs)
           ^^^^^^^^^^^^^^^^^^^^^^^^^^^^^^^^^^^^^^
  File "/home/airflow/.local/lib/python3.12/site-packages/airflow/dag_processing/processor.py", line 895, in save_dag_to_db
    import_errors = DagBag._sync_to_db(dags=dags, processor_subdir=dag_directory, session=session)
                    ^^^^^^^^^^^^^^^^^^^^^^^^^^^^^^^^^^^^^^^^^^^^^^^^^^^^^^^^^^^^^^^^^^^^^^^^^^^^^^
  File "/home/airflow/.local/lib/python3.12/site-packages/airflow/utils/session.py", line 76, in wrapper
    return func(*args, **kwargs)
           ^^^^^^^^^^^^^^^^^^^^^
  File "/home/airflow/.local/lib/python3.12/site-packages/airflow/models/dagbag.py", line 664, in _sync_to_db
    for attempt in run_with_db_retries(logger=log):
  File "/home/airflow/.local/lib/python3.12/site-packages/tenacity/__init__.py", line 347, in __iter__
    do = self.iter(retry_state=retry_state)
         ^^^^^^^^^^^^^^^^^^^^^^^^^^^^^^^^^^
  File "/home/airflow/.local/lib/python3.12/site-packages/tenacity/__init__.py", line 325, in iter
    raise retry_exc.reraise()
          ^^^^^^^^^^^^^^^^^^^
  File "/home/airflow/.local/lib/python3.12/site-packages/tenacity/__init__.py", line 158, in reraise
    raise self.last_attempt.result()
          ^^^^^^^^^^^^^^^^^^^^^^^^^^
  File "/usr/local/lib/python3.12/concurrent/futures/_base.py", line 449, in result
    return self.__get_result()
           ^^^^^^^^^^^^^^^^^^^
  File "/usr/local/lib/python3.12/concurrent/futures/_base.py", line 401, in __get_result
    raise self._exception
  File "/home/airflow/.local/lib/python3.12/site-packages/airflow/models/dagbag.py", line 677, in _sync_to_db
    _serialize_dag_capturing_errors(dag, session, processor_subdir)
  File "/home/airflow/.local/lib/python3.12/site-packages/airflow/models/dagbag.py", line 642, in _serialize_dag_capturing_errors
    dag_was_updated = SerializedDagModel.write_dag(
                      ^^^^^^^^^^^^^^^^^^^^^^^^^^^^^
  File "/home/airflow/.local/lib/python3.12/site-packages/airflow/utils/session.py", line 76, in wrapper
    return func(*args, **kwargs)
           ^^^^^^^^^^^^^^^^^^^^^
  File "/home/airflow/.local/lib/python3.12/site-packages/airflow/models/serialized_dag.py", line 158, in write_dag
    if session.scalar(
       ^^^^^^^^^^^^^^^
  File "/home/airflow/.local/lib/python3.12/site-packages/sqlalchemy/orm/session.py", line 1747, in scalar
    return self.execute(
           ^^^^^^^^^^^^^
  File "/home/airflow/.local/lib/python3.12/site-packages/sqlalchemy/orm/session.py", line 1716, in execute
    conn = self._connection_for_bind(bind)
           ^^^^^^^^^^^^^^^^^^^^^^^^^^^^^^^
  File "/home/airflow/.local/lib/python3.12/site-packages/sqlalchemy/orm/session.py", line 1555, in _connection_for_bind
    return self._transaction._connection_for_bind(
           ^^^^^^^^^^^^^^^^^^^^^^^^^^^^^^^^^^^^^^^
  File "/home/airflow/.local/lib/python3.12/site-packages/sqlalchemy/orm/session.py", line 750, in _connection_for_bind
    conn = bind.connect()
           ^^^^^^^^^^^^^^
  File "/home/airflow/.local/lib/python3.12/site-packages/sqlalchemy/future/engine.py", line 412, in connect
    return super(Engine, self).connect()
           ^^^^^^^^^^^^^^^^^^^^^^^^^^^^^
  File "/home/airflow/.local/lib/python3.12/site-packages/sqlalchemy/engine/base.py", line 3325, in connect
    return self._connection_cls(self, close_with_result=close_with_result)
           ^^^^^^^^^^^^^^^^^^^^^^^^^^^^^^^^^^^^^^^^^^^^^^^^^^^^^^^^^^^^^^^
  File "/home/airflow/.local/lib/python3.12/site-packages/sqlalchemy/engine/base.py", line 96, in __init__
    else engine.raw_connection()
         ^^^^^^^^^^^^^^^^^^^^^^^
  File "/home/airflow/.local/lib/python3.12/site-packages/sqlalchemy/engine/base.py", line 3404, in raw_connection
    return self._wrap_pool_connect(self.pool.connect, _connection)
           ^^^^^^^^^^^^^^^^^^^^^^^^^^^^^^^^^^^^^^^^^^^^^^^^^^^^^^^
  File "/home/airflow/.local/lib/python3.12/site-packages/sqlalchemy/engine/base.py", line 3374, in _wrap_pool_connect
    Connection._handle_dbapi_exception_noconnection(
  File "/home/airflow/.local/lib/python3.12/site-packages/sqlalchemy/engine/base.py", line 2208, in _handle_dbapi_exception_noconnection
    util.raise_(
  File "/home/airflow/.local/lib/python3.12/site-packages/sqlalchemy/util/compat.py", line 211, in raise_
    raise exception
  File "/home/airflow/.local/lib/python3.12/site-packages/sqlalchemy/engine/base.py", line 3371, in _wrap_pool_connect
    return fn()
           ^^^^
  File "/home/airflow/.local/lib/python3.12/site-packages/sqlalchemy/pool/base.py", line 327, in connect
    return _ConnectionFairy._checkout(self)
           ^^^^^^^^^^^^^^^^^^^^^^^^^^^^^^^^
  File "/home/airflow/.local/lib/python3.12/site-packages/sqlalchemy/pool/base.py", line 894, in _checkout
    fairy = _ConnectionRecord.checkout(pool)
            ^^^^^^^^^^^^^^^^^^^^^^^^^^^^^^^^
  File "/home/airflow/.local/lib/python3.12/site-packages/sqlalchemy/pool/base.py", line 493, in checkout
    rec = pool._do_get()
          ^^^^^^^^^^^^^^
  File "/home/airflow/.local/lib/python3.12/site-packages/sqlalchemy/pool/impl.py", line 145, in _do_get
    with util.safe_reraise():
  File "/home/airflow/.local/lib/python3.12/site-packages/sqlalchemy/util/langhelpers.py", line 70, in __exit__
    compat.raise_(
  File "/home/airflow/.local/lib/python3.12/site-packages/sqlalchemy/util/compat.py", line 211, in raise_
    raise exception
  File "/home/airflow/.local/lib/python3.12/site-packages/sqlalchemy/pool/impl.py", line 143, in _do_get
    return self._create_connection()
           ^^^^^^^^^^^^^^^^^^^^^^^^^
  File "/home/airflow/.local/lib/python3.12/site-packages/sqlalchemy/pool/base.py", line 273, in _create_connection
    return _ConnectionRecord(self)
           ^^^^^^^^^^^^^^^^^^^^^^^
  File "/home/airflow/.local/lib/python3.12/site-packages/sqlalchemy/pool/base.py", line 388, in __init__
    self.__connect()
  File "/home/airflow/.local/lib/python3.12/site-packages/sqlalchemy/pool/base.py", line 690, in __connect
    with util.safe_reraise():
  File "/home/airflow/.local/lib/python3.12/site-packages/sqlalchemy/util/langhelpers.py", line 70, in __exit__
    compat.raise_(
  File "/home/airflow/.local/lib/python3.12/site-packages/sqlalchemy/util/compat.py", line 211, in raise_
    raise exception
  File "/home/airflow/.local/lib/python3.12/site-packages/sqlalchemy/pool/base.py", line 686, in __connect
    self.dbapi_connection = connection = pool._invoke_creator(self)
                                         ^^^^^^^^^^^^^^^^^^^^^^^^^^
  File "/home/airflow/.local/lib/python3.12/site-packages/sqlalchemy/engine/create.py", line 574, in connect
    return dialect.connect(*cargs, **cparams)
           ^^^^^^^^^^^^^^^^^^^^^^^^^^^^^^^^^^
  File "/home/airflow/.local/lib/python3.12/site-packages/sqlalchemy/engine/default.py", line 598, in connect
    return self.dbapi.connect(*cargs, **cparams)
           ^^^^^^^^^^^^^^^^^^^^^^^^^^^^^^^^^^^^^
  File "/home/airflow/.local/lib/python3.12/site-packages/psycopg2/__init__.py", line 122, in connect
    conn = _connect(dsn, connection_factory=connection_factory, **kwasync)
           ^^^^^^^^^^^^^^^^^^^^^^^^^^^^^^^^^^^^^^^^^^^^^^^^^^^^^^^^^^^^^^^
sqlalchemy.exc.OperationalError: (psycopg2.OperationalError) connection to server at "postgres" (172.18.0.2), port 5432 failed: FATAL:  the database system is in recovery mode

(Background on this error at: https://sqlalche.me/e/14/e3q8)
[2026-05-19T10:08:28.336+0000] {processor.py:161} INFO - Started process (PID=164) to work on /opt/airflow/dags/stackoverflow_migration_dag.py
[2026-05-19T10:08:28.339+0000] {processor.py:830} INFO - Processing file /opt/airflow/dags/stackoverflow_migration_dag.py for tasks to queue
[2026-05-19T10:08:28.342+0000] {logging_mixin.py:188} INFO - [2026-05-19T10:08:28.341+0000] {dagbag.py:545} INFO - Filling up the DagBag from /opt/airflow/dags/stackoverflow_migration_dag.py
[2026-05-19T10:08:30.226+0000] {processor.py:840} INFO - DAG(s) 'stackoverflow_medallion_pipeline_v2' retrieved from /opt/airflow/dags/stackoverflow_migration_dag.py
[2026-05-19T10:08:30.299+0000] {logging_mixin.py:188} INFO - [2026-05-19T10:08:30.299+0000] {dag.py:3096} INFO - Sync 1 DAGs
[2026-05-19T10:08:30.366+0000] {logging_mixin.py:188} INFO - [2026-05-19T10:08:30.365+0000] {dag.py:3954} INFO - Setting next_dagrun for stackoverflow_medallion_pipeline_v2 to 2026-05-19 00:00:00+00:00, run_after=2026-05-20 00:00:00+00:00
[2026-05-19T10:08:30.417+0000] {processor.py:183} INFO - Processing /opt/airflow/dags/stackoverflow_migration_dag.py took 2.098 seconds
[2026-05-19T10:09:00.770+0000] {processor.py:161} INFO - Started process (PID=169) to work on /opt/airflow/dags/stackoverflow_migration_dag.py
[2026-05-19T10:09:00.773+0000] {processor.py:830} INFO - Processing file /opt/airflow/dags/stackoverflow_migration_dag.py for tasks to queue
[2026-05-19T10:09:00.780+0000] {logging_mixin.py:188} INFO - [2026-05-19T10:09:00.779+0000] {dagbag.py:545} INFO - Filling up the DagBag from /opt/airflow/dags/stackoverflow_migration_dag.py
[2026-05-19T10:09:03.003+0000] {processor.py:840} INFO - DAG(s) 'stackoverflow_medallion_pipeline_v2' retrieved from /opt/airflow/dags/stackoverflow_migration_dag.py
[2026-05-19T10:09:03.782+0000] {logging_mixin.py:188} INFO - [2026-05-19T10:09:03.782+0000] {dag.py:3096} INFO - Sync 1 DAGs
[2026-05-19T10:09:03.857+0000] {logging_mixin.py:188} INFO - [2026-05-19T10:09:03.857+0000] {dag.py:3954} INFO - Setting next_dagrun for stackoverflow_medallion_pipeline_v2 to 2026-05-19 00:00:00+00:00, run_after=2026-05-20 00:00:00+00:00
[2026-05-19T10:09:03.919+0000] {processor.py:183} INFO - Processing /opt/airflow/dags/stackoverflow_migration_dag.py took 3.172 seconds
[2026-05-19T10:09:34.267+0000] {processor.py:161} INFO - Started process (PID=174) to work on /opt/airflow/dags/stackoverflow_migration_dag.py
[2026-05-19T10:09:34.270+0000] {processor.py:830} INFO - Processing file /opt/airflow/dags/stackoverflow_migration_dag.py for tasks to queue
[2026-05-19T10:09:34.276+0000] {logging_mixin.py:188} INFO - [2026-05-19T10:09:34.275+0000] {dagbag.py:545} INFO - Filling up the DagBag from /opt/airflow/dags/stackoverflow_migration_dag.py
[2026-05-19T10:09:36.616+0000] {processor.py:840} INFO - DAG(s) 'stackoverflow_medallion_pipeline_v2' retrieved from /opt/airflow/dags/stackoverflow_migration_dag.py
[2026-05-19T10:09:36.739+0000] {logging_mixin.py:188} INFO - [2026-05-19T10:09:36.738+0000] {dag.py:3096} INFO - Sync 1 DAGs
[2026-05-19T10:09:36.851+0000] {logging_mixin.py:188} INFO - [2026-05-19T10:09:36.850+0000] {dag.py:3954} INFO - Setting next_dagrun for stackoverflow_medallion_pipeline_v2 to 2026-05-19 00:00:00+00:00, run_after=2026-05-20 00:00:00+00:00
[2026-05-19T10:09:36.930+0000] {processor.py:183} INFO - Processing /opt/airflow/dags/stackoverflow_migration_dag.py took 2.684 seconds
[2026-05-19T10:10:07.474+0000] {processor.py:161} INFO - Started process (PID=179) to work on /opt/airflow/dags/stackoverflow_migration_dag.py
[2026-05-19T10:10:07.477+0000] {processor.py:830} INFO - Processing file /opt/airflow/dags/stackoverflow_migration_dag.py for tasks to queue
[2026-05-19T10:10:07.483+0000] {logging_mixin.py:188} INFO - [2026-05-19T10:10:07.482+0000] {dagbag.py:545} INFO - Filling up the DagBag from /opt/airflow/dags/stackoverflow_migration_dag.py
[2026-05-19T10:10:09.231+0000] {processor.py:840} INFO - DAG(s) 'stackoverflow_medallion_pipeline_v2' retrieved from /opt/airflow/dags/stackoverflow_migration_dag.py
[2026-05-19T10:10:09.417+0000] {logging_mixin.py:188} INFO - [2026-05-19T10:10:09.417+0000] {dag.py:3096} INFO - Sync 1 DAGs
[2026-05-19T10:10:09.551+0000] {logging_mixin.py:188} INFO - [2026-05-19T10:10:09.550+0000] {dag.py:3954} INFO - Setting next_dagrun for stackoverflow_medallion_pipeline_v2 to 2026-05-19 00:00:00+00:00, run_after=2026-05-20 00:00:00+00:00
[2026-05-19T10:10:09.668+0000] {processor.py:183} INFO - Processing /opt/airflow/dags/stackoverflow_migration_dag.py took 2.218 seconds
[2026-05-19T10:10:40.339+0000] {processor.py:161} INFO - Started process (PID=186) to work on /opt/airflow/dags/stackoverflow_migration_dag.py
[2026-05-19T10:10:40.343+0000] {processor.py:830} INFO - Processing file /opt/airflow/dags/stackoverflow_migration_dag.py for tasks to queue
[2026-05-19T10:10:40.351+0000] {logging_mixin.py:188} INFO - [2026-05-19T10:10:40.349+0000] {dagbag.py:545} INFO - Filling up the DagBag from /opt/airflow/dags/stackoverflow_migration_dag.py
[2026-05-19T10:10:42.377+0000] {processor.py:840} INFO - DAG(s) 'stackoverflow_medallion_pipeline_v2' retrieved from /opt/airflow/dags/stackoverflow_migration_dag.py
[2026-05-19T10:10:42.477+0000] {logging_mixin.py:188} INFO - [2026-05-19T10:10:42.477+0000] {dag.py:3096} INFO - Sync 1 DAGs
[2026-05-19T10:10:42.548+0000] {logging_mixin.py:188} INFO - [2026-05-19T10:10:42.548+0000] {dag.py:3954} INFO - Setting next_dagrun for stackoverflow_medallion_pipeline_v2 to 2026-05-19 00:00:00+00:00, run_after=2026-05-20 00:00:00+00:00
[2026-05-19T10:10:42.612+0000] {processor.py:183} INFO - Processing /opt/airflow/dags/stackoverflow_migration_dag.py took 2.303 seconds
[2026-05-19T10:11:12.975+0000] {processor.py:161} INFO - Started process (PID=191) to work on /opt/airflow/dags/stackoverflow_migration_dag.py
[2026-05-19T10:11:12.987+0000] {processor.py:830} INFO - Processing file /opt/airflow/dags/stackoverflow_migration_dag.py for tasks to queue
[2026-05-19T10:11:13.009+0000] {logging_mixin.py:188} INFO - [2026-05-19T10:11:13.003+0000] {dagbag.py:545} INFO - Filling up the DagBag from /opt/airflow/dags/stackoverflow_migration_dag.py
[2026-05-19T10:11:15.691+0000] {processor.py:840} INFO - DAG(s) 'stackoverflow_medallion_pipeline_v2' retrieved from /opt/airflow/dags/stackoverflow_migration_dag.py
[2026-05-19T10:11:15.841+0000] {logging_mixin.py:188} INFO - [2026-05-19T10:11:15.841+0000] {dag.py:3096} INFO - Sync 1 DAGs
[2026-05-19T10:11:15.940+0000] {logging_mixin.py:188} INFO - [2026-05-19T10:11:15.939+0000] {dag.py:3954} INFO - Setting next_dagrun for stackoverflow_medallion_pipeline_v2 to 2026-05-19 00:00:00+00:00, run_after=2026-05-20 00:00:00+00:00
[2026-05-19T10:11:16.008+0000] {processor.py:183} INFO - Processing /opt/airflow/dags/stackoverflow_migration_dag.py took 3.079 seconds
[2026-05-19T10:11:46.525+0000] {processor.py:161} INFO - Started process (PID=196) to work on /opt/airflow/dags/stackoverflow_migration_dag.py
[2026-05-19T10:11:46.532+0000] {processor.py:830} INFO - Processing file /opt/airflow/dags/stackoverflow_migration_dag.py for tasks to queue
[2026-05-19T10:11:46.544+0000] {logging_mixin.py:188} INFO - [2026-05-19T10:11:46.541+0000] {dagbag.py:545} INFO - Filling up the DagBag from /opt/airflow/dags/stackoverflow_migration_dag.py
[2026-05-19T10:11:48.523+0000] {processor.py:840} INFO - DAG(s) 'stackoverflow_medallion_pipeline_v2' retrieved from /opt/airflow/dags/stackoverflow_migration_dag.py
[2026-05-19T10:11:48.657+0000] {logging_mixin.py:188} INFO - [2026-05-19T10:11:48.657+0000] {dag.py:3096} INFO - Sync 1 DAGs
[2026-05-19T10:11:48.814+0000] {logging_mixin.py:188} INFO - [2026-05-19T10:11:48.813+0000] {dag.py:3954} INFO - Setting next_dagrun for stackoverflow_medallion_pipeline_v2 to 2026-05-19 00:00:00+00:00, run_after=2026-05-20 00:00:00+00:00
[2026-05-19T10:11:48.941+0000] {processor.py:183} INFO - Processing /opt/airflow/dags/stackoverflow_migration_dag.py took 2.453 seconds
[2026-05-19T10:12:19.714+0000] {processor.py:161} INFO - Started process (PID=201) to work on /opt/airflow/dags/stackoverflow_migration_dag.py
[2026-05-19T10:12:19.721+0000] {processor.py:830} INFO - Processing file /opt/airflow/dags/stackoverflow_migration_dag.py for tasks to queue
[2026-05-19T10:12:19.733+0000] {logging_mixin.py:188} INFO - [2026-05-19T10:12:19.731+0000] {dagbag.py:545} INFO - Filling up the DagBag from /opt/airflow/dags/stackoverflow_migration_dag.py
[2026-05-19T10:12:22.429+0000] {processor.py:840} INFO - DAG(s) 'stackoverflow_medallion_pipeline_v2' retrieved from /opt/airflow/dags/stackoverflow_migration_dag.py
[2026-05-19T10:12:22.569+0000] {logging_mixin.py:188} INFO - [2026-05-19T10:12:22.568+0000] {dag.py:3096} INFO - Sync 1 DAGs
[2026-05-19T10:12:22.731+0000] {logging_mixin.py:188} INFO - [2026-05-19T10:12:22.731+0000] {dag.py:3954} INFO - Setting next_dagrun for stackoverflow_medallion_pipeline_v2 to 2026-05-19 00:00:00+00:00, run_after=2026-05-20 00:00:00+00:00
[2026-05-19T10:12:22.835+0000] {processor.py:183} INFO - Processing /opt/airflow/dags/stackoverflow_migration_dag.py took 3.159 seconds
[2026-05-19T10:12:53.846+0000] {processor.py:161} INFO - Started process (PID=209) to work on /opt/airflow/dags/stackoverflow_migration_dag.py
[2026-05-19T10:12:53.848+0000] {processor.py:830} INFO - Processing file /opt/airflow/dags/stackoverflow_migration_dag.py for tasks to queue
[2026-05-19T10:12:53.852+0000] {logging_mixin.py:188} INFO - [2026-05-19T10:12:53.851+0000] {dagbag.py:545} INFO - Filling up the DagBag from /opt/airflow/dags/stackoverflow_migration_dag.py
[2026-05-19T10:12:54.863+0000] {processor.py:840} INFO - DAG(s) 'stackoverflow_medallion_pipeline_v2' retrieved from /opt/airflow/dags/stackoverflow_migration_dag.py
[2026-05-19T10:12:54.923+0000] {logging_mixin.py:188} INFO - [2026-05-19T10:12:54.923+0000] {dag.py:3096} INFO - Sync 1 DAGs
[2026-05-19T10:12:54.970+0000] {logging_mixin.py:188} INFO - [2026-05-19T10:12:54.969+0000] {dag.py:3954} INFO - Setting next_dagrun for stackoverflow_medallion_pipeline_v2 to 2026-05-19 00:00:00+00:00, run_after=2026-05-20 00:00:00+00:00
[2026-05-19T10:12:55.009+0000] {processor.py:183} INFO - Processing /opt/airflow/dags/stackoverflow_migration_dag.py took 1.171 seconds
[2026-05-19T10:13:25.224+0000] {processor.py:161} INFO - Started process (PID=225) to work on /opt/airflow/dags/stackoverflow_migration_dag.py
[2026-05-19T10:13:25.226+0000] {processor.py:830} INFO - Processing file /opt/airflow/dags/stackoverflow_migration_dag.py for tasks to queue
[2026-05-19T10:13:25.229+0000] {logging_mixin.py:188} INFO - [2026-05-19T10:13:25.229+0000] {dagbag.py:545} INFO - Filling up the DagBag from /opt/airflow/dags/stackoverflow_migration_dag.py
[2026-05-19T10:13:26.388+0000] {processor.py:840} INFO - DAG(s) 'stackoverflow_medallion_pipeline_v2' retrieved from /opt/airflow/dags/stackoverflow_migration_dag.py
[2026-05-19T10:13:26.465+0000] {logging_mixin.py:188} INFO - [2026-05-19T10:13:26.465+0000] {dag.py:3096} INFO - Sync 1 DAGs
[2026-05-19T10:13:26.526+0000] {logging_mixin.py:188} INFO - [2026-05-19T10:13:26.525+0000] {dag.py:3954} INFO - Setting next_dagrun for stackoverflow_medallion_pipeline_v2 to 2026-05-19 00:00:00+00:00, run_after=2026-05-20 00:00:00+00:00
[2026-05-19T10:13:26.563+0000] {processor.py:183} INFO - Processing /opt/airflow/dags/stackoverflow_migration_dag.py took 1.350 seconds
[2026-05-19T10:13:56.812+0000] {processor.py:161} INFO - Started process (PID=241) to work on /opt/airflow/dags/stackoverflow_migration_dag.py
[2026-05-19T10:13:56.814+0000] {processor.py:830} INFO - Processing file /opt/airflow/dags/stackoverflow_migration_dag.py for tasks to queue
[2026-05-19T10:13:56.817+0000] {logging_mixin.py:188} INFO - [2026-05-19T10:13:56.817+0000] {dagbag.py:545} INFO - Filling up the DagBag from /opt/airflow/dags/stackoverflow_migration_dag.py
[2026-05-19T10:13:58.004+0000] {processor.py:840} INFO - DAG(s) 'stackoverflow_medallion_pipeline_v2' retrieved from /opt/airflow/dags/stackoverflow_migration_dag.py
[2026-05-19T10:13:58.071+0000] {logging_mixin.py:188} INFO - [2026-05-19T10:13:58.071+0000] {dag.py:3096} INFO - Sync 1 DAGs
[2026-05-19T10:13:58.119+0000] {logging_mixin.py:188} INFO - [2026-05-19T10:13:58.119+0000] {dag.py:3954} INFO - Setting next_dagrun for stackoverflow_medallion_pipeline_v2 to 2026-05-19 00:00:00+00:00, run_after=2026-05-20 00:00:00+00:00
[2026-05-19T10:13:58.159+0000] {processor.py:183} INFO - Processing /opt/airflow/dags/stackoverflow_migration_dag.py took 1.356 seconds
[2026-05-19T10:14:28.405+0000] {processor.py:161} INFO - Started process (PID=246) to work on /opt/airflow/dags/stackoverflow_migration_dag.py
[2026-05-19T10:14:28.407+0000] {processor.py:830} INFO - Processing file /opt/airflow/dags/stackoverflow_migration_dag.py for tasks to queue
[2026-05-19T10:14:28.410+0000] {logging_mixin.py:188} INFO - [2026-05-19T10:14:28.409+0000] {dagbag.py:545} INFO - Filling up the DagBag from /opt/airflow/dags/stackoverflow_migration_dag.py
[2026-05-19T10:14:29.530+0000] {processor.py:840} INFO - DAG(s) 'stackoverflow_medallion_pipeline_v2' retrieved from /opt/airflow/dags/stackoverflow_migration_dag.py
[2026-05-19T10:14:29.599+0000] {logging_mixin.py:188} INFO - [2026-05-19T10:14:29.599+0000] {dag.py:3096} INFO - Sync 1 DAGs
[2026-05-19T10:14:29.651+0000] {logging_mixin.py:188} INFO - [2026-05-19T10:14:29.650+0000] {dag.py:3954} INFO - Setting next_dagrun for stackoverflow_medallion_pipeline_v2 to 2026-05-19 00:00:00+00:00, run_after=2026-05-20 00:00:00+00:00
[2026-05-19T10:14:29.698+0000] {processor.py:183} INFO - Processing /opt/airflow/dags/stackoverflow_migration_dag.py took 1.302 seconds
[2026-05-19T10:14:59.974+0000] {processor.py:161} INFO - Started process (PID=251) to work on /opt/airflow/dags/stackoverflow_migration_dag.py
[2026-05-19T10:14:59.976+0000] {processor.py:830} INFO - Processing file /opt/airflow/dags/stackoverflow_migration_dag.py for tasks to queue
[2026-05-19T10:14:59.979+0000] {logging_mixin.py:188} INFO - [2026-05-19T10:14:59.979+0000] {dagbag.py:545} INFO - Filling up the DagBag from /opt/airflow/dags/stackoverflow_migration_dag.py
[2026-05-19T10:15:01.717+0000] {processor.py:840} INFO - DAG(s) 'stackoverflow_medallion_pipeline_v2' retrieved from /opt/airflow/dags/stackoverflow_migration_dag.py
[2026-05-19T10:15:01.793+0000] {logging_mixin.py:188} INFO - [2026-05-19T10:15:01.793+0000] {dag.py:3096} INFO - Sync 1 DAGs
[2026-05-19T10:15:01.851+0000] {logging_mixin.py:188} INFO - [2026-05-19T10:15:01.850+0000] {dag.py:3954} INFO - Setting next_dagrun for stackoverflow_medallion_pipeline_v2 to 2026-05-19 00:00:00+00:00, run_after=2026-05-20 00:00:00+00:00
[2026-05-19T10:15:01.897+0000] {processor.py:183} INFO - Processing /opt/airflow/dags/stackoverflow_migration_dag.py took 1.934 seconds
[2026-05-19T10:15:32.217+0000] {processor.py:161} INFO - Started process (PID=256) to work on /opt/airflow/dags/stackoverflow_migration_dag.py
[2026-05-19T10:15:32.219+0000] {processor.py:830} INFO - Processing file /opt/airflow/dags/stackoverflow_migration_dag.py for tasks to queue
[2026-05-19T10:15:32.225+0000] {logging_mixin.py:188} INFO - [2026-05-19T10:15:32.224+0000] {dagbag.py:545} INFO - Filling up the DagBag from /opt/airflow/dags/stackoverflow_migration_dag.py
[2026-05-19T10:15:33.962+0000] {processor.py:840} INFO - DAG(s) 'stackoverflow_medallion_pipeline_v2' retrieved from /opt/airflow/dags/stackoverflow_migration_dag.py
[2026-05-19T10:15:34.067+0000] {logging_mixin.py:188} INFO - [2026-05-19T10:15:34.067+0000] {dag.py:3096} INFO - Sync 1 DAGs
[2026-05-19T10:15:34.160+0000] {logging_mixin.py:188} INFO - [2026-05-19T10:15:34.159+0000] {dag.py:3954} INFO - Setting next_dagrun for stackoverflow_medallion_pipeline_v2 to 2026-05-19 00:00:00+00:00, run_after=2026-05-20 00:00:00+00:00
[2026-05-19T10:15:34.230+0000] {processor.py:183} INFO - Processing /opt/airflow/dags/stackoverflow_migration_dag.py took 2.033 seconds
[2026-05-19T10:16:04.498+0000] {processor.py:161} INFO - Started process (PID=261) to work on /opt/airflow/dags/stackoverflow_migration_dag.py
[2026-05-19T10:16:04.658+0000] {processor.py:830} INFO - Processing file /opt/airflow/dags/stackoverflow_migration_dag.py for tasks to queue
[2026-05-19T10:16:04.663+0000] {logging_mixin.py:188} INFO - [2026-05-19T10:16:04.662+0000] {dagbag.py:545} INFO - Filling up the DagBag from /opt/airflow/dags/stackoverflow_migration_dag.py
[2026-05-19T10:16:06.709+0000] {processor.py:840} INFO - DAG(s) 'stackoverflow_medallion_pipeline_v2' retrieved from /opt/airflow/dags/stackoverflow_migration_dag.py
[2026-05-19T10:16:06.803+0000] {logging_mixin.py:188} INFO - [2026-05-19T10:16:06.802+0000] {dag.py:3096} INFO - Sync 1 DAGs
[2026-05-19T10:16:06.906+0000] {logging_mixin.py:188} INFO - [2026-05-19T10:16:06.904+0000] {dag.py:3954} INFO - Setting next_dagrun for stackoverflow_medallion_pipeline_v2 to 2026-05-19 00:00:00+00:00, run_after=2026-05-20 00:00:00+00:00
[2026-05-19T10:16:06.978+0000] {processor.py:183} INFO - Processing /opt/airflow/dags/stackoverflow_migration_dag.py took 2.499 seconds
[2026-05-19T10:16:30.706+0000] {processor.py:161} INFO - Started process (PID=266) to work on /opt/airflow/dags/stackoverflow_migration_dag.py
[2026-05-19T10:16:30.708+0000] {processor.py:830} INFO - Processing file /opt/airflow/dags/stackoverflow_migration_dag.py for tasks to queue
[2026-05-19T10:16:30.712+0000] {logging_mixin.py:188} INFO - [2026-05-19T10:16:30.711+0000] {dagbag.py:545} INFO - Filling up the DagBag from /opt/airflow/dags/stackoverflow_migration_dag.py
[2026-05-19T10:16:32.696+0000] {processor.py:840} INFO - DAG(s) 'stackoverflow_medallion_pipeline_v2' retrieved from /opt/airflow/dags/stackoverflow_migration_dag.py
[2026-05-19T10:16:32.789+0000] {logging_mixin.py:188} INFO - [2026-05-19T10:16:32.789+0000] {dag.py:3096} INFO - Sync 1 DAGs
[2026-05-19T10:16:32.846+0000] {logging_mixin.py:188} INFO - [2026-05-19T10:16:32.846+0000] {dag.py:3954} INFO - Setting next_dagrun for stackoverflow_medallion_pipeline_v2 to 2026-05-19 00:00:00+00:00, run_after=2026-05-20 00:00:00+00:00
[2026-05-19T10:16:32.964+0000] {processor.py:183} INFO - Processing /opt/airflow/dags/stackoverflow_migration_dag.py took 2.273 seconds
[2026-05-19T10:17:03.429+0000] {processor.py:161} INFO - Started process (PID=271) to work on /opt/airflow/dags/stackoverflow_migration_dag.py
[2026-05-19T10:17:03.440+0000] {processor.py:830} INFO - Processing file /opt/airflow/dags/stackoverflow_migration_dag.py for tasks to queue
[2026-05-19T10:17:03.446+0000] {logging_mixin.py:188} INFO - [2026-05-19T10:17:03.445+0000] {dagbag.py:545} INFO - Filling up the DagBag from /opt/airflow/dags/stackoverflow_migration_dag.py
[2026-05-19T10:17:05.828+0000] {processor.py:840} INFO - DAG(s) 'stackoverflow_medallion_pipeline_v2' retrieved from /opt/airflow/dags/stackoverflow_migration_dag.py
[2026-05-19T10:17:05.917+0000] {logging_mixin.py:188} INFO - [2026-05-19T10:17:05.916+0000] {dag.py:3096} INFO - Sync 1 DAGs
[2026-05-19T10:17:05.982+0000] {logging_mixin.py:188} INFO - [2026-05-19T10:17:05.982+0000] {dag.py:3954} INFO - Setting next_dagrun for stackoverflow_medallion_pipeline_v2 to 2026-05-19 00:00:00+00:00, run_after=2026-05-20 00:00:00+00:00
[2026-05-19T10:17:06.037+0000] {processor.py:183} INFO - Processing /opt/airflow/dags/stackoverflow_migration_dag.py took 2.649 seconds
[2026-05-19T10:17:36.170+0000] {processor.py:161} INFO - Started process (PID=278) to work on /opt/airflow/dags/stackoverflow_migration_dag.py
[2026-05-19T10:17:36.172+0000] {processor.py:830} INFO - Processing file /opt/airflow/dags/stackoverflow_migration_dag.py for tasks to queue
[2026-05-19T10:17:36.179+0000] {logging_mixin.py:188} INFO - [2026-05-19T10:17:36.178+0000] {dagbag.py:545} INFO - Filling up the DagBag from /opt/airflow/dags/stackoverflow_migration_dag.py
[2026-05-19T10:17:37.603+0000] {processor.py:840} INFO - DAG(s) 'stackoverflow_medallion_pipeline_v2' retrieved from /opt/airflow/dags/stackoverflow_migration_dag.py
[2026-05-19T10:17:37.743+0000] {logging_mixin.py:188} INFO - [2026-05-19T10:17:37.743+0000] {dag.py:3096} INFO - Sync 1 DAGs
[2026-05-19T10:17:37.794+0000] {logging_mixin.py:188} INFO - [2026-05-19T10:17:37.794+0000] {dag.py:3954} INFO - Setting next_dagrun for stackoverflow_medallion_pipeline_v2 to 2026-05-19 00:00:00+00:00, run_after=2026-05-20 00:00:00+00:00
[2026-05-19T10:17:37.844+0000] {processor.py:183} INFO - Processing /opt/airflow/dags/stackoverflow_migration_dag.py took 1.683 seconds
[2026-05-19T10:18:08.099+0000] {processor.py:161} INFO - Started process (PID=283) to work on /opt/airflow/dags/stackoverflow_migration_dag.py
[2026-05-19T10:18:08.101+0000] {processor.py:830} INFO - Processing file /opt/airflow/dags/stackoverflow_migration_dag.py for tasks to queue
[2026-05-19T10:18:08.105+0000] {logging_mixin.py:188} INFO - [2026-05-19T10:18:08.105+0000] {dagbag.py:545} INFO - Filling up the DagBag from /opt/airflow/dags/stackoverflow_migration_dag.py
[2026-05-19T10:18:09.312+0000] {processor.py:840} INFO - DAG(s) 'stackoverflow_medallion_pipeline_v2' retrieved from /opt/airflow/dags/stackoverflow_migration_dag.py
[2026-05-19T10:18:09.405+0000] {logging_mixin.py:188} INFO - [2026-05-19T10:18:09.404+0000] {dag.py:3096} INFO - Sync 1 DAGs
[2026-05-19T10:18:09.477+0000] {logging_mixin.py:188} INFO - [2026-05-19T10:18:09.477+0000] {dag.py:3954} INFO - Setting next_dagrun for stackoverflow_medallion_pipeline_v2 to 2026-05-19 00:00:00+00:00, run_after=2026-05-20 00:00:00+00:00
[2026-05-19T10:18:09.517+0000] {processor.py:183} INFO - Processing /opt/airflow/dags/stackoverflow_migration_dag.py took 1.428 seconds
[2026-05-19T10:18:39.703+0000] {processor.py:161} INFO - Started process (PID=288) to work on /opt/airflow/dags/stackoverflow_migration_dag.py
[2026-05-19T10:18:39.705+0000] {processor.py:830} INFO - Processing file /opt/airflow/dags/stackoverflow_migration_dag.py for tasks to queue
[2026-05-19T10:18:39.708+0000] {logging_mixin.py:188} INFO - [2026-05-19T10:18:39.708+0000] {dagbag.py:545} INFO - Filling up the DagBag from /opt/airflow/dags/stackoverflow_migration_dag.py
[2026-05-19T10:18:40.891+0000] {processor.py:840} INFO - DAG(s) 'stackoverflow_medallion_pipeline_v2' retrieved from /opt/airflow/dags/stackoverflow_migration_dag.py
[2026-05-19T10:18:40.980+0000] {logging_mixin.py:188} INFO - [2026-05-19T10:18:40.980+0000] {dag.py:3096} INFO - Sync 1 DAGs
[2026-05-19T10:18:41.048+0000] {logging_mixin.py:188} INFO - [2026-05-19T10:18:41.047+0000] {dag.py:3954} INFO - Setting next_dagrun for stackoverflow_medallion_pipeline_v2 to 2026-05-19 00:00:00+00:00, run_after=2026-05-20 00:00:00+00:00
[2026-05-19T10:18:41.090+0000] {processor.py:183} INFO - Processing /opt/airflow/dags/stackoverflow_migration_dag.py took 1.395 seconds
[2026-05-19T10:19:11.320+0000] {processor.py:161} INFO - Started process (PID=293) to work on /opt/airflow/dags/stackoverflow_migration_dag.py
[2026-05-19T10:19:11.321+0000] {processor.py:830} INFO - Processing file /opt/airflow/dags/stackoverflow_migration_dag.py for tasks to queue
[2026-05-19T10:19:11.324+0000] {logging_mixin.py:188} INFO - [2026-05-19T10:19:11.324+0000] {dagbag.py:545} INFO - Filling up the DagBag from /opt/airflow/dags/stackoverflow_migration_dag.py
[2026-05-19T10:19:12.533+0000] {processor.py:840} INFO - DAG(s) 'stackoverflow_medallion_pipeline_v2' retrieved from /opt/airflow/dags/stackoverflow_migration_dag.py
[2026-05-19T10:19:12.609+0000] {logging_mixin.py:188} INFO - [2026-05-19T10:19:12.608+0000] {dag.py:3096} INFO - Sync 1 DAGs
[2026-05-19T10:19:12.670+0000] {logging_mixin.py:188} INFO - [2026-05-19T10:19:12.670+0000] {dag.py:3954} INFO - Setting next_dagrun for stackoverflow_medallion_pipeline_v2 to 2026-05-19 00:00:00+00:00, run_after=2026-05-20 00:00:00+00:00
[2026-05-19T10:19:12.739+0000] {processor.py:183} INFO - Processing /opt/airflow/dags/stackoverflow_migration_dag.py took 1.427 seconds
[2026-05-19T10:19:43.021+0000] {processor.py:161} INFO - Started process (PID=304) to work on /opt/airflow/dags/stackoverflow_migration_dag.py
[2026-05-19T10:19:43.023+0000] {processor.py:830} INFO - Processing file /opt/airflow/dags/stackoverflow_migration_dag.py for tasks to queue
[2026-05-19T10:19:43.028+0000] {logging_mixin.py:188} INFO - [2026-05-19T10:19:43.027+0000] {dagbag.py:545} INFO - Filling up the DagBag from /opt/airflow/dags/stackoverflow_migration_dag.py
[2026-05-19T10:19:44.651+0000] {processor.py:840} INFO - DAG(s) 'stackoverflow_medallion_pipeline_v2' retrieved from /opt/airflow/dags/stackoverflow_migration_dag.py
[2026-05-19T10:19:44.769+0000] {logging_mixin.py:188} INFO - [2026-05-19T10:19:44.769+0000] {dag.py:3096} INFO - Sync 1 DAGs
[2026-05-19T10:19:44.856+0000] {logging_mixin.py:188} INFO - [2026-05-19T10:19:44.856+0000] {dag.py:3954} INFO - Setting next_dagrun for stackoverflow_medallion_pipeline_v2 to 2026-05-19 00:00:00+00:00, run_after=2026-05-20 00:00:00+00:00
[2026-05-19T10:19:44.921+0000] {processor.py:183} INFO - Processing /opt/airflow/dags/stackoverflow_migration_dag.py took 1.916 seconds
[2026-05-19T10:20:15.188+0000] {processor.py:161} INFO - Started process (PID=328) to work on /opt/airflow/dags/stackoverflow_migration_dag.py
[2026-05-19T10:20:15.191+0000] {processor.py:830} INFO - Processing file /opt/airflow/dags/stackoverflow_migration_dag.py for tasks to queue
[2026-05-19T10:20:15.196+0000] {logging_mixin.py:188} INFO - [2026-05-19T10:20:15.195+0000] {dagbag.py:545} INFO - Filling up the DagBag from /opt/airflow/dags/stackoverflow_migration_dag.py
[2026-05-19T10:20:16.638+0000] {processor.py:840} INFO - DAG(s) 'stackoverflow_medallion_pipeline_v2' retrieved from /opt/airflow/dags/stackoverflow_migration_dag.py
[2026-05-19T10:20:16.765+0000] {logging_mixin.py:188} INFO - [2026-05-19T10:20:16.764+0000] {dag.py:3096} INFO - Sync 1 DAGs
[2026-05-19T10:20:16.834+0000] {logging_mixin.py:188} INFO - [2026-05-19T10:20:16.834+0000] {dag.py:3954} INFO - Setting next_dagrun for stackoverflow_medallion_pipeline_v2 to 2026-05-19 00:00:00+00:00, run_after=2026-05-20 00:00:00+00:00
[2026-05-19T10:20:16.884+0000] {processor.py:183} INFO - Processing /opt/airflow/dags/stackoverflow_migration_dag.py took 1.711 seconds
[2026-05-19T10:20:47.128+0000] {processor.py:161} INFO - Started process (PID=333) to work on /opt/airflow/dags/stackoverflow_migration_dag.py
[2026-05-19T10:20:47.130+0000] {processor.py:830} INFO - Processing file /opt/airflow/dags/stackoverflow_migration_dag.py for tasks to queue
[2026-05-19T10:20:47.134+0000] {logging_mixin.py:188} INFO - [2026-05-19T10:20:47.133+0000] {dagbag.py:545} INFO - Filling up the DagBag from /opt/airflow/dags/stackoverflow_migration_dag.py
[2026-05-19T10:20:48.312+0000] {processor.py:840} INFO - DAG(s) 'stackoverflow_medallion_pipeline_v2' retrieved from /opt/airflow/dags/stackoverflow_migration_dag.py
[2026-05-19T10:20:48.379+0000] {logging_mixin.py:188} INFO - [2026-05-19T10:20:48.379+0000] {dag.py:3096} INFO - Sync 1 DAGs
[2026-05-19T10:20:48.426+0000] {logging_mixin.py:188} INFO - [2026-05-19T10:20:48.426+0000] {dag.py:3954} INFO - Setting next_dagrun for stackoverflow_medallion_pipeline_v2 to 2026-05-19 00:00:00+00:00, run_after=2026-05-20 00:00:00+00:00
[2026-05-19T10:20:48.464+0000] {processor.py:183} INFO - Processing /opt/airflow/dags/stackoverflow_migration_dag.py took 1.347 seconds
[2026-05-19T10:21:18.693+0000] {processor.py:161} INFO - Started process (PID=338) to work on /opt/airflow/dags/stackoverflow_migration_dag.py
[2026-05-19T10:21:18.695+0000] {processor.py:830} INFO - Processing file /opt/airflow/dags/stackoverflow_migration_dag.py for tasks to queue
[2026-05-19T10:21:18.699+0000] {logging_mixin.py:188} INFO - [2026-05-19T10:21:18.698+0000] {dagbag.py:545} INFO - Filling up the DagBag from /opt/airflow/dags/stackoverflow_migration_dag.py
[2026-05-19T10:21:20.054+0000] {processor.py:840} INFO - DAG(s) 'stackoverflow_medallion_pipeline_v2' retrieved from /opt/airflow/dags/stackoverflow_migration_dag.py
[2026-05-19T10:21:20.133+0000] {logging_mixin.py:188} INFO - [2026-05-19T10:21:20.132+0000] {dag.py:3096} INFO - Sync 1 DAGs
[2026-05-19T10:21:20.187+0000] {logging_mixin.py:188} INFO - [2026-05-19T10:21:20.186+0000] {dag.py:3954} INFO - Setting next_dagrun for stackoverflow_medallion_pipeline_v2 to 2026-05-19 00:00:00+00:00, run_after=2026-05-20 00:00:00+00:00
[2026-05-19T10:21:20.237+0000] {processor.py:183} INFO - Processing /opt/airflow/dags/stackoverflow_migration_dag.py took 1.553 seconds
[2026-05-19T10:21:50.472+0000] {processor.py:161} INFO - Started process (PID=343) to work on /opt/airflow/dags/stackoverflow_migration_dag.py
[2026-05-19T10:21:50.474+0000] {processor.py:830} INFO - Processing file /opt/airflow/dags/stackoverflow_migration_dag.py for tasks to queue
[2026-05-19T10:21:50.477+0000] {logging_mixin.py:188} INFO - [2026-05-19T10:21:50.476+0000] {dagbag.py:545} INFO - Filling up the DagBag from /opt/airflow/dags/stackoverflow_migration_dag.py
[2026-05-19T10:21:51.935+0000] {processor.py:840} INFO - DAG(s) 'stackoverflow_medallion_pipeline_v2' retrieved from /opt/airflow/dags/stackoverflow_migration_dag.py
[2026-05-19T10:21:51.997+0000] {logging_mixin.py:188} INFO - [2026-05-19T10:21:51.997+0000] {dag.py:3096} INFO - Sync 1 DAGs
[2026-05-19T10:21:52.050+0000] {logging_mixin.py:188} INFO - [2026-05-19T10:21:52.049+0000] {dag.py:3954} INFO - Setting next_dagrun for stackoverflow_medallion_pipeline_v2 to 2026-05-19 00:00:00+00:00, run_after=2026-05-20 00:00:00+00:00
[2026-05-19T10:21:52.097+0000] {processor.py:183} INFO - Processing /opt/airflow/dags/stackoverflow_migration_dag.py took 1.633 seconds
[2026-05-19T10:22:22.382+0000] {processor.py:161} INFO - Started process (PID=348) to work on /opt/airflow/dags/stackoverflow_migration_dag.py
[2026-05-19T10:22:22.385+0000] {processor.py:830} INFO - Processing file /opt/airflow/dags/stackoverflow_migration_dag.py for tasks to queue
[2026-05-19T10:22:22.389+0000] {logging_mixin.py:188} INFO - [2026-05-19T10:22:22.388+0000] {dagbag.py:545} INFO - Filling up the DagBag from /opt/airflow/dags/stackoverflow_migration_dag.py
[2026-05-19T10:22:23.913+0000] {processor.py:840} INFO - DAG(s) 'stackoverflow_medallion_pipeline_v2' retrieved from /opt/airflow/dags/stackoverflow_migration_dag.py
[2026-05-19T10:22:23.993+0000] {logging_mixin.py:188} INFO - [2026-05-19T10:22:23.993+0000] {dag.py:3096} INFO - Sync 1 DAGs
[2026-05-19T10:22:24.047+0000] {logging_mixin.py:188} INFO - [2026-05-19T10:22:24.047+0000] {dag.py:3954} INFO - Setting next_dagrun for stackoverflow_medallion_pipeline_v2 to 2026-05-19 00:00:00+00:00, run_after=2026-05-20 00:00:00+00:00
[2026-05-19T10:22:24.093+0000] {processor.py:183} INFO - Processing /opt/airflow/dags/stackoverflow_migration_dag.py took 1.736 seconds
[2026-05-19T10:22:54.333+0000] {processor.py:161} INFO - Started process (PID=353) to work on /opt/airflow/dags/stackoverflow_migration_dag.py
[2026-05-19T10:22:54.335+0000] {processor.py:830} INFO - Processing file /opt/airflow/dags/stackoverflow_migration_dag.py for tasks to queue
[2026-05-19T10:22:54.340+0000] {logging_mixin.py:188} INFO - [2026-05-19T10:22:54.339+0000] {dagbag.py:545} INFO - Filling up the DagBag from /opt/airflow/dags/stackoverflow_migration_dag.py
[2026-05-19T10:22:55.902+0000] {processor.py:840} INFO - DAG(s) 'stackoverflow_medallion_pipeline_v2' retrieved from /opt/airflow/dags/stackoverflow_migration_dag.py
[2026-05-19T10:22:55.988+0000] {logging_mixin.py:188} INFO - [2026-05-19T10:22:55.987+0000] {dag.py:3096} INFO - Sync 1 DAGs
[2026-05-19T10:22:56.038+0000] {logging_mixin.py:188} INFO - [2026-05-19T10:22:56.037+0000] {dag.py:3954} INFO - Setting next_dagrun for stackoverflow_medallion_pipeline_v2 to 2026-05-19 00:00:00+00:00, run_after=2026-05-20 00:00:00+00:00
[2026-05-19T10:22:56.175+0000] {processor.py:183} INFO - Processing /opt/airflow/dags/stackoverflow_migration_dag.py took 1.859 seconds
[2026-05-19T10:23:26.431+0000] {processor.py:161} INFO - Started process (PID=358) to work on /opt/airflow/dags/stackoverflow_migration_dag.py
[2026-05-19T10:23:26.433+0000] {processor.py:830} INFO - Processing file /opt/airflow/dags/stackoverflow_migration_dag.py for tasks to queue
[2026-05-19T10:23:26.436+0000] {logging_mixin.py:188} INFO - [2026-05-19T10:23:26.436+0000] {dagbag.py:545} INFO - Filling up the DagBag from /opt/airflow/dags/stackoverflow_migration_dag.py
[2026-05-19T10:23:27.585+0000] {processor.py:840} INFO - DAG(s) 'stackoverflow_medallion_pipeline_v2' retrieved from /opt/airflow/dags/stackoverflow_migration_dag.py
[2026-05-19T10:23:27.658+0000] {logging_mixin.py:188} INFO - [2026-05-19T10:23:27.658+0000] {dag.py:3096} INFO - Sync 1 DAGs
[2026-05-19T10:23:27.719+0000] {logging_mixin.py:188} INFO - [2026-05-19T10:23:27.718+0000] {dag.py:3954} INFO - Setting next_dagrun for stackoverflow_medallion_pipeline_v2 to 2026-05-19 00:00:00+00:00, run_after=2026-05-20 00:00:00+00:00
[2026-05-19T10:23:27.768+0000] {processor.py:183} INFO - Processing /opt/airflow/dags/stackoverflow_migration_dag.py took 1.349 seconds
[2026-05-19T10:23:58.081+0000] {processor.py:161} INFO - Started process (PID=363) to work on /opt/airflow/dags/stackoverflow_migration_dag.py
[2026-05-19T10:23:58.083+0000] {processor.py:830} INFO - Processing file /opt/airflow/dags/stackoverflow_migration_dag.py for tasks to queue
[2026-05-19T10:23:58.086+0000] {logging_mixin.py:188} INFO - [2026-05-19T10:23:58.085+0000] {dagbag.py:545} INFO - Filling up the DagBag from /opt/airflow/dags/stackoverflow_migration_dag.py
[2026-05-19T10:23:59.214+0000] {processor.py:840} INFO - DAG(s) 'stackoverflow_medallion_pipeline_v2' retrieved from /opt/airflow/dags/stackoverflow_migration_dag.py
[2026-05-19T10:23:59.283+0000] {logging_mixin.py:188} INFO - [2026-05-19T10:23:59.283+0000] {dag.py:3096} INFO - Sync 1 DAGs
[2026-05-19T10:23:59.333+0000] {logging_mixin.py:188} INFO - [2026-05-19T10:23:59.332+0000] {dag.py:3954} INFO - Setting next_dagrun for stackoverflow_medallion_pipeline_v2 to 2026-05-19 00:00:00+00:00, run_after=2026-05-20 00:00:00+00:00
[2026-05-19T10:23:59.381+0000] {processor.py:183} INFO - Processing /opt/airflow/dags/stackoverflow_migration_dag.py took 1.307 seconds
[2026-05-19T10:24:29.614+0000] {processor.py:161} INFO - Started process (PID=368) to work on /opt/airflow/dags/stackoverflow_migration_dag.py
[2026-05-19T10:24:29.616+0000] {processor.py:830} INFO - Processing file /opt/airflow/dags/stackoverflow_migration_dag.py for tasks to queue
[2026-05-19T10:24:29.619+0000] {logging_mixin.py:188} INFO - [2026-05-19T10:24:29.619+0000] {dagbag.py:545} INFO - Filling up the DagBag from /opt/airflow/dags/stackoverflow_migration_dag.py
[2026-05-19T10:24:30.759+0000] {processor.py:840} INFO - DAG(s) 'stackoverflow_medallion_pipeline_v2' retrieved from /opt/airflow/dags/stackoverflow_migration_dag.py
[2026-05-19T10:24:30.837+0000] {logging_mixin.py:188} INFO - [2026-05-19T10:24:30.836+0000] {dag.py:3096} INFO - Sync 1 DAGs
[2026-05-19T10:24:30.887+0000] {logging_mixin.py:188} INFO - [2026-05-19T10:24:30.887+0000] {dag.py:3954} INFO - Setting next_dagrun for stackoverflow_medallion_pipeline_v2 to 2026-05-19 00:00:00+00:00, run_after=2026-05-20 00:00:00+00:00
[2026-05-19T10:24:30.934+0000] {processor.py:183} INFO - Processing /opt/airflow/dags/stackoverflow_migration_dag.py took 1.332 seconds
[2026-05-19T10:25:01.173+0000] {processor.py:161} INFO - Started process (PID=373) to work on /opt/airflow/dags/stackoverflow_migration_dag.py
[2026-05-19T10:25:01.175+0000] {processor.py:830} INFO - Processing file /opt/airflow/dags/stackoverflow_migration_dag.py for tasks to queue
[2026-05-19T10:25:01.179+0000] {logging_mixin.py:188} INFO - [2026-05-19T10:25:01.179+0000] {dagbag.py:545} INFO - Filling up the DagBag from /opt/airflow/dags/stackoverflow_migration_dag.py
[2026-05-19T10:25:02.524+0000] {processor.py:840} INFO - DAG(s) 'stackoverflow_medallion_pipeline_v2' retrieved from /opt/airflow/dags/stackoverflow_migration_dag.py
[2026-05-19T10:25:02.623+0000] {logging_mixin.py:188} INFO - [2026-05-19T10:25:02.623+0000] {dag.py:3096} INFO - Sync 1 DAGs
[2026-05-19T10:25:02.698+0000] {logging_mixin.py:188} INFO - [2026-05-19T10:25:02.698+0000] {dag.py:3954} INFO - Setting next_dagrun for stackoverflow_medallion_pipeline_v2 to 2026-05-19 00:00:00+00:00, run_after=2026-05-20 00:00:00+00:00
[2026-05-19T10:25:02.747+0000] {processor.py:183} INFO - Processing /opt/airflow/dags/stackoverflow_migration_dag.py took 1.584 seconds
[2026-05-19T10:25:32.991+0000] {processor.py:161} INFO - Started process (PID=378) to work on /opt/airflow/dags/stackoverflow_migration_dag.py
[2026-05-19T10:25:32.993+0000] {processor.py:830} INFO - Processing file /opt/airflow/dags/stackoverflow_migration_dag.py for tasks to queue
[2026-05-19T10:25:32.996+0000] {logging_mixin.py:188} INFO - [2026-05-19T10:25:32.995+0000] {dagbag.py:545} INFO - Filling up the DagBag from /opt/airflow/dags/stackoverflow_migration_dag.py
[2026-05-19T10:25:34.286+0000] {processor.py:840} INFO - DAG(s) 'stackoverflow_medallion_pipeline_v2' retrieved from /opt/airflow/dags/stackoverflow_migration_dag.py
[2026-05-19T10:25:34.374+0000] {logging_mixin.py:188} INFO - [2026-05-19T10:25:34.374+0000] {dag.py:3096} INFO - Sync 1 DAGs
[2026-05-19T10:25:34.425+0000] {logging_mixin.py:188} INFO - [2026-05-19T10:25:34.425+0000] {dag.py:3954} INFO - Setting next_dagrun for stackoverflow_medallion_pipeline_v2 to 2026-05-19 00:00:00+00:00, run_after=2026-05-20 00:00:00+00:00
[2026-05-19T10:25:34.468+0000] {processor.py:183} INFO - Processing /opt/airflow/dags/stackoverflow_migration_dag.py took 1.489 seconds
[2026-05-19T10:26:04.733+0000] {processor.py:161} INFO - Started process (PID=383) to work on /opt/airflow/dags/stackoverflow_migration_dag.py
[2026-05-19T10:26:04.735+0000] {processor.py:830} INFO - Processing file /opt/airflow/dags/stackoverflow_migration_dag.py for tasks to queue
[2026-05-19T10:26:04.738+0000] {logging_mixin.py:188} INFO - [2026-05-19T10:26:04.738+0000] {dagbag.py:545} INFO - Filling up the DagBag from /opt/airflow/dags/stackoverflow_migration_dag.py
[2026-05-19T10:26:05.971+0000] {processor.py:840} INFO - DAG(s) 'stackoverflow_medallion_pipeline_v2' retrieved from /opt/airflow/dags/stackoverflow_migration_dag.py
[2026-05-19T10:26:06.040+0000] {logging_mixin.py:188} INFO - [2026-05-19T10:26:06.039+0000] {dag.py:3096} INFO - Sync 1 DAGs
[2026-05-19T10:26:06.092+0000] {logging_mixin.py:188} INFO - [2026-05-19T10:26:06.092+0000] {dag.py:3954} INFO - Setting next_dagrun for stackoverflow_medallion_pipeline_v2 to 2026-05-19 00:00:00+00:00, run_after=2026-05-20 00:00:00+00:00
[2026-05-19T10:26:06.136+0000] {processor.py:183} INFO - Processing /opt/airflow/dags/stackoverflow_migration_dag.py took 1.414 seconds
[2026-05-19T10:26:36.368+0000] {processor.py:161} INFO - Started process (PID=388) to work on /opt/airflow/dags/stackoverflow_migration_dag.py
[2026-05-19T10:26:36.369+0000] {processor.py:830} INFO - Processing file /opt/airflow/dags/stackoverflow_migration_dag.py for tasks to queue
[2026-05-19T10:26:36.373+0000] {logging_mixin.py:188} INFO - [2026-05-19T10:26:36.373+0000] {dagbag.py:545} INFO - Filling up the DagBag from /opt/airflow/dags/stackoverflow_migration_dag.py
[2026-05-19T10:26:37.425+0000] {processor.py:840} INFO - DAG(s) 'stackoverflow_medallion_pipeline_v2' retrieved from /opt/airflow/dags/stackoverflow_migration_dag.py
[2026-05-19T10:26:37.495+0000] {logging_mixin.py:188} INFO - [2026-05-19T10:26:37.495+0000] {dag.py:3096} INFO - Sync 1 DAGs
[2026-05-19T10:26:37.547+0000] {logging_mixin.py:188} INFO - [2026-05-19T10:26:37.547+0000] {dag.py:3954} INFO - Setting next_dagrun for stackoverflow_medallion_pipeline_v2 to 2026-05-19 00:00:00+00:00, run_after=2026-05-20 00:00:00+00:00
[2026-05-19T10:26:37.591+0000] {processor.py:183} INFO - Processing /opt/airflow/dags/stackoverflow_migration_dag.py took 1.232 seconds
[2026-05-19T10:27:07.829+0000] {processor.py:161} INFO - Started process (PID=393) to work on /opt/airflow/dags/stackoverflow_migration_dag.py
[2026-05-19T10:27:07.831+0000] {processor.py:830} INFO - Processing file /opt/airflow/dags/stackoverflow_migration_dag.py for tasks to queue
[2026-05-19T10:27:07.834+0000] {logging_mixin.py:188} INFO - [2026-05-19T10:27:07.833+0000] {dagbag.py:545} INFO - Filling up the DagBag from /opt/airflow/dags/stackoverflow_migration_dag.py
[2026-05-19T10:27:08.853+0000] {processor.py:840} INFO - DAG(s) 'stackoverflow_medallion_pipeline_v2' retrieved from /opt/airflow/dags/stackoverflow_migration_dag.py
[2026-05-19T10:27:08.923+0000] {logging_mixin.py:188} INFO - [2026-05-19T10:27:08.923+0000] {dag.py:3096} INFO - Sync 1 DAGs
[2026-05-19T10:27:08.979+0000] {logging_mixin.py:188} INFO - [2026-05-19T10:27:08.979+0000] {dag.py:3954} INFO - Setting next_dagrun for stackoverflow_medallion_pipeline_v2 to 2026-05-19 00:00:00+00:00, run_after=2026-05-20 00:00:00+00:00
[2026-05-19T10:27:09.027+0000] {processor.py:183} INFO - Processing /opt/airflow/dags/stackoverflow_migration_dag.py took 1.206 seconds
[2026-05-19T10:27:39.278+0000] {processor.py:161} INFO - Started process (PID=398) to work on /opt/airflow/dags/stackoverflow_migration_dag.py
[2026-05-19T10:27:39.279+0000] {processor.py:830} INFO - Processing file /opt/airflow/dags/stackoverflow_migration_dag.py for tasks to queue
[2026-05-19T10:27:39.283+0000] {logging_mixin.py:188} INFO - [2026-05-19T10:27:39.282+0000] {dagbag.py:545} INFO - Filling up the DagBag from /opt/airflow/dags/stackoverflow_migration_dag.py
[2026-05-19T10:27:40.961+0000] {processor.py:840} INFO - DAG(s) 'stackoverflow_medallion_pipeline_v2' retrieved from /opt/airflow/dags/stackoverflow_migration_dag.py
[2026-05-19T10:27:41.061+0000] {logging_mixin.py:188} INFO - [2026-05-19T10:27:41.061+0000] {dag.py:3096} INFO - Sync 1 DAGs
[2026-05-19T10:27:41.126+0000] {logging_mixin.py:188} INFO - [2026-05-19T10:27:41.125+0000] {dag.py:3954} INFO - Setting next_dagrun for stackoverflow_medallion_pipeline_v2 to 2026-05-19 00:00:00+00:00, run_after=2026-05-20 00:00:00+00:00
[2026-05-19T10:27:41.184+0000] {processor.py:183} INFO - Processing /opt/airflow/dags/stackoverflow_migration_dag.py took 1.919 seconds
[2026-05-19T10:28:11.420+0000] {processor.py:161} INFO - Started process (PID=403) to work on /opt/airflow/dags/stackoverflow_migration_dag.py
[2026-05-19T10:28:11.422+0000] {processor.py:830} INFO - Processing file /opt/airflow/dags/stackoverflow_migration_dag.py for tasks to queue
[2026-05-19T10:28:11.425+0000] {logging_mixin.py:188} INFO - [2026-05-19T10:28:11.425+0000] {dagbag.py:545} INFO - Filling up the DagBag from /opt/airflow/dags/stackoverflow_migration_dag.py
[2026-05-19T10:28:12.876+0000] {processor.py:840} INFO - DAG(s) 'stackoverflow_medallion_pipeline_v2' retrieved from /opt/airflow/dags/stackoverflow_migration_dag.py
[2026-05-19T10:28:12.956+0000] {logging_mixin.py:188} INFO - [2026-05-19T10:28:12.956+0000] {dag.py:3096} INFO - Sync 1 DAGs
[2026-05-19T10:28:13.009+0000] {logging_mixin.py:188} INFO - [2026-05-19T10:28:13.009+0000] {dag.py:3954} INFO - Setting next_dagrun for stackoverflow_medallion_pipeline_v2 to 2026-05-19 00:00:00+00:00, run_after=2026-05-20 00:00:00+00:00
[2026-05-19T10:28:13.058+0000] {processor.py:183} INFO - Processing /opt/airflow/dags/stackoverflow_migration_dag.py took 1.649 seconds
[2026-05-19T10:28:43.374+0000] {processor.py:161} INFO - Started process (PID=408) to work on /opt/airflow/dags/stackoverflow_migration_dag.py
[2026-05-19T10:28:43.376+0000] {processor.py:830} INFO - Processing file /opt/airflow/dags/stackoverflow_migration_dag.py for tasks to queue
[2026-05-19T10:28:43.380+0000] {logging_mixin.py:188} INFO - [2026-05-19T10:28:43.379+0000] {dagbag.py:545} INFO - Filling up the DagBag from /opt/airflow/dags/stackoverflow_migration_dag.py
[2026-05-19T10:28:44.681+0000] {processor.py:840} INFO - DAG(s) 'stackoverflow_medallion_pipeline_v2' retrieved from /opt/airflow/dags/stackoverflow_migration_dag.py
[2026-05-19T10:28:44.753+0000] {logging_mixin.py:188} INFO - [2026-05-19T10:28:44.753+0000] {dag.py:3096} INFO - Sync 1 DAGs
[2026-05-19T10:28:44.803+0000] {logging_mixin.py:188} INFO - [2026-05-19T10:28:44.803+0000] {dag.py:3954} INFO - Setting next_dagrun for stackoverflow_medallion_pipeline_v2 to 2026-05-19 00:00:00+00:00, run_after=2026-05-20 00:00:00+00:00
[2026-05-19T10:28:44.856+0000] {processor.py:183} INFO - Processing /opt/airflow/dags/stackoverflow_migration_dag.py took 1.492 seconds
[2026-05-19T10:29:15.090+0000] {processor.py:161} INFO - Started process (PID=413) to work on /opt/airflow/dags/stackoverflow_migration_dag.py
[2026-05-19T10:29:15.092+0000] {processor.py:830} INFO - Processing file /opt/airflow/dags/stackoverflow_migration_dag.py for tasks to queue
[2026-05-19T10:29:15.095+0000] {logging_mixin.py:188} INFO - [2026-05-19T10:29:15.094+0000] {dagbag.py:545} INFO - Filling up the DagBag from /opt/airflow/dags/stackoverflow_migration_dag.py
[2026-05-19T10:29:16.248+0000] {processor.py:840} INFO - DAG(s) 'stackoverflow_medallion_pipeline_v2' retrieved from /opt/airflow/dags/stackoverflow_migration_dag.py
[2026-05-19T10:29:16.319+0000] {logging_mixin.py:188} INFO - [2026-05-19T10:29:16.319+0000] {dag.py:3096} INFO - Sync 1 DAGs
[2026-05-19T10:29:16.373+0000] {logging_mixin.py:188} INFO - [2026-05-19T10:29:16.373+0000] {dag.py:3954} INFO - Setting next_dagrun for stackoverflow_medallion_pipeline_v2 to 2026-05-19 00:00:00+00:00, run_after=2026-05-20 00:00:00+00:00
[2026-05-19T10:29:16.419+0000] {processor.py:183} INFO - Processing /opt/airflow/dags/stackoverflow_migration_dag.py took 1.342 seconds
[2026-05-19T10:29:46.643+0000] {processor.py:161} INFO - Started process (PID=418) to work on /opt/airflow/dags/stackoverflow_migration_dag.py
[2026-05-19T10:29:46.644+0000] {processor.py:830} INFO - Processing file /opt/airflow/dags/stackoverflow_migration_dag.py for tasks to queue
[2026-05-19T10:29:46.647+0000] {logging_mixin.py:188} INFO - [2026-05-19T10:29:46.647+0000] {dagbag.py:545} INFO - Filling up the DagBag from /opt/airflow/dags/stackoverflow_migration_dag.py
[2026-05-19T10:29:47.858+0000] {processor.py:840} INFO - DAG(s) 'stackoverflow_medallion_pipeline_v2' retrieved from /opt/airflow/dags/stackoverflow_migration_dag.py
[2026-05-19T10:29:47.927+0000] {logging_mixin.py:188} INFO - [2026-05-19T10:29:47.927+0000] {dag.py:3096} INFO - Sync 1 DAGs
[2026-05-19T10:29:47.975+0000] {logging_mixin.py:188} INFO - [2026-05-19T10:29:47.975+0000] {dag.py:3954} INFO - Setting next_dagrun for stackoverflow_medallion_pipeline_v2 to 2026-05-19 00:00:00+00:00, run_after=2026-05-20 00:00:00+00:00
[2026-05-19T10:29:48.019+0000] {processor.py:183} INFO - Processing /opt/airflow/dags/stackoverflow_migration_dag.py took 1.385 seconds
[2026-05-19T10:30:18.261+0000] {processor.py:161} INFO - Started process (PID=423) to work on /opt/airflow/dags/stackoverflow_migration_dag.py
[2026-05-19T10:30:18.262+0000] {processor.py:830} INFO - Processing file /opt/airflow/dags/stackoverflow_migration_dag.py for tasks to queue
[2026-05-19T10:30:18.266+0000] {logging_mixin.py:188} INFO - [2026-05-19T10:30:18.265+0000] {dagbag.py:545} INFO - Filling up the DagBag from /opt/airflow/dags/stackoverflow_migration_dag.py
[2026-05-19T10:30:19.434+0000] {processor.py:840} INFO - DAG(s) 'stackoverflow_medallion_pipeline_v2' retrieved from /opt/airflow/dags/stackoverflow_migration_dag.py
[2026-05-19T10:30:19.508+0000] {logging_mixin.py:188} INFO - [2026-05-19T10:30:19.508+0000] {dag.py:3096} INFO - Sync 1 DAGs
[2026-05-19T10:30:19.563+0000] {logging_mixin.py:188} INFO - [2026-05-19T10:30:19.563+0000] {dag.py:3954} INFO - Setting next_dagrun for stackoverflow_medallion_pipeline_v2 to 2026-05-19 00:00:00+00:00, run_after=2026-05-20 00:00:00+00:00
[2026-05-19T10:30:19.606+0000] {processor.py:183} INFO - Processing /opt/airflow/dags/stackoverflow_migration_dag.py took 1.356 seconds
[2026-05-19T10:30:50.193+0000] {processor.py:161} INFO - Started process (PID=428) to work on /opt/airflow/dags/stackoverflow_migration_dag.py
[2026-05-19T10:30:50.212+0000] {processor.py:830} INFO - Processing file /opt/airflow/dags/stackoverflow_migration_dag.py for tasks to queue
[2026-05-19T10:30:50.239+0000] {logging_mixin.py:188} INFO - [2026-05-19T10:30:50.238+0000] {dagbag.py:545} INFO - Filling up the DagBag from /opt/airflow/dags/stackoverflow_migration_dag.py
[2026-05-19T10:30:53.597+0000] {processor.py:840} INFO - DAG(s) 'stackoverflow_medallion_pipeline_v2' retrieved from /opt/airflow/dags/stackoverflow_migration_dag.py
[2026-05-19T10:30:53.689+0000] {logging_mixin.py:188} INFO - [2026-05-19T10:30:53.688+0000] {dag.py:3096} INFO - Sync 1 DAGs
[2026-05-19T10:30:53.764+0000] {logging_mixin.py:188} INFO - [2026-05-19T10:30:53.764+0000] {dag.py:3954} INFO - Setting next_dagrun for stackoverflow_medallion_pipeline_v2 to 2026-05-19 00:00:00+00:00, run_after=2026-05-20 00:00:00+00:00
[2026-05-19T10:30:53.819+0000] {processor.py:183} INFO - Processing /opt/airflow/dags/stackoverflow_migration_dag.py took 3.672 seconds
[2026-05-19T10:31:24.761+0000] {processor.py:161} INFO - Started process (PID=433) to work on /opt/airflow/dags/stackoverflow_migration_dag.py
[2026-05-19T10:31:24.763+0000] {processor.py:830} INFO - Processing file /opt/airflow/dags/stackoverflow_migration_dag.py for tasks to queue
[2026-05-19T10:31:24.768+0000] {logging_mixin.py:188} INFO - [2026-05-19T10:31:24.767+0000] {dagbag.py:545} INFO - Filling up the DagBag from /opt/airflow/dags/stackoverflow_migration_dag.py
[2026-05-19T10:31:26.341+0000] {processor.py:840} INFO - DAG(s) 'stackoverflow_medallion_pipeline_v2' retrieved from /opt/airflow/dags/stackoverflow_migration_dag.py
[2026-05-19T10:31:26.419+0000] {logging_mixin.py:188} INFO - [2026-05-19T10:31:26.419+0000] {dag.py:3096} INFO - Sync 1 DAGs
[2026-05-19T10:31:26.477+0000] {logging_mixin.py:188} INFO - [2026-05-19T10:31:26.477+0000] {dag.py:3954} INFO - Setting next_dagrun for stackoverflow_medallion_pipeline_v2 to 2026-05-19 00:00:00+00:00, run_after=2026-05-20 00:00:00+00:00
[2026-05-19T10:31:26.522+0000] {processor.py:183} INFO - Processing /opt/airflow/dags/stackoverflow_migration_dag.py took 1.773 seconds
[2026-05-19T10:31:56.792+0000] {processor.py:161} INFO - Started process (PID=438) to work on /opt/airflow/dags/stackoverflow_migration_dag.py
[2026-05-19T10:31:56.794+0000] {processor.py:830} INFO - Processing file /opt/airflow/dags/stackoverflow_migration_dag.py for tasks to queue
[2026-05-19T10:31:56.797+0000] {logging_mixin.py:188} INFO - [2026-05-19T10:31:56.797+0000] {dagbag.py:545} INFO - Filling up the DagBag from /opt/airflow/dags/stackoverflow_migration_dag.py
[2026-05-19T10:31:58.159+0000] {processor.py:840} INFO - DAG(s) 'stackoverflow_medallion_pipeline_v2' retrieved from /opt/airflow/dags/stackoverflow_migration_dag.py
[2026-05-19T10:31:58.233+0000] {logging_mixin.py:188} INFO - [2026-05-19T10:31:58.233+0000] {dag.py:3096} INFO - Sync 1 DAGs
[2026-05-19T10:31:58.285+0000] {logging_mixin.py:188} INFO - [2026-05-19T10:31:58.285+0000] {dag.py:3954} INFO - Setting next_dagrun for stackoverflow_medallion_pipeline_v2 to 2026-05-19 00:00:00+00:00, run_after=2026-05-20 00:00:00+00:00
[2026-05-19T10:31:58.324+0000] {processor.py:183} INFO - Processing /opt/airflow/dags/stackoverflow_migration_dag.py took 1.541 seconds
[2026-05-19T10:32:29.411+0000] {processor.py:161} INFO - Started process (PID=443) to work on /opt/airflow/dags/stackoverflow_migration_dag.py
[2026-05-19T10:32:29.413+0000] {processor.py:830} INFO - Processing file /opt/airflow/dags/stackoverflow_migration_dag.py for tasks to queue
[2026-05-19T10:32:29.417+0000] {logging_mixin.py:188} INFO - [2026-05-19T10:32:29.417+0000] {dagbag.py:545} INFO - Filling up the DagBag from /opt/airflow/dags/stackoverflow_migration_dag.py
[2026-05-19T10:32:30.843+0000] {processor.py:840} INFO - DAG(s) 'stackoverflow_medallion_pipeline_v2' retrieved from /opt/airflow/dags/stackoverflow_migration_dag.py
[2026-05-19T10:32:30.925+0000] {logging_mixin.py:188} INFO - [2026-05-19T10:32:30.924+0000] {dag.py:3096} INFO - Sync 1 DAGs
[2026-05-19T10:32:30.983+0000] {logging_mixin.py:188} INFO - [2026-05-19T10:32:30.982+0000] {dag.py:3954} INFO - Setting next_dagrun for stackoverflow_medallion_pipeline_v2 to 2026-05-19 00:00:00+00:00, run_after=2026-05-20 00:00:00+00:00
[2026-05-19T10:32:31.032+0000] {processor.py:183} INFO - Processing /opt/airflow/dags/stackoverflow_migration_dag.py took 1.634 seconds
[2026-05-19T10:33:01.446+0000] {processor.py:161} INFO - Started process (PID=448) to work on /opt/airflow/dags/stackoverflow_migration_dag.py
[2026-05-19T10:33:01.448+0000] {processor.py:830} INFO - Processing file /opt/airflow/dags/stackoverflow_migration_dag.py for tasks to queue
[2026-05-19T10:33:01.451+0000] {logging_mixin.py:188} INFO - [2026-05-19T10:33:01.450+0000] {dagbag.py:545} INFO - Filling up the DagBag from /opt/airflow/dags/stackoverflow_migration_dag.py
[2026-05-19T10:33:02.931+0000] {processor.py:840} INFO - DAG(s) 'stackoverflow_medallion_pipeline_v2' retrieved from /opt/airflow/dags/stackoverflow_migration_dag.py
[2026-05-19T10:33:03.013+0000] {logging_mixin.py:188} INFO - [2026-05-19T10:33:03.013+0000] {dag.py:3096} INFO - Sync 1 DAGs
[2026-05-19T10:33:03.072+0000] {logging_mixin.py:188} INFO - [2026-05-19T10:33:03.071+0000] {dag.py:3954} INFO - Setting next_dagrun for stackoverflow_medallion_pipeline_v2 to 2026-05-19 00:00:00+00:00, run_after=2026-05-20 00:00:00+00:00
[2026-05-19T10:33:03.122+0000] {processor.py:183} INFO - Processing /opt/airflow/dags/stackoverflow_migration_dag.py took 1.687 seconds
[2026-05-19T10:33:33.428+0000] {processor.py:161} INFO - Started process (PID=453) to work on /opt/airflow/dags/stackoverflow_migration_dag.py
[2026-05-19T10:33:33.430+0000] {processor.py:830} INFO - Processing file /opt/airflow/dags/stackoverflow_migration_dag.py for tasks to queue
[2026-05-19T10:33:33.434+0000] {logging_mixin.py:188} INFO - [2026-05-19T10:33:33.433+0000] {dagbag.py:545} INFO - Filling up the DagBag from /opt/airflow/dags/stackoverflow_migration_dag.py
[2026-05-19T10:33:34.889+0000] {processor.py:840} INFO - DAG(s) 'stackoverflow_medallion_pipeline_v2' retrieved from /opt/airflow/dags/stackoverflow_migration_dag.py
[2026-05-19T10:33:34.977+0000] {logging_mixin.py:188} INFO - [2026-05-19T10:33:34.976+0000] {dag.py:3096} INFO - Sync 1 DAGs
[2026-05-19T10:33:35.039+0000] {logging_mixin.py:188} INFO - [2026-05-19T10:33:35.038+0000] {dag.py:3954} INFO - Setting next_dagrun for stackoverflow_medallion_pipeline_v2 to 2026-05-19 00:00:00+00:00, run_after=2026-05-20 00:00:00+00:00
[2026-05-19T10:33:35.087+0000] {processor.py:183} INFO - Processing /opt/airflow/dags/stackoverflow_migration_dag.py took 1.674 seconds
[2026-05-19T10:34:05.390+0000] {processor.py:161} INFO - Started process (PID=458) to work on /opt/airflow/dags/stackoverflow_migration_dag.py
[2026-05-19T10:34:05.392+0000] {processor.py:830} INFO - Processing file /opt/airflow/dags/stackoverflow_migration_dag.py for tasks to queue
[2026-05-19T10:34:05.395+0000] {logging_mixin.py:188} INFO - [2026-05-19T10:34:05.394+0000] {dagbag.py:545} INFO - Filling up the DagBag from /opt/airflow/dags/stackoverflow_migration_dag.py
[2026-05-19T10:34:06.700+0000] {processor.py:840} INFO - DAG(s) 'stackoverflow_medallion_pipeline_v2' retrieved from /opt/airflow/dags/stackoverflow_migration_dag.py
[2026-05-19T10:34:06.786+0000] {logging_mixin.py:188} INFO - [2026-05-19T10:34:06.786+0000] {dag.py:3096} INFO - Sync 1 DAGs
[2026-05-19T10:34:06.850+0000] {logging_mixin.py:188} INFO - [2026-05-19T10:34:06.850+0000] {dag.py:3954} INFO - Setting next_dagrun for stackoverflow_medallion_pipeline_v2 to 2026-05-19 00:00:00+00:00, run_after=2026-05-20 00:00:00+00:00
[2026-05-19T10:34:06.901+0000] {processor.py:183} INFO - Processing /opt/airflow/dags/stackoverflow_migration_dag.py took 1.520 seconds
[2026-05-19T10:34:37.131+0000] {processor.py:161} INFO - Started process (PID=463) to work on /opt/airflow/dags/stackoverflow_migration_dag.py
[2026-05-19T10:34:37.133+0000] {processor.py:830} INFO - Processing file /opt/airflow/dags/stackoverflow_migration_dag.py for tasks to queue
[2026-05-19T10:34:37.136+0000] {logging_mixin.py:188} INFO - [2026-05-19T10:34:37.136+0000] {dagbag.py:545} INFO - Filling up the DagBag from /opt/airflow/dags/stackoverflow_migration_dag.py
[2026-05-19T10:34:38.362+0000] {processor.py:840} INFO - DAG(s) 'stackoverflow_medallion_pipeline_v2' retrieved from /opt/airflow/dags/stackoverflow_migration_dag.py
[2026-05-19T10:34:38.437+0000] {logging_mixin.py:188} INFO - [2026-05-19T10:34:38.436+0000] {dag.py:3096} INFO - Sync 1 DAGs
[2026-05-19T10:34:38.486+0000] {logging_mixin.py:188} INFO - [2026-05-19T10:34:38.485+0000] {dag.py:3954} INFO - Setting next_dagrun for stackoverflow_medallion_pipeline_v2 to 2026-05-19 00:00:00+00:00, run_after=2026-05-20 00:00:00+00:00
[2026-05-19T10:34:38.530+0000] {processor.py:183} INFO - Processing /opt/airflow/dags/stackoverflow_migration_dag.py took 1.409 seconds
[2026-05-19T10:35:08.761+0000] {processor.py:161} INFO - Started process (PID=468) to work on /opt/airflow/dags/stackoverflow_migration_dag.py
[2026-05-19T10:35:08.763+0000] {processor.py:830} INFO - Processing file /opt/airflow/dags/stackoverflow_migration_dag.py for tasks to queue
[2026-05-19T10:35:08.766+0000] {logging_mixin.py:188} INFO - [2026-05-19T10:35:08.765+0000] {dagbag.py:545} INFO - Filling up the DagBag from /opt/airflow/dags/stackoverflow_migration_dag.py
[2026-05-19T10:35:09.900+0000] {processor.py:840} INFO - DAG(s) 'stackoverflow_medallion_pipeline_v2' retrieved from /opt/airflow/dags/stackoverflow_migration_dag.py
[2026-05-19T10:35:09.978+0000] {logging_mixin.py:188} INFO - [2026-05-19T10:35:09.978+0000] {dag.py:3096} INFO - Sync 1 DAGs
[2026-05-19T10:35:10.027+0000] {logging_mixin.py:188} INFO - [2026-05-19T10:35:10.026+0000] {dag.py:3954} INFO - Setting next_dagrun for stackoverflow_medallion_pipeline_v2 to 2026-05-19 00:00:00+00:00, run_after=2026-05-20 00:00:00+00:00
[2026-05-19T10:35:10.067+0000] {processor.py:183} INFO - Processing /opt/airflow/dags/stackoverflow_migration_dag.py took 1.315 seconds
[2026-05-19T10:35:40.301+0000] {processor.py:161} INFO - Started process (PID=473) to work on /opt/airflow/dags/stackoverflow_migration_dag.py
[2026-05-19T10:35:40.303+0000] {processor.py:830} INFO - Processing file /opt/airflow/dags/stackoverflow_migration_dag.py for tasks to queue
[2026-05-19T10:35:40.306+0000] {logging_mixin.py:188} INFO - [2026-05-19T10:35:40.306+0000] {dagbag.py:545} INFO - Filling up the DagBag from /opt/airflow/dags/stackoverflow_migration_dag.py
[2026-05-19T10:35:41.445+0000] {processor.py:840} INFO - DAG(s) 'stackoverflow_medallion_pipeline_v2' retrieved from /opt/airflow/dags/stackoverflow_migration_dag.py
[2026-05-19T10:35:41.522+0000] {logging_mixin.py:188} INFO - [2026-05-19T10:35:41.521+0000] {dag.py:3096} INFO - Sync 1 DAGs
[2026-05-19T10:35:41.578+0000] {logging_mixin.py:188} INFO - [2026-05-19T10:35:41.578+0000] {dag.py:3954} INFO - Setting next_dagrun for stackoverflow_medallion_pipeline_v2 to 2026-05-19 00:00:00+00:00, run_after=2026-05-20 00:00:00+00:00
[2026-05-19T10:35:41.627+0000] {processor.py:183} INFO - Processing /opt/airflow/dags/stackoverflow_migration_dag.py took 1.338 seconds
[2026-05-19T10:36:11.897+0000] {processor.py:161} INFO - Started process (PID=478) to work on /opt/airflow/dags/stackoverflow_migration_dag.py
[2026-05-19T10:36:11.900+0000] {processor.py:830} INFO - Processing file /opt/airflow/dags/stackoverflow_migration_dag.py for tasks to queue
[2026-05-19T10:36:11.904+0000] {logging_mixin.py:188} INFO - [2026-05-19T10:36:11.904+0000] {dagbag.py:545} INFO - Filling up the DagBag from /opt/airflow/dags/stackoverflow_migration_dag.py
[2026-05-19T10:36:13.261+0000] {processor.py:840} INFO - DAG(s) 'stackoverflow_medallion_pipeline_v2' retrieved from /opt/airflow/dags/stackoverflow_migration_dag.py
[2026-05-19T10:36:13.354+0000] {logging_mixin.py:188} INFO - [2026-05-19T10:36:13.353+0000] {dag.py:3096} INFO - Sync 1 DAGs
[2026-05-19T10:36:13.424+0000] {logging_mixin.py:188} INFO - [2026-05-19T10:36:13.424+0000] {dag.py:3954} INFO - Setting next_dagrun for stackoverflow_medallion_pipeline_v2 to 2026-05-19 00:00:00+00:00, run_after=2026-05-20 00:00:00+00:00
[2026-05-19T10:36:13.477+0000] {processor.py:183} INFO - Processing /opt/airflow/dags/stackoverflow_migration_dag.py took 1.597 seconds
[2026-05-19T10:36:43.732+0000] {processor.py:161} INFO - Started process (PID=483) to work on /opt/airflow/dags/stackoverflow_migration_dag.py
[2026-05-19T10:36:43.734+0000] {processor.py:830} INFO - Processing file /opt/airflow/dags/stackoverflow_migration_dag.py for tasks to queue
[2026-05-19T10:36:43.737+0000] {logging_mixin.py:188} INFO - [2026-05-19T10:36:43.736+0000] {dagbag.py:545} INFO - Filling up the DagBag from /opt/airflow/dags/stackoverflow_migration_dag.py
[2026-05-19T10:36:45.291+0000] {processor.py:840} INFO - DAG(s) 'stackoverflow_medallion_pipeline_v2' retrieved from /opt/airflow/dags/stackoverflow_migration_dag.py
[2026-05-19T10:36:45.378+0000] {logging_mixin.py:188} INFO - [2026-05-19T10:36:45.377+0000] {dag.py:3096} INFO - Sync 1 DAGs
[2026-05-19T10:36:45.441+0000] {logging_mixin.py:188} INFO - [2026-05-19T10:36:45.440+0000] {dag.py:3954} INFO - Setting next_dagrun for stackoverflow_medallion_pipeline_v2 to 2026-05-19 00:00:00+00:00, run_after=2026-05-20 00:00:00+00:00
[2026-05-19T10:36:45.494+0000] {processor.py:183} INFO - Processing /opt/airflow/dags/stackoverflow_migration_dag.py took 1.773 seconds
[2026-05-19T10:37:15.774+0000] {processor.py:161} INFO - Started process (PID=488) to work on /opt/airflow/dags/stackoverflow_migration_dag.py
[2026-05-19T10:37:15.776+0000] {processor.py:830} INFO - Processing file /opt/airflow/dags/stackoverflow_migration_dag.py for tasks to queue
[2026-05-19T10:37:15.780+0000] {logging_mixin.py:188} INFO - [2026-05-19T10:37:15.779+0000] {dagbag.py:545} INFO - Filling up the DagBag from /opt/airflow/dags/stackoverflow_migration_dag.py
[2026-05-19T10:37:17.001+0000] {processor.py:840} INFO - DAG(s) 'stackoverflow_medallion_pipeline_v2' retrieved from /opt/airflow/dags/stackoverflow_migration_dag.py
[2026-05-19T10:37:17.082+0000] {logging_mixin.py:188} INFO - [2026-05-19T10:37:17.081+0000] {dag.py:3096} INFO - Sync 1 DAGs
[2026-05-19T10:37:17.139+0000] {logging_mixin.py:188} INFO - [2026-05-19T10:37:17.139+0000] {dag.py:3954} INFO - Setting next_dagrun for stackoverflow_medallion_pipeline_v2 to 2026-05-19 00:00:00+00:00, run_after=2026-05-20 00:00:00+00:00
[2026-05-19T10:37:17.186+0000] {processor.py:183} INFO - Processing /opt/airflow/dags/stackoverflow_migration_dag.py took 1.422 seconds
[2026-05-19T10:37:47.412+0000] {processor.py:161} INFO - Started process (PID=493) to work on /opt/airflow/dags/stackoverflow_migration_dag.py
[2026-05-19T10:37:47.414+0000] {processor.py:830} INFO - Processing file /opt/airflow/dags/stackoverflow_migration_dag.py for tasks to queue
[2026-05-19T10:37:47.417+0000] {logging_mixin.py:188} INFO - [2026-05-19T10:37:47.417+0000] {dagbag.py:545} INFO - Filling up the DagBag from /opt/airflow/dags/stackoverflow_migration_dag.py
[2026-05-19T10:37:48.479+0000] {processor.py:840} INFO - DAG(s) 'stackoverflow_medallion_pipeline_v2' retrieved from /opt/airflow/dags/stackoverflow_migration_dag.py
[2026-05-19T10:37:48.544+0000] {logging_mixin.py:188} INFO - [2026-05-19T10:37:48.543+0000] {dag.py:3096} INFO - Sync 1 DAGs
[2026-05-19T10:37:48.590+0000] {logging_mixin.py:188} INFO - [2026-05-19T10:37:48.590+0000] {dag.py:3954} INFO - Setting next_dagrun for stackoverflow_medallion_pipeline_v2 to 2026-05-19 00:00:00+00:00, run_after=2026-05-20 00:00:00+00:00
[2026-05-19T10:37:48.630+0000] {processor.py:183} INFO - Processing /opt/airflow/dags/stackoverflow_migration_dag.py took 1.226 seconds
[2026-05-19T10:38:18.845+0000] {processor.py:161} INFO - Started process (PID=498) to work on /opt/airflow/dags/stackoverflow_migration_dag.py
[2026-05-19T10:38:18.847+0000] {processor.py:830} INFO - Processing file /opt/airflow/dags/stackoverflow_migration_dag.py for tasks to queue
[2026-05-19T10:38:18.849+0000] {logging_mixin.py:188} INFO - [2026-05-19T10:38:18.849+0000] {dagbag.py:545} INFO - Filling up the DagBag from /opt/airflow/dags/stackoverflow_migration_dag.py
[2026-05-19T10:38:20.013+0000] {processor.py:840} INFO - DAG(s) 'stackoverflow_medallion_pipeline_v2' retrieved from /opt/airflow/dags/stackoverflow_migration_dag.py
[2026-05-19T10:38:20.086+0000] {logging_mixin.py:188} INFO - [2026-05-19T10:38:20.085+0000] {dag.py:3096} INFO - Sync 1 DAGs
[2026-05-19T10:38:20.148+0000] {logging_mixin.py:188} INFO - [2026-05-19T10:38:20.147+0000] {dag.py:3954} INFO - Setting next_dagrun for stackoverflow_medallion_pipeline_v2 to 2026-05-19 00:00:00+00:00, run_after=2026-05-20 00:00:00+00:00
[2026-05-19T10:38:20.202+0000] {processor.py:183} INFO - Processing /opt/airflow/dags/stackoverflow_migration_dag.py took 1.366 seconds
[2026-05-19T10:38:50.552+0000] {processor.py:161} INFO - Started process (PID=503) to work on /opt/airflow/dags/stackoverflow_migration_dag.py
[2026-05-19T10:38:50.554+0000] {processor.py:830} INFO - Processing file /opt/airflow/dags/stackoverflow_migration_dag.py for tasks to queue
[2026-05-19T10:38:50.557+0000] {logging_mixin.py:188} INFO - [2026-05-19T10:38:50.556+0000] {dagbag.py:545} INFO - Filling up the DagBag from /opt/airflow/dags/stackoverflow_migration_dag.py
[2026-05-19T10:38:51.775+0000] {processor.py:840} INFO - DAG(s) 'stackoverflow_medallion_pipeline_v2' retrieved from /opt/airflow/dags/stackoverflow_migration_dag.py
[2026-05-19T10:38:51.871+0000] {logging_mixin.py:188} INFO - [2026-05-19T10:38:51.870+0000] {dag.py:3096} INFO - Sync 1 DAGs
[2026-05-19T10:38:51.956+0000] {logging_mixin.py:188} INFO - [2026-05-19T10:38:51.955+0000] {dag.py:3954} INFO - Setting next_dagrun for stackoverflow_medallion_pipeline_v2 to 2026-05-19 00:00:00+00:00, run_after=2026-05-20 00:00:00+00:00
[2026-05-19T10:38:52.013+0000] {processor.py:183} INFO - Processing /opt/airflow/dags/stackoverflow_migration_dag.py took 1.470 seconds
[2026-05-19T10:39:22.249+0000] {processor.py:161} INFO - Started process (PID=508) to work on /opt/airflow/dags/stackoverflow_migration_dag.py
[2026-05-19T10:39:22.251+0000] {processor.py:830} INFO - Processing file /opt/airflow/dags/stackoverflow_migration_dag.py for tasks to queue
[2026-05-19T10:39:22.254+0000] {logging_mixin.py:188} INFO - [2026-05-19T10:39:22.254+0000] {dagbag.py:545} INFO - Filling up the DagBag from /opt/airflow/dags/stackoverflow_migration_dag.py
[2026-05-19T10:39:23.720+0000] {processor.py:840} INFO - DAG(s) 'stackoverflow_medallion_pipeline_v2' retrieved from /opt/airflow/dags/stackoverflow_migration_dag.py
[2026-05-19T10:39:23.794+0000] {logging_mixin.py:188} INFO - [2026-05-19T10:39:23.794+0000] {dag.py:3096} INFO - Sync 1 DAGs
[2026-05-19T10:39:23.851+0000] {logging_mixin.py:188} INFO - [2026-05-19T10:39:23.850+0000] {dag.py:3954} INFO - Setting next_dagrun for stackoverflow_medallion_pipeline_v2 to 2026-05-19 00:00:00+00:00, run_after=2026-05-20 00:00:00+00:00
[2026-05-19T10:39:23.895+0000] {processor.py:183} INFO - Processing /opt/airflow/dags/stackoverflow_migration_dag.py took 1.655 seconds
[2026-05-19T10:39:54.170+0000] {processor.py:161} INFO - Started process (PID=513) to work on /opt/airflow/dags/stackoverflow_migration_dag.py
[2026-05-19T10:39:54.173+0000] {processor.py:830} INFO - Processing file /opt/airflow/dags/stackoverflow_migration_dag.py for tasks to queue
[2026-05-19T10:39:54.178+0000] {logging_mixin.py:188} INFO - [2026-05-19T10:39:54.178+0000] {dagbag.py:545} INFO - Filling up the DagBag from /opt/airflow/dags/stackoverflow_migration_dag.py
[2026-05-19T10:39:55.533+0000] {processor.py:840} INFO - DAG(s) 'stackoverflow_medallion_pipeline_v2' retrieved from /opt/airflow/dags/stackoverflow_migration_dag.py
[2026-05-19T10:39:55.609+0000] {logging_mixin.py:188} INFO - [2026-05-19T10:39:55.609+0000] {dag.py:3096} INFO - Sync 1 DAGs
[2026-05-19T10:39:55.665+0000] {logging_mixin.py:188} INFO - [2026-05-19T10:39:55.665+0000] {dag.py:3954} INFO - Setting next_dagrun for stackoverflow_medallion_pipeline_v2 to 2026-05-19 00:00:00+00:00, run_after=2026-05-20 00:00:00+00:00
[2026-05-19T10:39:55.724+0000] {processor.py:183} INFO - Processing /opt/airflow/dags/stackoverflow_migration_dag.py took 1.565 seconds
[2026-05-19T10:40:25.982+0000] {processor.py:161} INFO - Started process (PID=518) to work on /opt/airflow/dags/stackoverflow_migration_dag.py
[2026-05-19T10:40:25.984+0000] {processor.py:830} INFO - Processing file /opt/airflow/dags/stackoverflow_migration_dag.py for tasks to queue
[2026-05-19T10:40:25.987+0000] {logging_mixin.py:188} INFO - [2026-05-19T10:40:25.986+0000] {dagbag.py:545} INFO - Filling up the DagBag from /opt/airflow/dags/stackoverflow_migration_dag.py
[2026-05-19T10:40:27.212+0000] {processor.py:840} INFO - DAG(s) 'stackoverflow_medallion_pipeline_v2' retrieved from /opt/airflow/dags/stackoverflow_migration_dag.py
[2026-05-19T10:40:27.283+0000] {logging_mixin.py:188} INFO - [2026-05-19T10:40:27.282+0000] {dag.py:3096} INFO - Sync 1 DAGs
[2026-05-19T10:40:27.336+0000] {logging_mixin.py:188} INFO - [2026-05-19T10:40:27.336+0000] {dag.py:3954} INFO - Setting next_dagrun for stackoverflow_medallion_pipeline_v2 to 2026-05-19 00:00:00+00:00, run_after=2026-05-20 00:00:00+00:00
[2026-05-19T10:40:27.383+0000] {processor.py:183} INFO - Processing /opt/airflow/dags/stackoverflow_migration_dag.py took 1.409 seconds
[2026-05-19T10:40:57.645+0000] {processor.py:161} INFO - Started process (PID=523) to work on /opt/airflow/dags/stackoverflow_migration_dag.py
[2026-05-19T10:40:57.647+0000] {processor.py:830} INFO - Processing file /opt/airflow/dags/stackoverflow_migration_dag.py for tasks to queue
[2026-05-19T10:40:57.650+0000] {logging_mixin.py:188} INFO - [2026-05-19T10:40:57.650+0000] {dagbag.py:545} INFO - Filling up the DagBag from /opt/airflow/dags/stackoverflow_migration_dag.py
[2026-05-19T10:40:58.854+0000] {processor.py:840} INFO - DAG(s) 'stackoverflow_medallion_pipeline_v2' retrieved from /opt/airflow/dags/stackoverflow_migration_dag.py
[2026-05-19T10:40:58.925+0000] {logging_mixin.py:188} INFO - [2026-05-19T10:40:58.925+0000] {dag.py:3096} INFO - Sync 1 DAGs
[2026-05-19T10:40:58.975+0000] {logging_mixin.py:188} INFO - [2026-05-19T10:40:58.974+0000] {dag.py:3954} INFO - Setting next_dagrun for stackoverflow_medallion_pipeline_v2 to 2026-05-19 00:00:00+00:00, run_after=2026-05-20 00:00:00+00:00
[2026-05-19T10:40:59.015+0000] {processor.py:183} INFO - Processing /opt/airflow/dags/stackoverflow_migration_dag.py took 1.380 seconds
[2026-05-19T10:41:29.243+0000] {processor.py:161} INFO - Started process (PID=528) to work on /opt/airflow/dags/stackoverflow_migration_dag.py
[2026-05-19T10:41:29.244+0000] {processor.py:830} INFO - Processing file /opt/airflow/dags/stackoverflow_migration_dag.py for tasks to queue
[2026-05-19T10:41:29.247+0000] {logging_mixin.py:188} INFO - [2026-05-19T10:41:29.246+0000] {dagbag.py:545} INFO - Filling up the DagBag from /opt/airflow/dags/stackoverflow_migration_dag.py
[2026-05-19T10:41:30.221+0000] {processor.py:840} INFO - DAG(s) 'stackoverflow_medallion_pipeline_v2' retrieved from /opt/airflow/dags/stackoverflow_migration_dag.py
[2026-05-19T10:41:30.279+0000] {logging_mixin.py:188} INFO - [2026-05-19T10:41:30.279+0000] {dag.py:3096} INFO - Sync 1 DAGs
[2026-05-19T10:41:30.326+0000] {logging_mixin.py:188} INFO - [2026-05-19T10:41:30.325+0000] {dag.py:3954} INFO - Setting next_dagrun for stackoverflow_medallion_pipeline_v2 to 2026-05-19 00:00:00+00:00, run_after=2026-05-20 00:00:00+00:00
[2026-05-19T10:41:30.365+0000] {processor.py:183} INFO - Processing /opt/airflow/dags/stackoverflow_migration_dag.py took 1.130 seconds
[2026-05-19T10:42:00.464+0000] {processor.py:161} INFO - Started process (PID=533) to work on /opt/airflow/dags/stackoverflow_migration_dag.py
[2026-05-19T10:42:00.465+0000] {processor.py:830} INFO - Processing file /opt/airflow/dags/stackoverflow_migration_dag.py for tasks to queue
[2026-05-19T10:42:00.469+0000] {logging_mixin.py:188} INFO - [2026-05-19T10:42:00.468+0000] {dagbag.py:545} INFO - Filling up the DagBag from /opt/airflow/dags/stackoverflow_migration_dag.py
[2026-05-19T10:42:01.696+0000] {processor.py:840} INFO - DAG(s) 'stackoverflow_medallion_pipeline_v2' retrieved from /opt/airflow/dags/stackoverflow_migration_dag.py
[2026-05-19T10:42:01.773+0000] {logging_mixin.py:188} INFO - [2026-05-19T10:42:01.773+0000] {dag.py:3096} INFO - Sync 1 DAGs
[2026-05-19T10:42:01.830+0000] {logging_mixin.py:188} INFO - [2026-05-19T10:42:01.830+0000] {dag.py:3954} INFO - Setting next_dagrun for stackoverflow_medallion_pipeline_v2 to 2026-05-19 00:00:00+00:00, run_after=2026-05-20 00:00:00+00:00
[2026-05-19T10:42:01.876+0000] {processor.py:183} INFO - Processing /opt/airflow/dags/stackoverflow_migration_dag.py took 1.425 seconds
[2026-05-19T10:42:32.133+0000] {processor.py:161} INFO - Started process (PID=538) to work on /opt/airflow/dags/stackoverflow_migration_dag.py
[2026-05-19T10:42:32.136+0000] {processor.py:830} INFO - Processing file /opt/airflow/dags/stackoverflow_migration_dag.py for tasks to queue
[2026-05-19T10:42:32.141+0000] {logging_mixin.py:188} INFO - [2026-05-19T10:42:32.140+0000] {dagbag.py:545} INFO - Filling up the DagBag from /opt/airflow/dags/stackoverflow_migration_dag.py
[2026-05-19T10:42:33.614+0000] {processor.py:840} INFO - DAG(s) 'stackoverflow_medallion_pipeline_v2' retrieved from /opt/airflow/dags/stackoverflow_migration_dag.py
[2026-05-19T10:42:33.706+0000] {logging_mixin.py:188} INFO - [2026-05-19T10:42:33.705+0000] {dag.py:3096} INFO - Sync 1 DAGs
[2026-05-19T10:42:33.766+0000] {logging_mixin.py:188} INFO - [2026-05-19T10:42:33.766+0000] {dag.py:3954} INFO - Setting next_dagrun for stackoverflow_medallion_pipeline_v2 to 2026-05-19 00:00:00+00:00, run_after=2026-05-20 00:00:00+00:00
[2026-05-19T10:42:33.814+0000] {processor.py:183} INFO - Processing /opt/airflow/dags/stackoverflow_migration_dag.py took 1.694 seconds
[2026-05-19T10:43:04.070+0000] {processor.py:161} INFO - Started process (PID=543) to work on /opt/airflow/dags/stackoverflow_migration_dag.py
[2026-05-19T10:43:04.074+0000] {processor.py:830} INFO - Processing file /opt/airflow/dags/stackoverflow_migration_dag.py for tasks to queue
[2026-05-19T10:43:04.080+0000] {logging_mixin.py:188} INFO - [2026-05-19T10:43:04.079+0000] {dagbag.py:545} INFO - Filling up the DagBag from /opt/airflow/dags/stackoverflow_migration_dag.py
[2026-05-19T10:43:07.269+0000] {processor.py:840} INFO - DAG(s) 'stackoverflow_medallion_pipeline_v2' retrieved from /opt/airflow/dags/stackoverflow_migration_dag.py
[2026-05-19T10:43:07.359+0000] {logging_mixin.py:188} INFO - [2026-05-19T10:43:07.359+0000] {dag.py:3096} INFO - Sync 1 DAGs
[2026-05-19T10:43:07.431+0000] {logging_mixin.py:188} INFO - [2026-05-19T10:43:07.430+0000] {dag.py:3954} INFO - Setting next_dagrun for stackoverflow_medallion_pipeline_v2 to 2026-05-19 00:00:00+00:00, run_after=2026-05-20 00:00:00+00:00
[2026-05-19T10:43:07.492+0000] {processor.py:183} INFO - Processing /opt/airflow/dags/stackoverflow_migration_dag.py took 3.455 seconds
[2026-05-19T10:43:38.000+0000] {processor.py:161} INFO - Started process (PID=548) to work on /opt/airflow/dags/stackoverflow_migration_dag.py
[2026-05-19T10:43:38.012+0000] {processor.py:830} INFO - Processing file /opt/airflow/dags/stackoverflow_migration_dag.py for tasks to queue
[2026-05-19T10:43:38.021+0000] {logging_mixin.py:188} INFO - [2026-05-19T10:43:38.020+0000] {dagbag.py:545} INFO - Filling up the DagBag from /opt/airflow/dags/stackoverflow_migration_dag.py
[2026-05-19T10:43:40.542+0000] {processor.py:840} INFO - DAG(s) 'stackoverflow_medallion_pipeline_v2' retrieved from /opt/airflow/dags/stackoverflow_migration_dag.py
[2026-05-19T10:43:40.635+0000] {logging_mixin.py:188} INFO - [2026-05-19T10:43:40.634+0000] {dag.py:3096} INFO - Sync 1 DAGs
[2026-05-19T10:43:40.707+0000] {logging_mixin.py:188} INFO - [2026-05-19T10:43:40.707+0000] {dag.py:3954} INFO - Setting next_dagrun for stackoverflow_medallion_pipeline_v2 to 2026-05-19 00:00:00+00:00, run_after=2026-05-20 00:00:00+00:00
[2026-05-19T10:43:40.762+0000] {processor.py:183} INFO - Processing /opt/airflow/dags/stackoverflow_migration_dag.py took 2.799 seconds
[2026-05-19T10:44:11.143+0000] {processor.py:161} INFO - Started process (PID=553) to work on /opt/airflow/dags/stackoverflow_migration_dag.py
[2026-05-19T10:44:11.147+0000] {processor.py:830} INFO - Processing file /opt/airflow/dags/stackoverflow_migration_dag.py for tasks to queue
[2026-05-19T10:44:11.153+0000] {logging_mixin.py:188} INFO - [2026-05-19T10:44:11.152+0000] {dagbag.py:545} INFO - Filling up the DagBag from /opt/airflow/dags/stackoverflow_migration_dag.py
[2026-05-19T10:44:14.421+0000] {processor.py:840} INFO - DAG(s) 'stackoverflow_medallion_pipeline_v2' retrieved from /opt/airflow/dags/stackoverflow_migration_dag.py
[2026-05-19T10:44:14.523+0000] {logging_mixin.py:188} INFO - [2026-05-19T10:44:14.523+0000] {dag.py:3096} INFO - Sync 1 DAGs
[2026-05-19T10:44:14.602+0000] {logging_mixin.py:188} INFO - [2026-05-19T10:44:14.601+0000] {dag.py:3954} INFO - Setting next_dagrun for stackoverflow_medallion_pipeline_v2 to 2026-05-19 00:00:00+00:00, run_after=2026-05-20 00:00:00+00:00
[2026-05-19T10:44:14.673+0000] {processor.py:183} INFO - Processing /opt/airflow/dags/stackoverflow_migration_dag.py took 3.553 seconds
[2026-05-19T10:44:44.966+0000] {processor.py:161} INFO - Started process (PID=558) to work on /opt/airflow/dags/stackoverflow_migration_dag.py
[2026-05-19T10:44:44.968+0000] {processor.py:830} INFO - Processing file /opt/airflow/dags/stackoverflow_migration_dag.py for tasks to queue
[2026-05-19T10:44:44.971+0000] {logging_mixin.py:188} INFO - [2026-05-19T10:44:44.971+0000] {dagbag.py:545} INFO - Filling up the DagBag from /opt/airflow/dags/stackoverflow_migration_dag.py
[2026-05-19T10:44:46.322+0000] {processor.py:840} INFO - DAG(s) 'stackoverflow_medallion_pipeline_v2' retrieved from /opt/airflow/dags/stackoverflow_migration_dag.py
[2026-05-19T10:44:46.406+0000] {logging_mixin.py:188} INFO - [2026-05-19T10:44:46.406+0000] {dag.py:3096} INFO - Sync 1 DAGs
[2026-05-19T10:44:46.464+0000] {logging_mixin.py:188} INFO - [2026-05-19T10:44:46.464+0000] {dag.py:3954} INFO - Setting next_dagrun for stackoverflow_medallion_pipeline_v2 to 2026-05-19 00:00:00+00:00, run_after=2026-05-20 00:00:00+00:00
[2026-05-19T10:44:46.508+0000] {processor.py:183} INFO - Processing /opt/airflow/dags/stackoverflow_migration_dag.py took 1.553 seconds
[2026-05-19T10:45:16.751+0000] {processor.py:161} INFO - Started process (PID=563) to work on /opt/airflow/dags/stackoverflow_migration_dag.py
[2026-05-19T10:45:16.753+0000] {processor.py:830} INFO - Processing file /opt/airflow/dags/stackoverflow_migration_dag.py for tasks to queue
[2026-05-19T10:45:16.756+0000] {logging_mixin.py:188} INFO - [2026-05-19T10:45:16.756+0000] {dagbag.py:545} INFO - Filling up the DagBag from /opt/airflow/dags/stackoverflow_migration_dag.py
[2026-05-19T10:45:17.982+0000] {processor.py:840} INFO - DAG(s) 'stackoverflow_medallion_pipeline_v2' retrieved from /opt/airflow/dags/stackoverflow_migration_dag.py
[2026-05-19T10:45:18.065+0000] {logging_mixin.py:188} INFO - [2026-05-19T10:45:18.065+0000] {dag.py:3096} INFO - Sync 1 DAGs
[2026-05-19T10:45:18.130+0000] {logging_mixin.py:188} INFO - [2026-05-19T10:45:18.130+0000] {dag.py:3954} INFO - Setting next_dagrun for stackoverflow_medallion_pipeline_v2 to 2026-05-19 00:00:00+00:00, run_after=2026-05-20 00:00:00+00:00
[2026-05-19T10:45:18.179+0000] {processor.py:183} INFO - Processing /opt/airflow/dags/stackoverflow_migration_dag.py took 1.437 seconds
[2026-05-19T10:45:48.333+0000] {processor.py:161} INFO - Started process (PID=568) to work on /opt/airflow/dags/stackoverflow_migration_dag.py
[2026-05-19T10:45:48.334+0000] {processor.py:830} INFO - Processing file /opt/airflow/dags/stackoverflow_migration_dag.py for tasks to queue
[2026-05-19T10:45:48.337+0000] {logging_mixin.py:188} INFO - [2026-05-19T10:45:48.337+0000] {dagbag.py:545} INFO - Filling up the DagBag from /opt/airflow/dags/stackoverflow_migration_dag.py
[2026-05-19T10:45:49.669+0000] {processor.py:840} INFO - DAG(s) 'stackoverflow_medallion_pipeline_v2' retrieved from /opt/airflow/dags/stackoverflow_migration_dag.py
[2026-05-19T10:45:49.740+0000] {logging_mixin.py:188} INFO - [2026-05-19T10:45:49.739+0000] {dag.py:3096} INFO - Sync 1 DAGs
[2026-05-19T10:45:49.792+0000] {logging_mixin.py:188} INFO - [2026-05-19T10:45:49.791+0000] {dag.py:3954} INFO - Setting next_dagrun for stackoverflow_medallion_pipeline_v2 to 2026-05-19 00:00:00+00:00, run_after=2026-05-20 00:00:00+00:00
[2026-05-19T10:45:49.833+0000] {processor.py:183} INFO - Processing /opt/airflow/dags/stackoverflow_migration_dag.py took 1.508 seconds
[2026-05-19T10:46:20.086+0000] {processor.py:161} INFO - Started process (PID=573) to work on /opt/airflow/dags/stackoverflow_migration_dag.py
[2026-05-19T10:46:20.088+0000] {processor.py:830} INFO - Processing file /opt/airflow/dags/stackoverflow_migration_dag.py for tasks to queue
[2026-05-19T10:46:20.092+0000] {logging_mixin.py:188} INFO - [2026-05-19T10:46:20.091+0000] {dagbag.py:545} INFO - Filling up the DagBag from /opt/airflow/dags/stackoverflow_migration_dag.py
[2026-05-19T10:46:21.310+0000] {processor.py:840} INFO - DAG(s) 'stackoverflow_medallion_pipeline_v2' retrieved from /opt/airflow/dags/stackoverflow_migration_dag.py
[2026-05-19T10:46:21.383+0000] {logging_mixin.py:188} INFO - [2026-05-19T10:46:21.383+0000] {dag.py:3096} INFO - Sync 1 DAGs
[2026-05-19T10:46:21.437+0000] {logging_mixin.py:188} INFO - [2026-05-19T10:46:21.436+0000] {dag.py:3954} INFO - Setting next_dagrun for stackoverflow_medallion_pipeline_v2 to 2026-05-19 00:00:00+00:00, run_after=2026-05-20 00:00:00+00:00
[2026-05-19T10:46:21.479+0000] {processor.py:183} INFO - Processing /opt/airflow/dags/stackoverflow_migration_dag.py took 1.403 seconds
[2026-05-19T10:46:51.728+0000] {processor.py:161} INFO - Started process (PID=578) to work on /opt/airflow/dags/stackoverflow_migration_dag.py
[2026-05-19T10:46:51.730+0000] {processor.py:830} INFO - Processing file /opt/airflow/dags/stackoverflow_migration_dag.py for tasks to queue
[2026-05-19T10:46:51.733+0000] {logging_mixin.py:188} INFO - [2026-05-19T10:46:51.732+0000] {dagbag.py:545} INFO - Filling up the DagBag from /opt/airflow/dags/stackoverflow_migration_dag.py
[2026-05-19T10:46:53.102+0000] {processor.py:840} INFO - DAG(s) 'stackoverflow_medallion_pipeline_v2' retrieved from /opt/airflow/dags/stackoverflow_migration_dag.py
[2026-05-19T10:46:53.180+0000] {logging_mixin.py:188} INFO - [2026-05-19T10:46:53.180+0000] {dag.py:3096} INFO - Sync 1 DAGs
[2026-05-19T10:46:53.232+0000] {logging_mixin.py:188} INFO - [2026-05-19T10:46:53.231+0000] {dag.py:3954} INFO - Setting next_dagrun for stackoverflow_medallion_pipeline_v2 to 2026-05-19 00:00:00+00:00, run_after=2026-05-20 00:00:00+00:00
[2026-05-19T10:46:53.279+0000] {processor.py:183} INFO - Processing /opt/airflow/dags/stackoverflow_migration_dag.py took 1.560 seconds
[2026-05-19T10:47:23.456+0000] {processor.py:161} INFO - Started process (PID=583) to work on /opt/airflow/dags/stackoverflow_migration_dag.py
[2026-05-19T10:47:23.457+0000] {processor.py:830} INFO - Processing file /opt/airflow/dags/stackoverflow_migration_dag.py for tasks to queue
[2026-05-19T10:47:23.460+0000] {logging_mixin.py:188} INFO - [2026-05-19T10:47:23.460+0000] {dagbag.py:545} INFO - Filling up the DagBag from /opt/airflow/dags/stackoverflow_migration_dag.py
[2026-05-19T10:47:24.820+0000] {processor.py:840} INFO - DAG(s) 'stackoverflow_medallion_pipeline_v2' retrieved from /opt/airflow/dags/stackoverflow_migration_dag.py
[2026-05-19T10:47:24.903+0000] {logging_mixin.py:188} INFO - [2026-05-19T10:47:24.903+0000] {dag.py:3096} INFO - Sync 1 DAGs
[2026-05-19T10:47:24.966+0000] {logging_mixin.py:188} INFO - [2026-05-19T10:47:24.965+0000] {dag.py:3954} INFO - Setting next_dagrun for stackoverflow_medallion_pipeline_v2 to 2026-05-19 00:00:00+00:00, run_after=2026-05-20 00:00:00+00:00
[2026-05-19T10:47:25.012+0000] {processor.py:183} INFO - Processing /opt/airflow/dags/stackoverflow_migration_dag.py took 1.566 seconds
[2026-05-19T10:47:55.261+0000] {processor.py:161} INFO - Started process (PID=588) to work on /opt/airflow/dags/stackoverflow_migration_dag.py
[2026-05-19T10:47:55.263+0000] {processor.py:830} INFO - Processing file /opt/airflow/dags/stackoverflow_migration_dag.py for tasks to queue
[2026-05-19T10:47:55.265+0000] {logging_mixin.py:188} INFO - [2026-05-19T10:47:55.265+0000] {dagbag.py:545} INFO - Filling up the DagBag from /opt/airflow/dags/stackoverflow_migration_dag.py
[2026-05-19T10:47:56.649+0000] {processor.py:840} INFO - DAG(s) 'stackoverflow_medallion_pipeline_v2' retrieved from /opt/airflow/dags/stackoverflow_migration_dag.py
[2026-05-19T10:47:56.718+0000] {logging_mixin.py:188} INFO - [2026-05-19T10:47:56.718+0000] {dag.py:3096} INFO - Sync 1 DAGs
[2026-05-19T10:47:56.770+0000] {logging_mixin.py:188} INFO - [2026-05-19T10:47:56.770+0000] {dag.py:3954} INFO - Setting next_dagrun for stackoverflow_medallion_pipeline_v2 to 2026-05-19 00:00:00+00:00, run_after=2026-05-20 00:00:00+00:00
[2026-05-19T10:47:56.812+0000] {processor.py:183} INFO - Processing /opt/airflow/dags/stackoverflow_migration_dag.py took 1.559 seconds
[2026-05-19T10:48:27.051+0000] {processor.py:161} INFO - Started process (PID=593) to work on /opt/airflow/dags/stackoverflow_migration_dag.py
[2026-05-19T10:48:27.053+0000] {processor.py:830} INFO - Processing file /opt/airflow/dags/stackoverflow_migration_dag.py for tasks to queue
[2026-05-19T10:48:27.057+0000] {logging_mixin.py:188} INFO - [2026-05-19T10:48:27.056+0000] {dagbag.py:545} INFO - Filling up the DagBag from /opt/airflow/dags/stackoverflow_migration_dag.py
[2026-05-19T10:48:28.284+0000] {processor.py:840} INFO - DAG(s) 'stackoverflow_medallion_pipeline_v2' retrieved from /opt/airflow/dags/stackoverflow_migration_dag.py
[2026-05-19T10:48:28.360+0000] {logging_mixin.py:188} INFO - [2026-05-19T10:48:28.360+0000] {dag.py:3096} INFO - Sync 1 DAGs
[2026-05-19T10:48:28.415+0000] {logging_mixin.py:188} INFO - [2026-05-19T10:48:28.414+0000] {dag.py:3954} INFO - Setting next_dagrun for stackoverflow_medallion_pipeline_v2 to 2026-05-19 00:00:00+00:00, run_after=2026-05-20 00:00:00+00:00
[2026-05-19T10:48:28.459+0000] {processor.py:183} INFO - Processing /opt/airflow/dags/stackoverflow_migration_dag.py took 1.419 seconds
[2026-05-19T10:48:58.699+0000] {processor.py:161} INFO - Started process (PID=598) to work on /opt/airflow/dags/stackoverflow_migration_dag.py
[2026-05-19T10:48:58.701+0000] {processor.py:830} INFO - Processing file /opt/airflow/dags/stackoverflow_migration_dag.py for tasks to queue
[2026-05-19T10:48:58.704+0000] {logging_mixin.py:188} INFO - [2026-05-19T10:48:58.704+0000] {dagbag.py:545} INFO - Filling up the DagBag from /opt/airflow/dags/stackoverflow_migration_dag.py
[2026-05-19T10:48:59.972+0000] {processor.py:840} INFO - DAG(s) 'stackoverflow_medallion_pipeline_v2' retrieved from /opt/airflow/dags/stackoverflow_migration_dag.py
[2026-05-19T10:49:00.051+0000] {logging_mixin.py:188} INFO - [2026-05-19T10:49:00.051+0000] {dag.py:3096} INFO - Sync 1 DAGs
[2026-05-19T10:49:00.102+0000] {logging_mixin.py:188} INFO - [2026-05-19T10:49:00.101+0000] {dag.py:3954} INFO - Setting next_dagrun for stackoverflow_medallion_pipeline_v2 to 2026-05-19 00:00:00+00:00, run_after=2026-05-20 00:00:00+00:00
[2026-05-19T10:49:00.147+0000] {processor.py:183} INFO - Processing /opt/airflow/dags/stackoverflow_migration_dag.py took 1.456 seconds
[2026-05-19T10:49:30.436+0000] {processor.py:161} INFO - Started process (PID=603) to work on /opt/airflow/dags/stackoverflow_migration_dag.py
[2026-05-19T10:49:30.438+0000] {processor.py:830} INFO - Processing file /opt/airflow/dags/stackoverflow_migration_dag.py for tasks to queue
[2026-05-19T10:49:30.442+0000] {logging_mixin.py:188} INFO - [2026-05-19T10:49:30.441+0000] {dagbag.py:545} INFO - Filling up the DagBag from /opt/airflow/dags/stackoverflow_migration_dag.py
[2026-05-19T10:49:31.757+0000] {processor.py:840} INFO - DAG(s) 'stackoverflow_medallion_pipeline_v2' retrieved from /opt/airflow/dags/stackoverflow_migration_dag.py
[2026-05-19T10:49:31.835+0000] {logging_mixin.py:188} INFO - [2026-05-19T10:49:31.835+0000] {dag.py:3096} INFO - Sync 1 DAGs
[2026-05-19T10:49:31.896+0000] {logging_mixin.py:188} INFO - [2026-05-19T10:49:31.895+0000] {dag.py:3954} INFO - Setting next_dagrun for stackoverflow_medallion_pipeline_v2 to 2026-05-19 00:00:00+00:00, run_after=2026-05-20 00:00:00+00:00
[2026-05-19T10:49:31.951+0000] {processor.py:183} INFO - Processing /opt/airflow/dags/stackoverflow_migration_dag.py took 1.527 seconds
[2026-05-19T10:50:02.096+0000] {processor.py:161} INFO - Started process (PID=608) to work on /opt/airflow/dags/stackoverflow_migration_dag.py
[2026-05-19T10:50:02.098+0000] {processor.py:830} INFO - Processing file /opt/airflow/dags/stackoverflow_migration_dag.py for tasks to queue
[2026-05-19T10:50:02.102+0000] {logging_mixin.py:188} INFO - [2026-05-19T10:50:02.101+0000] {dagbag.py:545} INFO - Filling up the DagBag from /opt/airflow/dags/stackoverflow_migration_dag.py
[2026-05-19T10:50:03.261+0000] {processor.py:840} INFO - DAG(s) 'stackoverflow_medallion_pipeline_v2' retrieved from /opt/airflow/dags/stackoverflow_migration_dag.py
[2026-05-19T10:50:03.328+0000] {logging_mixin.py:188} INFO - [2026-05-19T10:50:03.328+0000] {dag.py:3096} INFO - Sync 1 DAGs
[2026-05-19T10:50:03.379+0000] {logging_mixin.py:188} INFO - [2026-05-19T10:50:03.379+0000] {dag.py:3954} INFO - Setting next_dagrun for stackoverflow_medallion_pipeline_v2 to 2026-05-19 00:00:00+00:00, run_after=2026-05-20 00:00:00+00:00
[2026-05-19T10:50:03.425+0000] {processor.py:183} INFO - Processing /opt/airflow/dags/stackoverflow_migration_dag.py took 1.340 seconds
[2026-05-19T10:50:33.685+0000] {processor.py:161} INFO - Started process (PID=613) to work on /opt/airflow/dags/stackoverflow_migration_dag.py
[2026-05-19T10:50:33.687+0000] {processor.py:830} INFO - Processing file /opt/airflow/dags/stackoverflow_migration_dag.py for tasks to queue
[2026-05-19T10:50:33.691+0000] {logging_mixin.py:188} INFO - [2026-05-19T10:50:33.690+0000] {dagbag.py:545} INFO - Filling up the DagBag from /opt/airflow/dags/stackoverflow_migration_dag.py
[2026-05-19T10:50:35.188+0000] {processor.py:840} INFO - DAG(s) 'stackoverflow_medallion_pipeline_v2' retrieved from /opt/airflow/dags/stackoverflow_migration_dag.py
[2026-05-19T10:50:35.267+0000] {logging_mixin.py:188} INFO - [2026-05-19T10:50:35.267+0000] {dag.py:3096} INFO - Sync 1 DAGs
[2026-05-19T10:50:35.327+0000] {logging_mixin.py:188} INFO - [2026-05-19T10:50:35.327+0000] {dag.py:3954} INFO - Setting next_dagrun for stackoverflow_medallion_pipeline_v2 to 2026-05-19 00:00:00+00:00, run_after=2026-05-20 00:00:00+00:00
[2026-05-19T10:50:35.371+0000] {processor.py:183} INFO - Processing /opt/airflow/dags/stackoverflow_migration_dag.py took 1.696 seconds
[2026-05-19T10:51:05.590+0000] {processor.py:161} INFO - Started process (PID=618) to work on /opt/airflow/dags/stackoverflow_migration_dag.py
[2026-05-19T10:51:05.593+0000] {processor.py:830} INFO - Processing file /opt/airflow/dags/stackoverflow_migration_dag.py for tasks to queue
[2026-05-19T10:51:05.597+0000] {logging_mixin.py:188} INFO - [2026-05-19T10:51:05.596+0000] {dagbag.py:545} INFO - Filling up the DagBag from /opt/airflow/dags/stackoverflow_migration_dag.py
[2026-05-19T10:51:06.891+0000] {processor.py:840} INFO - DAG(s) 'stackoverflow_medallion_pipeline_v2' retrieved from /opt/airflow/dags/stackoverflow_migration_dag.py
[2026-05-19T10:51:06.973+0000] {logging_mixin.py:188} INFO - [2026-05-19T10:51:06.972+0000] {dag.py:3096} INFO - Sync 1 DAGs
[2026-05-19T10:51:07.026+0000] {logging_mixin.py:188} INFO - [2026-05-19T10:51:07.026+0000] {dag.py:3954} INFO - Setting next_dagrun for stackoverflow_medallion_pipeline_v2 to 2026-05-19 00:00:00+00:00, run_after=2026-05-20 00:00:00+00:00
[2026-05-19T10:51:07.071+0000] {processor.py:183} INFO - Processing /opt/airflow/dags/stackoverflow_migration_dag.py took 1.496 seconds
[2026-05-19T10:51:37.339+0000] {processor.py:161} INFO - Started process (PID=623) to work on /opt/airflow/dags/stackoverflow_migration_dag.py
[2026-05-19T10:51:37.341+0000] {processor.py:830} INFO - Processing file /opt/airflow/dags/stackoverflow_migration_dag.py for tasks to queue
[2026-05-19T10:51:37.345+0000] {logging_mixin.py:188} INFO - [2026-05-19T10:51:37.344+0000] {dagbag.py:545} INFO - Filling up the DagBag from /opt/airflow/dags/stackoverflow_migration_dag.py
[2026-05-19T10:51:38.616+0000] {processor.py:840} INFO - DAG(s) 'stackoverflow_medallion_pipeline_v2' retrieved from /opt/airflow/dags/stackoverflow_migration_dag.py
[2026-05-19T10:51:38.690+0000] {logging_mixin.py:188} INFO - [2026-05-19T10:51:38.690+0000] {dag.py:3096} INFO - Sync 1 DAGs
[2026-05-19T10:51:38.753+0000] {logging_mixin.py:188} INFO - [2026-05-19T10:51:38.753+0000] {dag.py:3954} INFO - Setting next_dagrun for stackoverflow_medallion_pipeline_v2 to 2026-05-19 00:00:00+00:00, run_after=2026-05-20 00:00:00+00:00
[2026-05-19T10:51:38.807+0000] {processor.py:183} INFO - Processing /opt/airflow/dags/stackoverflow_migration_dag.py took 1.479 seconds
[2026-05-19T10:52:09.043+0000] {processor.py:161} INFO - Started process (PID=628) to work on /opt/airflow/dags/stackoverflow_migration_dag.py
[2026-05-19T10:52:09.045+0000] {processor.py:830} INFO - Processing file /opt/airflow/dags/stackoverflow_migration_dag.py for tasks to queue
[2026-05-19T10:52:09.049+0000] {logging_mixin.py:188} INFO - [2026-05-19T10:52:09.048+0000] {dagbag.py:545} INFO - Filling up the DagBag from /opt/airflow/dags/stackoverflow_migration_dag.py
[2026-05-19T10:52:10.568+0000] {processor.py:840} INFO - DAG(s) 'stackoverflow_medallion_pipeline_v2' retrieved from /opt/airflow/dags/stackoverflow_migration_dag.py
[2026-05-19T10:52:10.645+0000] {logging_mixin.py:188} INFO - [2026-05-19T10:52:10.645+0000] {dag.py:3096} INFO - Sync 1 DAGs
[2026-05-19T10:52:10.712+0000] {logging_mixin.py:188} INFO - [2026-05-19T10:52:10.711+0000] {dag.py:3954} INFO - Setting next_dagrun for stackoverflow_medallion_pipeline_v2 to 2026-05-19 00:00:00+00:00, run_after=2026-05-20 00:00:00+00:00
[2026-05-19T10:52:10.783+0000] {processor.py:183} INFO - Processing /opt/airflow/dags/stackoverflow_migration_dag.py took 1.751 seconds
[2026-05-19T10:52:41.085+0000] {processor.py:161} INFO - Started process (PID=633) to work on /opt/airflow/dags/stackoverflow_migration_dag.py
[2026-05-19T10:52:41.088+0000] {processor.py:830} INFO - Processing file /opt/airflow/dags/stackoverflow_migration_dag.py for tasks to queue
[2026-05-19T10:52:41.092+0000] {logging_mixin.py:188} INFO - [2026-05-19T10:52:41.091+0000] {dagbag.py:545} INFO - Filling up the DagBag from /opt/airflow/dags/stackoverflow_migration_dag.py
[2026-05-19T10:52:42.620+0000] {processor.py:840} INFO - DAG(s) 'stackoverflow_medallion_pipeline_v2' retrieved from /opt/airflow/dags/stackoverflow_migration_dag.py
[2026-05-19T10:52:42.719+0000] {logging_mixin.py:188} INFO - [2026-05-19T10:52:42.719+0000] {dag.py:3096} INFO - Sync 1 DAGs
[2026-05-19T10:52:42.801+0000] {logging_mixin.py:188} INFO - [2026-05-19T10:52:42.801+0000] {dag.py:3954} INFO - Setting next_dagrun for stackoverflow_medallion_pipeline_v2 to 2026-05-19 00:00:00+00:00, run_after=2026-05-20 00:00:00+00:00
[2026-05-19T10:52:42.853+0000] {processor.py:183} INFO - Processing /opt/airflow/dags/stackoverflow_migration_dag.py took 1.778 seconds
[2026-05-19T10:53:13.126+0000] {processor.py:161} INFO - Started process (PID=638) to work on /opt/airflow/dags/stackoverflow_migration_dag.py
[2026-05-19T10:53:13.128+0000] {processor.py:830} INFO - Processing file /opt/airflow/dags/stackoverflow_migration_dag.py for tasks to queue
[2026-05-19T10:53:13.131+0000] {logging_mixin.py:188} INFO - [2026-05-19T10:53:13.131+0000] {dagbag.py:545} INFO - Filling up the DagBag from /opt/airflow/dags/stackoverflow_migration_dag.py
[2026-05-19T10:53:14.632+0000] {processor.py:840} INFO - DAG(s) 'stackoverflow_medallion_pipeline_v2' retrieved from /opt/airflow/dags/stackoverflow_migration_dag.py
[2026-05-19T10:53:14.701+0000] {logging_mixin.py:188} INFO - [2026-05-19T10:53:14.700+0000] {dag.py:3096} INFO - Sync 1 DAGs
[2026-05-19T10:53:14.752+0000] {logging_mixin.py:188} INFO - [2026-05-19T10:53:14.752+0000] {dag.py:3954} INFO - Setting next_dagrun for stackoverflow_medallion_pipeline_v2 to 2026-05-19 00:00:00+00:00, run_after=2026-05-20 00:00:00+00:00
[2026-05-19T10:53:14.796+0000] {processor.py:183} INFO - Processing /opt/airflow/dags/stackoverflow_migration_dag.py took 1.681 seconds
[2026-05-19T10:53:45.066+0000] {processor.py:161} INFO - Started process (PID=643) to work on /opt/airflow/dags/stackoverflow_migration_dag.py
[2026-05-19T10:53:45.069+0000] {processor.py:830} INFO - Processing file /opt/airflow/dags/stackoverflow_migration_dag.py for tasks to queue
[2026-05-19T10:53:45.072+0000] {logging_mixin.py:188} INFO - [2026-05-19T10:53:45.072+0000] {dagbag.py:545} INFO - Filling up the DagBag from /opt/airflow/dags/stackoverflow_migration_dag.py
[2026-05-19T10:53:46.535+0000] {processor.py:840} INFO - DAG(s) 'stackoverflow_medallion_pipeline_v2' retrieved from /opt/airflow/dags/stackoverflow_migration_dag.py
[2026-05-19T10:53:46.636+0000] {logging_mixin.py:188} INFO - [2026-05-19T10:53:46.636+0000] {dag.py:3096} INFO - Sync 1 DAGs
[2026-05-19T10:53:46.700+0000] {logging_mixin.py:188} INFO - [2026-05-19T10:53:46.700+0000] {dag.py:3954} INFO - Setting next_dagrun for stackoverflow_medallion_pipeline_v2 to 2026-05-19 00:00:00+00:00, run_after=2026-05-20 00:00:00+00:00
[2026-05-19T10:53:46.749+0000] {processor.py:183} INFO - Processing /opt/airflow/dags/stackoverflow_migration_dag.py took 1.697 seconds
[2026-05-19T10:54:16.854+0000] {processor.py:161} INFO - Started process (PID=648) to work on /opt/airflow/dags/stackoverflow_migration_dag.py
[2026-05-19T10:54:16.856+0000] {processor.py:830} INFO - Processing file /opt/airflow/dags/stackoverflow_migration_dag.py for tasks to queue
[2026-05-19T10:54:16.859+0000] {logging_mixin.py:188} INFO - [2026-05-19T10:54:16.858+0000] {dagbag.py:545} INFO - Filling up the DagBag from /opt/airflow/dags/stackoverflow_migration_dag.py
[2026-05-19T10:54:18.008+0000] {processor.py:840} INFO - DAG(s) 'stackoverflow_medallion_pipeline_v2' retrieved from /opt/airflow/dags/stackoverflow_migration_dag.py
[2026-05-19T10:54:18.091+0000] {logging_mixin.py:188} INFO - [2026-05-19T10:54:18.091+0000] {dag.py:3096} INFO - Sync 1 DAGs
[2026-05-19T10:54:18.145+0000] {logging_mixin.py:188} INFO - [2026-05-19T10:54:18.145+0000] {dag.py:3954} INFO - Setting next_dagrun for stackoverflow_medallion_pipeline_v2 to 2026-05-19 00:00:00+00:00, run_after=2026-05-20 00:00:00+00:00
[2026-05-19T10:54:18.192+0000] {processor.py:183} INFO - Processing /opt/airflow/dags/stackoverflow_migration_dag.py took 1.351 seconds
[2026-05-19T10:54:48.426+0000] {processor.py:161} INFO - Started process (PID=653) to work on /opt/airflow/dags/stackoverflow_migration_dag.py
[2026-05-19T10:54:48.428+0000] {processor.py:830} INFO - Processing file /opt/airflow/dags/stackoverflow_migration_dag.py for tasks to queue
[2026-05-19T10:54:48.430+0000] {logging_mixin.py:188} INFO - [2026-05-19T10:54:48.430+0000] {dagbag.py:545} INFO - Filling up the DagBag from /opt/airflow/dags/stackoverflow_migration_dag.py
[2026-05-19T10:54:49.704+0000] {processor.py:840} INFO - DAG(s) 'stackoverflow_medallion_pipeline_v2' retrieved from /opt/airflow/dags/stackoverflow_migration_dag.py
[2026-05-19T10:54:49.780+0000] {logging_mixin.py:188} INFO - [2026-05-19T10:54:49.780+0000] {dag.py:3096} INFO - Sync 1 DAGs
[2026-05-19T10:54:49.834+0000] {logging_mixin.py:188} INFO - [2026-05-19T10:54:49.834+0000] {dag.py:3954} INFO - Setting next_dagrun for stackoverflow_medallion_pipeline_v2 to 2026-05-19 00:00:00+00:00, run_after=2026-05-20 00:00:00+00:00
[2026-05-19T10:54:49.879+0000] {processor.py:183} INFO - Processing /opt/airflow/dags/stackoverflow_migration_dag.py took 1.463 seconds
[2026-05-19T10:55:20.150+0000] {processor.py:161} INFO - Started process (PID=658) to work on /opt/airflow/dags/stackoverflow_migration_dag.py
[2026-05-19T10:55:20.152+0000] {processor.py:830} INFO - Processing file /opt/airflow/dags/stackoverflow_migration_dag.py for tasks to queue
[2026-05-19T10:55:20.157+0000] {logging_mixin.py:188} INFO - [2026-05-19T10:55:20.156+0000] {dagbag.py:545} INFO - Filling up the DagBag from /opt/airflow/dags/stackoverflow_migration_dag.py
[2026-05-19T10:55:21.526+0000] {processor.py:840} INFO - DAG(s) 'stackoverflow_medallion_pipeline_v2' retrieved from /opt/airflow/dags/stackoverflow_migration_dag.py
[2026-05-19T10:55:21.596+0000] {logging_mixin.py:188} INFO - [2026-05-19T10:55:21.596+0000] {dag.py:3096} INFO - Sync 1 DAGs
[2026-05-19T10:55:21.646+0000] {logging_mixin.py:188} INFO - [2026-05-19T10:55:21.646+0000] {dag.py:3954} INFO - Setting next_dagrun for stackoverflow_medallion_pipeline_v2 to 2026-05-19 00:00:00+00:00, run_after=2026-05-20 00:00:00+00:00
[2026-05-19T10:55:21.688+0000] {processor.py:183} INFO - Processing /opt/airflow/dags/stackoverflow_migration_dag.py took 1.550 seconds
[2026-05-19T10:55:51.818+0000] {processor.py:161} INFO - Started process (PID=663) to work on /opt/airflow/dags/stackoverflow_migration_dag.py
[2026-05-19T10:55:51.820+0000] {processor.py:830} INFO - Processing file /opt/airflow/dags/stackoverflow_migration_dag.py for tasks to queue
[2026-05-19T10:55:51.823+0000] {logging_mixin.py:188} INFO - [2026-05-19T10:55:51.823+0000] {dagbag.py:545} INFO - Filling up the DagBag from /opt/airflow/dags/stackoverflow_migration_dag.py
[2026-05-19T10:55:53.178+0000] {processor.py:840} INFO - DAG(s) 'stackoverflow_medallion_pipeline_v2' retrieved from /opt/airflow/dags/stackoverflow_migration_dag.py
[2026-05-19T10:55:53.266+0000] {logging_mixin.py:188} INFO - [2026-05-19T10:55:53.265+0000] {dag.py:3096} INFO - Sync 1 DAGs
[2026-05-19T10:55:53.326+0000] {logging_mixin.py:188} INFO - [2026-05-19T10:55:53.326+0000] {dag.py:3954} INFO - Setting next_dagrun for stackoverflow_medallion_pipeline_v2 to 2026-05-19 00:00:00+00:00, run_after=2026-05-20 00:00:00+00:00
[2026-05-19T10:55:53.378+0000] {processor.py:183} INFO - Processing /opt/airflow/dags/stackoverflow_migration_dag.py took 1.570 seconds
[2026-05-19T10:56:23.633+0000] {processor.py:161} INFO - Started process (PID=668) to work on /opt/airflow/dags/stackoverflow_migration_dag.py
[2026-05-19T10:56:23.635+0000] {processor.py:830} INFO - Processing file /opt/airflow/dags/stackoverflow_migration_dag.py for tasks to queue
[2026-05-19T10:56:23.638+0000] {logging_mixin.py:188} INFO - [2026-05-19T10:56:23.637+0000] {dagbag.py:545} INFO - Filling up the DagBag from /opt/airflow/dags/stackoverflow_migration_dag.py
[2026-05-19T10:56:25.093+0000] {processor.py:840} INFO - DAG(s) 'stackoverflow_medallion_pipeline_v2' retrieved from /opt/airflow/dags/stackoverflow_migration_dag.py
[2026-05-19T10:56:25.175+0000] {logging_mixin.py:188} INFO - [2026-05-19T10:56:25.175+0000] {dag.py:3096} INFO - Sync 1 DAGs
[2026-05-19T10:56:25.234+0000] {logging_mixin.py:188} INFO - [2026-05-19T10:56:25.234+0000] {dag.py:3954} INFO - Setting next_dagrun for stackoverflow_medallion_pipeline_v2 to 2026-05-19 00:00:00+00:00, run_after=2026-05-20 00:00:00+00:00
[2026-05-19T10:56:25.273+0000] {processor.py:183} INFO - Processing /opt/airflow/dags/stackoverflow_migration_dag.py took 1.649 seconds
[2026-05-19T10:56:55.511+0000] {processor.py:161} INFO - Started process (PID=673) to work on /opt/airflow/dags/stackoverflow_migration_dag.py
[2026-05-19T10:56:55.513+0000] {processor.py:830} INFO - Processing file /opt/airflow/dags/stackoverflow_migration_dag.py for tasks to queue
[2026-05-19T10:56:55.516+0000] {logging_mixin.py:188} INFO - [2026-05-19T10:56:55.516+0000] {dagbag.py:545} INFO - Filling up the DagBag from /opt/airflow/dags/stackoverflow_migration_dag.py
[2026-05-19T10:56:56.940+0000] {processor.py:840} INFO - DAG(s) 'stackoverflow_medallion_pipeline_v2' retrieved from /opt/airflow/dags/stackoverflow_migration_dag.py
[2026-05-19T10:56:57.025+0000] {logging_mixin.py:188} INFO - [2026-05-19T10:56:57.024+0000] {dag.py:3096} INFO - Sync 1 DAGs
[2026-05-19T10:56:57.078+0000] {logging_mixin.py:188} INFO - [2026-05-19T10:56:57.078+0000] {dag.py:3954} INFO - Setting next_dagrun for stackoverflow_medallion_pipeline_v2 to 2026-05-19 00:00:00+00:00, run_after=2026-05-20 00:00:00+00:00
[2026-05-19T10:56:57.121+0000] {processor.py:183} INFO - Processing /opt/airflow/dags/stackoverflow_migration_dag.py took 1.618 seconds
[2026-05-19T10:57:27.402+0000] {processor.py:161} INFO - Started process (PID=678) to work on /opt/airflow/dags/stackoverflow_migration_dag.py
[2026-05-19T10:57:27.405+0000] {processor.py:830} INFO - Processing file /opt/airflow/dags/stackoverflow_migration_dag.py for tasks to queue
[2026-05-19T10:57:27.408+0000] {logging_mixin.py:188} INFO - [2026-05-19T10:57:27.408+0000] {dagbag.py:545} INFO - Filling up the DagBag from /opt/airflow/dags/stackoverflow_migration_dag.py
[2026-05-19T10:57:28.684+0000] {processor.py:840} INFO - DAG(s) 'stackoverflow_medallion_pipeline_v2' retrieved from /opt/airflow/dags/stackoverflow_migration_dag.py
[2026-05-19T10:57:28.757+0000] {logging_mixin.py:188} INFO - [2026-05-19T10:57:28.757+0000] {dag.py:3096} INFO - Sync 1 DAGs
[2026-05-19T10:57:28.808+0000] {logging_mixin.py:188} INFO - [2026-05-19T10:57:28.808+0000] {dag.py:3954} INFO - Setting next_dagrun for stackoverflow_medallion_pipeline_v2 to 2026-05-19 00:00:00+00:00, run_after=2026-05-20 00:00:00+00:00
[2026-05-19T10:57:28.851+0000] {processor.py:183} INFO - Processing /opt/airflow/dags/stackoverflow_migration_dag.py took 1.459 seconds
[2026-05-19T10:57:59.091+0000] {processor.py:161} INFO - Started process (PID=683) to work on /opt/airflow/dags/stackoverflow_migration_dag.py
[2026-05-19T10:57:59.093+0000] {processor.py:830} INFO - Processing file /opt/airflow/dags/stackoverflow_migration_dag.py for tasks to queue
[2026-05-19T10:57:59.096+0000] {logging_mixin.py:188} INFO - [2026-05-19T10:57:59.096+0000] {dagbag.py:545} INFO - Filling up the DagBag from /opt/airflow/dags/stackoverflow_migration_dag.py
[2026-05-19T10:58:00.554+0000] {processor.py:840} INFO - DAG(s) 'stackoverflow_medallion_pipeline_v2' retrieved from /opt/airflow/dags/stackoverflow_migration_dag.py
[2026-05-19T10:58:00.641+0000] {logging_mixin.py:188} INFO - [2026-05-19T10:58:00.641+0000] {dag.py:3096} INFO - Sync 1 DAGs
[2026-05-19T10:58:00.713+0000] {logging_mixin.py:188} INFO - [2026-05-19T10:58:00.713+0000] {dag.py:3954} INFO - Setting next_dagrun for stackoverflow_medallion_pipeline_v2 to 2026-05-19 00:00:00+00:00, run_after=2026-05-20 00:00:00+00:00
[2026-05-19T10:58:00.771+0000] {processor.py:183} INFO - Processing /opt/airflow/dags/stackoverflow_migration_dag.py took 1.689 seconds
[2026-05-19T10:58:31.097+0000] {processor.py:161} INFO - Started process (PID=688) to work on /opt/airflow/dags/stackoverflow_migration_dag.py
[2026-05-19T10:58:31.099+0000] {processor.py:830} INFO - Processing file /opt/airflow/dags/stackoverflow_migration_dag.py for tasks to queue
[2026-05-19T10:58:31.103+0000] {logging_mixin.py:188} INFO - [2026-05-19T10:58:31.102+0000] {dagbag.py:545} INFO - Filling up the DagBag from /opt/airflow/dags/stackoverflow_migration_dag.py
[2026-05-19T10:58:32.415+0000] {processor.py:840} INFO - DAG(s) 'stackoverflow_medallion_pipeline_v2' retrieved from /opt/airflow/dags/stackoverflow_migration_dag.py
[2026-05-19T10:58:32.495+0000] {logging_mixin.py:188} INFO - [2026-05-19T10:58:32.494+0000] {dag.py:3096} INFO - Sync 1 DAGs
[2026-05-19T10:58:32.551+0000] {logging_mixin.py:188} INFO - [2026-05-19T10:58:32.550+0000] {dag.py:3954} INFO - Setting next_dagrun for stackoverflow_medallion_pipeline_v2 to 2026-05-19 00:00:00+00:00, run_after=2026-05-20 00:00:00+00:00
[2026-05-19T10:58:32.597+0000] {processor.py:183} INFO - Processing /opt/airflow/dags/stackoverflow_migration_dag.py took 1.510 seconds
[2026-05-19T10:59:02.880+0000] {processor.py:161} INFO - Started process (PID=693) to work on /opt/airflow/dags/stackoverflow_migration_dag.py
[2026-05-19T10:59:02.882+0000] {processor.py:830} INFO - Processing file /opt/airflow/dags/stackoverflow_migration_dag.py for tasks to queue
[2026-05-19T10:59:02.886+0000] {logging_mixin.py:188} INFO - [2026-05-19T10:59:02.886+0000] {dagbag.py:545} INFO - Filling up the DagBag from /opt/airflow/dags/stackoverflow_migration_dag.py
[2026-05-19T10:59:04.201+0000] {processor.py:840} INFO - DAG(s) 'stackoverflow_medallion_pipeline_v2' retrieved from /opt/airflow/dags/stackoverflow_migration_dag.py
[2026-05-19T10:59:04.280+0000] {logging_mixin.py:188} INFO - [2026-05-19T10:59:04.279+0000] {dag.py:3096} INFO - Sync 1 DAGs
[2026-05-19T10:59:04.339+0000] {logging_mixin.py:188} INFO - [2026-05-19T10:59:04.339+0000] {dag.py:3954} INFO - Setting next_dagrun for stackoverflow_medallion_pipeline_v2 to 2026-05-19 00:00:00+00:00, run_after=2026-05-20 00:00:00+00:00
[2026-05-19T10:59:04.385+0000] {processor.py:183} INFO - Processing /opt/airflow/dags/stackoverflow_migration_dag.py took 1.518 seconds
[2026-05-19T10:59:34.637+0000] {processor.py:161} INFO - Started process (PID=698) to work on /opt/airflow/dags/stackoverflow_migration_dag.py
[2026-05-19T10:59:34.639+0000] {processor.py:830} INFO - Processing file /opt/airflow/dags/stackoverflow_migration_dag.py for tasks to queue
[2026-05-19T10:59:34.642+0000] {logging_mixin.py:188} INFO - [2026-05-19T10:59:34.642+0000] {dagbag.py:545} INFO - Filling up the DagBag from /opt/airflow/dags/stackoverflow_migration_dag.py
[2026-05-19T10:59:35.989+0000] {processor.py:840} INFO - DAG(s) 'stackoverflow_medallion_pipeline_v2' retrieved from /opt/airflow/dags/stackoverflow_migration_dag.py
[2026-05-19T10:59:36.065+0000] {logging_mixin.py:188} INFO - [2026-05-19T10:59:36.065+0000] {dag.py:3096} INFO - Sync 1 DAGs
[2026-05-19T10:59:36.123+0000] {logging_mixin.py:188} INFO - [2026-05-19T10:59:36.122+0000] {dag.py:3954} INFO - Setting next_dagrun for stackoverflow_medallion_pipeline_v2 to 2026-05-19 00:00:00+00:00, run_after=2026-05-20 00:00:00+00:00
[2026-05-19T10:59:36.168+0000] {processor.py:183} INFO - Processing /opt/airflow/dags/stackoverflow_migration_dag.py took 1.540 seconds
[2026-05-19T11:00:06.422+0000] {processor.py:161} INFO - Started process (PID=703) to work on /opt/airflow/dags/stackoverflow_migration_dag.py
[2026-05-19T11:00:06.424+0000] {processor.py:830} INFO - Processing file /opt/airflow/dags/stackoverflow_migration_dag.py for tasks to queue
[2026-05-19T11:00:06.428+0000] {logging_mixin.py:188} INFO - [2026-05-19T11:00:06.427+0000] {dagbag.py:545} INFO - Filling up the DagBag from /opt/airflow/dags/stackoverflow_migration_dag.py
[2026-05-19T11:00:07.748+0000] {processor.py:840} INFO - DAG(s) 'stackoverflow_medallion_pipeline_v2' retrieved from /opt/airflow/dags/stackoverflow_migration_dag.py
[2026-05-19T11:00:07.830+0000] {logging_mixin.py:188} INFO - [2026-05-19T11:00:07.830+0000] {dag.py:3096} INFO - Sync 1 DAGs
[2026-05-19T11:00:07.892+0000] {logging_mixin.py:188} INFO - [2026-05-19T11:00:07.891+0000] {dag.py:3954} INFO - Setting next_dagrun for stackoverflow_medallion_pipeline_v2 to 2026-05-19 00:00:00+00:00, run_after=2026-05-20 00:00:00+00:00
[2026-05-19T11:00:07.936+0000] {processor.py:183} INFO - Processing /opt/airflow/dags/stackoverflow_migration_dag.py took 1.525 seconds
[2026-05-19T11:00:38.025+0000] {processor.py:161} INFO - Started process (PID=708) to work on /opt/airflow/dags/stackoverflow_migration_dag.py
[2026-05-19T11:00:38.027+0000] {processor.py:830} INFO - Processing file /opt/airflow/dags/stackoverflow_migration_dag.py for tasks to queue
[2026-05-19T11:00:38.030+0000] {logging_mixin.py:188} INFO - [2026-05-19T11:00:38.029+0000] {dagbag.py:545} INFO - Filling up the DagBag from /opt/airflow/dags/stackoverflow_migration_dag.py
[2026-05-19T11:00:39.230+0000] {processor.py:840} INFO - DAG(s) 'stackoverflow_medallion_pipeline_v2' retrieved from /opt/airflow/dags/stackoverflow_migration_dag.py
[2026-05-19T11:00:39.296+0000] {logging_mixin.py:188} INFO - [2026-05-19T11:00:39.296+0000] {dag.py:3096} INFO - Sync 1 DAGs
[2026-05-19T11:00:39.347+0000] {logging_mixin.py:188} INFO - [2026-05-19T11:00:39.347+0000] {dag.py:3954} INFO - Setting next_dagrun for stackoverflow_medallion_pipeline_v2 to 2026-05-19 00:00:00+00:00, run_after=2026-05-20 00:00:00+00:00
[2026-05-19T11:00:39.388+0000] {processor.py:183} INFO - Processing /opt/airflow/dags/stackoverflow_migration_dag.py took 1.374 seconds
[2026-05-19T11:01:09.616+0000] {processor.py:161} INFO - Started process (PID=713) to work on /opt/airflow/dags/stackoverflow_migration_dag.py
[2026-05-19T11:01:09.617+0000] {processor.py:830} INFO - Processing file /opt/airflow/dags/stackoverflow_migration_dag.py for tasks to queue
[2026-05-19T11:01:09.620+0000] {logging_mixin.py:188} INFO - [2026-05-19T11:01:09.620+0000] {dagbag.py:545} INFO - Filling up the DagBag from /opt/airflow/dags/stackoverflow_migration_dag.py
[2026-05-19T11:01:10.786+0000] {processor.py:840} INFO - DAG(s) 'stackoverflow_medallion_pipeline_v2' retrieved from /opt/airflow/dags/stackoverflow_migration_dag.py
[2026-05-19T11:01:10.864+0000] {logging_mixin.py:188} INFO - [2026-05-19T11:01:10.864+0000] {dag.py:3096} INFO - Sync 1 DAGs
[2026-05-19T11:01:10.925+0000] {logging_mixin.py:188} INFO - [2026-05-19T11:01:10.925+0000] {dag.py:3954} INFO - Setting next_dagrun for stackoverflow_medallion_pipeline_v2 to 2026-05-19 00:00:00+00:00, run_after=2026-05-20 00:00:00+00:00
[2026-05-19T11:01:10.980+0000] {processor.py:183} INFO - Processing /opt/airflow/dags/stackoverflow_migration_dag.py took 1.373 seconds
[2026-05-19T11:01:41.231+0000] {processor.py:161} INFO - Started process (PID=718) to work on /opt/airflow/dags/stackoverflow_migration_dag.py
[2026-05-19T11:01:41.234+0000] {processor.py:830} INFO - Processing file /opt/airflow/dags/stackoverflow_migration_dag.py for tasks to queue
[2026-05-19T11:01:41.238+0000] {logging_mixin.py:188} INFO - [2026-05-19T11:01:41.237+0000] {dagbag.py:545} INFO - Filling up the DagBag from /opt/airflow/dags/stackoverflow_migration_dag.py
[2026-05-19T11:01:42.605+0000] {processor.py:840} INFO - DAG(s) 'stackoverflow_medallion_pipeline_v2' retrieved from /opt/airflow/dags/stackoverflow_migration_dag.py
[2026-05-19T11:01:42.687+0000] {logging_mixin.py:188} INFO - [2026-05-19T11:01:42.686+0000] {dag.py:3096} INFO - Sync 1 DAGs
[2026-05-19T11:01:42.755+0000] {logging_mixin.py:188} INFO - [2026-05-19T11:01:42.754+0000] {dag.py:3954} INFO - Setting next_dagrun for stackoverflow_medallion_pipeline_v2 to 2026-05-19 00:00:00+00:00, run_after=2026-05-20 00:00:00+00:00
[2026-05-19T11:01:42.810+0000] {processor.py:183} INFO - Processing /opt/airflow/dags/stackoverflow_migration_dag.py took 1.590 seconds
[2026-05-19T11:02:13.021+0000] {processor.py:161} INFO - Started process (PID=723) to work on /opt/airflow/dags/stackoverflow_migration_dag.py
[2026-05-19T11:02:13.024+0000] {processor.py:830} INFO - Processing file /opt/airflow/dags/stackoverflow_migration_dag.py for tasks to queue
[2026-05-19T11:02:13.029+0000] {logging_mixin.py:188} INFO - [2026-05-19T11:02:13.028+0000] {dagbag.py:545} INFO - Filling up the DagBag from /opt/airflow/dags/stackoverflow_migration_dag.py
[2026-05-19T11:02:14.436+0000] {processor.py:840} INFO - DAG(s) 'stackoverflow_medallion_pipeline_v2' retrieved from /opt/airflow/dags/stackoverflow_migration_dag.py
[2026-05-19T11:02:14.522+0000] {logging_mixin.py:188} INFO - [2026-05-19T11:02:14.521+0000] {dag.py:3096} INFO - Sync 1 DAGs
[2026-05-19T11:02:14.579+0000] {logging_mixin.py:188} INFO - [2026-05-19T11:02:14.579+0000] {dag.py:3954} INFO - Setting next_dagrun for stackoverflow_medallion_pipeline_v2 to 2026-05-19 00:00:00+00:00, run_after=2026-05-20 00:00:00+00:00
[2026-05-19T11:02:14.768+0000] {processor.py:183} INFO - Processing /opt/airflow/dags/stackoverflow_migration_dag.py took 1.758 seconds
[2026-05-19T11:02:45.019+0000] {processor.py:161} INFO - Started process (PID=728) to work on /opt/airflow/dags/stackoverflow_migration_dag.py
[2026-05-19T11:02:45.021+0000] {processor.py:830} INFO - Processing file /opt/airflow/dags/stackoverflow_migration_dag.py for tasks to queue
[2026-05-19T11:02:45.024+0000] {logging_mixin.py:188} INFO - [2026-05-19T11:02:45.023+0000] {dagbag.py:545} INFO - Filling up the DagBag from /opt/airflow/dags/stackoverflow_migration_dag.py
[2026-05-19T11:02:46.346+0000] {processor.py:840} INFO - DAG(s) 'stackoverflow_medallion_pipeline_v2' retrieved from /opt/airflow/dags/stackoverflow_migration_dag.py
[2026-05-19T11:02:46.415+0000] {logging_mixin.py:188} INFO - [2026-05-19T11:02:46.414+0000] {dag.py:3096} INFO - Sync 1 DAGs
[2026-05-19T11:02:46.465+0000] {logging_mixin.py:188} INFO - [2026-05-19T11:02:46.465+0000] {dag.py:3954} INFO - Setting next_dagrun for stackoverflow_medallion_pipeline_v2 to 2026-05-19 00:00:00+00:00, run_after=2026-05-20 00:00:00+00:00
[2026-05-19T11:02:46.507+0000] {processor.py:183} INFO - Processing /opt/airflow/dags/stackoverflow_migration_dag.py took 1.497 seconds
[2026-05-19T11:03:16.738+0000] {processor.py:161} INFO - Started process (PID=733) to work on /opt/airflow/dags/stackoverflow_migration_dag.py
[2026-05-19T11:03:16.739+0000] {processor.py:830} INFO - Processing file /opt/airflow/dags/stackoverflow_migration_dag.py for tasks to queue
[2026-05-19T11:03:16.742+0000] {logging_mixin.py:188} INFO - [2026-05-19T11:03:16.742+0000] {dagbag.py:545} INFO - Filling up the DagBag from /opt/airflow/dags/stackoverflow_migration_dag.py
[2026-05-19T11:03:18.068+0000] {processor.py:840} INFO - DAG(s) 'stackoverflow_medallion_pipeline_v2' retrieved from /opt/airflow/dags/stackoverflow_migration_dag.py
[2026-05-19T11:03:18.137+0000] {logging_mixin.py:188} INFO - [2026-05-19T11:03:18.137+0000] {dag.py:3096} INFO - Sync 1 DAGs
[2026-05-19T11:03:18.187+0000] {logging_mixin.py:188} INFO - [2026-05-19T11:03:18.187+0000] {dag.py:3954} INFO - Setting next_dagrun for stackoverflow_medallion_pipeline_v2 to 2026-05-19 00:00:00+00:00, run_after=2026-05-20 00:00:00+00:00
[2026-05-19T11:03:18.228+0000] {processor.py:183} INFO - Processing /opt/airflow/dags/stackoverflow_migration_dag.py took 1.499 seconds
[2026-05-19T11:03:48.537+0000] {processor.py:161} INFO - Started process (PID=738) to work on /opt/airflow/dags/stackoverflow_migration_dag.py
[2026-05-19T11:03:48.539+0000] {processor.py:830} INFO - Processing file /opt/airflow/dags/stackoverflow_migration_dag.py for tasks to queue
[2026-05-19T11:03:48.541+0000] {logging_mixin.py:188} INFO - [2026-05-19T11:03:48.541+0000] {dagbag.py:545} INFO - Filling up the DagBag from /opt/airflow/dags/stackoverflow_migration_dag.py
[2026-05-19T11:03:49.437+0000] {processor.py:840} INFO - DAG(s) 'stackoverflow_medallion_pipeline_v2' retrieved from /opt/airflow/dags/stackoverflow_migration_dag.py
[2026-05-19T11:03:49.501+0000] {logging_mixin.py:188} INFO - [2026-05-19T11:03:49.501+0000] {dag.py:3096} INFO - Sync 1 DAGs
[2026-05-19T11:03:49.545+0000] {logging_mixin.py:188} INFO - [2026-05-19T11:03:49.545+0000] {dag.py:3954} INFO - Setting next_dagrun for stackoverflow_medallion_pipeline_v2 to 2026-05-19 00:00:00+00:00, run_after=2026-05-20 00:00:00+00:00
[2026-05-19T11:03:49.606+0000] {processor.py:183} INFO - Processing /opt/airflow/dags/stackoverflow_migration_dag.py took 1.076 seconds
[2026-05-19T11:04:19.753+0000] {processor.py:161} INFO - Started process (PID=743) to work on /opt/airflow/dags/stackoverflow_migration_dag.py
[2026-05-19T11:04:19.755+0000] {processor.py:830} INFO - Processing file /opt/airflow/dags/stackoverflow_migration_dag.py for tasks to queue
[2026-05-19T11:04:19.758+0000] {logging_mixin.py:188} INFO - [2026-05-19T11:04:19.758+0000] {dagbag.py:545} INFO - Filling up the DagBag from /opt/airflow/dags/stackoverflow_migration_dag.py
[2026-05-19T11:04:21.048+0000] {processor.py:840} INFO - DAG(s) 'stackoverflow_medallion_pipeline_v2' retrieved from /opt/airflow/dags/stackoverflow_migration_dag.py
[2026-05-19T11:04:21.117+0000] {logging_mixin.py:188} INFO - [2026-05-19T11:04:21.117+0000] {dag.py:3096} INFO - Sync 1 DAGs
[2026-05-19T11:04:21.166+0000] {logging_mixin.py:188} INFO - [2026-05-19T11:04:21.165+0000] {dag.py:3954} INFO - Setting next_dagrun for stackoverflow_medallion_pipeline_v2 to 2026-05-19 00:00:00+00:00, run_after=2026-05-20 00:00:00+00:00
[2026-05-19T11:04:21.210+0000] {processor.py:183} INFO - Processing /opt/airflow/dags/stackoverflow_migration_dag.py took 1.467 seconds
[2026-05-19T11:04:51.475+0000] {processor.py:161} INFO - Started process (PID=748) to work on /opt/airflow/dags/stackoverflow_migration_dag.py
[2026-05-19T11:04:51.477+0000] {processor.py:830} INFO - Processing file /opt/airflow/dags/stackoverflow_migration_dag.py for tasks to queue
[2026-05-19T11:04:51.481+0000] {logging_mixin.py:188} INFO - [2026-05-19T11:04:51.480+0000] {dagbag.py:545} INFO - Filling up the DagBag from /opt/airflow/dags/stackoverflow_migration_dag.py
[2026-05-19T11:04:53.627+0000] {processor.py:840} INFO - DAG(s) 'stackoverflow_medallion_pipeline_v2' retrieved from /opt/airflow/dags/stackoverflow_migration_dag.py
[2026-05-19T11:04:53.741+0000] {logging_mixin.py:188} INFO - [2026-05-19T11:04:53.741+0000] {dag.py:3096} INFO - Sync 1 DAGs
[2026-05-19T11:04:53.838+0000] {logging_mixin.py:188} INFO - [2026-05-19T11:04:53.838+0000] {dag.py:3954} INFO - Setting next_dagrun for stackoverflow_medallion_pipeline_v2 to 2026-05-19 00:00:00+00:00, run_after=2026-05-20 00:00:00+00:00
[2026-05-19T11:04:53.899+0000] {processor.py:183} INFO - Processing /opt/airflow/dags/stackoverflow_migration_dag.py took 2.434 seconds
[2026-05-19T11:05:24.158+0000] {processor.py:161} INFO - Started process (PID=753) to work on /opt/airflow/dags/stackoverflow_migration_dag.py
[2026-05-19T11:05:24.159+0000] {processor.py:830} INFO - Processing file /opt/airflow/dags/stackoverflow_migration_dag.py for tasks to queue
[2026-05-19T11:05:24.163+0000] {logging_mixin.py:188} INFO - [2026-05-19T11:05:24.162+0000] {dagbag.py:545} INFO - Filling up the DagBag from /opt/airflow/dags/stackoverflow_migration_dag.py
[2026-05-19T11:05:25.636+0000] {processor.py:840} INFO - DAG(s) 'stackoverflow_medallion_pipeline_v2' retrieved from /opt/airflow/dags/stackoverflow_migration_dag.py
[2026-05-19T11:05:25.716+0000] {logging_mixin.py:188} INFO - [2026-05-19T11:05:25.715+0000] {dag.py:3096} INFO - Sync 1 DAGs
[2026-05-19T11:05:25.781+0000] {logging_mixin.py:188} INFO - [2026-05-19T11:05:25.781+0000] {dag.py:3954} INFO - Setting next_dagrun for stackoverflow_medallion_pipeline_v2 to 2026-05-19 00:00:00+00:00, run_after=2026-05-20 00:00:00+00:00
[2026-05-19T11:05:25.833+0000] {processor.py:183} INFO - Processing /opt/airflow/dags/stackoverflow_migration_dag.py took 1.685 seconds
[2026-05-19T11:05:56.069+0000] {processor.py:161} INFO - Started process (PID=758) to work on /opt/airflow/dags/stackoverflow_migration_dag.py
[2026-05-19T11:05:56.071+0000] {processor.py:830} INFO - Processing file /opt/airflow/dags/stackoverflow_migration_dag.py for tasks to queue
[2026-05-19T11:05:56.074+0000] {logging_mixin.py:188} INFO - [2026-05-19T11:05:56.073+0000] {dagbag.py:545} INFO - Filling up the DagBag from /opt/airflow/dags/stackoverflow_migration_dag.py
[2026-05-19T11:05:57.327+0000] {processor.py:840} INFO - DAG(s) 'stackoverflow_medallion_pipeline_v2' retrieved from /opt/airflow/dags/stackoverflow_migration_dag.py
[2026-05-19T11:05:57.409+0000] {logging_mixin.py:188} INFO - [2026-05-19T11:05:57.408+0000] {dag.py:3096} INFO - Sync 1 DAGs
[2026-05-19T11:05:57.464+0000] {logging_mixin.py:188} INFO - [2026-05-19T11:05:57.464+0000] {dag.py:3954} INFO - Setting next_dagrun for stackoverflow_medallion_pipeline_v2 to 2026-05-19 00:00:00+00:00, run_after=2026-05-20 00:00:00+00:00
[2026-05-19T11:05:57.514+0000] {processor.py:183} INFO - Processing /opt/airflow/dags/stackoverflow_migration_dag.py took 1.453 seconds
[2026-05-19T11:06:27.751+0000] {processor.py:161} INFO - Started process (PID=763) to work on /opt/airflow/dags/stackoverflow_migration_dag.py
[2026-05-19T11:06:27.753+0000] {processor.py:830} INFO - Processing file /opt/airflow/dags/stackoverflow_migration_dag.py for tasks to queue
[2026-05-19T11:06:27.755+0000] {logging_mixin.py:188} INFO - [2026-05-19T11:06:27.755+0000] {dagbag.py:545} INFO - Filling up the DagBag from /opt/airflow/dags/stackoverflow_migration_dag.py
[2026-05-19T11:06:29.008+0000] {processor.py:840} INFO - DAG(s) 'stackoverflow_medallion_pipeline_v2' retrieved from /opt/airflow/dags/stackoverflow_migration_dag.py
[2026-05-19T11:06:29.078+0000] {logging_mixin.py:188} INFO - [2026-05-19T11:06:29.078+0000] {dag.py:3096} INFO - Sync 1 DAGs
[2026-05-19T11:06:29.128+0000] {logging_mixin.py:188} INFO - [2026-05-19T11:06:29.128+0000] {dag.py:3954} INFO - Setting next_dagrun for stackoverflow_medallion_pipeline_v2 to 2026-05-19 00:00:00+00:00, run_after=2026-05-20 00:00:00+00:00
[2026-05-19T11:06:29.172+0000] {processor.py:183} INFO - Processing /opt/airflow/dags/stackoverflow_migration_dag.py took 1.430 seconds
[2026-05-19T11:06:59.424+0000] {processor.py:161} INFO - Started process (PID=768) to work on /opt/airflow/dags/stackoverflow_migration_dag.py
[2026-05-19T11:06:59.427+0000] {processor.py:830} INFO - Processing file /opt/airflow/dags/stackoverflow_migration_dag.py for tasks to queue
[2026-05-19T11:06:59.430+0000] {logging_mixin.py:188} INFO - [2026-05-19T11:06:59.430+0000] {dagbag.py:545} INFO - Filling up the DagBag from /opt/airflow/dags/stackoverflow_migration_dag.py
[2026-05-19T11:07:00.796+0000] {processor.py:840} INFO - DAG(s) 'stackoverflow_medallion_pipeline_v2' retrieved from /opt/airflow/dags/stackoverflow_migration_dag.py
[2026-05-19T11:07:00.863+0000] {logging_mixin.py:188} INFO - [2026-05-19T11:07:00.862+0000] {dag.py:3096} INFO - Sync 1 DAGs
[2026-05-19T11:07:00.911+0000] {logging_mixin.py:188} INFO - [2026-05-19T11:07:00.911+0000] {dag.py:3954} INFO - Setting next_dagrun for stackoverflow_medallion_pipeline_v2 to 2026-05-19 00:00:00+00:00, run_after=2026-05-20 00:00:00+00:00
[2026-05-19T11:07:00.957+0000] {processor.py:183} INFO - Processing /opt/airflow/dags/stackoverflow_migration_dag.py took 1.545 seconds
[2026-05-19T11:07:31.138+0000] {processor.py:161} INFO - Started process (PID=773) to work on /opt/airflow/dags/stackoverflow_migration_dag.py
[2026-05-19T11:07:31.140+0000] {processor.py:830} INFO - Processing file /opt/airflow/dags/stackoverflow_migration_dag.py for tasks to queue
[2026-05-19T11:07:31.143+0000] {logging_mixin.py:188} INFO - [2026-05-19T11:07:31.143+0000] {dagbag.py:545} INFO - Filling up the DagBag from /opt/airflow/dags/stackoverflow_migration_dag.py
[2026-05-19T11:07:32.470+0000] {processor.py:840} INFO - DAG(s) 'stackoverflow_medallion_pipeline_v2' retrieved from /opt/airflow/dags/stackoverflow_migration_dag.py
[2026-05-19T11:07:32.549+0000] {logging_mixin.py:188} INFO - [2026-05-19T11:07:32.548+0000] {dag.py:3096} INFO - Sync 1 DAGs
[2026-05-19T11:07:32.619+0000] {logging_mixin.py:188} INFO - [2026-05-19T11:07:32.619+0000] {dag.py:3954} INFO - Setting next_dagrun for stackoverflow_medallion_pipeline_v2 to 2026-05-19 00:00:00+00:00, run_after=2026-05-20 00:00:00+00:00
[2026-05-19T11:07:32.673+0000] {processor.py:183} INFO - Processing /opt/airflow/dags/stackoverflow_migration_dag.py took 1.545 seconds
[2026-05-19T11:08:02.945+0000] {processor.py:161} INFO - Started process (PID=778) to work on /opt/airflow/dags/stackoverflow_migration_dag.py
[2026-05-19T11:08:02.947+0000] {processor.py:830} INFO - Processing file /opt/airflow/dags/stackoverflow_migration_dag.py for tasks to queue
[2026-05-19T11:08:02.952+0000] {logging_mixin.py:188} INFO - [2026-05-19T11:08:02.951+0000] {dagbag.py:545} INFO - Filling up the DagBag from /opt/airflow/dags/stackoverflow_migration_dag.py
[2026-05-19T11:08:04.554+0000] {processor.py:840} INFO - DAG(s) 'stackoverflow_medallion_pipeline_v2' retrieved from /opt/airflow/dags/stackoverflow_migration_dag.py
[2026-05-19T11:08:04.633+0000] {logging_mixin.py:188} INFO - [2026-05-19T11:08:04.633+0000] {dag.py:3096} INFO - Sync 1 DAGs
[2026-05-19T11:08:04.689+0000] {logging_mixin.py:188} INFO - [2026-05-19T11:08:04.689+0000] {dag.py:3954} INFO - Setting next_dagrun for stackoverflow_medallion_pipeline_v2 to 2026-05-19 00:00:00+00:00, run_after=2026-05-20 00:00:00+00:00
[2026-05-19T11:08:04.736+0000] {processor.py:183} INFO - Processing /opt/airflow/dags/stackoverflow_migration_dag.py took 1.805 seconds
[2026-05-19T11:08:35.069+0000] {processor.py:161} INFO - Started process (PID=783) to work on /opt/airflow/dags/stackoverflow_migration_dag.py
[2026-05-19T11:08:35.070+0000] {processor.py:830} INFO - Processing file /opt/airflow/dags/stackoverflow_migration_dag.py for tasks to queue
[2026-05-19T11:08:35.074+0000] {logging_mixin.py:188} INFO - [2026-05-19T11:08:35.073+0000] {dagbag.py:545} INFO - Filling up the DagBag from /opt/airflow/dags/stackoverflow_migration_dag.py
[2026-05-19T11:08:36.681+0000] {processor.py:840} INFO - DAG(s) 'stackoverflow_medallion_pipeline_v2' retrieved from /opt/airflow/dags/stackoverflow_migration_dag.py
[2026-05-19T11:08:36.754+0000] {logging_mixin.py:188} INFO - [2026-05-19T11:08:36.754+0000] {dag.py:3096} INFO - Sync 1 DAGs
[2026-05-19T11:08:36.806+0000] {logging_mixin.py:188} INFO - [2026-05-19T11:08:36.805+0000] {dag.py:3954} INFO - Setting next_dagrun for stackoverflow_medallion_pipeline_v2 to 2026-05-19 00:00:00+00:00, run_after=2026-05-20 00:00:00+00:00
[2026-05-19T11:08:36.848+0000] {processor.py:183} INFO - Processing /opt/airflow/dags/stackoverflow_migration_dag.py took 1.789 seconds
[2026-05-19T11:09:07.119+0000] {processor.py:161} INFO - Started process (PID=788) to work on /opt/airflow/dags/stackoverflow_migration_dag.py
[2026-05-19T11:09:07.121+0000] {processor.py:830} INFO - Processing file /opt/airflow/dags/stackoverflow_migration_dag.py for tasks to queue
[2026-05-19T11:09:07.124+0000] {logging_mixin.py:188} INFO - [2026-05-19T11:09:07.124+0000] {dagbag.py:545} INFO - Filling up the DagBag from /opt/airflow/dags/stackoverflow_migration_dag.py
[2026-05-19T11:09:08.393+0000] {processor.py:840} INFO - DAG(s) 'stackoverflow_medallion_pipeline_v2' retrieved from /opt/airflow/dags/stackoverflow_migration_dag.py
[2026-05-19T11:09:08.467+0000] {logging_mixin.py:188} INFO - [2026-05-19T11:09:08.466+0000] {dag.py:3096} INFO - Sync 1 DAGs
[2026-05-19T11:09:08.516+0000] {logging_mixin.py:188} INFO - [2026-05-19T11:09:08.516+0000] {dag.py:3954} INFO - Setting next_dagrun for stackoverflow_medallion_pipeline_v2 to 2026-05-19 00:00:00+00:00, run_after=2026-05-20 00:00:00+00:00
[2026-05-19T11:09:08.559+0000] {processor.py:183} INFO - Processing /opt/airflow/dags/stackoverflow_migration_dag.py took 1.451 seconds
[2026-05-19T11:09:38.804+0000] {processor.py:161} INFO - Started process (PID=793) to work on /opt/airflow/dags/stackoverflow_migration_dag.py
[2026-05-19T11:09:38.806+0000] {processor.py:830} INFO - Processing file /opt/airflow/dags/stackoverflow_migration_dag.py for tasks to queue
[2026-05-19T11:09:38.810+0000] {logging_mixin.py:188} INFO - [2026-05-19T11:09:38.809+0000] {dagbag.py:545} INFO - Filling up the DagBag from /opt/airflow/dags/stackoverflow_migration_dag.py
[2026-05-19T11:09:40.215+0000] {processor.py:840} INFO - DAG(s) 'stackoverflow_medallion_pipeline_v2' retrieved from /opt/airflow/dags/stackoverflow_migration_dag.py
[2026-05-19T11:09:40.295+0000] {logging_mixin.py:188} INFO - [2026-05-19T11:09:40.294+0000] {dag.py:3096} INFO - Sync 1 DAGs
[2026-05-19T11:09:40.346+0000] {logging_mixin.py:188} INFO - [2026-05-19T11:09:40.346+0000] {dag.py:3954} INFO - Setting next_dagrun for stackoverflow_medallion_pipeline_v2 to 2026-05-19 00:00:00+00:00, run_after=2026-05-20 00:00:00+00:00
[2026-05-19T11:09:40.389+0000] {processor.py:183} INFO - Processing /opt/airflow/dags/stackoverflow_migration_dag.py took 1.596 seconds
[2026-05-19T11:10:10.656+0000] {processor.py:161} INFO - Started process (PID=798) to work on /opt/airflow/dags/stackoverflow_migration_dag.py
[2026-05-19T11:10:10.658+0000] {processor.py:830} INFO - Processing file /opt/airflow/dags/stackoverflow_migration_dag.py for tasks to queue
[2026-05-19T11:10:10.662+0000] {logging_mixin.py:188} INFO - [2026-05-19T11:10:10.662+0000] {dagbag.py:545} INFO - Filling up the DagBag from /opt/airflow/dags/stackoverflow_migration_dag.py
[2026-05-19T11:10:12.174+0000] {processor.py:840} INFO - DAG(s) 'stackoverflow_medallion_pipeline_v2' retrieved from /opt/airflow/dags/stackoverflow_migration_dag.py
[2026-05-19T11:10:12.252+0000] {logging_mixin.py:188} INFO - [2026-05-19T11:10:12.251+0000] {dag.py:3096} INFO - Sync 1 DAGs
[2026-05-19T11:10:12.317+0000] {logging_mixin.py:188} INFO - [2026-05-19T11:10:12.317+0000] {dag.py:3954} INFO - Setting next_dagrun for stackoverflow_medallion_pipeline_v2 to 2026-05-19 00:00:00+00:00, run_after=2026-05-20 00:00:00+00:00
[2026-05-19T11:10:12.372+0000] {processor.py:183} INFO - Processing /opt/airflow/dags/stackoverflow_migration_dag.py took 1.728 seconds
[2026-05-19T11:10:42.708+0000] {processor.py:161} INFO - Started process (PID=803) to work on /opt/airflow/dags/stackoverflow_migration_dag.py
[2026-05-19T11:10:42.710+0000] {processor.py:830} INFO - Processing file /opt/airflow/dags/stackoverflow_migration_dag.py for tasks to queue
[2026-05-19T11:10:42.716+0000] {logging_mixin.py:188} INFO - [2026-05-19T11:10:42.715+0000] {dagbag.py:545} INFO - Filling up the DagBag from /opt/airflow/dags/stackoverflow_migration_dag.py
[2026-05-19T11:10:46.072+0000] {processor.py:840} INFO - DAG(s) 'stackoverflow_medallion_pipeline_v2' retrieved from /opt/airflow/dags/stackoverflow_migration_dag.py
[2026-05-19T11:10:46.187+0000] {logging_mixin.py:188} INFO - [2026-05-19T11:10:46.187+0000] {dag.py:3096} INFO - Sync 1 DAGs
[2026-05-19T11:10:46.269+0000] {logging_mixin.py:188} INFO - [2026-05-19T11:10:46.269+0000] {dag.py:3954} INFO - Setting next_dagrun for stackoverflow_medallion_pipeline_v2 to 2026-05-19 00:00:00+00:00, run_after=2026-05-20 00:00:00+00:00
[2026-05-19T11:10:46.330+0000] {processor.py:183} INFO - Processing /opt/airflow/dags/stackoverflow_migration_dag.py took 3.635 seconds
[2026-05-19T11:11:16.693+0000] {processor.py:161} INFO - Started process (PID=808) to work on /opt/airflow/dags/stackoverflow_migration_dag.py
[2026-05-19T11:11:16.695+0000] {processor.py:830} INFO - Processing file /opt/airflow/dags/stackoverflow_migration_dag.py for tasks to queue
[2026-05-19T11:11:16.697+0000] {logging_mixin.py:188} INFO - [2026-05-19T11:11:16.696+0000] {dagbag.py:545} INFO - Filling up the DagBag from /opt/airflow/dags/stackoverflow_migration_dag.py
[2026-05-19T11:11:17.845+0000] {processor.py:840} INFO - DAG(s) 'stackoverflow_medallion_pipeline_v2' retrieved from /opt/airflow/dags/stackoverflow_migration_dag.py
[2026-05-19T11:11:17.910+0000] {logging_mixin.py:188} INFO - [2026-05-19T11:11:17.910+0000] {dag.py:3096} INFO - Sync 1 DAGs
[2026-05-19T11:11:17.958+0000] {logging_mixin.py:188} INFO - [2026-05-19T11:11:17.958+0000] {dag.py:3954} INFO - Setting next_dagrun for stackoverflow_medallion_pipeline_v2 to 2026-05-19 00:00:00+00:00, run_after=2026-05-20 00:00:00+00:00
[2026-05-19T11:11:18.005+0000] {processor.py:183} INFO - Processing /opt/airflow/dags/stackoverflow_migration_dag.py took 1.319 seconds
[2026-05-19T11:11:48.262+0000] {processor.py:161} INFO - Started process (PID=813) to work on /opt/airflow/dags/stackoverflow_migration_dag.py
[2026-05-19T11:11:48.264+0000] {processor.py:830} INFO - Processing file /opt/airflow/dags/stackoverflow_migration_dag.py for tasks to queue
[2026-05-19T11:11:48.267+0000] {logging_mixin.py:188} INFO - [2026-05-19T11:11:48.266+0000] {dagbag.py:545} INFO - Filling up the DagBag from /opt/airflow/dags/stackoverflow_migration_dag.py
[2026-05-19T11:11:49.328+0000] {processor.py:840} INFO - DAG(s) 'stackoverflow_medallion_pipeline_v2' retrieved from /opt/airflow/dags/stackoverflow_migration_dag.py
[2026-05-19T11:11:49.399+0000] {logging_mixin.py:188} INFO - [2026-05-19T11:11:49.399+0000] {dag.py:3096} INFO - Sync 1 DAGs
[2026-05-19T11:11:49.449+0000] {logging_mixin.py:188} INFO - [2026-05-19T11:11:49.449+0000] {dag.py:3954} INFO - Setting next_dagrun for stackoverflow_medallion_pipeline_v2 to 2026-05-19 00:00:00+00:00, run_after=2026-05-20 00:00:00+00:00
[2026-05-19T11:11:49.496+0000] {processor.py:183} INFO - Processing /opt/airflow/dags/stackoverflow_migration_dag.py took 1.243 seconds
[2026-05-19T11:12:19.744+0000] {processor.py:161} INFO - Started process (PID=818) to work on /opt/airflow/dags/stackoverflow_migration_dag.py
[2026-05-19T11:12:19.747+0000] {processor.py:830} INFO - Processing file /opt/airflow/dags/stackoverflow_migration_dag.py for tasks to queue
[2026-05-19T11:12:19.750+0000] {logging_mixin.py:188} INFO - [2026-05-19T11:12:19.750+0000] {dagbag.py:545} INFO - Filling up the DagBag from /opt/airflow/dags/stackoverflow_migration_dag.py
[2026-05-19T11:12:21.078+0000] {processor.py:840} INFO - DAG(s) 'stackoverflow_medallion_pipeline_v2' retrieved from /opt/airflow/dags/stackoverflow_migration_dag.py
[2026-05-19T11:12:21.149+0000] {logging_mixin.py:188} INFO - [2026-05-19T11:12:21.149+0000] {dag.py:3096} INFO - Sync 1 DAGs
[2026-05-19T11:12:21.206+0000] {logging_mixin.py:188} INFO - [2026-05-19T11:12:21.206+0000] {dag.py:3954} INFO - Setting next_dagrun for stackoverflow_medallion_pipeline_v2 to 2026-05-19 00:00:00+00:00, run_after=2026-05-20 00:00:00+00:00
[2026-05-19T11:12:21.254+0000] {processor.py:183} INFO - Processing /opt/airflow/dags/stackoverflow_migration_dag.py took 1.524 seconds
[2026-05-19T11:12:51.534+0000] {processor.py:161} INFO - Started process (PID=823) to work on /opt/airflow/dags/stackoverflow_migration_dag.py
[2026-05-19T11:12:51.537+0000] {processor.py:830} INFO - Processing file /opt/airflow/dags/stackoverflow_migration_dag.py for tasks to queue
[2026-05-19T11:12:51.542+0000] {logging_mixin.py:188} INFO - [2026-05-19T11:12:51.542+0000] {dagbag.py:545} INFO - Filling up the DagBag from /opt/airflow/dags/stackoverflow_migration_dag.py
[2026-05-19T11:12:53.741+0000] {processor.py:840} INFO - DAG(s) 'stackoverflow_medallion_pipeline_v2' retrieved from /opt/airflow/dags/stackoverflow_migration_dag.py
[2026-05-19T11:12:53.846+0000] {logging_mixin.py:188} INFO - [2026-05-19T11:12:53.845+0000] {dag.py:3096} INFO - Sync 1 DAGs
[2026-05-19T11:12:53.919+0000] {logging_mixin.py:188} INFO - [2026-05-19T11:12:53.919+0000] {dag.py:3954} INFO - Setting next_dagrun for stackoverflow_medallion_pipeline_v2 to 2026-05-19 00:00:00+00:00, run_after=2026-05-20 00:00:00+00:00
[2026-05-19T11:12:53.968+0000] {processor.py:183} INFO - Processing /opt/airflow/dags/stackoverflow_migration_dag.py took 2.451 seconds
[2026-05-19T11:13:24.274+0000] {processor.py:161} INFO - Started process (PID=828) to work on /opt/airflow/dags/stackoverflow_migration_dag.py
[2026-05-19T11:13:24.276+0000] {processor.py:830} INFO - Processing file /opt/airflow/dags/stackoverflow_migration_dag.py for tasks to queue
[2026-05-19T11:13:24.278+0000] {logging_mixin.py:188} INFO - [2026-05-19T11:13:24.277+0000] {dagbag.py:545} INFO - Filling up the DagBag from /opt/airflow/dags/stackoverflow_migration_dag.py
[2026-05-19T11:13:25.182+0000] {processor.py:840} INFO - DAG(s) 'stackoverflow_medallion_pipeline_v2' retrieved from /opt/airflow/dags/stackoverflow_migration_dag.py
[2026-05-19T11:13:25.260+0000] {logging_mixin.py:188} INFO - [2026-05-19T11:13:25.259+0000] {dag.py:3096} INFO - Sync 1 DAGs
[2026-05-19T11:13:25.312+0000] {logging_mixin.py:188} INFO - [2026-05-19T11:13:25.312+0000] {dag.py:3954} INFO - Setting next_dagrun for stackoverflow_medallion_pipeline_v2 to 2026-05-19 00:00:00+00:00, run_after=2026-05-20 00:00:00+00:00
[2026-05-19T11:13:25.354+0000] {processor.py:183} INFO - Processing /opt/airflow/dags/stackoverflow_migration_dag.py took 1.086 seconds
[2026-05-19T11:13:55.572+0000] {processor.py:161} INFO - Started process (PID=833) to work on /opt/airflow/dags/stackoverflow_migration_dag.py
[2026-05-19T11:13:55.574+0000] {processor.py:830} INFO - Processing file /opt/airflow/dags/stackoverflow_migration_dag.py for tasks to queue
[2026-05-19T11:13:55.578+0000] {logging_mixin.py:188} INFO - [2026-05-19T11:13:55.578+0000] {dagbag.py:545} INFO - Filling up the DagBag from /opt/airflow/dags/stackoverflow_migration_dag.py
[2026-05-19T11:13:56.706+0000] {processor.py:840} INFO - DAG(s) 'stackoverflow_medallion_pipeline_v2' retrieved from /opt/airflow/dags/stackoverflow_migration_dag.py
[2026-05-19T11:13:56.774+0000] {logging_mixin.py:188} INFO - [2026-05-19T11:13:56.774+0000] {dag.py:3096} INFO - Sync 1 DAGs
[2026-05-19T11:13:56.829+0000] {logging_mixin.py:188} INFO - [2026-05-19T11:13:56.829+0000] {dag.py:3954} INFO - Setting next_dagrun for stackoverflow_medallion_pipeline_v2 to 2026-05-19 00:00:00+00:00, run_after=2026-05-20 00:00:00+00:00
[2026-05-19T11:13:56.869+0000] {processor.py:183} INFO - Processing /opt/airflow/dags/stackoverflow_migration_dag.py took 1.311 seconds
[2026-05-19T11:14:27.133+0000] {processor.py:161} INFO - Started process (PID=838) to work on /opt/airflow/dags/stackoverflow_migration_dag.py
[2026-05-19T11:14:27.134+0000] {processor.py:830} INFO - Processing file /opt/airflow/dags/stackoverflow_migration_dag.py for tasks to queue
[2026-05-19T11:14:27.136+0000] {logging_mixin.py:188} INFO - [2026-05-19T11:14:27.136+0000] {dagbag.py:545} INFO - Filling up the DagBag from /opt/airflow/dags/stackoverflow_migration_dag.py
[2026-05-19T11:14:27.922+0000] {processor.py:840} INFO - DAG(s) 'stackoverflow_medallion_pipeline_v2' retrieved from /opt/airflow/dags/stackoverflow_migration_dag.py
[2026-05-19T11:14:27.971+0000] {logging_mixin.py:188} INFO - [2026-05-19T11:14:27.971+0000] {dag.py:3096} INFO - Sync 1 DAGs
[2026-05-19T11:14:28.005+0000] {logging_mixin.py:188} INFO - [2026-05-19T11:14:28.005+0000] {dag.py:3954} INFO - Setting next_dagrun for stackoverflow_medallion_pipeline_v2 to 2026-05-19 00:00:00+00:00, run_after=2026-05-20 00:00:00+00:00
[2026-05-19T11:14:28.037+0000] {processor.py:183} INFO - Processing /opt/airflow/dags/stackoverflow_migration_dag.py took 0.911 seconds
[2026-05-19T11:14:58.308+0000] {processor.py:161} INFO - Started process (PID=843) to work on /opt/airflow/dags/stackoverflow_migration_dag.py
[2026-05-19T11:14:58.310+0000] {processor.py:830} INFO - Processing file /opt/airflow/dags/stackoverflow_migration_dag.py for tasks to queue
[2026-05-19T11:14:58.312+0000] {logging_mixin.py:188} INFO - [2026-05-19T11:14:58.312+0000] {dagbag.py:545} INFO - Filling up the DagBag from /opt/airflow/dags/stackoverflow_migration_dag.py
[2026-05-19T11:14:59.158+0000] {processor.py:840} INFO - DAG(s) 'stackoverflow_medallion_pipeline_v2' retrieved from /opt/airflow/dags/stackoverflow_migration_dag.py
[2026-05-19T11:14:59.207+0000] {logging_mixin.py:188} INFO - [2026-05-19T11:14:59.207+0000] {dag.py:3096} INFO - Sync 1 DAGs
[2026-05-19T11:14:59.244+0000] {logging_mixin.py:188} INFO - [2026-05-19T11:14:59.244+0000] {dag.py:3954} INFO - Setting next_dagrun for stackoverflow_medallion_pipeline_v2 to 2026-05-19 00:00:00+00:00, run_after=2026-05-20 00:00:00+00:00
[2026-05-19T11:14:59.275+0000] {processor.py:183} INFO - Processing /opt/airflow/dags/stackoverflow_migration_dag.py took 0.975 seconds
[2026-05-19T11:15:29.561+0000] {processor.py:161} INFO - Started process (PID=848) to work on /opt/airflow/dags/stackoverflow_migration_dag.py
[2026-05-19T11:15:29.562+0000] {processor.py:830} INFO - Processing file /opt/airflow/dags/stackoverflow_migration_dag.py for tasks to queue
[2026-05-19T11:15:29.565+0000] {logging_mixin.py:188} INFO - [2026-05-19T11:15:29.564+0000] {dagbag.py:545} INFO - Filling up the DagBag from /opt/airflow/dags/stackoverflow_migration_dag.py
[2026-05-19T11:15:30.394+0000] {processor.py:840} INFO - DAG(s) 'stackoverflow_medallion_pipeline_v2' retrieved from /opt/airflow/dags/stackoverflow_migration_dag.py
[2026-05-19T11:15:30.441+0000] {logging_mixin.py:188} INFO - [2026-05-19T11:15:30.441+0000] {dag.py:3096} INFO - Sync 1 DAGs
[2026-05-19T11:15:30.476+0000] {logging_mixin.py:188} INFO - [2026-05-19T11:15:30.475+0000] {dag.py:3954} INFO - Setting next_dagrun for stackoverflow_medallion_pipeline_v2 to 2026-05-19 00:00:00+00:00, run_after=2026-05-20 00:00:00+00:00
[2026-05-19T11:15:30.508+0000] {processor.py:183} INFO - Processing /opt/airflow/dags/stackoverflow_migration_dag.py took 0.955 seconds
[2026-05-19T11:16:00.805+0000] {processor.py:161} INFO - Started process (PID=853) to work on /opt/airflow/dags/stackoverflow_migration_dag.py
[2026-05-19T11:16:00.806+0000] {processor.py:830} INFO - Processing file /opt/airflow/dags/stackoverflow_migration_dag.py for tasks to queue
[2026-05-19T11:16:00.809+0000] {logging_mixin.py:188} INFO - [2026-05-19T11:16:00.809+0000] {dagbag.py:545} INFO - Filling up the DagBag from /opt/airflow/dags/stackoverflow_migration_dag.py
[2026-05-19T11:16:01.706+0000] {processor.py:840} INFO - DAG(s) 'stackoverflow_medallion_pipeline_v2' retrieved from /opt/airflow/dags/stackoverflow_migration_dag.py
[2026-05-19T11:16:01.752+0000] {logging_mixin.py:188} INFO - [2026-05-19T11:16:01.752+0000] {dag.py:3096} INFO - Sync 1 DAGs
[2026-05-19T11:16:01.788+0000] {logging_mixin.py:188} INFO - [2026-05-19T11:16:01.788+0000] {dag.py:3954} INFO - Setting next_dagrun for stackoverflow_medallion_pipeline_v2 to 2026-05-19 00:00:00+00:00, run_after=2026-05-20 00:00:00+00:00
[2026-05-19T11:16:01.821+0000] {processor.py:183} INFO - Processing /opt/airflow/dags/stackoverflow_migration_dag.py took 1.023 seconds
[2026-05-19T11:16:32.107+0000] {processor.py:161} INFO - Started process (PID=858) to work on /opt/airflow/dags/stackoverflow_migration_dag.py
[2026-05-19T11:16:32.108+0000] {processor.py:830} INFO - Processing file /opt/airflow/dags/stackoverflow_migration_dag.py for tasks to queue
[2026-05-19T11:16:32.110+0000] {logging_mixin.py:188} INFO - [2026-05-19T11:16:32.110+0000] {dagbag.py:545} INFO - Filling up the DagBag from /opt/airflow/dags/stackoverflow_migration_dag.py
[2026-05-19T11:16:32.921+0000] {processor.py:840} INFO - DAG(s) 'stackoverflow_medallion_pipeline_v2' retrieved from /opt/airflow/dags/stackoverflow_migration_dag.py
[2026-05-19T11:16:32.969+0000] {logging_mixin.py:188} INFO - [2026-05-19T11:16:32.969+0000] {dag.py:3096} INFO - Sync 1 DAGs
[2026-05-19T11:16:33.009+0000] {logging_mixin.py:188} INFO - [2026-05-19T11:16:33.009+0000] {dag.py:3954} INFO - Setting next_dagrun for stackoverflow_medallion_pipeline_v2 to 2026-05-19 00:00:00+00:00, run_after=2026-05-20 00:00:00+00:00
[2026-05-19T11:16:33.043+0000] {processor.py:183} INFO - Processing /opt/airflow/dags/stackoverflow_migration_dag.py took 0.944 seconds
[2026-05-19T11:17:03.362+0000] {processor.py:161} INFO - Started process (PID=863) to work on /opt/airflow/dags/stackoverflow_migration_dag.py
[2026-05-19T11:17:03.364+0000] {processor.py:830} INFO - Processing file /opt/airflow/dags/stackoverflow_migration_dag.py for tasks to queue
[2026-05-19T11:17:03.368+0000] {logging_mixin.py:188} INFO - [2026-05-19T11:17:03.368+0000] {dagbag.py:545} INFO - Filling up the DagBag from /opt/airflow/dags/stackoverflow_migration_dag.py
[2026-05-19T11:17:04.308+0000] {processor.py:840} INFO - DAG(s) 'stackoverflow_medallion_pipeline_v2' retrieved from /opt/airflow/dags/stackoverflow_migration_dag.py
[2026-05-19T11:17:04.365+0000] {logging_mixin.py:188} INFO - [2026-05-19T11:17:04.365+0000] {dag.py:3096} INFO - Sync 1 DAGs
[2026-05-19T11:17:04.405+0000] {logging_mixin.py:188} INFO - [2026-05-19T11:17:04.404+0000] {dag.py:3954} INFO - Setting next_dagrun for stackoverflow_medallion_pipeline_v2 to 2026-05-19 00:00:00+00:00, run_after=2026-05-20 00:00:00+00:00
[2026-05-19T11:17:04.439+0000] {processor.py:183} INFO - Processing /opt/airflow/dags/stackoverflow_migration_dag.py took 1.089 seconds
[2026-05-19T11:17:34.654+0000] {processor.py:161} INFO - Started process (PID=868) to work on /opt/airflow/dags/stackoverflow_migration_dag.py
[2026-05-19T11:17:34.655+0000] {processor.py:830} INFO - Processing file /opt/airflow/dags/stackoverflow_migration_dag.py for tasks to queue
[2026-05-19T11:17:34.658+0000] {logging_mixin.py:188} INFO - [2026-05-19T11:17:34.657+0000] {dagbag.py:545} INFO - Filling up the DagBag from /opt/airflow/dags/stackoverflow_migration_dag.py
[2026-05-19T11:17:35.526+0000] {processor.py:840} INFO - DAG(s) 'stackoverflow_medallion_pipeline_v2' retrieved from /opt/airflow/dags/stackoverflow_migration_dag.py
[2026-05-19T11:17:35.579+0000] {logging_mixin.py:188} INFO - [2026-05-19T11:17:35.579+0000] {dag.py:3096} INFO - Sync 1 DAGs
[2026-05-19T11:17:35.620+0000] {logging_mixin.py:188} INFO - [2026-05-19T11:17:35.619+0000] {dag.py:3954} INFO - Setting next_dagrun for stackoverflow_medallion_pipeline_v2 to 2026-05-19 00:00:00+00:00, run_after=2026-05-20 00:00:00+00:00
[2026-05-19T11:17:35.652+0000] {processor.py:183} INFO - Processing /opt/airflow/dags/stackoverflow_migration_dag.py took 1.005 seconds
[2026-05-19T11:18:05.924+0000] {processor.py:161} INFO - Started process (PID=873) to work on /opt/airflow/dags/stackoverflow_migration_dag.py
[2026-05-19T11:18:05.925+0000] {processor.py:830} INFO - Processing file /opt/airflow/dags/stackoverflow_migration_dag.py for tasks to queue
[2026-05-19T11:18:05.928+0000] {logging_mixin.py:188} INFO - [2026-05-19T11:18:05.928+0000] {dagbag.py:545} INFO - Filling up the DagBag from /opt/airflow/dags/stackoverflow_migration_dag.py
[2026-05-19T11:18:06.769+0000] {processor.py:840} INFO - DAG(s) 'stackoverflow_medallion_pipeline_v2' retrieved from /opt/airflow/dags/stackoverflow_migration_dag.py
[2026-05-19T11:18:06.822+0000] {logging_mixin.py:188} INFO - [2026-05-19T11:18:06.821+0000] {dag.py:3096} INFO - Sync 1 DAGs
[2026-05-19T11:18:06.857+0000] {logging_mixin.py:188} INFO - [2026-05-19T11:18:06.857+0000] {dag.py:3954} INFO - Setting next_dagrun for stackoverflow_medallion_pipeline_v2 to 2026-05-19 00:00:00+00:00, run_after=2026-05-20 00:00:00+00:00
[2026-05-19T11:18:06.890+0000] {processor.py:183} INFO - Processing /opt/airflow/dags/stackoverflow_migration_dag.py took 0.974 seconds
[2026-05-19T11:18:37.212+0000] {processor.py:161} INFO - Started process (PID=878) to work on /opt/airflow/dags/stackoverflow_migration_dag.py
[2026-05-19T11:18:37.214+0000] {processor.py:830} INFO - Processing file /opt/airflow/dags/stackoverflow_migration_dag.py for tasks to queue
[2026-05-19T11:18:37.216+0000] {logging_mixin.py:188} INFO - [2026-05-19T11:18:37.216+0000] {dagbag.py:545} INFO - Filling up the DagBag from /opt/airflow/dags/stackoverflow_migration_dag.py
[2026-05-19T11:18:38.129+0000] {processor.py:840} INFO - DAG(s) 'stackoverflow_medallion_pipeline_v2' retrieved from /opt/airflow/dags/stackoverflow_migration_dag.py
[2026-05-19T11:18:38.189+0000] {logging_mixin.py:188} INFO - [2026-05-19T11:18:38.189+0000] {dag.py:3096} INFO - Sync 1 DAGs
[2026-05-19T11:18:38.240+0000] {logging_mixin.py:188} INFO - [2026-05-19T11:18:38.239+0000] {dag.py:3954} INFO - Setting next_dagrun for stackoverflow_medallion_pipeline_v2 to 2026-05-19 00:00:00+00:00, run_after=2026-05-20 00:00:00+00:00
[2026-05-19T11:18:38.276+0000] {processor.py:183} INFO - Processing /opt/airflow/dags/stackoverflow_migration_dag.py took 1.071 seconds
[2026-05-19T11:19:08.526+0000] {processor.py:161} INFO - Started process (PID=883) to work on /opt/airflow/dags/stackoverflow_migration_dag.py
[2026-05-19T11:19:08.528+0000] {processor.py:830} INFO - Processing file /opt/airflow/dags/stackoverflow_migration_dag.py for tasks to queue
[2026-05-19T11:19:08.530+0000] {logging_mixin.py:188} INFO - [2026-05-19T11:19:08.530+0000] {dagbag.py:545} INFO - Filling up the DagBag from /opt/airflow/dags/stackoverflow_migration_dag.py
[2026-05-19T11:19:09.361+0000] {processor.py:840} INFO - DAG(s) 'stackoverflow_medallion_pipeline_v2' retrieved from /opt/airflow/dags/stackoverflow_migration_dag.py
[2026-05-19T11:19:09.409+0000] {logging_mixin.py:188} INFO - [2026-05-19T11:19:09.408+0000] {dag.py:3096} INFO - Sync 1 DAGs
[2026-05-19T11:19:09.444+0000] {logging_mixin.py:188} INFO - [2026-05-19T11:19:09.444+0000] {dag.py:3954} INFO - Setting next_dagrun for stackoverflow_medallion_pipeline_v2 to 2026-05-19 00:00:00+00:00, run_after=2026-05-20 00:00:00+00:00
[2026-05-19T11:19:09.475+0000] {processor.py:183} INFO - Processing /opt/airflow/dags/stackoverflow_migration_dag.py took 0.955 seconds
[2026-05-19T11:19:39.808+0000] {processor.py:161} INFO - Started process (PID=888) to work on /opt/airflow/dags/stackoverflow_migration_dag.py
[2026-05-19T11:19:39.810+0000] {processor.py:830} INFO - Processing file /opt/airflow/dags/stackoverflow_migration_dag.py for tasks to queue
[2026-05-19T11:19:39.813+0000] {logging_mixin.py:188} INFO - [2026-05-19T11:19:39.812+0000] {dagbag.py:545} INFO - Filling up the DagBag from /opt/airflow/dags/stackoverflow_migration_dag.py
[2026-05-19T11:19:40.670+0000] {processor.py:840} INFO - DAG(s) 'stackoverflow_medallion_pipeline_v2' retrieved from /opt/airflow/dags/stackoverflow_migration_dag.py
[2026-05-19T11:19:40.714+0000] {logging_mixin.py:188} INFO - [2026-05-19T11:19:40.713+0000] {dag.py:3096} INFO - Sync 1 DAGs
[2026-05-19T11:19:40.750+0000] {logging_mixin.py:188} INFO - [2026-05-19T11:19:40.749+0000] {dag.py:3954} INFO - Setting next_dagrun for stackoverflow_medallion_pipeline_v2 to 2026-05-19 00:00:00+00:00, run_after=2026-05-20 00:00:00+00:00
[2026-05-19T11:19:40.781+0000] {processor.py:183} INFO - Processing /opt/airflow/dags/stackoverflow_migration_dag.py took 0.980 seconds
[2026-05-19T11:20:11.134+0000] {processor.py:161} INFO - Started process (PID=893) to work on /opt/airflow/dags/stackoverflow_migration_dag.py
[2026-05-19T11:20:11.135+0000] {processor.py:830} INFO - Processing file /opt/airflow/dags/stackoverflow_migration_dag.py for tasks to queue
[2026-05-19T11:20:11.138+0000] {logging_mixin.py:188} INFO - [2026-05-19T11:20:11.137+0000] {dagbag.py:545} INFO - Filling up the DagBag from /opt/airflow/dags/stackoverflow_migration_dag.py
[2026-05-19T11:20:11.940+0000] {processor.py:840} INFO - DAG(s) 'stackoverflow_medallion_pipeline_v2' retrieved from /opt/airflow/dags/stackoverflow_migration_dag.py
[2026-05-19T11:20:11.989+0000] {logging_mixin.py:188} INFO - [2026-05-19T11:20:11.989+0000] {dag.py:3096} INFO - Sync 1 DAGs
[2026-05-19T11:20:12.025+0000] {logging_mixin.py:188} INFO - [2026-05-19T11:20:12.025+0000] {dag.py:3954} INFO - Setting next_dagrun for stackoverflow_medallion_pipeline_v2 to 2026-05-19 00:00:00+00:00, run_after=2026-05-20 00:00:00+00:00
[2026-05-19T11:20:12.057+0000] {processor.py:183} INFO - Processing /opt/airflow/dags/stackoverflow_migration_dag.py took 0.930 seconds
[2026-05-19T11:20:42.412+0000] {processor.py:161} INFO - Started process (PID=898) to work on /opt/airflow/dags/stackoverflow_migration_dag.py
[2026-05-19T11:20:42.413+0000] {processor.py:830} INFO - Processing file /opt/airflow/dags/stackoverflow_migration_dag.py for tasks to queue
[2026-05-19T11:20:42.416+0000] {logging_mixin.py:188} INFO - [2026-05-19T11:20:42.416+0000] {dagbag.py:545} INFO - Filling up the DagBag from /opt/airflow/dags/stackoverflow_migration_dag.py
[2026-05-19T11:20:43.258+0000] {processor.py:840} INFO - DAG(s) 'stackoverflow_medallion_pipeline_v2' retrieved from /opt/airflow/dags/stackoverflow_migration_dag.py
[2026-05-19T11:20:43.306+0000] {logging_mixin.py:188} INFO - [2026-05-19T11:20:43.305+0000] {dag.py:3096} INFO - Sync 1 DAGs
[2026-05-19T11:20:43.341+0000] {logging_mixin.py:188} INFO - [2026-05-19T11:20:43.341+0000] {dag.py:3954} INFO - Setting next_dagrun for stackoverflow_medallion_pipeline_v2 to 2026-05-19 00:00:00+00:00, run_after=2026-05-20 00:00:00+00:00
[2026-05-19T11:20:43.373+0000] {processor.py:183} INFO - Processing /opt/airflow/dags/stackoverflow_migration_dag.py took 0.970 seconds
[2026-05-19T11:21:13.667+0000] {processor.py:161} INFO - Started process (PID=903) to work on /opt/airflow/dags/stackoverflow_migration_dag.py
[2026-05-19T11:21:13.669+0000] {processor.py:830} INFO - Processing file /opt/airflow/dags/stackoverflow_migration_dag.py for tasks to queue
[2026-05-19T11:21:13.671+0000] {logging_mixin.py:188} INFO - [2026-05-19T11:21:13.671+0000] {dagbag.py:545} INFO - Filling up the DagBag from /opt/airflow/dags/stackoverflow_migration_dag.py
[2026-05-19T11:21:14.482+0000] {processor.py:840} INFO - DAG(s) 'stackoverflow_medallion_pipeline_v2' retrieved from /opt/airflow/dags/stackoverflow_migration_dag.py
[2026-05-19T11:21:14.531+0000] {logging_mixin.py:188} INFO - [2026-05-19T11:21:14.531+0000] {dag.py:3096} INFO - Sync 1 DAGs
[2026-05-19T11:21:14.567+0000] {logging_mixin.py:188} INFO - [2026-05-19T11:21:14.567+0000] {dag.py:3954} INFO - Setting next_dagrun for stackoverflow_medallion_pipeline_v2 to 2026-05-19 00:00:00+00:00, run_after=2026-05-20 00:00:00+00:00
[2026-05-19T11:21:14.601+0000] {processor.py:183} INFO - Processing /opt/airflow/dags/stackoverflow_migration_dag.py took 0.940 seconds
[2026-05-19T11:21:44.936+0000] {processor.py:161} INFO - Started process (PID=908) to work on /opt/airflow/dags/stackoverflow_migration_dag.py
[2026-05-19T11:21:44.938+0000] {processor.py:830} INFO - Processing file /opt/airflow/dags/stackoverflow_migration_dag.py for tasks to queue
[2026-05-19T11:21:44.940+0000] {logging_mixin.py:188} INFO - [2026-05-19T11:21:44.940+0000] {dagbag.py:545} INFO - Filling up the DagBag from /opt/airflow/dags/stackoverflow_migration_dag.py
[2026-05-19T11:21:45.723+0000] {processor.py:840} INFO - DAG(s) 'stackoverflow_medallion_pipeline_v2' retrieved from /opt/airflow/dags/stackoverflow_migration_dag.py
[2026-05-19T11:21:45.774+0000] {logging_mixin.py:188} INFO - [2026-05-19T11:21:45.774+0000] {dag.py:3096} INFO - Sync 1 DAGs
[2026-05-19T11:21:45.812+0000] {logging_mixin.py:188} INFO - [2026-05-19T11:21:45.812+0000] {dag.py:3954} INFO - Setting next_dagrun for stackoverflow_medallion_pipeline_v2 to 2026-05-19 00:00:00+00:00, run_after=2026-05-20 00:00:00+00:00
[2026-05-19T11:21:45.847+0000] {processor.py:183} INFO - Processing /opt/airflow/dags/stackoverflow_migration_dag.py took 0.917 seconds
[2026-05-19T11:22:16.206+0000] {processor.py:161} INFO - Started process (PID=913) to work on /opt/airflow/dags/stackoverflow_migration_dag.py
[2026-05-19T11:22:16.207+0000] {processor.py:830} INFO - Processing file /opt/airflow/dags/stackoverflow_migration_dag.py for tasks to queue
[2026-05-19T11:22:16.209+0000] {logging_mixin.py:188} INFO - [2026-05-19T11:22:16.209+0000] {dagbag.py:545} INFO - Filling up the DagBag from /opt/airflow/dags/stackoverflow_migration_dag.py
[2026-05-19T11:22:17.001+0000] {processor.py:840} INFO - DAG(s) 'stackoverflow_medallion_pipeline_v2' retrieved from /opt/airflow/dags/stackoverflow_migration_dag.py
[2026-05-19T11:22:17.056+0000] {logging_mixin.py:188} INFO - [2026-05-19T11:22:17.056+0000] {dag.py:3096} INFO - Sync 1 DAGs
[2026-05-19T11:22:17.099+0000] {logging_mixin.py:188} INFO - [2026-05-19T11:22:17.099+0000] {dag.py:3954} INFO - Setting next_dagrun for stackoverflow_medallion_pipeline_v2 to 2026-05-19 00:00:00+00:00, run_after=2026-05-20 00:00:00+00:00
[2026-05-19T11:22:17.132+0000] {processor.py:183} INFO - Processing /opt/airflow/dags/stackoverflow_migration_dag.py took 0.933 seconds
[2026-05-19T11:22:47.453+0000] {processor.py:161} INFO - Started process (PID=918) to work on /opt/airflow/dags/stackoverflow_migration_dag.py
[2026-05-19T11:22:47.454+0000] {processor.py:830} INFO - Processing file /opt/airflow/dags/stackoverflow_migration_dag.py for tasks to queue
[2026-05-19T11:22:47.457+0000] {logging_mixin.py:188} INFO - [2026-05-19T11:22:47.456+0000] {dagbag.py:545} INFO - Filling up the DagBag from /opt/airflow/dags/stackoverflow_migration_dag.py
[2026-05-19T11:22:48.274+0000] {processor.py:840} INFO - DAG(s) 'stackoverflow_medallion_pipeline_v2' retrieved from /opt/airflow/dags/stackoverflow_migration_dag.py
[2026-05-19T11:22:48.319+0000] {logging_mixin.py:188} INFO - [2026-05-19T11:22:48.318+0000] {dag.py:3096} INFO - Sync 1 DAGs
[2026-05-19T11:22:48.355+0000] {logging_mixin.py:188} INFO - [2026-05-19T11:22:48.354+0000] {dag.py:3954} INFO - Setting next_dagrun for stackoverflow_medallion_pipeline_v2 to 2026-05-19 00:00:00+00:00, run_after=2026-05-20 00:00:00+00:00
[2026-05-19T11:22:48.384+0000] {processor.py:183} INFO - Processing /opt/airflow/dags/stackoverflow_migration_dag.py took 0.939 seconds
[2026-05-19T11:23:18.710+0000] {processor.py:161} INFO - Started process (PID=923) to work on /opt/airflow/dags/stackoverflow_migration_dag.py
[2026-05-19T11:23:18.712+0000] {processor.py:830} INFO - Processing file /opt/airflow/dags/stackoverflow_migration_dag.py for tasks to queue
[2026-05-19T11:23:18.714+0000] {logging_mixin.py:188} INFO - [2026-05-19T11:23:18.714+0000] {dagbag.py:545} INFO - Filling up the DagBag from /opt/airflow/dags/stackoverflow_migration_dag.py
[2026-05-19T11:23:19.540+0000] {processor.py:840} INFO - DAG(s) 'stackoverflow_medallion_pipeline_v2' retrieved from /opt/airflow/dags/stackoverflow_migration_dag.py
[2026-05-19T11:23:19.595+0000] {logging_mixin.py:188} INFO - [2026-05-19T11:23:19.594+0000] {dag.py:3096} INFO - Sync 1 DAGs
[2026-05-19T11:23:19.632+0000] {logging_mixin.py:188} INFO - [2026-05-19T11:23:19.632+0000] {dag.py:3954} INFO - Setting next_dagrun for stackoverflow_medallion_pipeline_v2 to 2026-05-19 00:00:00+00:00, run_after=2026-05-20 00:00:00+00:00
[2026-05-19T11:23:19.663+0000] {processor.py:183} INFO - Processing /opt/airflow/dags/stackoverflow_migration_dag.py took 0.959 seconds
[2026-05-19T11:23:50.060+0000] {processor.py:161} INFO - Started process (PID=928) to work on /opt/airflow/dags/stackoverflow_migration_dag.py
[2026-05-19T11:23:50.062+0000] {processor.py:830} INFO - Processing file /opt/airflow/dags/stackoverflow_migration_dag.py for tasks to queue
[2026-05-19T11:23:50.064+0000] {logging_mixin.py:188} INFO - [2026-05-19T11:23:50.064+0000] {dagbag.py:545} INFO - Filling up the DagBag from /opt/airflow/dags/stackoverflow_migration_dag.py
[2026-05-19T11:23:50.994+0000] {processor.py:840} INFO - DAG(s) 'stackoverflow_medallion_pipeline_v2' retrieved from /opt/airflow/dags/stackoverflow_migration_dag.py
[2026-05-19T11:23:51.047+0000] {logging_mixin.py:188} INFO - [2026-05-19T11:23:51.046+0000] {dag.py:3096} INFO - Sync 1 DAGs
[2026-05-19T11:23:51.085+0000] {logging_mixin.py:188} INFO - [2026-05-19T11:23:51.085+0000] {dag.py:3954} INFO - Setting next_dagrun for stackoverflow_medallion_pipeline_v2 to 2026-05-19 00:00:00+00:00, run_after=2026-05-20 00:00:00+00:00
[2026-05-19T11:23:51.118+0000] {processor.py:183} INFO - Processing /opt/airflow/dags/stackoverflow_migration_dag.py took 1.066 seconds
[2026-05-19T11:24:21.414+0000] {processor.py:161} INFO - Started process (PID=933) to work on /opt/airflow/dags/stackoverflow_migration_dag.py
[2026-05-19T11:24:21.416+0000] {processor.py:830} INFO - Processing file /opt/airflow/dags/stackoverflow_migration_dag.py for tasks to queue
[2026-05-19T11:24:21.420+0000] {logging_mixin.py:188} INFO - [2026-05-19T11:24:21.420+0000] {dagbag.py:545} INFO - Filling up the DagBag from /opt/airflow/dags/stackoverflow_migration_dag.py
[2026-05-19T11:24:22.240+0000] {processor.py:840} INFO - DAG(s) 'stackoverflow_medallion_pipeline_v2' retrieved from /opt/airflow/dags/stackoverflow_migration_dag.py
[2026-05-19T11:24:22.287+0000] {logging_mixin.py:188} INFO - [2026-05-19T11:24:22.287+0000] {dag.py:3096} INFO - Sync 1 DAGs
[2026-05-19T11:24:22.323+0000] {logging_mixin.py:188} INFO - [2026-05-19T11:24:22.323+0000] {dag.py:3954} INFO - Setting next_dagrun for stackoverflow_medallion_pipeline_v2 to 2026-05-19 00:00:00+00:00, run_after=2026-05-20 00:00:00+00:00
[2026-05-19T11:24:22.354+0000] {processor.py:183} INFO - Processing /opt/airflow/dags/stackoverflow_migration_dag.py took 0.947 seconds
[2026-05-19T11:24:52.670+0000] {processor.py:161} INFO - Started process (PID=938) to work on /opt/airflow/dags/stackoverflow_migration_dag.py
[2026-05-19T11:24:52.671+0000] {processor.py:830} INFO - Processing file /opt/airflow/dags/stackoverflow_migration_dag.py for tasks to queue
[2026-05-19T11:24:52.674+0000] {logging_mixin.py:188} INFO - [2026-05-19T11:24:52.673+0000] {dagbag.py:545} INFO - Filling up the DagBag from /opt/airflow/dags/stackoverflow_migration_dag.py
[2026-05-19T11:24:53.583+0000] {processor.py:840} INFO - DAG(s) 'stackoverflow_medallion_pipeline_v2' retrieved from /opt/airflow/dags/stackoverflow_migration_dag.py
[2026-05-19T11:24:53.629+0000] {logging_mixin.py:188} INFO - [2026-05-19T11:24:53.629+0000] {dag.py:3096} INFO - Sync 1 DAGs
[2026-05-19T11:24:53.677+0000] {logging_mixin.py:188} INFO - [2026-05-19T11:24:53.677+0000] {dag.py:3954} INFO - Setting next_dagrun for stackoverflow_medallion_pipeline_v2 to 2026-05-19 00:00:00+00:00, run_after=2026-05-20 00:00:00+00:00
[2026-05-19T11:24:53.720+0000] {processor.py:183} INFO - Processing /opt/airflow/dags/stackoverflow_migration_dag.py took 1.058 seconds
[2026-05-19T11:25:23.924+0000] {processor.py:161} INFO - Started process (PID=943) to work on /opt/airflow/dags/stackoverflow_migration_dag.py
[2026-05-19T11:25:23.925+0000] {processor.py:830} INFO - Processing file /opt/airflow/dags/stackoverflow_migration_dag.py for tasks to queue
[2026-05-19T11:25:23.928+0000] {logging_mixin.py:188} INFO - [2026-05-19T11:25:23.927+0000] {dagbag.py:545} INFO - Filling up the DagBag from /opt/airflow/dags/stackoverflow_migration_dag.py
[2026-05-19T11:25:24.724+0000] {processor.py:840} INFO - DAG(s) 'stackoverflow_medallion_pipeline_v2' retrieved from /opt/airflow/dags/stackoverflow_migration_dag.py
[2026-05-19T11:25:24.772+0000] {logging_mixin.py:188} INFO - [2026-05-19T11:25:24.771+0000] {dag.py:3096} INFO - Sync 1 DAGs
[2026-05-19T11:25:24.809+0000] {logging_mixin.py:188} INFO - [2026-05-19T11:25:24.809+0000] {dag.py:3954} INFO - Setting next_dagrun for stackoverflow_medallion_pipeline_v2 to 2026-05-19 00:00:00+00:00, run_after=2026-05-20 00:00:00+00:00
[2026-05-19T11:25:24.841+0000] {processor.py:183} INFO - Processing /opt/airflow/dags/stackoverflow_migration_dag.py took 0.928 seconds
[2026-05-19T11:25:55.191+0000] {processor.py:161} INFO - Started process (PID=948) to work on /opt/airflow/dags/stackoverflow_migration_dag.py
[2026-05-19T11:25:55.192+0000] {processor.py:830} INFO - Processing file /opt/airflow/dags/stackoverflow_migration_dag.py for tasks to queue
[2026-05-19T11:25:55.195+0000] {logging_mixin.py:188} INFO - [2026-05-19T11:25:55.194+0000] {dagbag.py:545} INFO - Filling up the DagBag from /opt/airflow/dags/stackoverflow_migration_dag.py
[2026-05-19T11:25:56.026+0000] {processor.py:840} INFO - DAG(s) 'stackoverflow_medallion_pipeline_v2' retrieved from /opt/airflow/dags/stackoverflow_migration_dag.py
[2026-05-19T11:25:56.072+0000] {logging_mixin.py:188} INFO - [2026-05-19T11:25:56.072+0000] {dag.py:3096} INFO - Sync 1 DAGs
[2026-05-19T11:25:56.109+0000] {logging_mixin.py:188} INFO - [2026-05-19T11:25:56.109+0000] {dag.py:3954} INFO - Setting next_dagrun for stackoverflow_medallion_pipeline_v2 to 2026-05-19 00:00:00+00:00, run_after=2026-05-20 00:00:00+00:00
[2026-05-19T11:25:56.140+0000] {processor.py:183} INFO - Processing /opt/airflow/dags/stackoverflow_migration_dag.py took 0.957 seconds
[2026-05-19T11:26:26.403+0000] {processor.py:161} INFO - Started process (PID=953) to work on /opt/airflow/dags/stackoverflow_migration_dag.py
[2026-05-19T11:26:26.404+0000] {processor.py:830} INFO - Processing file /opt/airflow/dags/stackoverflow_migration_dag.py for tasks to queue
[2026-05-19T11:26:26.407+0000] {logging_mixin.py:188} INFO - [2026-05-19T11:26:26.406+0000] {dagbag.py:545} INFO - Filling up the DagBag from /opt/airflow/dags/stackoverflow_migration_dag.py
[2026-05-19T11:26:27.228+0000] {processor.py:840} INFO - DAG(s) 'stackoverflow_medallion_pipeline_v2' retrieved from /opt/airflow/dags/stackoverflow_migration_dag.py
[2026-05-19T11:26:27.276+0000] {logging_mixin.py:188} INFO - [2026-05-19T11:26:27.276+0000] {dag.py:3096} INFO - Sync 1 DAGs
[2026-05-19T11:26:27.311+0000] {logging_mixin.py:188} INFO - [2026-05-19T11:26:27.310+0000] {dag.py:3954} INFO - Setting next_dagrun for stackoverflow_medallion_pipeline_v2 to 2026-05-19 00:00:00+00:00, run_after=2026-05-20 00:00:00+00:00
[2026-05-19T11:26:27.341+0000] {processor.py:183} INFO - Processing /opt/airflow/dags/stackoverflow_migration_dag.py took 0.946 seconds
[2026-05-19T11:26:57.672+0000] {processor.py:161} INFO - Started process (PID=958) to work on /opt/airflow/dags/stackoverflow_migration_dag.py
[2026-05-19T11:26:57.673+0000] {processor.py:830} INFO - Processing file /opt/airflow/dags/stackoverflow_migration_dag.py for tasks to queue
[2026-05-19T11:26:57.676+0000] {logging_mixin.py:188} INFO - [2026-05-19T11:26:57.675+0000] {dagbag.py:545} INFO - Filling up the DagBag from /opt/airflow/dags/stackoverflow_migration_dag.py
[2026-05-19T11:26:58.480+0000] {processor.py:840} INFO - DAG(s) 'stackoverflow_medallion_pipeline_v2' retrieved from /opt/airflow/dags/stackoverflow_migration_dag.py
[2026-05-19T11:26:58.526+0000] {logging_mixin.py:188} INFO - [2026-05-19T11:26:58.526+0000] {dag.py:3096} INFO - Sync 1 DAGs
[2026-05-19T11:26:58.562+0000] {logging_mixin.py:188} INFO - [2026-05-19T11:26:58.562+0000] {dag.py:3954} INFO - Setting next_dagrun for stackoverflow_medallion_pipeline_v2 to 2026-05-19 00:00:00+00:00, run_after=2026-05-20 00:00:00+00:00
[2026-05-19T11:26:58.593+0000] {processor.py:183} INFO - Processing /opt/airflow/dags/stackoverflow_migration_dag.py took 0.928 seconds
[2026-05-19T11:27:28.905+0000] {processor.py:161} INFO - Started process (PID=963) to work on /opt/airflow/dags/stackoverflow_migration_dag.py
[2026-05-19T11:27:28.907+0000] {processor.py:830} INFO - Processing file /opt/airflow/dags/stackoverflow_migration_dag.py for tasks to queue
[2026-05-19T11:27:28.909+0000] {logging_mixin.py:188} INFO - [2026-05-19T11:27:28.909+0000] {dagbag.py:545} INFO - Filling up the DagBag from /opt/airflow/dags/stackoverflow_migration_dag.py
[2026-05-19T11:27:29.714+0000] {processor.py:840} INFO - DAG(s) 'stackoverflow_medallion_pipeline_v2' retrieved from /opt/airflow/dags/stackoverflow_migration_dag.py
[2026-05-19T11:27:29.761+0000] {logging_mixin.py:188} INFO - [2026-05-19T11:27:29.761+0000] {dag.py:3096} INFO - Sync 1 DAGs
[2026-05-19T11:27:29.795+0000] {logging_mixin.py:188} INFO - [2026-05-19T11:27:29.795+0000] {dag.py:3954} INFO - Setting next_dagrun for stackoverflow_medallion_pipeline_v2 to 2026-05-19 00:00:00+00:00, run_after=2026-05-20 00:00:00+00:00
[2026-05-19T11:27:29.826+0000] {processor.py:183} INFO - Processing /opt/airflow/dags/stackoverflow_migration_dag.py took 0.927 seconds
[2026-05-19T11:28:00.160+0000] {processor.py:161} INFO - Started process (PID=968) to work on /opt/airflow/dags/stackoverflow_migration_dag.py
[2026-05-19T11:28:00.161+0000] {processor.py:830} INFO - Processing file /opt/airflow/dags/stackoverflow_migration_dag.py for tasks to queue
[2026-05-19T11:28:00.164+0000] {logging_mixin.py:188} INFO - [2026-05-19T11:28:00.164+0000] {dagbag.py:545} INFO - Filling up the DagBag from /opt/airflow/dags/stackoverflow_migration_dag.py
[2026-05-19T11:28:01.239+0000] {processor.py:840} INFO - DAG(s) 'stackoverflow_medallion_pipeline_v2' retrieved from /opt/airflow/dags/stackoverflow_migration_dag.py
[2026-05-19T11:28:01.288+0000] {logging_mixin.py:188} INFO - [2026-05-19T11:28:01.287+0000] {dag.py:3096} INFO - Sync 1 DAGs
[2026-05-19T11:28:01.325+0000] {logging_mixin.py:188} INFO - [2026-05-19T11:28:01.325+0000] {dag.py:3954} INFO - Setting next_dagrun for stackoverflow_medallion_pipeline_v2 to 2026-05-19 00:00:00+00:00, run_after=2026-05-20 00:00:00+00:00
[2026-05-19T11:28:01.360+0000] {processor.py:183} INFO - Processing /opt/airflow/dags/stackoverflow_migration_dag.py took 1.208 seconds
[2026-05-19T11:28:31.427+0000] {processor.py:161} INFO - Started process (PID=973) to work on /opt/airflow/dags/stackoverflow_migration_dag.py
[2026-05-19T11:28:31.429+0000] {processor.py:830} INFO - Processing file /opt/airflow/dags/stackoverflow_migration_dag.py for tasks to queue
[2026-05-19T11:28:31.432+0000] {logging_mixin.py:188} INFO - [2026-05-19T11:28:31.431+0000] {dagbag.py:545} INFO - Filling up the DagBag from /opt/airflow/dags/stackoverflow_migration_dag.py
[2026-05-19T11:28:32.367+0000] {processor.py:840} INFO - DAG(s) 'stackoverflow_medallion_pipeline_v2' retrieved from /opt/airflow/dags/stackoverflow_migration_dag.py
[2026-05-19T11:28:32.419+0000] {logging_mixin.py:188} INFO - [2026-05-19T11:28:32.419+0000] {dag.py:3096} INFO - Sync 1 DAGs
[2026-05-19T11:28:32.459+0000] {logging_mixin.py:188} INFO - [2026-05-19T11:28:32.459+0000] {dag.py:3954} INFO - Setting next_dagrun for stackoverflow_medallion_pipeline_v2 to 2026-05-19 00:00:00+00:00, run_after=2026-05-20 00:00:00+00:00
[2026-05-19T11:28:32.490+0000] {processor.py:183} INFO - Processing /opt/airflow/dags/stackoverflow_migration_dag.py took 1.072 seconds
[2026-05-19T11:29:02.811+0000] {processor.py:161} INFO - Started process (PID=979) to work on /opt/airflow/dags/stackoverflow_migration_dag.py
[2026-05-19T11:29:02.822+0000] {processor.py:830} INFO - Processing file /opt/airflow/dags/stackoverflow_migration_dag.py for tasks to queue
[2026-05-19T11:29:02.831+0000] {logging_mixin.py:188} INFO - [2026-05-19T11:29:02.828+0000] {dagbag.py:545} INFO - Filling up the DagBag from /opt/airflow/dags/stackoverflow_migration_dag.py
[2026-05-19T11:29:05.443+0000] {processor.py:840} INFO - DAG(s) 'stackoverflow_medallion_pipeline_v2' retrieved from /opt/airflow/dags/stackoverflow_migration_dag.py
[2026-05-19T11:29:05.555+0000] {logging_mixin.py:188} INFO - [2026-05-19T11:29:05.555+0000] {dag.py:3096} INFO - Sync 1 DAGs
[2026-05-19T11:29:05.628+0000] {logging_mixin.py:188} INFO - [2026-05-19T11:29:05.627+0000] {dag.py:3954} INFO - Setting next_dagrun for stackoverflow_medallion_pipeline_v2 to 2026-05-19 00:00:00+00:00, run_after=2026-05-20 00:00:00+00:00
[2026-05-19T11:29:05.692+0000] {processor.py:183} INFO - Processing /opt/airflow/dags/stackoverflow_migration_dag.py took 2.923 seconds
[2026-05-19T11:29:36.116+0000] {processor.py:161} INFO - Started process (PID=985) to work on /opt/airflow/dags/stackoverflow_migration_dag.py
[2026-05-19T11:29:36.117+0000] {processor.py:830} INFO - Processing file /opt/airflow/dags/stackoverflow_migration_dag.py for tasks to queue
[2026-05-19T11:29:36.120+0000] {logging_mixin.py:188} INFO - [2026-05-19T11:29:36.120+0000] {dagbag.py:545} INFO - Filling up the DagBag from /opt/airflow/dags/stackoverflow_migration_dag.py
[2026-05-19T11:29:36.966+0000] {processor.py:840} INFO - DAG(s) 'stackoverflow_medallion_pipeline_v2' retrieved from /opt/airflow/dags/stackoverflow_migration_dag.py
[2026-05-19T11:29:37.018+0000] {logging_mixin.py:188} INFO - [2026-05-19T11:29:37.017+0000] {dag.py:3096} INFO - Sync 1 DAGs
[2026-05-19T11:29:37.054+0000] {logging_mixin.py:188} INFO - [2026-05-19T11:29:37.053+0000] {dag.py:3954} INFO - Setting next_dagrun for stackoverflow_medallion_pipeline_v2 to 2026-05-19 00:00:00+00:00, run_after=2026-05-20 00:00:00+00:00
[2026-05-19T11:29:37.087+0000] {processor.py:183} INFO - Processing /opt/airflow/dags/stackoverflow_migration_dag.py took 0.981 seconds
[2026-05-19T11:30:07.411+0000] {processor.py:161} INFO - Started process (PID=990) to work on /opt/airflow/dags/stackoverflow_migration_dag.py
[2026-05-19T11:30:07.412+0000] {processor.py:830} INFO - Processing file /opt/airflow/dags/stackoverflow_migration_dag.py for tasks to queue
[2026-05-19T11:30:07.415+0000] {logging_mixin.py:188} INFO - [2026-05-19T11:30:07.415+0000] {dagbag.py:545} INFO - Filling up the DagBag from /opt/airflow/dags/stackoverflow_migration_dag.py
[2026-05-19T11:30:08.518+0000] {processor.py:840} INFO - DAG(s) 'stackoverflow_medallion_pipeline_v2' retrieved from /opt/airflow/dags/stackoverflow_migration_dag.py
[2026-05-19T11:30:08.573+0000] {logging_mixin.py:188} INFO - [2026-05-19T11:30:08.573+0000] {dag.py:3096} INFO - Sync 1 DAGs
[2026-05-19T11:30:08.608+0000] {logging_mixin.py:188} INFO - [2026-05-19T11:30:08.608+0000] {dag.py:3954} INFO - Setting next_dagrun for stackoverflow_medallion_pipeline_v2 to 2026-05-19 00:00:00+00:00, run_after=2026-05-20 00:00:00+00:00
[2026-05-19T11:30:08.641+0000] {processor.py:183} INFO - Processing /opt/airflow/dags/stackoverflow_migration_dag.py took 1.237 seconds
[2026-05-19T11:30:38.929+0000] {processor.py:161} INFO - Started process (PID=995) to work on /opt/airflow/dags/stackoverflow_migration_dag.py
[2026-05-19T11:30:38.931+0000] {processor.py:830} INFO - Processing file /opt/airflow/dags/stackoverflow_migration_dag.py for tasks to queue
[2026-05-19T11:30:38.934+0000] {logging_mixin.py:188} INFO - [2026-05-19T11:30:38.934+0000] {dagbag.py:545} INFO - Filling up the DagBag from /opt/airflow/dags/stackoverflow_migration_dag.py
[2026-05-19T11:30:39.907+0000] {processor.py:840} INFO - DAG(s) 'stackoverflow_medallion_pipeline_v2' retrieved from /opt/airflow/dags/stackoverflow_migration_dag.py
[2026-05-19T11:30:39.961+0000] {logging_mixin.py:188} INFO - [2026-05-19T11:30:39.960+0000] {dag.py:3096} INFO - Sync 1 DAGs
[2026-05-19T11:30:39.997+0000] {logging_mixin.py:188} INFO - [2026-05-19T11:30:39.997+0000] {dag.py:3954} INFO - Setting next_dagrun for stackoverflow_medallion_pipeline_v2 to 2026-05-19 00:00:00+00:00, run_after=2026-05-20 00:00:00+00:00
[2026-05-19T11:30:40.032+0000] {processor.py:183} INFO - Processing /opt/airflow/dags/stackoverflow_migration_dag.py took 1.111 seconds
[2026-05-19T11:31:10.244+0000] {processor.py:161} INFO - Started process (PID=1001) to work on /opt/airflow/dags/stackoverflow_migration_dag.py
[2026-05-19T11:31:10.245+0000] {processor.py:830} INFO - Processing file /opt/airflow/dags/stackoverflow_migration_dag.py for tasks to queue
[2026-05-19T11:31:10.248+0000] {logging_mixin.py:188} INFO - [2026-05-19T11:31:10.248+0000] {dagbag.py:545} INFO - Filling up the DagBag from /opt/airflow/dags/stackoverflow_migration_dag.py
[2026-05-19T11:31:11.454+0000] {processor.py:840} INFO - DAG(s) 'stackoverflow_medallion_pipeline_v2' retrieved from /opt/airflow/dags/stackoverflow_migration_dag.py
[2026-05-19T11:31:11.514+0000] {logging_mixin.py:188} INFO - [2026-05-19T11:31:11.514+0000] {dag.py:3096} INFO - Sync 1 DAGs
[2026-05-19T11:31:11.558+0000] {logging_mixin.py:188} INFO - [2026-05-19T11:31:11.557+0000] {dag.py:3954} INFO - Setting next_dagrun for stackoverflow_medallion_pipeline_v2 to 2026-05-19 00:00:00+00:00, run_after=2026-05-20 00:00:00+00:00
[2026-05-19T11:31:11.591+0000] {processor.py:183} INFO - Processing /opt/airflow/dags/stackoverflow_migration_dag.py took 1.356 seconds
[2026-05-19T11:31:41.866+0000] {processor.py:161} INFO - Started process (PID=1008) to work on /opt/airflow/dags/stackoverflow_migration_dag.py
[2026-05-19T11:31:41.868+0000] {processor.py:830} INFO - Processing file /opt/airflow/dags/stackoverflow_migration_dag.py for tasks to queue
[2026-05-19T11:31:41.870+0000] {logging_mixin.py:188} INFO - [2026-05-19T11:31:41.870+0000] {dagbag.py:545} INFO - Filling up the DagBag from /opt/airflow/dags/stackoverflow_migration_dag.py
[2026-05-19T11:31:42.687+0000] {processor.py:840} INFO - DAG(s) 'stackoverflow_medallion_pipeline_v2' retrieved from /opt/airflow/dags/stackoverflow_migration_dag.py
[2026-05-19T11:31:42.732+0000] {logging_mixin.py:188} INFO - [2026-05-19T11:31:42.732+0000] {dag.py:3096} INFO - Sync 1 DAGs
[2026-05-19T11:31:42.771+0000] {logging_mixin.py:188} INFO - [2026-05-19T11:31:42.771+0000] {dag.py:3954} INFO - Setting next_dagrun for stackoverflow_medallion_pipeline_v2 to 2026-05-19 00:00:00+00:00, run_after=2026-05-20 00:00:00+00:00
[2026-05-19T11:31:42.803+0000] {processor.py:183} INFO - Processing /opt/airflow/dags/stackoverflow_migration_dag.py took 0.944 seconds
[2026-05-19T11:32:13.116+0000] {processor.py:161} INFO - Started process (PID=1013) to work on /opt/airflow/dags/stackoverflow_migration_dag.py
[2026-05-19T11:32:13.119+0000] {processor.py:830} INFO - Processing file /opt/airflow/dags/stackoverflow_migration_dag.py for tasks to queue
[2026-05-19T11:32:13.123+0000] {logging_mixin.py:188} INFO - [2026-05-19T11:32:13.122+0000] {dagbag.py:545} INFO - Filling up the DagBag from /opt/airflow/dags/stackoverflow_migration_dag.py
[2026-05-19T11:32:14.032+0000] {processor.py:840} INFO - DAG(s) 'stackoverflow_medallion_pipeline_v2' retrieved from /opt/airflow/dags/stackoverflow_migration_dag.py
[2026-05-19T11:32:14.090+0000] {logging_mixin.py:188} INFO - [2026-05-19T11:32:14.090+0000] {dag.py:3096} INFO - Sync 1 DAGs
[2026-05-19T11:32:14.128+0000] {logging_mixin.py:188} INFO - [2026-05-19T11:32:14.128+0000] {dag.py:3954} INFO - Setting next_dagrun for stackoverflow_medallion_pipeline_v2 to 2026-05-19 00:00:00+00:00, run_after=2026-05-20 00:00:00+00:00
[2026-05-19T11:32:14.161+0000] {processor.py:183} INFO - Processing /opt/airflow/dags/stackoverflow_migration_dag.py took 1.055 seconds
[2026-05-19T11:32:44.430+0000] {processor.py:161} INFO - Started process (PID=1018) to work on /opt/airflow/dags/stackoverflow_migration_dag.py
[2026-05-19T11:32:44.431+0000] {processor.py:830} INFO - Processing file /opt/airflow/dags/stackoverflow_migration_dag.py for tasks to queue
[2026-05-19T11:32:44.434+0000] {logging_mixin.py:188} INFO - [2026-05-19T11:32:44.434+0000] {dagbag.py:545} INFO - Filling up the DagBag from /opt/airflow/dags/stackoverflow_migration_dag.py
[2026-05-19T11:32:45.262+0000] {processor.py:840} INFO - DAG(s) 'stackoverflow_medallion_pipeline_v2' retrieved from /opt/airflow/dags/stackoverflow_migration_dag.py
[2026-05-19T11:32:45.311+0000] {logging_mixin.py:188} INFO - [2026-05-19T11:32:45.311+0000] {dag.py:3096} INFO - Sync 1 DAGs
[2026-05-19T11:32:45.346+0000] {logging_mixin.py:188} INFO - [2026-05-19T11:32:45.346+0000] {dag.py:3954} INFO - Setting next_dagrun for stackoverflow_medallion_pipeline_v2 to 2026-05-19 00:00:00+00:00, run_after=2026-05-20 00:00:00+00:00
[2026-05-19T11:32:45.378+0000] {processor.py:183} INFO - Processing /opt/airflow/dags/stackoverflow_migration_dag.py took 0.955 seconds
[2026-05-19T11:33:15.734+0000] {processor.py:161} INFO - Started process (PID=1023) to work on /opt/airflow/dags/stackoverflow_migration_dag.py
[2026-05-19T11:33:15.735+0000] {processor.py:830} INFO - Processing file /opt/airflow/dags/stackoverflow_migration_dag.py for tasks to queue
[2026-05-19T11:33:15.738+0000] {logging_mixin.py:188} INFO - [2026-05-19T11:33:15.738+0000] {dagbag.py:545} INFO - Filling up the DagBag from /opt/airflow/dags/stackoverflow_migration_dag.py
[2026-05-19T11:33:16.586+0000] {processor.py:840} INFO - DAG(s) 'stackoverflow_medallion_pipeline_v2' retrieved from /opt/airflow/dags/stackoverflow_migration_dag.py
[2026-05-19T11:33:16.635+0000] {logging_mixin.py:188} INFO - [2026-05-19T11:33:16.635+0000] {dag.py:3096} INFO - Sync 1 DAGs
[2026-05-19T11:33:16.670+0000] {logging_mixin.py:188} INFO - [2026-05-19T11:33:16.670+0000] {dag.py:3954} INFO - Setting next_dagrun for stackoverflow_medallion_pipeline_v2 to 2026-05-19 00:00:00+00:00, run_after=2026-05-20 00:00:00+00:00
[2026-05-19T11:33:16.701+0000] {processor.py:183} INFO - Processing /opt/airflow/dags/stackoverflow_migration_dag.py took 0.975 seconds
[2026-05-19T11:33:47.071+0000] {processor.py:161} INFO - Started process (PID=1028) to work on /opt/airflow/dags/stackoverflow_migration_dag.py
[2026-05-19T11:33:47.074+0000] {processor.py:830} INFO - Processing file /opt/airflow/dags/stackoverflow_migration_dag.py for tasks to queue
[2026-05-19T11:33:47.078+0000] {logging_mixin.py:188} INFO - [2026-05-19T11:33:47.077+0000] {dagbag.py:545} INFO - Filling up the DagBag from /opt/airflow/dags/stackoverflow_migration_dag.py
[2026-05-19T11:33:47.936+0000] {processor.py:840} INFO - DAG(s) 'stackoverflow_medallion_pipeline_v2' retrieved from /opt/airflow/dags/stackoverflow_migration_dag.py
[2026-05-19T11:33:47.984+0000] {logging_mixin.py:188} INFO - [2026-05-19T11:33:47.984+0000] {dag.py:3096} INFO - Sync 1 DAGs
[2026-05-19T11:33:48.021+0000] {logging_mixin.py:188} INFO - [2026-05-19T11:33:48.021+0000] {dag.py:3954} INFO - Setting next_dagrun for stackoverflow_medallion_pipeline_v2 to 2026-05-19 00:00:00+00:00, run_after=2026-05-20 00:00:00+00:00
[2026-05-19T11:33:48.054+0000] {processor.py:183} INFO - Processing /opt/airflow/dags/stackoverflow_migration_dag.py took 0.991 seconds
[2026-05-19T11:34:18.339+0000] {processor.py:161} INFO - Started process (PID=1035) to work on /opt/airflow/dags/stackoverflow_migration_dag.py
[2026-05-19T11:34:18.341+0000] {processor.py:830} INFO - Processing file /opt/airflow/dags/stackoverflow_migration_dag.py for tasks to queue
[2026-05-19T11:34:18.345+0000] {logging_mixin.py:188} INFO - [2026-05-19T11:34:18.344+0000] {dagbag.py:545} INFO - Filling up the DagBag from /opt/airflow/dags/stackoverflow_migration_dag.py
[2026-05-19T11:34:19.642+0000] {processor.py:840} INFO - DAG(s) 'stackoverflow_medallion_pipeline_v2' retrieved from /opt/airflow/dags/stackoverflow_migration_dag.py
[2026-05-19T11:34:19.779+0000] {logging_mixin.py:188} INFO - [2026-05-19T11:34:19.778+0000] {dag.py:3096} INFO - Sync 1 DAGs
[2026-05-19T11:34:19.922+0000] {logging_mixin.py:188} INFO - [2026-05-19T11:34:19.922+0000] {dag.py:3954} INFO - Setting next_dagrun for stackoverflow_medallion_pipeline_v2 to 2026-05-19 00:00:00+00:00, run_after=2026-05-20 00:00:00+00:00
[2026-05-19T11:34:19.969+0000] {processor.py:183} INFO - Processing /opt/airflow/dags/stackoverflow_migration_dag.py took 1.640 seconds
[2026-05-19T11:34:50.300+0000] {processor.py:161} INFO - Started process (PID=1040) to work on /opt/airflow/dags/stackoverflow_migration_dag.py
[2026-05-19T11:34:50.302+0000] {processor.py:830} INFO - Processing file /opt/airflow/dags/stackoverflow_migration_dag.py for tasks to queue
[2026-05-19T11:34:50.312+0000] {logging_mixin.py:188} INFO - [2026-05-19T11:34:50.310+0000] {dagbag.py:545} INFO - Filling up the DagBag from /opt/airflow/dags/stackoverflow_migration_dag.py
[2026-05-19T11:34:51.484+0000] {processor.py:840} INFO - DAG(s) 'stackoverflow_medallion_pipeline_v2' retrieved from /opt/airflow/dags/stackoverflow_migration_dag.py
[2026-05-19T11:34:51.545+0000] {logging_mixin.py:188} INFO - [2026-05-19T11:34:51.545+0000] {dag.py:3096} INFO - Sync 1 DAGs
[2026-05-19T11:34:51.597+0000] {logging_mixin.py:188} INFO - [2026-05-19T11:34:51.597+0000] {dag.py:3954} INFO - Setting next_dagrun for stackoverflow_medallion_pipeline_v2 to 2026-05-19 00:00:00+00:00, run_after=2026-05-20 00:00:00+00:00
[2026-05-19T11:34:51.633+0000] {processor.py:183} INFO - Processing /opt/airflow/dags/stackoverflow_migration_dag.py took 1.361 seconds
[2026-05-19T11:35:21.876+0000] {processor.py:161} INFO - Started process (PID=1045) to work on /opt/airflow/dags/stackoverflow_migration_dag.py
[2026-05-19T11:35:21.877+0000] {processor.py:830} INFO - Processing file /opt/airflow/dags/stackoverflow_migration_dag.py for tasks to queue
[2026-05-19T11:35:21.880+0000] {logging_mixin.py:188} INFO - [2026-05-19T11:35:21.880+0000] {dagbag.py:545} INFO - Filling up the DagBag from /opt/airflow/dags/stackoverflow_migration_dag.py
[2026-05-19T11:35:23.000+0000] {processor.py:840} INFO - DAG(s) 'stackoverflow_medallion_pipeline_v2' retrieved from /opt/airflow/dags/stackoverflow_migration_dag.py
[2026-05-19T11:35:23.052+0000] {logging_mixin.py:188} INFO - [2026-05-19T11:35:23.051+0000] {dag.py:3096} INFO - Sync 1 DAGs
[2026-05-19T11:35:23.092+0000] {logging_mixin.py:188} INFO - [2026-05-19T11:35:23.091+0000] {dag.py:3954} INFO - Setting next_dagrun for stackoverflow_medallion_pipeline_v2 to 2026-05-19 00:00:00+00:00, run_after=2026-05-20 00:00:00+00:00
[2026-05-19T11:35:23.125+0000] {processor.py:183} INFO - Processing /opt/airflow/dags/stackoverflow_migration_dag.py took 1.258 seconds
[2026-05-19T11:35:53.434+0000] {processor.py:161} INFO - Started process (PID=1050) to work on /opt/airflow/dags/stackoverflow_migration_dag.py
[2026-05-19T11:35:53.436+0000] {processor.py:830} INFO - Processing file /opt/airflow/dags/stackoverflow_migration_dag.py for tasks to queue
[2026-05-19T11:35:53.439+0000] {logging_mixin.py:188} INFO - [2026-05-19T11:35:53.438+0000] {dagbag.py:545} INFO - Filling up the DagBag from /opt/airflow/dags/stackoverflow_migration_dag.py
[2026-05-19T11:35:54.311+0000] {processor.py:840} INFO - DAG(s) 'stackoverflow_medallion_pipeline_v2' retrieved from /opt/airflow/dags/stackoverflow_migration_dag.py
[2026-05-19T11:35:54.365+0000] {logging_mixin.py:188} INFO - [2026-05-19T11:35:54.364+0000] {dag.py:3096} INFO - Sync 1 DAGs
[2026-05-19T11:35:54.414+0000] {logging_mixin.py:188} INFO - [2026-05-19T11:35:54.414+0000] {dag.py:3954} INFO - Setting next_dagrun for stackoverflow_medallion_pipeline_v2 to 2026-05-19 00:00:00+00:00, run_after=2026-05-20 00:00:00+00:00
[2026-05-19T11:35:54.445+0000] {processor.py:183} INFO - Processing /opt/airflow/dags/stackoverflow_migration_dag.py took 1.020 seconds
[2026-05-19T11:36:24.720+0000] {processor.py:161} INFO - Started process (PID=1055) to work on /opt/airflow/dags/stackoverflow_migration_dag.py
[2026-05-19T11:36:24.721+0000] {processor.py:830} INFO - Processing file /opt/airflow/dags/stackoverflow_migration_dag.py for tasks to queue
[2026-05-19T11:36:24.724+0000] {logging_mixin.py:188} INFO - [2026-05-19T11:36:24.723+0000] {dagbag.py:545} INFO - Filling up the DagBag from /opt/airflow/dags/stackoverflow_migration_dag.py
[2026-05-19T11:36:25.513+0000] {processor.py:840} INFO - DAG(s) 'stackoverflow_medallion_pipeline_v2' retrieved from /opt/airflow/dags/stackoverflow_migration_dag.py
[2026-05-19T11:36:25.564+0000] {logging_mixin.py:188} INFO - [2026-05-19T11:36:25.564+0000] {dag.py:3096} INFO - Sync 1 DAGs
[2026-05-19T11:36:25.598+0000] {logging_mixin.py:188} INFO - [2026-05-19T11:36:25.598+0000] {dag.py:3954} INFO - Setting next_dagrun for stackoverflow_medallion_pipeline_v2 to 2026-05-19 00:00:00+00:00, run_after=2026-05-20 00:00:00+00:00
[2026-05-19T11:36:25.630+0000] {processor.py:183} INFO - Processing /opt/airflow/dags/stackoverflow_migration_dag.py took 0.917 seconds
[2026-05-19T11:36:55.968+0000] {processor.py:161} INFO - Started process (PID=1060) to work on /opt/airflow/dags/stackoverflow_migration_dag.py
[2026-05-19T11:36:55.970+0000] {processor.py:830} INFO - Processing file /opt/airflow/dags/stackoverflow_migration_dag.py for tasks to queue
[2026-05-19T11:36:55.973+0000] {logging_mixin.py:188} INFO - [2026-05-19T11:36:55.972+0000] {dagbag.py:545} INFO - Filling up the DagBag from /opt/airflow/dags/stackoverflow_migration_dag.py
[2026-05-19T11:36:56.832+0000] {processor.py:840} INFO - DAG(s) 'stackoverflow_medallion_pipeline_v2' retrieved from /opt/airflow/dags/stackoverflow_migration_dag.py
[2026-05-19T11:36:56.884+0000] {logging_mixin.py:188} INFO - [2026-05-19T11:36:56.884+0000] {dag.py:3096} INFO - Sync 1 DAGs
[2026-05-19T11:36:56.919+0000] {logging_mixin.py:188} INFO - [2026-05-19T11:36:56.919+0000] {dag.py:3954} INFO - Setting next_dagrun for stackoverflow_medallion_pipeline_v2 to 2026-05-19 00:00:00+00:00, run_after=2026-05-20 00:00:00+00:00
[2026-05-19T11:36:56.954+0000] {processor.py:183} INFO - Processing /opt/airflow/dags/stackoverflow_migration_dag.py took 0.993 seconds
[2026-05-19T11:37:27.317+0000] {processor.py:161} INFO - Started process (PID=1065) to work on /opt/airflow/dags/stackoverflow_migration_dag.py
[2026-05-19T11:37:27.318+0000] {processor.py:830} INFO - Processing file /opt/airflow/dags/stackoverflow_migration_dag.py for tasks to queue
[2026-05-19T11:37:27.321+0000] {logging_mixin.py:188} INFO - [2026-05-19T11:37:27.321+0000] {dagbag.py:545} INFO - Filling up the DagBag from /opt/airflow/dags/stackoverflow_migration_dag.py
[2026-05-19T11:37:28.105+0000] {processor.py:840} INFO - DAG(s) 'stackoverflow_medallion_pipeline_v2' retrieved from /opt/airflow/dags/stackoverflow_migration_dag.py
[2026-05-19T11:37:28.153+0000] {logging_mixin.py:188} INFO - [2026-05-19T11:37:28.153+0000] {dag.py:3096} INFO - Sync 1 DAGs
[2026-05-19T11:37:28.189+0000] {logging_mixin.py:188} INFO - [2026-05-19T11:37:28.189+0000] {dag.py:3954} INFO - Setting next_dagrun for stackoverflow_medallion_pipeline_v2 to 2026-05-19 00:00:00+00:00, run_after=2026-05-20 00:00:00+00:00
[2026-05-19T11:37:28.222+0000] {processor.py:183} INFO - Processing /opt/airflow/dags/stackoverflow_migration_dag.py took 0.914 seconds
[2026-05-19T11:37:58.532+0000] {processor.py:161} INFO - Started process (PID=1070) to work on /opt/airflow/dags/stackoverflow_migration_dag.py
[2026-05-19T11:37:58.533+0000] {processor.py:830} INFO - Processing file /opt/airflow/dags/stackoverflow_migration_dag.py for tasks to queue
[2026-05-19T11:37:58.536+0000] {logging_mixin.py:188} INFO - [2026-05-19T11:37:58.536+0000] {dagbag.py:545} INFO - Filling up the DagBag from /opt/airflow/dags/stackoverflow_migration_dag.py
[2026-05-19T11:37:59.372+0000] {processor.py:840} INFO - DAG(s) 'stackoverflow_medallion_pipeline_v2' retrieved from /opt/airflow/dags/stackoverflow_migration_dag.py
[2026-05-19T11:37:59.423+0000] {logging_mixin.py:188} INFO - [2026-05-19T11:37:59.422+0000] {dag.py:3096} INFO - Sync 1 DAGs
[2026-05-19T11:37:59.464+0000] {logging_mixin.py:188} INFO - [2026-05-19T11:37:59.463+0000] {dag.py:3954} INFO - Setting next_dagrun for stackoverflow_medallion_pipeline_v2 to 2026-05-19 00:00:00+00:00, run_after=2026-05-20 00:00:00+00:00
[2026-05-19T11:37:59.496+0000] {processor.py:183} INFO - Processing /opt/airflow/dags/stackoverflow_migration_dag.py took 0.972 seconds
[2026-05-19T11:38:29.863+0000] {processor.py:161} INFO - Started process (PID=1075) to work on /opt/airflow/dags/stackoverflow_migration_dag.py
[2026-05-19T11:38:29.864+0000] {processor.py:830} INFO - Processing file /opt/airflow/dags/stackoverflow_migration_dag.py for tasks to queue
[2026-05-19T11:38:29.867+0000] {logging_mixin.py:188} INFO - [2026-05-19T11:38:29.867+0000] {dagbag.py:545} INFO - Filling up the DagBag from /opt/airflow/dags/stackoverflow_migration_dag.py
[2026-05-19T11:38:31.095+0000] {processor.py:840} INFO - DAG(s) 'stackoverflow_medallion_pipeline_v2' retrieved from /opt/airflow/dags/stackoverflow_migration_dag.py
[2026-05-19T11:38:31.169+0000] {logging_mixin.py:188} INFO - [2026-05-19T11:38:31.169+0000] {dag.py:3096} INFO - Sync 1 DAGs
[2026-05-19T11:38:31.226+0000] {logging_mixin.py:188} INFO - [2026-05-19T11:38:31.225+0000] {dag.py:3954} INFO - Setting next_dagrun for stackoverflow_medallion_pipeline_v2 to 2026-05-19 00:00:00+00:00, run_after=2026-05-20 00:00:00+00:00
[2026-05-19T11:38:31.285+0000] {processor.py:183} INFO - Processing /opt/airflow/dags/stackoverflow_migration_dag.py took 1.434 seconds
[2026-05-19T11:39:01.619+0000] {processor.py:161} INFO - Started process (PID=1080) to work on /opt/airflow/dags/stackoverflow_migration_dag.py
[2026-05-19T11:39:01.621+0000] {processor.py:830} INFO - Processing file /opt/airflow/dags/stackoverflow_migration_dag.py for tasks to queue
[2026-05-19T11:39:01.624+0000] {logging_mixin.py:188} INFO - [2026-05-19T11:39:01.624+0000] {dagbag.py:545} INFO - Filling up the DagBag from /opt/airflow/dags/stackoverflow_migration_dag.py
[2026-05-19T11:39:02.488+0000] {processor.py:840} INFO - DAG(s) 'stackoverflow_medallion_pipeline_v2' retrieved from /opt/airflow/dags/stackoverflow_migration_dag.py
[2026-05-19T11:39:02.542+0000] {logging_mixin.py:188} INFO - [2026-05-19T11:39:02.542+0000] {dag.py:3096} INFO - Sync 1 DAGs
[2026-05-19T11:39:02.580+0000] {logging_mixin.py:188} INFO - [2026-05-19T11:39:02.580+0000] {dag.py:3954} INFO - Setting next_dagrun for stackoverflow_medallion_pipeline_v2 to 2026-05-19 00:00:00+00:00, run_after=2026-05-20 00:00:00+00:00
[2026-05-19T11:39:02.612+0000] {processor.py:183} INFO - Processing /opt/airflow/dags/stackoverflow_migration_dag.py took 1.001 seconds
[2026-05-19T11:39:32.952+0000] {processor.py:161} INFO - Started process (PID=1085) to work on /opt/airflow/dags/stackoverflow_migration_dag.py
[2026-05-19T11:39:32.953+0000] {processor.py:830} INFO - Processing file /opt/airflow/dags/stackoverflow_migration_dag.py for tasks to queue
[2026-05-19T11:39:32.956+0000] {logging_mixin.py:188} INFO - [2026-05-19T11:39:32.956+0000] {dagbag.py:545} INFO - Filling up the DagBag from /opt/airflow/dags/stackoverflow_migration_dag.py
[2026-05-19T11:39:33.794+0000] {processor.py:840} INFO - DAG(s) 'stackoverflow_medallion_pipeline_v2' retrieved from /opt/airflow/dags/stackoverflow_migration_dag.py
[2026-05-19T11:39:33.844+0000] {logging_mixin.py:188} INFO - [2026-05-19T11:39:33.844+0000] {dag.py:3096} INFO - Sync 1 DAGs
[2026-05-19T11:39:33.880+0000] {logging_mixin.py:188} INFO - [2026-05-19T11:39:33.880+0000] {dag.py:3954} INFO - Setting next_dagrun for stackoverflow_medallion_pipeline_v2 to 2026-05-19 00:00:00+00:00, run_after=2026-05-20 00:00:00+00:00
[2026-05-19T11:39:33.920+0000] {processor.py:183} INFO - Processing /opt/airflow/dags/stackoverflow_migration_dag.py took 0.977 seconds
[2026-05-19T11:40:04.237+0000] {processor.py:161} INFO - Started process (PID=1090) to work on /opt/airflow/dags/stackoverflow_migration_dag.py
[2026-05-19T11:40:04.238+0000] {processor.py:830} INFO - Processing file /opt/airflow/dags/stackoverflow_migration_dag.py for tasks to queue
[2026-05-19T11:40:04.241+0000] {logging_mixin.py:188} INFO - [2026-05-19T11:40:04.241+0000] {dagbag.py:545} INFO - Filling up the DagBag from /opt/airflow/dags/stackoverflow_migration_dag.py
[2026-05-19T11:40:05.105+0000] {processor.py:840} INFO - DAG(s) 'stackoverflow_medallion_pipeline_v2' retrieved from /opt/airflow/dags/stackoverflow_migration_dag.py
[2026-05-19T11:40:05.161+0000] {logging_mixin.py:188} INFO - [2026-05-19T11:40:05.160+0000] {dag.py:3096} INFO - Sync 1 DAGs
[2026-05-19T11:40:05.203+0000] {logging_mixin.py:188} INFO - [2026-05-19T11:40:05.202+0000] {dag.py:3954} INFO - Setting next_dagrun for stackoverflow_medallion_pipeline_v2 to 2026-05-19 00:00:00+00:00, run_after=2026-05-20 00:00:00+00:00
[2026-05-19T11:40:05.240+0000] {processor.py:183} INFO - Processing /opt/airflow/dags/stackoverflow_migration_dag.py took 1.012 seconds
[2026-05-19T11:40:35.540+0000] {processor.py:161} INFO - Started process (PID=1095) to work on /opt/airflow/dags/stackoverflow_migration_dag.py
[2026-05-19T11:40:35.541+0000] {processor.py:830} INFO - Processing file /opt/airflow/dags/stackoverflow_migration_dag.py for tasks to queue
[2026-05-19T11:40:35.543+0000] {logging_mixin.py:188} INFO - [2026-05-19T11:40:35.543+0000] {dagbag.py:545} INFO - Filling up the DagBag from /opt/airflow/dags/stackoverflow_migration_dag.py
[2026-05-19T11:40:36.327+0000] {processor.py:840} INFO - DAG(s) 'stackoverflow_medallion_pipeline_v2' retrieved from /opt/airflow/dags/stackoverflow_migration_dag.py
[2026-05-19T11:40:36.375+0000] {logging_mixin.py:188} INFO - [2026-05-19T11:40:36.375+0000] {dag.py:3096} INFO - Sync 1 DAGs
[2026-05-19T11:40:36.413+0000] {logging_mixin.py:188} INFO - [2026-05-19T11:40:36.413+0000] {dag.py:3954} INFO - Setting next_dagrun for stackoverflow_medallion_pipeline_v2 to 2026-05-19 00:00:00+00:00, run_after=2026-05-20 00:00:00+00:00
[2026-05-19T11:40:36.447+0000] {processor.py:183} INFO - Processing /opt/airflow/dags/stackoverflow_migration_dag.py took 0.914 seconds
[2026-05-19T11:41:06.787+0000] {processor.py:161} INFO - Started process (PID=1100) to work on /opt/airflow/dags/stackoverflow_migration_dag.py
[2026-05-19T11:41:06.788+0000] {processor.py:830} INFO - Processing file /opt/airflow/dags/stackoverflow_migration_dag.py for tasks to queue
[2026-05-19T11:41:06.790+0000] {logging_mixin.py:188} INFO - [2026-05-19T11:41:06.790+0000] {dagbag.py:545} INFO - Filling up the DagBag from /opt/airflow/dags/stackoverflow_migration_dag.py
[2026-05-19T11:41:07.603+0000] {processor.py:840} INFO - DAG(s) 'stackoverflow_medallion_pipeline_v2' retrieved from /opt/airflow/dags/stackoverflow_migration_dag.py
[2026-05-19T11:41:07.658+0000] {logging_mixin.py:188} INFO - [2026-05-19T11:41:07.658+0000] {dag.py:3096} INFO - Sync 1 DAGs
[2026-05-19T11:41:07.694+0000] {logging_mixin.py:188} INFO - [2026-05-19T11:41:07.694+0000] {dag.py:3954} INFO - Setting next_dagrun for stackoverflow_medallion_pipeline_v2 to 2026-05-19 00:00:00+00:00, run_after=2026-05-20 00:00:00+00:00
[2026-05-19T11:41:07.729+0000] {processor.py:183} INFO - Processing /opt/airflow/dags/stackoverflow_migration_dag.py took 0.948 seconds
[2026-05-19T11:41:38.068+0000] {processor.py:161} INFO - Started process (PID=1105) to work on /opt/airflow/dags/stackoverflow_migration_dag.py
[2026-05-19T11:41:38.069+0000] {processor.py:830} INFO - Processing file /opt/airflow/dags/stackoverflow_migration_dag.py for tasks to queue
[2026-05-19T11:41:38.072+0000] {logging_mixin.py:188} INFO - [2026-05-19T11:41:38.071+0000] {dagbag.py:545} INFO - Filling up the DagBag from /opt/airflow/dags/stackoverflow_migration_dag.py
[2026-05-19T11:41:38.938+0000] {processor.py:840} INFO - DAG(s) 'stackoverflow_medallion_pipeline_v2' retrieved from /opt/airflow/dags/stackoverflow_migration_dag.py
[2026-05-19T11:41:39.000+0000] {logging_mixin.py:188} INFO - [2026-05-19T11:41:39.000+0000] {dag.py:3096} INFO - Sync 1 DAGs
[2026-05-19T11:41:39.040+0000] {logging_mixin.py:188} INFO - [2026-05-19T11:41:39.039+0000] {dag.py:3954} INFO - Setting next_dagrun for stackoverflow_medallion_pipeline_v2 to 2026-05-19 00:00:00+00:00, run_after=2026-05-20 00:00:00+00:00
[2026-05-19T11:41:39.072+0000] {processor.py:183} INFO - Processing /opt/airflow/dags/stackoverflow_migration_dag.py took 1.011 seconds
[2026-05-19T11:42:09.316+0000] {processor.py:161} INFO - Started process (PID=1110) to work on /opt/airflow/dags/stackoverflow_migration_dag.py
[2026-05-19T11:42:09.317+0000] {processor.py:830} INFO - Processing file /opt/airflow/dags/stackoverflow_migration_dag.py for tasks to queue
[2026-05-19T11:42:09.320+0000] {logging_mixin.py:188} INFO - [2026-05-19T11:42:09.320+0000] {dagbag.py:545} INFO - Filling up the DagBag from /opt/airflow/dags/stackoverflow_migration_dag.py
[2026-05-19T11:42:10.154+0000] {processor.py:840} INFO - DAG(s) 'stackoverflow_medallion_pipeline_v2' retrieved from /opt/airflow/dags/stackoverflow_migration_dag.py
[2026-05-19T11:42:10.203+0000] {logging_mixin.py:188} INFO - [2026-05-19T11:42:10.203+0000] {dag.py:3096} INFO - Sync 1 DAGs
[2026-05-19T11:42:10.240+0000] {logging_mixin.py:188} INFO - [2026-05-19T11:42:10.240+0000] {dag.py:3954} INFO - Setting next_dagrun for stackoverflow_medallion_pipeline_v2 to 2026-05-19 00:00:00+00:00, run_after=2026-05-20 00:00:00+00:00
[2026-05-19T11:42:10.271+0000] {processor.py:183} INFO - Processing /opt/airflow/dags/stackoverflow_migration_dag.py took 0.961 seconds
[2026-05-19T11:42:40.598+0000] {processor.py:161} INFO - Started process (PID=1115) to work on /opt/airflow/dags/stackoverflow_migration_dag.py
[2026-05-19T11:42:40.599+0000] {processor.py:830} INFO - Processing file /opt/airflow/dags/stackoverflow_migration_dag.py for tasks to queue
[2026-05-19T11:42:40.602+0000] {logging_mixin.py:188} INFO - [2026-05-19T11:42:40.601+0000] {dagbag.py:545} INFO - Filling up the DagBag from /opt/airflow/dags/stackoverflow_migration_dag.py
[2026-05-19T11:42:41.438+0000] {processor.py:840} INFO - DAG(s) 'stackoverflow_medallion_pipeline_v2' retrieved from /opt/airflow/dags/stackoverflow_migration_dag.py
[2026-05-19T11:42:41.486+0000] {logging_mixin.py:188} INFO - [2026-05-19T11:42:41.486+0000] {dag.py:3096} INFO - Sync 1 DAGs
[2026-05-19T11:42:41.523+0000] {logging_mixin.py:188} INFO - [2026-05-19T11:42:41.522+0000] {dag.py:3954} INFO - Setting next_dagrun for stackoverflow_medallion_pipeline_v2 to 2026-05-19 00:00:00+00:00, run_after=2026-05-20 00:00:00+00:00
[2026-05-19T11:42:41.559+0000] {processor.py:183} INFO - Processing /opt/airflow/dags/stackoverflow_migration_dag.py took 0.969 seconds
[2026-05-19T11:43:11.865+0000] {processor.py:161} INFO - Started process (PID=1120) to work on /opt/airflow/dags/stackoverflow_migration_dag.py
[2026-05-19T11:43:11.866+0000] {processor.py:830} INFO - Processing file /opt/airflow/dags/stackoverflow_migration_dag.py for tasks to queue
[2026-05-19T11:43:11.868+0000] {logging_mixin.py:188} INFO - [2026-05-19T11:43:11.868+0000] {dagbag.py:545} INFO - Filling up the DagBag from /opt/airflow/dags/stackoverflow_migration_dag.py
[2026-05-19T11:43:12.668+0000] {processor.py:840} INFO - DAG(s) 'stackoverflow_medallion_pipeline_v2' retrieved from /opt/airflow/dags/stackoverflow_migration_dag.py
[2026-05-19T11:43:12.711+0000] {logging_mixin.py:188} INFO - [2026-05-19T11:43:12.710+0000] {dag.py:3096} INFO - Sync 1 DAGs
[2026-05-19T11:43:12.747+0000] {logging_mixin.py:188} INFO - [2026-05-19T11:43:12.746+0000] {dag.py:3954} INFO - Setting next_dagrun for stackoverflow_medallion_pipeline_v2 to 2026-05-19 00:00:00+00:00, run_after=2026-05-20 00:00:00+00:00
[2026-05-19T11:43:12.778+0000] {processor.py:183} INFO - Processing /opt/airflow/dags/stackoverflow_migration_dag.py took 0.920 seconds
[2026-05-19T11:43:43.119+0000] {processor.py:161} INFO - Started process (PID=1125) to work on /opt/airflow/dags/stackoverflow_migration_dag.py
[2026-05-19T11:43:43.120+0000] {processor.py:830} INFO - Processing file /opt/airflow/dags/stackoverflow_migration_dag.py for tasks to queue
[2026-05-19T11:43:43.124+0000] {logging_mixin.py:188} INFO - [2026-05-19T11:43:43.123+0000] {dagbag.py:545} INFO - Filling up the DagBag from /opt/airflow/dags/stackoverflow_migration_dag.py
[2026-05-19T11:43:43.967+0000] {processor.py:840} INFO - DAG(s) 'stackoverflow_medallion_pipeline_v2' retrieved from /opt/airflow/dags/stackoverflow_migration_dag.py
[2026-05-19T11:43:44.019+0000] {logging_mixin.py:188} INFO - [2026-05-19T11:43:44.018+0000] {dag.py:3096} INFO - Sync 1 DAGs
[2026-05-19T11:43:44.055+0000] {logging_mixin.py:188} INFO - [2026-05-19T11:43:44.055+0000] {dag.py:3954} INFO - Setting next_dagrun for stackoverflow_medallion_pipeline_v2 to 2026-05-19 00:00:00+00:00, run_after=2026-05-20 00:00:00+00:00
[2026-05-19T11:43:44.084+0000] {processor.py:183} INFO - Processing /opt/airflow/dags/stackoverflow_migration_dag.py took 0.973 seconds
[2026-05-19T11:44:14.379+0000] {processor.py:161} INFO - Started process (PID=1130) to work on /opt/airflow/dags/stackoverflow_migration_dag.py
[2026-05-19T11:44:14.381+0000] {processor.py:830} INFO - Processing file /opt/airflow/dags/stackoverflow_migration_dag.py for tasks to queue
[2026-05-19T11:44:14.385+0000] {logging_mixin.py:188} INFO - [2026-05-19T11:44:14.384+0000] {dagbag.py:545} INFO - Filling up the DagBag from /opt/airflow/dags/stackoverflow_migration_dag.py
[2026-05-19T11:44:15.400+0000] {processor.py:840} INFO - DAG(s) 'stackoverflow_medallion_pipeline_v2' retrieved from /opt/airflow/dags/stackoverflow_migration_dag.py
[2026-05-19T11:44:15.447+0000] {logging_mixin.py:188} INFO - [2026-05-19T11:44:15.447+0000] {dag.py:3096} INFO - Sync 1 DAGs
[2026-05-19T11:44:15.483+0000] {logging_mixin.py:188} INFO - [2026-05-19T11:44:15.483+0000] {dag.py:3954} INFO - Setting next_dagrun for stackoverflow_medallion_pipeline_v2 to 2026-05-19 00:00:00+00:00, run_after=2026-05-20 00:00:00+00:00
[2026-05-19T11:44:15.516+0000] {processor.py:183} INFO - Processing /opt/airflow/dags/stackoverflow_migration_dag.py took 1.148 seconds
[2026-05-19T11:44:45.626+0000] {processor.py:161} INFO - Started process (PID=1137) to work on /opt/airflow/dags/stackoverflow_migration_dag.py
[2026-05-19T11:44:45.630+0000] {processor.py:830} INFO - Processing file /opt/airflow/dags/stackoverflow_migration_dag.py for tasks to queue
[2026-05-19T11:44:45.637+0000] {logging_mixin.py:188} INFO - [2026-05-19T11:44:45.637+0000] {dagbag.py:545} INFO - Filling up the DagBag from /opt/airflow/dags/stackoverflow_migration_dag.py
[2026-05-19T11:44:46.936+0000] {processor.py:840} INFO - DAG(s) 'stackoverflow_medallion_pipeline_v2' retrieved from /opt/airflow/dags/stackoverflow_migration_dag.py
[2026-05-19T11:44:47.001+0000] {logging_mixin.py:188} INFO - [2026-05-19T11:44:47.000+0000] {dag.py:3096} INFO - Sync 1 DAGs
[2026-05-19T11:44:47.046+0000] {logging_mixin.py:188} INFO - [2026-05-19T11:44:47.045+0000] {dag.py:3954} INFO - Setting next_dagrun for stackoverflow_medallion_pipeline_v2 to 2026-05-19 00:00:00+00:00, run_after=2026-05-20 00:00:00+00:00
[2026-05-19T11:44:47.085+0000] {processor.py:183} INFO - Processing /opt/airflow/dags/stackoverflow_migration_dag.py took 1.477 seconds
[2026-05-19T11:45:17.351+0000] {processor.py:161} INFO - Started process (PID=1142) to work on /opt/airflow/dags/stackoverflow_migration_dag.py
[2026-05-19T11:45:17.353+0000] {processor.py:830} INFO - Processing file /opt/airflow/dags/stackoverflow_migration_dag.py for tasks to queue
[2026-05-19T11:45:17.356+0000] {logging_mixin.py:188} INFO - [2026-05-19T11:45:17.355+0000] {dagbag.py:545} INFO - Filling up the DagBag from /opt/airflow/dags/stackoverflow_migration_dag.py
[2026-05-19T11:45:18.364+0000] {processor.py:840} INFO - DAG(s) 'stackoverflow_medallion_pipeline_v2' retrieved from /opt/airflow/dags/stackoverflow_migration_dag.py
[2026-05-19T11:45:18.419+0000] {logging_mixin.py:188} INFO - [2026-05-19T11:45:18.418+0000] {dag.py:3096} INFO - Sync 1 DAGs
[2026-05-19T11:45:18.456+0000] {logging_mixin.py:188} INFO - [2026-05-19T11:45:18.456+0000] {dag.py:3954} INFO - Setting next_dagrun for stackoverflow_medallion_pipeline_v2 to 2026-05-19 00:00:00+00:00, run_after=2026-05-20 00:00:00+00:00
[2026-05-19T11:45:18.490+0000] {processor.py:183} INFO - Processing /opt/airflow/dags/stackoverflow_migration_dag.py took 1.148 seconds
[2026-05-19T11:45:48.610+0000] {processor.py:161} INFO - Started process (PID=1147) to work on /opt/airflow/dags/stackoverflow_migration_dag.py
[2026-05-19T11:45:48.612+0000] {processor.py:830} INFO - Processing file /opt/airflow/dags/stackoverflow_migration_dag.py for tasks to queue
[2026-05-19T11:45:48.615+0000] {logging_mixin.py:188} INFO - [2026-05-19T11:45:48.615+0000] {dagbag.py:545} INFO - Filling up the DagBag from /opt/airflow/dags/stackoverflow_migration_dag.py
[2026-05-19T11:45:49.602+0000] {processor.py:840} INFO - DAG(s) 'stackoverflow_medallion_pipeline_v2' retrieved from /opt/airflow/dags/stackoverflow_migration_dag.py
[2026-05-19T11:45:49.649+0000] {logging_mixin.py:188} INFO - [2026-05-19T11:45:49.648+0000] {dag.py:3096} INFO - Sync 1 DAGs
[2026-05-19T11:45:49.686+0000] {logging_mixin.py:188} INFO - [2026-05-19T11:45:49.686+0000] {dag.py:3954} INFO - Setting next_dagrun for stackoverflow_medallion_pipeline_v2 to 2026-05-19 00:00:00+00:00, run_after=2026-05-20 00:00:00+00:00
[2026-05-19T11:45:49.721+0000] {processor.py:183} INFO - Processing /opt/airflow/dags/stackoverflow_migration_dag.py took 1.124 seconds
[2026-05-19T11:46:20.030+0000] {processor.py:161} INFO - Started process (PID=1152) to work on /opt/airflow/dags/stackoverflow_migration_dag.py
[2026-05-19T11:46:20.032+0000] {processor.py:830} INFO - Processing file /opt/airflow/dags/stackoverflow_migration_dag.py for tasks to queue
[2026-05-19T11:46:20.035+0000] {logging_mixin.py:188} INFO - [2026-05-19T11:46:20.034+0000] {dagbag.py:545} INFO - Filling up the DagBag from /opt/airflow/dags/stackoverflow_migration_dag.py
[2026-05-19T11:46:20.864+0000] {processor.py:840} INFO - DAG(s) 'stackoverflow_medallion_pipeline_v2' retrieved from /opt/airflow/dags/stackoverflow_migration_dag.py
[2026-05-19T11:46:20.923+0000] {logging_mixin.py:188} INFO - [2026-05-19T11:46:20.922+0000] {dag.py:3096} INFO - Sync 1 DAGs
[2026-05-19T11:46:20.967+0000] {logging_mixin.py:188} INFO - [2026-05-19T11:46:20.967+0000] {dag.py:3954} INFO - Setting next_dagrun for stackoverflow_medallion_pipeline_v2 to 2026-05-19 00:00:00+00:00, run_after=2026-05-20 00:00:00+00:00
[2026-05-19T11:46:21.005+0000] {processor.py:183} INFO - Processing /opt/airflow/dags/stackoverflow_migration_dag.py took 0.981 seconds
[2026-05-19T11:46:51.285+0000] {processor.py:161} INFO - Started process (PID=1157) to work on /opt/airflow/dags/stackoverflow_migration_dag.py
[2026-05-19T11:46:51.287+0000] {processor.py:830} INFO - Processing file /opt/airflow/dags/stackoverflow_migration_dag.py for tasks to queue
[2026-05-19T11:46:51.290+0000] {logging_mixin.py:188} INFO - [2026-05-19T11:46:51.290+0000] {dagbag.py:545} INFO - Filling up the DagBag from /opt/airflow/dags/stackoverflow_migration_dag.py
[2026-05-19T11:46:52.116+0000] {processor.py:840} INFO - DAG(s) 'stackoverflow_medallion_pipeline_v2' retrieved from /opt/airflow/dags/stackoverflow_migration_dag.py
[2026-05-19T11:46:52.169+0000] {logging_mixin.py:188} INFO - [2026-05-19T11:46:52.169+0000] {dag.py:3096} INFO - Sync 1 DAGs
[2026-05-19T11:46:52.206+0000] {logging_mixin.py:188} INFO - [2026-05-19T11:46:52.206+0000] {dag.py:3954} INFO - Setting next_dagrun for stackoverflow_medallion_pipeline_v2 to 2026-05-19 00:00:00+00:00, run_after=2026-05-20 00:00:00+00:00
[2026-05-19T11:46:52.239+0000] {processor.py:183} INFO - Processing /opt/airflow/dags/stackoverflow_migration_dag.py took 0.963 seconds
[2026-05-19T11:47:22.557+0000] {processor.py:161} INFO - Started process (PID=1162) to work on /opt/airflow/dags/stackoverflow_migration_dag.py
[2026-05-19T11:47:22.558+0000] {processor.py:830} INFO - Processing file /opt/airflow/dags/stackoverflow_migration_dag.py for tasks to queue
[2026-05-19T11:47:22.562+0000] {logging_mixin.py:188} INFO - [2026-05-19T11:47:22.561+0000] {dagbag.py:545} INFO - Filling up the DagBag from /opt/airflow/dags/stackoverflow_migration_dag.py
[2026-05-19T11:47:23.602+0000] {processor.py:840} INFO - DAG(s) 'stackoverflow_medallion_pipeline_v2' retrieved from /opt/airflow/dags/stackoverflow_migration_dag.py
[2026-05-19T11:47:23.673+0000] {logging_mixin.py:188} INFO - [2026-05-19T11:47:23.672+0000] {dag.py:3096} INFO - Sync 1 DAGs
[2026-05-19T11:47:23.772+0000] {logging_mixin.py:188} INFO - [2026-05-19T11:47:23.772+0000] {dag.py:3954} INFO - Setting next_dagrun for stackoverflow_medallion_pipeline_v2 to 2026-05-19 00:00:00+00:00, run_after=2026-05-20 00:00:00+00:00
[2026-05-19T11:47:23.815+0000] {processor.py:183} INFO - Processing /opt/airflow/dags/stackoverflow_migration_dag.py took 1.265 seconds
[2026-05-19T11:47:54.089+0000] {processor.py:161} INFO - Started process (PID=1167) to work on /opt/airflow/dags/stackoverflow_migration_dag.py
[2026-05-19T11:47:54.091+0000] {processor.py:830} INFO - Processing file /opt/airflow/dags/stackoverflow_migration_dag.py for tasks to queue
[2026-05-19T11:47:54.094+0000] {logging_mixin.py:188} INFO - [2026-05-19T11:47:54.094+0000] {dagbag.py:545} INFO - Filling up the DagBag from /opt/airflow/dags/stackoverflow_migration_dag.py
[2026-05-19T11:47:55.135+0000] {processor.py:840} INFO - DAG(s) 'stackoverflow_medallion_pipeline_v2' retrieved from /opt/airflow/dags/stackoverflow_migration_dag.py
[2026-05-19T11:47:55.192+0000] {logging_mixin.py:188} INFO - [2026-05-19T11:47:55.192+0000] {dag.py:3096} INFO - Sync 1 DAGs
[2026-05-19T11:47:55.227+0000] {logging_mixin.py:188} INFO - [2026-05-19T11:47:55.227+0000] {dag.py:3954} INFO - Setting next_dagrun for stackoverflow_medallion_pipeline_v2 to 2026-05-19 00:00:00+00:00, run_after=2026-05-20 00:00:00+00:00
[2026-05-19T11:47:55.257+0000] {processor.py:183} INFO - Processing /opt/airflow/dags/stackoverflow_migration_dag.py took 1.177 seconds
[2026-05-19T11:48:25.376+0000] {processor.py:161} INFO - Started process (PID=1172) to work on /opt/airflow/dags/stackoverflow_migration_dag.py
[2026-05-19T11:48:25.378+0000] {processor.py:830} INFO - Processing file /opt/airflow/dags/stackoverflow_migration_dag.py for tasks to queue
[2026-05-19T11:48:25.382+0000] {logging_mixin.py:188} INFO - [2026-05-19T11:48:25.381+0000] {dagbag.py:545} INFO - Filling up the DagBag from /opt/airflow/dags/stackoverflow_migration_dag.py
[2026-05-19T11:48:26.331+0000] {processor.py:840} INFO - DAG(s) 'stackoverflow_medallion_pipeline_v2' retrieved from /opt/airflow/dags/stackoverflow_migration_dag.py
[2026-05-19T11:48:26.381+0000] {logging_mixin.py:188} INFO - [2026-05-19T11:48:26.380+0000] {dag.py:3096} INFO - Sync 1 DAGs
[2026-05-19T11:48:26.421+0000] {logging_mixin.py:188} INFO - [2026-05-19T11:48:26.421+0000] {dag.py:3954} INFO - Setting next_dagrun for stackoverflow_medallion_pipeline_v2 to 2026-05-19 00:00:00+00:00, run_after=2026-05-20 00:00:00+00:00
[2026-05-19T11:48:26.451+0000] {processor.py:183} INFO - Processing /opt/airflow/dags/stackoverflow_migration_dag.py took 1.085 seconds
[2026-05-19T11:48:56.818+0000] {processor.py:161} INFO - Started process (PID=1179) to work on /opt/airflow/dags/stackoverflow_migration_dag.py
[2026-05-19T11:48:56.820+0000] {processor.py:830} INFO - Processing file /opt/airflow/dags/stackoverflow_migration_dag.py for tasks to queue
[2026-05-19T11:48:56.826+0000] {logging_mixin.py:188} INFO - [2026-05-19T11:48:56.825+0000] {dagbag.py:545} INFO - Filling up the DagBag from /opt/airflow/dags/stackoverflow_migration_dag.py
[2026-05-19T11:48:58.683+0000] {processor.py:840} INFO - DAG(s) 'stackoverflow_medallion_pipeline_v2' retrieved from /opt/airflow/dags/stackoverflow_migration_dag.py
[2026-05-19T11:48:58.796+0000] {logging_mixin.py:188} INFO - [2026-05-19T11:48:58.796+0000] {dag.py:3096} INFO - Sync 1 DAGs
[2026-05-19T11:48:58.865+0000] {logging_mixin.py:188} INFO - [2026-05-19T11:48:58.865+0000] {dag.py:3954} INFO - Setting next_dagrun for stackoverflow_medallion_pipeline_v2 to 2026-05-19 00:00:00+00:00, run_after=2026-05-20 00:00:00+00:00
[2026-05-19T11:48:58.925+0000] {processor.py:183} INFO - Processing /opt/airflow/dags/stackoverflow_migration_dag.py took 2.131 seconds
[2026-05-19T11:49:29.034+0000] {processor.py:161} INFO - Started process (PID=1184) to work on /opt/airflow/dags/stackoverflow_migration_dag.py
[2026-05-19T11:49:29.036+0000] {processor.py:830} INFO - Processing file /opt/airflow/dags/stackoverflow_migration_dag.py for tasks to queue
[2026-05-19T11:49:29.039+0000] {logging_mixin.py:188} INFO - [2026-05-19T11:49:29.039+0000] {dagbag.py:545} INFO - Filling up the DagBag from /opt/airflow/dags/stackoverflow_migration_dag.py
[2026-05-19T11:49:30.022+0000] {processor.py:840} INFO - DAG(s) 'stackoverflow_medallion_pipeline_v2' retrieved from /opt/airflow/dags/stackoverflow_migration_dag.py
[2026-05-19T11:49:30.085+0000] {logging_mixin.py:188} INFO - [2026-05-19T11:49:30.085+0000] {dag.py:3096} INFO - Sync 1 DAGs
[2026-05-19T11:49:30.146+0000] {logging_mixin.py:188} INFO - [2026-05-19T11:49:30.145+0000] {dag.py:3954} INFO - Setting next_dagrun for stackoverflow_medallion_pipeline_v2 to 2026-05-19 00:00:00+00:00, run_after=2026-05-20 00:00:00+00:00
[2026-05-19T11:49:30.197+0000] {processor.py:183} INFO - Processing /opt/airflow/dags/stackoverflow_migration_dag.py took 1.174 seconds
[2026-05-19T11:50:00.554+0000] {processor.py:161} INFO - Started process (PID=1189) to work on /opt/airflow/dags/stackoverflow_migration_dag.py
[2026-05-19T11:50:00.556+0000] {processor.py:830} INFO - Processing file /opt/airflow/dags/stackoverflow_migration_dag.py for tasks to queue
[2026-05-19T11:50:00.559+0000] {logging_mixin.py:188} INFO - [2026-05-19T11:50:00.559+0000] {dagbag.py:545} INFO - Filling up the DagBag from /opt/airflow/dags/stackoverflow_migration_dag.py
[2026-05-19T11:50:01.526+0000] {processor.py:840} INFO - DAG(s) 'stackoverflow_medallion_pipeline_v2' retrieved from /opt/airflow/dags/stackoverflow_migration_dag.py
[2026-05-19T11:50:01.585+0000] {logging_mixin.py:188} INFO - [2026-05-19T11:50:01.585+0000] {dag.py:3096} INFO - Sync 1 DAGs
[2026-05-19T11:50:01.628+0000] {logging_mixin.py:188} INFO - [2026-05-19T11:50:01.628+0000] {dag.py:3954} INFO - Setting next_dagrun for stackoverflow_medallion_pipeline_v2 to 2026-05-19 00:00:00+00:00, run_after=2026-05-20 00:00:00+00:00
[2026-05-19T11:50:01.663+0000] {processor.py:183} INFO - Processing /opt/airflow/dags/stackoverflow_migration_dag.py took 1.122 seconds
[2026-05-19T11:50:31.832+0000] {processor.py:161} INFO - Started process (PID=1194) to work on /opt/airflow/dags/stackoverflow_migration_dag.py
[2026-05-19T11:50:31.834+0000] {processor.py:830} INFO - Processing file /opt/airflow/dags/stackoverflow_migration_dag.py for tasks to queue
[2026-05-19T11:50:31.838+0000] {logging_mixin.py:188} INFO - [2026-05-19T11:50:31.838+0000] {dagbag.py:545} INFO - Filling up the DagBag from /opt/airflow/dags/stackoverflow_migration_dag.py
[2026-05-19T11:50:32.783+0000] {processor.py:840} INFO - DAG(s) 'stackoverflow_medallion_pipeline_v2' retrieved from /opt/airflow/dags/stackoverflow_migration_dag.py
[2026-05-19T11:50:32.836+0000] {logging_mixin.py:188} INFO - [2026-05-19T11:50:32.836+0000] {dag.py:3096} INFO - Sync 1 DAGs
[2026-05-19T11:50:32.875+0000] {logging_mixin.py:188} INFO - [2026-05-19T11:50:32.875+0000] {dag.py:3954} INFO - Setting next_dagrun for stackoverflow_medallion_pipeline_v2 to 2026-05-19 00:00:00+00:00, run_after=2026-05-20 00:00:00+00:00
[2026-05-19T11:50:32.907+0000] {processor.py:183} INFO - Processing /opt/airflow/dags/stackoverflow_migration_dag.py took 1.088 seconds
[2026-05-19T11:51:03.142+0000] {processor.py:161} INFO - Started process (PID=1199) to work on /opt/airflow/dags/stackoverflow_migration_dag.py
[2026-05-19T11:51:03.143+0000] {processor.py:830} INFO - Processing file /opt/airflow/dags/stackoverflow_migration_dag.py for tasks to queue
[2026-05-19T11:51:03.145+0000] {logging_mixin.py:188} INFO - [2026-05-19T11:51:03.145+0000] {dagbag.py:545} INFO - Filling up the DagBag from /opt/airflow/dags/stackoverflow_migration_dag.py
[2026-05-19T11:51:03.967+0000] {processor.py:840} INFO - DAG(s) 'stackoverflow_medallion_pipeline_v2' retrieved from /opt/airflow/dags/stackoverflow_migration_dag.py
[2026-05-19T11:51:04.013+0000] {logging_mixin.py:188} INFO - [2026-05-19T11:51:04.012+0000] {dag.py:3096} INFO - Sync 1 DAGs
[2026-05-19T11:51:04.049+0000] {logging_mixin.py:188} INFO - [2026-05-19T11:51:04.049+0000] {dag.py:3954} INFO - Setting next_dagrun for stackoverflow_medallion_pipeline_v2 to 2026-05-19 00:00:00+00:00, run_after=2026-05-20 00:00:00+00:00
[2026-05-19T11:51:04.082+0000] {processor.py:183} INFO - Processing /opt/airflow/dags/stackoverflow_migration_dag.py took 0.947 seconds
[2026-05-19T11:51:34.375+0000] {processor.py:161} INFO - Started process (PID=1204) to work on /opt/airflow/dags/stackoverflow_migration_dag.py
[2026-05-19T11:51:34.377+0000] {processor.py:830} INFO - Processing file /opt/airflow/dags/stackoverflow_migration_dag.py for tasks to queue
[2026-05-19T11:51:34.380+0000] {logging_mixin.py:188} INFO - [2026-05-19T11:51:34.379+0000] {dagbag.py:545} INFO - Filling up the DagBag from /opt/airflow/dags/stackoverflow_migration_dag.py
[2026-05-19T11:51:35.254+0000] {processor.py:840} INFO - DAG(s) 'stackoverflow_medallion_pipeline_v2' retrieved from /opt/airflow/dags/stackoverflow_migration_dag.py
[2026-05-19T11:51:35.306+0000] {logging_mixin.py:188} INFO - [2026-05-19T11:51:35.306+0000] {dag.py:3096} INFO - Sync 1 DAGs
[2026-05-19T11:51:35.342+0000] {logging_mixin.py:188} INFO - [2026-05-19T11:51:35.342+0000] {dag.py:3954} INFO - Setting next_dagrun for stackoverflow_medallion_pipeline_v2 to 2026-05-19 00:00:00+00:00, run_after=2026-05-20 00:00:00+00:00
[2026-05-19T11:51:35.374+0000] {processor.py:183} INFO - Processing /opt/airflow/dags/stackoverflow_migration_dag.py took 1.006 seconds
[2026-05-19T11:52:05.632+0000] {processor.py:161} INFO - Started process (PID=1209) to work on /opt/airflow/dags/stackoverflow_migration_dag.py
[2026-05-19T11:52:05.634+0000] {processor.py:830} INFO - Processing file /opt/airflow/dags/stackoverflow_migration_dag.py for tasks to queue
[2026-05-19T11:52:05.638+0000] {logging_mixin.py:188} INFO - [2026-05-19T11:52:05.637+0000] {dagbag.py:545} INFO - Filling up the DagBag from /opt/airflow/dags/stackoverflow_migration_dag.py
[2026-05-19T11:52:06.539+0000] {processor.py:840} INFO - DAG(s) 'stackoverflow_medallion_pipeline_v2' retrieved from /opt/airflow/dags/stackoverflow_migration_dag.py
[2026-05-19T11:52:06.588+0000] {logging_mixin.py:188} INFO - [2026-05-19T11:52:06.587+0000] {dag.py:3096} INFO - Sync 1 DAGs
[2026-05-19T11:52:06.625+0000] {logging_mixin.py:188} INFO - [2026-05-19T11:52:06.624+0000] {dag.py:3954} INFO - Setting next_dagrun for stackoverflow_medallion_pipeline_v2 to 2026-05-19 00:00:00+00:00, run_after=2026-05-20 00:00:00+00:00
[2026-05-19T11:52:06.656+0000] {processor.py:183} INFO - Processing /opt/airflow/dags/stackoverflow_migration_dag.py took 1.033 seconds
[2026-05-19T11:52:36.908+0000] {processor.py:161} INFO - Started process (PID=1214) to work on /opt/airflow/dags/stackoverflow_migration_dag.py
[2026-05-19T11:52:36.910+0000] {processor.py:830} INFO - Processing file /opt/airflow/dags/stackoverflow_migration_dag.py for tasks to queue
[2026-05-19T11:52:36.913+0000] {logging_mixin.py:188} INFO - [2026-05-19T11:52:36.913+0000] {dagbag.py:545} INFO - Filling up the DagBag from /opt/airflow/dags/stackoverflow_migration_dag.py
[2026-05-19T11:52:37.770+0000] {processor.py:840} INFO - DAG(s) 'stackoverflow_medallion_pipeline_v2' retrieved from /opt/airflow/dags/stackoverflow_migration_dag.py
[2026-05-19T11:52:37.826+0000] {logging_mixin.py:188} INFO - [2026-05-19T11:52:37.826+0000] {dag.py:3096} INFO - Sync 1 DAGs
[2026-05-19T11:52:37.863+0000] {logging_mixin.py:188} INFO - [2026-05-19T11:52:37.863+0000] {dag.py:3954} INFO - Setting next_dagrun for stackoverflow_medallion_pipeline_v2 to 2026-05-19 00:00:00+00:00, run_after=2026-05-20 00:00:00+00:00
[2026-05-19T11:52:37.896+0000] {processor.py:183} INFO - Processing /opt/airflow/dags/stackoverflow_migration_dag.py took 0.994 seconds
[2026-05-19T11:53:08.150+0000] {processor.py:161} INFO - Started process (PID=1219) to work on /opt/airflow/dags/stackoverflow_migration_dag.py
[2026-05-19T11:53:08.152+0000] {processor.py:830} INFO - Processing file /opt/airflow/dags/stackoverflow_migration_dag.py for tasks to queue
[2026-05-19T11:53:08.155+0000] {logging_mixin.py:188} INFO - [2026-05-19T11:53:08.154+0000] {dagbag.py:545} INFO - Filling up the DagBag from /opt/airflow/dags/stackoverflow_migration_dag.py
[2026-05-19T11:53:09.089+0000] {processor.py:840} INFO - DAG(s) 'stackoverflow_medallion_pipeline_v2' retrieved from /opt/airflow/dags/stackoverflow_migration_dag.py
[2026-05-19T11:53:09.139+0000] {logging_mixin.py:188} INFO - [2026-05-19T11:53:09.139+0000] {dag.py:3096} INFO - Sync 1 DAGs
[2026-05-19T11:53:09.175+0000] {logging_mixin.py:188} INFO - [2026-05-19T11:53:09.175+0000] {dag.py:3954} INFO - Setting next_dagrun for stackoverflow_medallion_pipeline_v2 to 2026-05-19 00:00:00+00:00, run_after=2026-05-20 00:00:00+00:00
[2026-05-19T11:53:09.207+0000] {processor.py:183} INFO - Processing /opt/airflow/dags/stackoverflow_migration_dag.py took 1.065 seconds
[2026-05-19T11:53:39.466+0000] {processor.py:161} INFO - Started process (PID=1224) to work on /opt/airflow/dags/stackoverflow_migration_dag.py
[2026-05-19T11:53:39.467+0000] {processor.py:830} INFO - Processing file /opt/airflow/dags/stackoverflow_migration_dag.py for tasks to queue
[2026-05-19T11:53:39.469+0000] {logging_mixin.py:188} INFO - [2026-05-19T11:53:39.469+0000] {dagbag.py:545} INFO - Filling up the DagBag from /opt/airflow/dags/stackoverflow_migration_dag.py
[2026-05-19T11:53:40.533+0000] {processor.py:840} INFO - DAG(s) 'stackoverflow_medallion_pipeline_v2' retrieved from /opt/airflow/dags/stackoverflow_migration_dag.py
[2026-05-19T11:53:40.597+0000] {logging_mixin.py:188} INFO - [2026-05-19T11:53:40.597+0000] {dag.py:3096} INFO - Sync 1 DAGs
[2026-05-19T11:53:40.641+0000] {logging_mixin.py:188} INFO - [2026-05-19T11:53:40.641+0000] {dag.py:3954} INFO - Setting next_dagrun for stackoverflow_medallion_pipeline_v2 to 2026-05-19 00:00:00+00:00, run_after=2026-05-20 00:00:00+00:00
[2026-05-19T11:53:40.671+0000] {processor.py:183} INFO - Processing /opt/airflow/dags/stackoverflow_migration_dag.py took 1.216 seconds
[2026-05-19T11:54:10.771+0000] {processor.py:161} INFO - Started process (PID=1231) to work on /opt/airflow/dags/stackoverflow_migration_dag.py
[2026-05-19T11:54:10.774+0000] {processor.py:830} INFO - Processing file /opt/airflow/dags/stackoverflow_migration_dag.py for tasks to queue
[2026-05-19T11:54:10.778+0000] {logging_mixin.py:188} INFO - [2026-05-19T11:54:10.778+0000] {dagbag.py:545} INFO - Filling up the DagBag from /opt/airflow/dags/stackoverflow_migration_dag.py
[2026-05-19T11:54:11.925+0000] {processor.py:840} INFO - DAG(s) 'stackoverflow_medallion_pipeline_v2' retrieved from /opt/airflow/dags/stackoverflow_migration_dag.py
[2026-05-19T11:54:11.980+0000] {logging_mixin.py:188} INFO - [2026-05-19T11:54:11.980+0000] {dag.py:3096} INFO - Sync 1 DAGs
[2026-05-19T11:54:12.023+0000] {logging_mixin.py:188} INFO - [2026-05-19T11:54:12.023+0000] {dag.py:3954} INFO - Setting next_dagrun for stackoverflow_medallion_pipeline_v2 to 2026-05-19 00:00:00+00:00, run_after=2026-05-20 00:00:00+00:00
[2026-05-19T11:54:12.071+0000] {processor.py:183} INFO - Processing /opt/airflow/dags/stackoverflow_migration_dag.py took 1.316 seconds
[2026-05-19T11:54:42.160+0000] {processor.py:161} INFO - Started process (PID=1236) to work on /opt/airflow/dags/stackoverflow_migration_dag.py
[2026-05-19T11:54:42.162+0000] {processor.py:830} INFO - Processing file /opt/airflow/dags/stackoverflow_migration_dag.py for tasks to queue
[2026-05-19T11:54:42.165+0000] {logging_mixin.py:188} INFO - [2026-05-19T11:54:42.165+0000] {dagbag.py:545} INFO - Filling up the DagBag from /opt/airflow/dags/stackoverflow_migration_dag.py
[2026-05-19T11:54:43.227+0000] {processor.py:840} INFO - DAG(s) 'stackoverflow_medallion_pipeline_v2' retrieved from /opt/airflow/dags/stackoverflow_migration_dag.py
[2026-05-19T11:54:43.300+0000] {logging_mixin.py:188} INFO - [2026-05-19T11:54:43.299+0000] {dag.py:3096} INFO - Sync 1 DAGs
[2026-05-19T11:54:43.351+0000] {logging_mixin.py:188} INFO - [2026-05-19T11:54:43.351+0000] {dag.py:3954} INFO - Setting next_dagrun for stackoverflow_medallion_pipeline_v2 to 2026-05-19 00:00:00+00:00, run_after=2026-05-20 00:00:00+00:00
[2026-05-19T11:54:43.392+0000] {processor.py:183} INFO - Processing /opt/airflow/dags/stackoverflow_migration_dag.py took 1.242 seconds
[2026-05-19T11:55:13.543+0000] {processor.py:161} INFO - Started process (PID=1241) to work on /opt/airflow/dags/stackoverflow_migration_dag.py
[2026-05-19T11:55:13.546+0000] {processor.py:830} INFO - Processing file /opt/airflow/dags/stackoverflow_migration_dag.py for tasks to queue
[2026-05-19T11:55:13.549+0000] {logging_mixin.py:188} INFO - [2026-05-19T11:55:13.549+0000] {dagbag.py:545} INFO - Filling up the DagBag from /opt/airflow/dags/stackoverflow_migration_dag.py
[2026-05-19T11:55:15.214+0000] {processor.py:840} INFO - DAG(s) 'stackoverflow_medallion_pipeline_v2' retrieved from /opt/airflow/dags/stackoverflow_migration_dag.py
[2026-05-19T11:55:15.285+0000] {logging_mixin.py:188} INFO - [2026-05-19T11:55:15.284+0000] {dag.py:3096} INFO - Sync 1 DAGs
[2026-05-19T11:55:15.341+0000] {logging_mixin.py:188} INFO - [2026-05-19T11:55:15.340+0000] {dag.py:3954} INFO - Setting next_dagrun for stackoverflow_medallion_pipeline_v2 to 2026-05-19 00:00:00+00:00, run_after=2026-05-20 00:00:00+00:00
[2026-05-19T11:55:15.384+0000] {processor.py:183} INFO - Processing /opt/airflow/dags/stackoverflow_migration_dag.py took 1.851 seconds
[2026-05-19T11:55:45.654+0000] {processor.py:161} INFO - Started process (PID=1246) to work on /opt/airflow/dags/stackoverflow_migration_dag.py
[2026-05-19T11:55:45.656+0000] {processor.py:830} INFO - Processing file /opt/airflow/dags/stackoverflow_migration_dag.py for tasks to queue
[2026-05-19T11:55:45.660+0000] {logging_mixin.py:188} INFO - [2026-05-19T11:55:45.659+0000] {dagbag.py:545} INFO - Filling up the DagBag from /opt/airflow/dags/stackoverflow_migration_dag.py
[2026-05-19T11:55:46.942+0000] {processor.py:840} INFO - DAG(s) 'stackoverflow_medallion_pipeline_v2' retrieved from /opt/airflow/dags/stackoverflow_migration_dag.py
[2026-05-19T11:55:47.019+0000] {logging_mixin.py:188} INFO - [2026-05-19T11:55:47.018+0000] {dag.py:3096} INFO - Sync 1 DAGs
[2026-05-19T11:55:47.079+0000] {logging_mixin.py:188} INFO - [2026-05-19T11:55:47.079+0000] {dag.py:3954} INFO - Setting next_dagrun for stackoverflow_medallion_pipeline_v2 to 2026-05-19 00:00:00+00:00, run_after=2026-05-20 00:00:00+00:00
[2026-05-19T11:55:47.127+0000] {processor.py:183} INFO - Processing /opt/airflow/dags/stackoverflow_migration_dag.py took 1.484 seconds
[2026-05-19T11:56:17.386+0000] {processor.py:161} INFO - Started process (PID=1251) to work on /opt/airflow/dags/stackoverflow_migration_dag.py
[2026-05-19T11:56:17.388+0000] {processor.py:830} INFO - Processing file /opt/airflow/dags/stackoverflow_migration_dag.py for tasks to queue
[2026-05-19T11:56:17.393+0000] {logging_mixin.py:188} INFO - [2026-05-19T11:56:17.392+0000] {dagbag.py:545} INFO - Filling up the DagBag from /opt/airflow/dags/stackoverflow_migration_dag.py
[2026-05-19T11:56:18.700+0000] {processor.py:840} INFO - DAG(s) 'stackoverflow_medallion_pipeline_v2' retrieved from /opt/airflow/dags/stackoverflow_migration_dag.py
[2026-05-19T11:56:18.766+0000] {logging_mixin.py:188} INFO - [2026-05-19T11:56:18.766+0000] {dag.py:3096} INFO - Sync 1 DAGs
[2026-05-19T11:56:18.812+0000] {logging_mixin.py:188} INFO - [2026-05-19T11:56:18.812+0000] {dag.py:3954} INFO - Setting next_dagrun for stackoverflow_medallion_pipeline_v2 to 2026-05-19 00:00:00+00:00, run_after=2026-05-20 00:00:00+00:00
[2026-05-19T11:56:18.853+0000] {processor.py:183} INFO - Processing /opt/airflow/dags/stackoverflow_migration_dag.py took 1.478 seconds
[2026-05-19T11:56:49.204+0000] {processor.py:161} INFO - Started process (PID=1258) to work on /opt/airflow/dags/stackoverflow_migration_dag.py
[2026-05-19T11:56:49.206+0000] {processor.py:830} INFO - Processing file /opt/airflow/dags/stackoverflow_migration_dag.py for tasks to queue
[2026-05-19T11:56:49.210+0000] {logging_mixin.py:188} INFO - [2026-05-19T11:56:49.210+0000] {dagbag.py:545} INFO - Filling up the DagBag from /opt/airflow/dags/stackoverflow_migration_dag.py
[2026-05-19T11:56:50.453+0000] {processor.py:840} INFO - DAG(s) 'stackoverflow_medallion_pipeline_v2' retrieved from /opt/airflow/dags/stackoverflow_migration_dag.py
[2026-05-19T11:56:50.528+0000] {logging_mixin.py:188} INFO - [2026-05-19T11:56:50.527+0000] {dag.py:3096} INFO - Sync 1 DAGs
[2026-05-19T11:56:50.583+0000] {logging_mixin.py:188} INFO - [2026-05-19T11:56:50.583+0000] {dag.py:3954} INFO - Setting next_dagrun for stackoverflow_medallion_pipeline_v2 to 2026-05-19 00:00:00+00:00, run_after=2026-05-20 00:00:00+00:00
[2026-05-19T11:56:50.635+0000] {processor.py:183} INFO - Processing /opt/airflow/dags/stackoverflow_migration_dag.py took 1.444 seconds
[2026-05-19T11:57:20.824+0000] {processor.py:161} INFO - Started process (PID=1263) to work on /opt/airflow/dags/stackoverflow_migration_dag.py
[2026-05-19T11:57:20.826+0000] {processor.py:830} INFO - Processing file /opt/airflow/dags/stackoverflow_migration_dag.py for tasks to queue
[2026-05-19T11:57:20.830+0000] {logging_mixin.py:188} INFO - [2026-05-19T11:57:20.830+0000] {dagbag.py:545} INFO - Filling up the DagBag from /opt/airflow/dags/stackoverflow_migration_dag.py
[2026-05-19T11:57:22.156+0000] {processor.py:840} INFO - DAG(s) 'stackoverflow_medallion_pipeline_v2' retrieved from /opt/airflow/dags/stackoverflow_migration_dag.py
[2026-05-19T11:57:22.222+0000] {logging_mixin.py:188} INFO - [2026-05-19T11:57:22.221+0000] {dag.py:3096} INFO - Sync 1 DAGs
[2026-05-19T11:57:22.277+0000] {logging_mixin.py:188} INFO - [2026-05-19T11:57:22.277+0000] {dag.py:3954} INFO - Setting next_dagrun for stackoverflow_medallion_pipeline_v2 to 2026-05-19 00:00:00+00:00, run_after=2026-05-20 00:00:00+00:00
[2026-05-19T11:57:22.322+0000] {processor.py:183} INFO - Processing /opt/airflow/dags/stackoverflow_migration_dag.py took 1.506 seconds
[2026-05-19T11:57:52.567+0000] {processor.py:161} INFO - Started process (PID=1268) to work on /opt/airflow/dags/stackoverflow_migration_dag.py
[2026-05-19T11:57:52.569+0000] {processor.py:830} INFO - Processing file /opt/airflow/dags/stackoverflow_migration_dag.py for tasks to queue
[2026-05-19T11:57:52.573+0000] {logging_mixin.py:188} INFO - [2026-05-19T11:57:52.572+0000] {dagbag.py:545} INFO - Filling up the DagBag from /opt/airflow/dags/stackoverflow_migration_dag.py
[2026-05-19T11:57:54.103+0000] {processor.py:840} INFO - DAG(s) 'stackoverflow_medallion_pipeline_v2' retrieved from /opt/airflow/dags/stackoverflow_migration_dag.py
[2026-05-19T11:57:54.182+0000] {logging_mixin.py:188} INFO - [2026-05-19T11:57:54.182+0000] {dag.py:3096} INFO - Sync 1 DAGs
[2026-05-19T11:57:54.232+0000] {logging_mixin.py:188} INFO - [2026-05-19T11:57:54.232+0000] {dag.py:3954} INFO - Setting next_dagrun for stackoverflow_medallion_pipeline_v2 to 2026-05-19 00:00:00+00:00, run_after=2026-05-20 00:00:00+00:00
[2026-05-19T11:57:54.275+0000] {processor.py:183} INFO - Processing /opt/airflow/dags/stackoverflow_migration_dag.py took 1.719 seconds
[2026-05-19T11:58:24.502+0000] {processor.py:161} INFO - Started process (PID=1273) to work on /opt/airflow/dags/stackoverflow_migration_dag.py
[2026-05-19T11:58:24.503+0000] {processor.py:830} INFO - Processing file /opt/airflow/dags/stackoverflow_migration_dag.py for tasks to queue
[2026-05-19T11:58:24.507+0000] {logging_mixin.py:188} INFO - [2026-05-19T11:58:24.506+0000] {dagbag.py:545} INFO - Filling up the DagBag from /opt/airflow/dags/stackoverflow_migration_dag.py
[2026-05-19T11:58:25.801+0000] {processor.py:840} INFO - DAG(s) 'stackoverflow_medallion_pipeline_v2' retrieved from /opt/airflow/dags/stackoverflow_migration_dag.py
[2026-05-19T11:58:25.872+0000] {logging_mixin.py:188} INFO - [2026-05-19T11:58:25.871+0000] {dag.py:3096} INFO - Sync 1 DAGs
[2026-05-19T11:58:25.926+0000] {logging_mixin.py:188} INFO - [2026-05-19T11:58:25.926+0000] {dag.py:3954} INFO - Setting next_dagrun for stackoverflow_medallion_pipeline_v2 to 2026-05-19 00:00:00+00:00, run_after=2026-05-20 00:00:00+00:00
[2026-05-19T11:58:25.969+0000] {processor.py:183} INFO - Processing /opt/airflow/dags/stackoverflow_migration_dag.py took 1.475 seconds
[2026-05-19T11:58:56.250+0000] {processor.py:161} INFO - Started process (PID=1278) to work on /opt/airflow/dags/stackoverflow_migration_dag.py
[2026-05-19T11:58:56.252+0000] {processor.py:830} INFO - Processing file /opt/airflow/dags/stackoverflow_migration_dag.py for tasks to queue
[2026-05-19T11:58:56.255+0000] {logging_mixin.py:188} INFO - [2026-05-19T11:58:56.255+0000] {dagbag.py:545} INFO - Filling up the DagBag from /opt/airflow/dags/stackoverflow_migration_dag.py
[2026-05-19T11:58:57.468+0000] {processor.py:840} INFO - DAG(s) 'stackoverflow_medallion_pipeline_v2' retrieved from /opt/airflow/dags/stackoverflow_migration_dag.py
[2026-05-19T11:58:57.545+0000] {logging_mixin.py:188} INFO - [2026-05-19T11:58:57.544+0000] {dag.py:3096} INFO - Sync 1 DAGs
[2026-05-19T11:58:57.596+0000] {logging_mixin.py:188} INFO - [2026-05-19T11:58:57.595+0000] {dag.py:3954} INFO - Setting next_dagrun for stackoverflow_medallion_pipeline_v2 to 2026-05-19 00:00:00+00:00, run_after=2026-05-20 00:00:00+00:00
[2026-05-19T11:58:57.637+0000] {processor.py:183} INFO - Processing /opt/airflow/dags/stackoverflow_migration_dag.py took 1.397 seconds
[2026-05-19T11:59:27.869+0000] {processor.py:161} INFO - Started process (PID=1283) to work on /opt/airflow/dags/stackoverflow_migration_dag.py
[2026-05-19T11:59:27.871+0000] {processor.py:830} INFO - Processing file /opt/airflow/dags/stackoverflow_migration_dag.py for tasks to queue
[2026-05-19T11:59:27.873+0000] {logging_mixin.py:188} INFO - [2026-05-19T11:59:27.873+0000] {dagbag.py:545} INFO - Filling up the DagBag from /opt/airflow/dags/stackoverflow_migration_dag.py
[2026-05-19T11:59:29.515+0000] {processor.py:840} INFO - DAG(s) 'stackoverflow_medallion_pipeline_v2' retrieved from /opt/airflow/dags/stackoverflow_migration_dag.py
[2026-05-19T11:59:29.586+0000] {logging_mixin.py:188} INFO - [2026-05-19T11:59:29.585+0000] {dag.py:3096} INFO - Sync 1 DAGs
[2026-05-19T11:59:29.635+0000] {logging_mixin.py:188} INFO - [2026-05-19T11:59:29.634+0000] {dag.py:3954} INFO - Setting next_dagrun for stackoverflow_medallion_pipeline_v2 to 2026-05-19 00:00:00+00:00, run_after=2026-05-20 00:00:00+00:00
[2026-05-19T11:59:29.678+0000] {processor.py:183} INFO - Processing /opt/airflow/dags/stackoverflow_migration_dag.py took 1.819 seconds
[2026-05-19T11:59:59.935+0000] {processor.py:161} INFO - Started process (PID=1288) to work on /opt/airflow/dags/stackoverflow_migration_dag.py
[2026-05-19T11:59:59.937+0000] {processor.py:830} INFO - Processing file /opt/airflow/dags/stackoverflow_migration_dag.py for tasks to queue
[2026-05-19T11:59:59.940+0000] {logging_mixin.py:188} INFO - [2026-05-19T11:59:59.940+0000] {dagbag.py:545} INFO - Filling up the DagBag from /opt/airflow/dags/stackoverflow_migration_dag.py
[2026-05-19T12:00:01.495+0000] {processor.py:840} INFO - DAG(s) 'stackoverflow_medallion_pipeline_v2' retrieved from /opt/airflow/dags/stackoverflow_migration_dag.py
[2026-05-19T12:00:01.591+0000] {logging_mixin.py:188} INFO - [2026-05-19T12:00:01.590+0000] {dag.py:3096} INFO - Sync 1 DAGs
[2026-05-19T12:00:01.645+0000] {logging_mixin.py:188} INFO - [2026-05-19T12:00:01.645+0000] {dag.py:3954} INFO - Setting next_dagrun for stackoverflow_medallion_pipeline_v2 to 2026-05-19 00:00:00+00:00, run_after=2026-05-20 00:00:00+00:00
[2026-05-19T12:00:01.692+0000] {processor.py:183} INFO - Processing /opt/airflow/dags/stackoverflow_migration_dag.py took 1.771 seconds
[2026-05-19T12:00:31.820+0000] {processor.py:161} INFO - Started process (PID=1293) to work on /opt/airflow/dags/stackoverflow_migration_dag.py
[2026-05-19T12:00:31.822+0000] {processor.py:830} INFO - Processing file /opt/airflow/dags/stackoverflow_migration_dag.py for tasks to queue
[2026-05-19T12:00:31.828+0000] {logging_mixin.py:188} INFO - [2026-05-19T12:00:31.827+0000] {dagbag.py:545} INFO - Filling up the DagBag from /opt/airflow/dags/stackoverflow_migration_dag.py
[2026-05-19T12:00:33.011+0000] {processor.py:840} INFO - DAG(s) 'stackoverflow_medallion_pipeline_v2' retrieved from /opt/airflow/dags/stackoverflow_migration_dag.py
[2026-05-19T12:00:33.077+0000] {logging_mixin.py:188} INFO - [2026-05-19T12:00:33.077+0000] {dag.py:3096} INFO - Sync 1 DAGs
[2026-05-19T12:00:33.127+0000] {logging_mixin.py:188} INFO - [2026-05-19T12:00:33.126+0000] {dag.py:3954} INFO - Setting next_dagrun for stackoverflow_medallion_pipeline_v2 to 2026-05-19 00:00:00+00:00, run_after=2026-05-20 00:00:00+00:00
[2026-05-19T12:00:33.167+0000] {processor.py:183} INFO - Processing /opt/airflow/dags/stackoverflow_migration_dag.py took 1.364 seconds
[2026-05-19T12:01:03.429+0000] {processor.py:161} INFO - Started process (PID=1298) to work on /opt/airflow/dags/stackoverflow_migration_dag.py
[2026-05-19T12:01:03.432+0000] {processor.py:830} INFO - Processing file /opt/airflow/dags/stackoverflow_migration_dag.py for tasks to queue
[2026-05-19T12:01:03.436+0000] {logging_mixin.py:188} INFO - [2026-05-19T12:01:03.435+0000] {dagbag.py:545} INFO - Filling up the DagBag from /opt/airflow/dags/stackoverflow_migration_dag.py
[2026-05-19T12:01:04.981+0000] {processor.py:840} INFO - DAG(s) 'stackoverflow_medallion_pipeline_v2' retrieved from /opt/airflow/dags/stackoverflow_migration_dag.py
[2026-05-19T12:01:05.054+0000] {logging_mixin.py:188} INFO - [2026-05-19T12:01:05.054+0000] {dag.py:3096} INFO - Sync 1 DAGs
[2026-05-19T12:01:05.108+0000] {logging_mixin.py:188} INFO - [2026-05-19T12:01:05.108+0000] {dag.py:3954} INFO - Setting next_dagrun for stackoverflow_medallion_pipeline_v2 to 2026-05-19 00:00:00+00:00, run_after=2026-05-20 00:00:00+00:00
[2026-05-19T12:01:05.153+0000] {processor.py:183} INFO - Processing /opt/airflow/dags/stackoverflow_migration_dag.py took 1.737 seconds
[2026-05-19T12:01:35.341+0000] {processor.py:161} INFO - Started process (PID=1303) to work on /opt/airflow/dags/stackoverflow_migration_dag.py
[2026-05-19T12:01:35.343+0000] {processor.py:830} INFO - Processing file /opt/airflow/dags/stackoverflow_migration_dag.py for tasks to queue
[2026-05-19T12:01:35.347+0000] {logging_mixin.py:188} INFO - [2026-05-19T12:01:35.347+0000] {dagbag.py:545} INFO - Filling up the DagBag from /opt/airflow/dags/stackoverflow_migration_dag.py
[2026-05-19T12:01:37.255+0000] {processor.py:840} INFO - DAG(s) 'stackoverflow_medallion_pipeline_v2' retrieved from /opt/airflow/dags/stackoverflow_migration_dag.py
[2026-05-19T12:01:37.381+0000] {logging_mixin.py:188} INFO - [2026-05-19T12:01:37.380+0000] {dag.py:3096} INFO - Sync 1 DAGs
[2026-05-19T12:01:37.488+0000] {logging_mixin.py:188} INFO - [2026-05-19T12:01:37.487+0000] {dag.py:3954} INFO - Setting next_dagrun for stackoverflow_medallion_pipeline_v2 to 2026-05-19 00:00:00+00:00, run_after=2026-05-20 00:00:00+00:00
[2026-05-19T12:01:37.541+0000] {processor.py:183} INFO - Processing /opt/airflow/dags/stackoverflow_migration_dag.py took 2.214 seconds
[2026-05-19T12:02:07.811+0000] {processor.py:161} INFO - Started process (PID=1308) to work on /opt/airflow/dags/stackoverflow_migration_dag.py
[2026-05-19T12:02:07.815+0000] {processor.py:830} INFO - Processing file /opt/airflow/dags/stackoverflow_migration_dag.py for tasks to queue
[2026-05-19T12:02:07.821+0000] {logging_mixin.py:188} INFO - [2026-05-19T12:02:07.820+0000] {dagbag.py:545} INFO - Filling up the DagBag from /opt/airflow/dags/stackoverflow_migration_dag.py
[2026-05-19T12:02:09.219+0000] {processor.py:840} INFO - DAG(s) 'stackoverflow_medallion_pipeline_v2' retrieved from /opt/airflow/dags/stackoverflow_migration_dag.py
[2026-05-19T12:02:09.329+0000] {logging_mixin.py:188} INFO - [2026-05-19T12:02:09.328+0000] {dag.py:3096} INFO - Sync 1 DAGs
[2026-05-19T12:02:09.418+0000] {logging_mixin.py:188} INFO - [2026-05-19T12:02:09.417+0000] {dag.py:3954} INFO - Setting next_dagrun for stackoverflow_medallion_pipeline_v2 to 2026-05-19 00:00:00+00:00, run_after=2026-05-20 00:00:00+00:00
[2026-05-19T12:02:09.487+0000] {processor.py:183} INFO - Processing /opt/airflow/dags/stackoverflow_migration_dag.py took 1.691 seconds
[2026-05-19T12:02:39.789+0000] {processor.py:161} INFO - Started process (PID=1313) to work on /opt/airflow/dags/stackoverflow_migration_dag.py
[2026-05-19T12:02:39.791+0000] {processor.py:830} INFO - Processing file /opt/airflow/dags/stackoverflow_migration_dag.py for tasks to queue
[2026-05-19T12:02:39.795+0000] {logging_mixin.py:188} INFO - [2026-05-19T12:02:39.794+0000] {dagbag.py:545} INFO - Filling up the DagBag from /opt/airflow/dags/stackoverflow_migration_dag.py
[2026-05-19T12:02:41.066+0000] {processor.py:840} INFO - DAG(s) 'stackoverflow_medallion_pipeline_v2' retrieved from /opt/airflow/dags/stackoverflow_migration_dag.py
[2026-05-19T12:02:41.142+0000] {logging_mixin.py:188} INFO - [2026-05-19T12:02:41.141+0000] {dag.py:3096} INFO - Sync 1 DAGs
[2026-05-19T12:02:41.192+0000] {logging_mixin.py:188} INFO - [2026-05-19T12:02:41.192+0000] {dag.py:3954} INFO - Setting next_dagrun for stackoverflow_medallion_pipeline_v2 to 2026-05-19 00:00:00+00:00, run_after=2026-05-20 00:00:00+00:00
[2026-05-19T12:02:41.234+0000] {processor.py:183} INFO - Processing /opt/airflow/dags/stackoverflow_migration_dag.py took 1.456 seconds
[2026-05-19T12:03:11.451+0000] {processor.py:161} INFO - Started process (PID=1318) to work on /opt/airflow/dags/stackoverflow_migration_dag.py
[2026-05-19T12:03:11.453+0000] {processor.py:830} INFO - Processing file /opt/airflow/dags/stackoverflow_migration_dag.py for tasks to queue
[2026-05-19T12:03:11.456+0000] {logging_mixin.py:188} INFO - [2026-05-19T12:03:11.456+0000] {dagbag.py:545} INFO - Filling up the DagBag from /opt/airflow/dags/stackoverflow_migration_dag.py
[2026-05-19T12:03:12.433+0000] {processor.py:840} INFO - DAG(s) 'stackoverflow_medallion_pipeline_v2' retrieved from /opt/airflow/dags/stackoverflow_migration_dag.py
[2026-05-19T12:03:12.496+0000] {logging_mixin.py:188} INFO - [2026-05-19T12:03:12.496+0000] {dag.py:3096} INFO - Sync 1 DAGs
[2026-05-19T12:03:12.539+0000] {logging_mixin.py:188} INFO - [2026-05-19T12:03:12.539+0000] {dag.py:3954} INFO - Setting next_dagrun for stackoverflow_medallion_pipeline_v2 to 2026-05-19 00:00:00+00:00, run_after=2026-05-20 00:00:00+00:00
[2026-05-19T12:03:12.580+0000] {processor.py:183} INFO - Processing /opt/airflow/dags/stackoverflow_migration_dag.py took 1.138 seconds
[2026-05-19T12:03:42.726+0000] {processor.py:161} INFO - Started process (PID=1323) to work on /opt/airflow/dags/stackoverflow_migration_dag.py
[2026-05-19T12:03:42.728+0000] {processor.py:830} INFO - Processing file /opt/airflow/dags/stackoverflow_migration_dag.py for tasks to queue
[2026-05-19T12:03:42.732+0000] {logging_mixin.py:188} INFO - [2026-05-19T12:03:42.732+0000] {dagbag.py:545} INFO - Filling up the DagBag from /opt/airflow/dags/stackoverflow_migration_dag.py
[2026-05-19T12:03:44.116+0000] {processor.py:840} INFO - DAG(s) 'stackoverflow_medallion_pipeline_v2' retrieved from /opt/airflow/dags/stackoverflow_migration_dag.py
[2026-05-19T12:03:44.183+0000] {logging_mixin.py:188} INFO - [2026-05-19T12:03:44.183+0000] {dag.py:3096} INFO - Sync 1 DAGs
[2026-05-19T12:03:44.230+0000] {logging_mixin.py:188} INFO - [2026-05-19T12:03:44.229+0000] {dag.py:3954} INFO - Setting next_dagrun for stackoverflow_medallion_pipeline_v2 to 2026-05-19 00:00:00+00:00, run_after=2026-05-20 00:00:00+00:00
[2026-05-19T12:03:44.276+0000] {processor.py:183} INFO - Processing /opt/airflow/dags/stackoverflow_migration_dag.py took 1.569 seconds
[2026-05-19T12:04:14.536+0000] {processor.py:161} INFO - Started process (PID=1328) to work on /opt/airflow/dags/stackoverflow_migration_dag.py
[2026-05-19T12:04:14.538+0000] {processor.py:830} INFO - Processing file /opt/airflow/dags/stackoverflow_migration_dag.py for tasks to queue
[2026-05-19T12:04:14.542+0000] {logging_mixin.py:188} INFO - [2026-05-19T12:04:14.541+0000] {dagbag.py:545} INFO - Filling up the DagBag from /opt/airflow/dags/stackoverflow_migration_dag.py
[2026-05-19T12:04:15.597+0000] {processor.py:840} INFO - DAG(s) 'stackoverflow_medallion_pipeline_v2' retrieved from /opt/airflow/dags/stackoverflow_migration_dag.py
[2026-05-19T12:04:15.667+0000] {logging_mixin.py:188} INFO - [2026-05-19T12:04:15.667+0000] {dag.py:3096} INFO - Sync 1 DAGs
[2026-05-19T12:04:15.720+0000] {logging_mixin.py:188} INFO - [2026-05-19T12:04:15.720+0000] {dag.py:3954} INFO - Setting next_dagrun for stackoverflow_medallion_pipeline_v2 to 2026-05-19 00:00:00+00:00, run_after=2026-05-20 00:00:00+00:00
[2026-05-19T12:04:15.763+0000] {processor.py:183} INFO - Processing /opt/airflow/dags/stackoverflow_migration_dag.py took 1.238 seconds
[2026-05-19T12:04:45.992+0000] {processor.py:161} INFO - Started process (PID=1333) to work on /opt/airflow/dags/stackoverflow_migration_dag.py
[2026-05-19T12:04:45.993+0000] {processor.py:830} INFO - Processing file /opt/airflow/dags/stackoverflow_migration_dag.py for tasks to queue
[2026-05-19T12:04:45.997+0000] {logging_mixin.py:188} INFO - [2026-05-19T12:04:45.996+0000] {dagbag.py:545} INFO - Filling up the DagBag from /opt/airflow/dags/stackoverflow_migration_dag.py
[2026-05-19T12:04:47.164+0000] {processor.py:840} INFO - DAG(s) 'stackoverflow_medallion_pipeline_v2' retrieved from /opt/airflow/dags/stackoverflow_migration_dag.py
[2026-05-19T12:04:47.232+0000] {logging_mixin.py:188} INFO - [2026-05-19T12:04:47.232+0000] {dag.py:3096} INFO - Sync 1 DAGs
[2026-05-19T12:04:47.290+0000] {logging_mixin.py:188} INFO - [2026-05-19T12:04:47.290+0000] {dag.py:3954} INFO - Setting next_dagrun for stackoverflow_medallion_pipeline_v2 to 2026-05-19 00:00:00+00:00, run_after=2026-05-20 00:00:00+00:00
[2026-05-19T12:04:47.330+0000] {processor.py:183} INFO - Processing /opt/airflow/dags/stackoverflow_migration_dag.py took 1.349 seconds
[2026-05-19T12:05:17.552+0000] {processor.py:161} INFO - Started process (PID=1338) to work on /opt/airflow/dags/stackoverflow_migration_dag.py
[2026-05-19T12:05:17.553+0000] {processor.py:830} INFO - Processing file /opt/airflow/dags/stackoverflow_migration_dag.py for tasks to queue
[2026-05-19T12:05:17.557+0000] {logging_mixin.py:188} INFO - [2026-05-19T12:05:17.556+0000] {dagbag.py:545} INFO - Filling up the DagBag from /opt/airflow/dags/stackoverflow_migration_dag.py
[2026-05-19T12:05:18.589+0000] {processor.py:840} INFO - DAG(s) 'stackoverflow_medallion_pipeline_v2' retrieved from /opt/airflow/dags/stackoverflow_migration_dag.py
[2026-05-19T12:05:18.655+0000] {logging_mixin.py:188} INFO - [2026-05-19T12:05:18.655+0000] {dag.py:3096} INFO - Sync 1 DAGs
[2026-05-19T12:05:18.706+0000] {logging_mixin.py:188} INFO - [2026-05-19T12:05:18.706+0000] {dag.py:3954} INFO - Setting next_dagrun for stackoverflow_medallion_pipeline_v2 to 2026-05-19 00:00:00+00:00, run_after=2026-05-20 00:00:00+00:00
[2026-05-19T12:05:18.750+0000] {processor.py:183} INFO - Processing /opt/airflow/dags/stackoverflow_migration_dag.py took 1.209 seconds
[2026-05-19T12:05:48.964+0000] {processor.py:161} INFO - Started process (PID=1343) to work on /opt/airflow/dags/stackoverflow_migration_dag.py
[2026-05-19T12:05:48.966+0000] {processor.py:830} INFO - Processing file /opt/airflow/dags/stackoverflow_migration_dag.py for tasks to queue
[2026-05-19T12:05:48.969+0000] {logging_mixin.py:188} INFO - [2026-05-19T12:05:48.968+0000] {dagbag.py:545} INFO - Filling up the DagBag from /opt/airflow/dags/stackoverflow_migration_dag.py
[2026-05-19T12:05:50.037+0000] {processor.py:840} INFO - DAG(s) 'stackoverflow_medallion_pipeline_v2' retrieved from /opt/airflow/dags/stackoverflow_migration_dag.py
[2026-05-19T12:05:50.097+0000] {logging_mixin.py:188} INFO - [2026-05-19T12:05:50.097+0000] {dag.py:3096} INFO - Sync 1 DAGs
[2026-05-19T12:05:50.140+0000] {logging_mixin.py:188} INFO - [2026-05-19T12:05:50.139+0000] {dag.py:3954} INFO - Setting next_dagrun for stackoverflow_medallion_pipeline_v2 to 2026-05-19 00:00:00+00:00, run_after=2026-05-20 00:00:00+00:00
[2026-05-19T12:05:50.178+0000] {processor.py:183} INFO - Processing /opt/airflow/dags/stackoverflow_migration_dag.py took 1.224 seconds
[2026-05-19T12:06:20.390+0000] {processor.py:161} INFO - Started process (PID=1348) to work on /opt/airflow/dags/stackoverflow_migration_dag.py
[2026-05-19T12:06:20.392+0000] {processor.py:830} INFO - Processing file /opt/airflow/dags/stackoverflow_migration_dag.py for tasks to queue
[2026-05-19T12:06:20.396+0000] {logging_mixin.py:188} INFO - [2026-05-19T12:06:20.395+0000] {dagbag.py:545} INFO - Filling up the DagBag from /opt/airflow/dags/stackoverflow_migration_dag.py
[2026-05-19T12:06:21.409+0000] {processor.py:840} INFO - DAG(s) 'stackoverflow_medallion_pipeline_v2' retrieved from /opt/airflow/dags/stackoverflow_migration_dag.py
[2026-05-19T12:06:21.469+0000] {logging_mixin.py:188} INFO - [2026-05-19T12:06:21.469+0000] {dag.py:3096} INFO - Sync 1 DAGs
[2026-05-19T12:06:21.513+0000] {logging_mixin.py:188} INFO - [2026-05-19T12:06:21.512+0000] {dag.py:3954} INFO - Setting next_dagrun for stackoverflow_medallion_pipeline_v2 to 2026-05-19 00:00:00+00:00, run_after=2026-05-20 00:00:00+00:00
[2026-05-19T12:06:21.550+0000] {processor.py:183} INFO - Processing /opt/airflow/dags/stackoverflow_migration_dag.py took 1.170 seconds
[2026-05-19T12:06:51.801+0000] {processor.py:161} INFO - Started process (PID=1353) to work on /opt/airflow/dags/stackoverflow_migration_dag.py
[2026-05-19T12:06:51.803+0000] {processor.py:830} INFO - Processing file /opt/airflow/dags/stackoverflow_migration_dag.py for tasks to queue
[2026-05-19T12:06:51.809+0000] {logging_mixin.py:188} INFO - [2026-05-19T12:06:51.808+0000] {dagbag.py:545} INFO - Filling up the DagBag from /opt/airflow/dags/stackoverflow_migration_dag.py
[2026-05-19T12:06:53.236+0000] {processor.py:840} INFO - DAG(s) 'stackoverflow_medallion_pipeline_v2' retrieved from /opt/airflow/dags/stackoverflow_migration_dag.py
[2026-05-19T12:06:53.301+0000] {logging_mixin.py:188} INFO - [2026-05-19T12:06:53.301+0000] {dag.py:3096} INFO - Sync 1 DAGs
[2026-05-19T12:06:53.352+0000] {logging_mixin.py:188} INFO - [2026-05-19T12:06:53.352+0000] {dag.py:3954} INFO - Setting next_dagrun for stackoverflow_medallion_pipeline_v2 to 2026-05-19 00:00:00+00:00, run_after=2026-05-20 00:00:00+00:00
[2026-05-19T12:06:53.388+0000] {processor.py:183} INFO - Processing /opt/airflow/dags/stackoverflow_migration_dag.py took 1.604 seconds
[2026-05-19T12:07:23.658+0000] {processor.py:161} INFO - Started process (PID=1358) to work on /opt/airflow/dags/stackoverflow_migration_dag.py
[2026-05-19T12:07:23.661+0000] {processor.py:830} INFO - Processing file /opt/airflow/dags/stackoverflow_migration_dag.py for tasks to queue
[2026-05-19T12:07:23.664+0000] {logging_mixin.py:188} INFO - [2026-05-19T12:07:23.664+0000] {dagbag.py:545} INFO - Filling up the DagBag from /opt/airflow/dags/stackoverflow_migration_dag.py
[2026-05-19T12:07:24.820+0000] {processor.py:840} INFO - DAG(s) 'stackoverflow_medallion_pipeline_v2' retrieved from /opt/airflow/dags/stackoverflow_migration_dag.py
[2026-05-19T12:07:24.885+0000] {logging_mixin.py:188} INFO - [2026-05-19T12:07:24.885+0000] {dag.py:3096} INFO - Sync 1 DAGs
[2026-05-19T12:07:24.929+0000] {logging_mixin.py:188} INFO - [2026-05-19T12:07:24.928+0000] {dag.py:3954} INFO - Setting next_dagrun for stackoverflow_medallion_pipeline_v2 to 2026-05-19 00:00:00+00:00, run_after=2026-05-20 00:00:00+00:00
[2026-05-19T12:07:24.968+0000] {processor.py:183} INFO - Processing /opt/airflow/dags/stackoverflow_migration_dag.py took 1.319 seconds
[2026-05-19T12:07:55.191+0000] {processor.py:161} INFO - Started process (PID=1363) to work on /opt/airflow/dags/stackoverflow_migration_dag.py
[2026-05-19T12:07:55.194+0000] {processor.py:830} INFO - Processing file /opt/airflow/dags/stackoverflow_migration_dag.py for tasks to queue
[2026-05-19T12:07:55.200+0000] {logging_mixin.py:188} INFO - [2026-05-19T12:07:55.199+0000] {dagbag.py:545} INFO - Filling up the DagBag from /opt/airflow/dags/stackoverflow_migration_dag.py
[2026-05-19T12:07:57.085+0000] {processor.py:840} INFO - DAG(s) 'stackoverflow_medallion_pipeline_v2' retrieved from /opt/airflow/dags/stackoverflow_migration_dag.py
[2026-05-19T12:07:57.314+0000] {logging_mixin.py:188} INFO - [2026-05-19T12:07:57.313+0000] {dag.py:3096} INFO - Sync 1 DAGs
[2026-05-19T12:07:57.452+0000] {logging_mixin.py:188} INFO - [2026-05-19T12:07:57.451+0000] {dag.py:3954} INFO - Setting next_dagrun for stackoverflow_medallion_pipeline_v2 to 2026-05-19 00:00:00+00:00, run_after=2026-05-20 00:00:00+00:00
[2026-05-19T12:07:57.532+0000] {processor.py:183} INFO - Processing /opt/airflow/dags/stackoverflow_migration_dag.py took 2.354 seconds
[2026-05-19T12:08:27.898+0000] {processor.py:161} INFO - Started process (PID=1368) to work on /opt/airflow/dags/stackoverflow_migration_dag.py
[2026-05-19T12:08:27.901+0000] {processor.py:830} INFO - Processing file /opt/airflow/dags/stackoverflow_migration_dag.py for tasks to queue
[2026-05-19T12:08:27.905+0000] {logging_mixin.py:188} INFO - [2026-05-19T12:08:27.904+0000] {dagbag.py:545} INFO - Filling up the DagBag from /opt/airflow/dags/stackoverflow_migration_dag.py
[2026-05-19T12:08:29.101+0000] {processor.py:840} INFO - DAG(s) 'stackoverflow_medallion_pipeline_v2' retrieved from /opt/airflow/dags/stackoverflow_migration_dag.py
[2026-05-19T12:08:29.194+0000] {logging_mixin.py:188} INFO - [2026-05-19T12:08:29.193+0000] {dag.py:3096} INFO - Sync 1 DAGs
[2026-05-19T12:08:29.287+0000] {logging_mixin.py:188} INFO - [2026-05-19T12:08:29.287+0000] {dag.py:3954} INFO - Setting next_dagrun for stackoverflow_medallion_pipeline_v2 to 2026-05-19 00:00:00+00:00, run_after=2026-05-20 00:00:00+00:00
[2026-05-19T12:08:29.355+0000] {processor.py:183} INFO - Processing /opt/airflow/dags/stackoverflow_migration_dag.py took 1.470 seconds
[2026-05-19T12:08:59.871+0000] {processor.py:161} INFO - Started process (PID=1373) to work on /opt/airflow/dags/stackoverflow_migration_dag.py
[2026-05-19T12:08:59.874+0000] {processor.py:830} INFO - Processing file /opt/airflow/dags/stackoverflow_migration_dag.py for tasks to queue
[2026-05-19T12:08:59.882+0000] {logging_mixin.py:188} INFO - [2026-05-19T12:08:59.881+0000] {dagbag.py:545} INFO - Filling up the DagBag from /opt/airflow/dags/stackoverflow_migration_dag.py
[2026-05-19T12:09:01.169+0000] {processor.py:840} INFO - DAG(s) 'stackoverflow_medallion_pipeline_v2' retrieved from /opt/airflow/dags/stackoverflow_migration_dag.py
[2026-05-19T12:09:01.240+0000] {logging_mixin.py:188} INFO - [2026-05-19T12:09:01.240+0000] {dag.py:3096} INFO - Sync 1 DAGs
[2026-05-19T12:09:01.296+0000] {logging_mixin.py:188} INFO - [2026-05-19T12:09:01.295+0000] {dag.py:3954} INFO - Setting next_dagrun for stackoverflow_medallion_pipeline_v2 to 2026-05-19 00:00:00+00:00, run_after=2026-05-20 00:00:00+00:00
[2026-05-19T12:09:01.341+0000] {processor.py:183} INFO - Processing /opt/airflow/dags/stackoverflow_migration_dag.py took 1.496 seconds
[2026-05-19T12:09:31.608+0000] {processor.py:161} INFO - Started process (PID=1378) to work on /opt/airflow/dags/stackoverflow_migration_dag.py
[2026-05-19T12:09:31.610+0000] {processor.py:830} INFO - Processing file /opt/airflow/dags/stackoverflow_migration_dag.py for tasks to queue
[2026-05-19T12:09:31.613+0000] {logging_mixin.py:188} INFO - [2026-05-19T12:09:31.613+0000] {dagbag.py:545} INFO - Filling up the DagBag from /opt/airflow/dags/stackoverflow_migration_dag.py
[2026-05-19T12:09:32.729+0000] {processor.py:840} INFO - DAG(s) 'stackoverflow_medallion_pipeline_v2' retrieved from /opt/airflow/dags/stackoverflow_migration_dag.py
[2026-05-19T12:09:32.810+0000] {logging_mixin.py:188} INFO - [2026-05-19T12:09:32.810+0000] {dag.py:3096} INFO - Sync 1 DAGs
[2026-05-19T12:09:32.872+0000] {logging_mixin.py:188} INFO - [2026-05-19T12:09:32.872+0000] {dag.py:3954} INFO - Setting next_dagrun for stackoverflow_medallion_pipeline_v2 to 2026-05-19 00:00:00+00:00, run_after=2026-05-20 00:00:00+00:00
[2026-05-19T12:09:32.928+0000] {processor.py:183} INFO - Processing /opt/airflow/dags/stackoverflow_migration_dag.py took 1.329 seconds
[2026-05-19T12:10:03.175+0000] {processor.py:161} INFO - Started process (PID=1383) to work on /opt/airflow/dags/stackoverflow_migration_dag.py
[2026-05-19T12:10:03.176+0000] {processor.py:830} INFO - Processing file /opt/airflow/dags/stackoverflow_migration_dag.py for tasks to queue
[2026-05-19T12:10:03.180+0000] {logging_mixin.py:188} INFO - [2026-05-19T12:10:03.180+0000] {dagbag.py:545} INFO - Filling up the DagBag from /opt/airflow/dags/stackoverflow_migration_dag.py
[2026-05-19T12:10:04.808+0000] {processor.py:840} INFO - DAG(s) 'stackoverflow_medallion_pipeline_v2' retrieved from /opt/airflow/dags/stackoverflow_migration_dag.py
[2026-05-19T12:10:04.880+0000] {logging_mixin.py:188} INFO - [2026-05-19T12:10:04.879+0000] {dag.py:3096} INFO - Sync 1 DAGs
[2026-05-19T12:10:04.929+0000] {logging_mixin.py:188} INFO - [2026-05-19T12:10:04.928+0000] {dag.py:3954} INFO - Setting next_dagrun for stackoverflow_medallion_pipeline_v2 to 2026-05-19 00:00:00+00:00, run_after=2026-05-20 00:00:00+00:00
[2026-05-19T12:10:04.976+0000] {processor.py:183} INFO - Processing /opt/airflow/dags/stackoverflow_migration_dag.py took 1.811 seconds
[2026-05-19T12:10:35.225+0000] {processor.py:161} INFO - Started process (PID=1388) to work on /opt/airflow/dags/stackoverflow_migration_dag.py
[2026-05-19T12:10:35.227+0000] {processor.py:830} INFO - Processing file /opt/airflow/dags/stackoverflow_migration_dag.py for tasks to queue
[2026-05-19T12:10:35.230+0000] {logging_mixin.py:188} INFO - [2026-05-19T12:10:35.229+0000] {dagbag.py:545} INFO - Filling up the DagBag from /opt/airflow/dags/stackoverflow_migration_dag.py
[2026-05-19T12:10:36.482+0000] {processor.py:840} INFO - DAG(s) 'stackoverflow_medallion_pipeline_v2' retrieved from /opt/airflow/dags/stackoverflow_migration_dag.py
[2026-05-19T12:10:36.552+0000] {logging_mixin.py:188} INFO - [2026-05-19T12:10:36.552+0000] {dag.py:3096} INFO - Sync 1 DAGs
[2026-05-19T12:10:36.603+0000] {logging_mixin.py:188} INFO - [2026-05-19T12:10:36.603+0000] {dag.py:3954} INFO - Setting next_dagrun for stackoverflow_medallion_pipeline_v2 to 2026-05-19 00:00:00+00:00, run_after=2026-05-20 00:00:00+00:00
[2026-05-19T12:10:36.643+0000] {processor.py:183} INFO - Processing /opt/airflow/dags/stackoverflow_migration_dag.py took 1.428 seconds
[2026-05-19T12:11:06.907+0000] {processor.py:161} INFO - Started process (PID=1393) to work on /opt/airflow/dags/stackoverflow_migration_dag.py
[2026-05-19T12:11:06.909+0000] {processor.py:830} INFO - Processing file /opt/airflow/dags/stackoverflow_migration_dag.py for tasks to queue
[2026-05-19T12:11:06.913+0000] {logging_mixin.py:188} INFO - [2026-05-19T12:11:06.912+0000] {dagbag.py:545} INFO - Filling up the DagBag from /opt/airflow/dags/stackoverflow_migration_dag.py
[2026-05-19T12:11:08.645+0000] {processor.py:840} INFO - DAG(s) 'stackoverflow_medallion_pipeline_v2' retrieved from /opt/airflow/dags/stackoverflow_migration_dag.py
[2026-05-19T12:11:08.739+0000] {logging_mixin.py:188} INFO - [2026-05-19T12:11:08.738+0000] {dag.py:3096} INFO - Sync 1 DAGs
[2026-05-19T12:11:08.815+0000] {logging_mixin.py:188} INFO - [2026-05-19T12:11:08.815+0000] {dag.py:3954} INFO - Setting next_dagrun for stackoverflow_medallion_pipeline_v2 to 2026-05-19 00:00:00+00:00, run_after=2026-05-20 00:00:00+00:00
[2026-05-19T12:11:08.861+0000] {processor.py:183} INFO - Processing /opt/airflow/dags/stackoverflow_migration_dag.py took 1.965 seconds
[2026-05-19T12:11:39.144+0000] {processor.py:161} INFO - Started process (PID=1398) to work on /opt/airflow/dags/stackoverflow_migration_dag.py
[2026-05-19T12:11:39.147+0000] {processor.py:830} INFO - Processing file /opt/airflow/dags/stackoverflow_migration_dag.py for tasks to queue
[2026-05-19T12:11:39.151+0000] {logging_mixin.py:188} INFO - [2026-05-19T12:11:39.150+0000] {dagbag.py:545} INFO - Filling up the DagBag from /opt/airflow/dags/stackoverflow_migration_dag.py
[2026-05-19T12:11:40.592+0000] {processor.py:840} INFO - DAG(s) 'stackoverflow_medallion_pipeline_v2' retrieved from /opt/airflow/dags/stackoverflow_migration_dag.py
[2026-05-19T12:11:40.658+0000] {logging_mixin.py:188} INFO - [2026-05-19T12:11:40.658+0000] {dag.py:3096} INFO - Sync 1 DAGs
[2026-05-19T12:11:40.704+0000] {logging_mixin.py:188} INFO - [2026-05-19T12:11:40.703+0000] {dag.py:3954} INFO - Setting next_dagrun for stackoverflow_medallion_pipeline_v2 to 2026-05-19 00:00:00+00:00, run_after=2026-05-20 00:00:00+00:00
[2026-05-19T12:11:40.745+0000] {processor.py:183} INFO - Processing /opt/airflow/dags/stackoverflow_migration_dag.py took 1.613 seconds
[2026-05-19T12:12:11.063+0000] {processor.py:161} INFO - Started process (PID=1403) to work on /opt/airflow/dags/stackoverflow_migration_dag.py
[2026-05-19T12:12:11.065+0000] {processor.py:830} INFO - Processing file /opt/airflow/dags/stackoverflow_migration_dag.py for tasks to queue
[2026-05-19T12:12:11.070+0000] {logging_mixin.py:188} INFO - [2026-05-19T12:12:11.069+0000] {dagbag.py:545} INFO - Filling up the DagBag from /opt/airflow/dags/stackoverflow_migration_dag.py
[2026-05-19T12:12:12.787+0000] {processor.py:840} INFO - DAG(s) 'stackoverflow_medallion_pipeline_v2' retrieved from /opt/airflow/dags/stackoverflow_migration_dag.py
[2026-05-19T12:12:12.865+0000] {logging_mixin.py:188} INFO - [2026-05-19T12:12:12.864+0000] {dag.py:3096} INFO - Sync 1 DAGs
[2026-05-19T12:12:12.922+0000] {logging_mixin.py:188} INFO - [2026-05-19T12:12:12.921+0000] {dag.py:3954} INFO - Setting next_dagrun for stackoverflow_medallion_pipeline_v2 to 2026-05-19 00:00:00+00:00, run_after=2026-05-20 00:00:00+00:00
[2026-05-19T12:12:12.968+0000] {processor.py:183} INFO - Processing /opt/airflow/dags/stackoverflow_migration_dag.py took 1.924 seconds
[2026-05-19T12:12:43.273+0000] {processor.py:161} INFO - Started process (PID=1408) to work on /opt/airflow/dags/stackoverflow_migration_dag.py
[2026-05-19T12:12:43.276+0000] {processor.py:830} INFO - Processing file /opt/airflow/dags/stackoverflow_migration_dag.py for tasks to queue
[2026-05-19T12:12:43.279+0000] {logging_mixin.py:188} INFO - [2026-05-19T12:12:43.279+0000] {dagbag.py:545} INFO - Filling up the DagBag from /opt/airflow/dags/stackoverflow_migration_dag.py
[2026-05-19T12:12:44.488+0000] {processor.py:840} INFO - DAG(s) 'stackoverflow_medallion_pipeline_v2' retrieved from /opt/airflow/dags/stackoverflow_migration_dag.py
[2026-05-19T12:12:44.553+0000] {logging_mixin.py:188} INFO - [2026-05-19T12:12:44.553+0000] {dag.py:3096} INFO - Sync 1 DAGs
[2026-05-19T12:12:44.602+0000] {logging_mixin.py:188} INFO - [2026-05-19T12:12:44.601+0000] {dag.py:3954} INFO - Setting next_dagrun for stackoverflow_medallion_pipeline_v2 to 2026-05-19 00:00:00+00:00, run_after=2026-05-20 00:00:00+00:00
[2026-05-19T12:12:44.645+0000] {processor.py:183} INFO - Processing /opt/airflow/dags/stackoverflow_migration_dag.py took 1.385 seconds
[2026-05-19T12:13:14.927+0000] {processor.py:161} INFO - Started process (PID=1413) to work on /opt/airflow/dags/stackoverflow_migration_dag.py
[2026-05-19T12:13:14.930+0000] {processor.py:830} INFO - Processing file /opt/airflow/dags/stackoverflow_migration_dag.py for tasks to queue
[2026-05-19T12:13:14.934+0000] {logging_mixin.py:188} INFO - [2026-05-19T12:13:14.933+0000] {dagbag.py:545} INFO - Filling up the DagBag from /opt/airflow/dags/stackoverflow_migration_dag.py
[2026-05-19T12:13:16.566+0000] {processor.py:840} INFO - DAG(s) 'stackoverflow_medallion_pipeline_v2' retrieved from /opt/airflow/dags/stackoverflow_migration_dag.py
[2026-05-19T12:13:16.647+0000] {logging_mixin.py:188} INFO - [2026-05-19T12:13:16.646+0000] {dag.py:3096} INFO - Sync 1 DAGs
[2026-05-19T12:13:16.708+0000] {logging_mixin.py:188} INFO - [2026-05-19T12:13:16.708+0000] {dag.py:3954} INFO - Setting next_dagrun for stackoverflow_medallion_pipeline_v2 to 2026-05-19 00:00:00+00:00, run_after=2026-05-20 00:00:00+00:00
[2026-05-19T12:13:16.775+0000] {processor.py:183} INFO - Processing /opt/airflow/dags/stackoverflow_migration_dag.py took 1.862 seconds
[2026-05-19T12:13:47.164+0000] {processor.py:161} INFO - Started process (PID=1418) to work on /opt/airflow/dags/stackoverflow_migration_dag.py
[2026-05-19T12:13:47.166+0000] {processor.py:830} INFO - Processing file /opt/airflow/dags/stackoverflow_migration_dag.py for tasks to queue
[2026-05-19T12:13:47.171+0000] {logging_mixin.py:188} INFO - [2026-05-19T12:13:47.170+0000] {dagbag.py:545} INFO - Filling up the DagBag from /opt/airflow/dags/stackoverflow_migration_dag.py
[2026-05-19T12:13:48.617+0000] {processor.py:840} INFO - DAG(s) 'stackoverflow_medallion_pipeline_v2' retrieved from /opt/airflow/dags/stackoverflow_migration_dag.py
[2026-05-19T12:13:48.682+0000] {logging_mixin.py:188} INFO - [2026-05-19T12:13:48.681+0000] {dag.py:3096} INFO - Sync 1 DAGs
[2026-05-19T12:13:48.733+0000] {logging_mixin.py:188} INFO - [2026-05-19T12:13:48.732+0000] {dag.py:3954} INFO - Setting next_dagrun for stackoverflow_medallion_pipeline_v2 to 2026-05-19 00:00:00+00:00, run_after=2026-05-20 00:00:00+00:00
[2026-05-19T12:13:48.773+0000] {processor.py:183} INFO - Processing /opt/airflow/dags/stackoverflow_migration_dag.py took 1.625 seconds
[2026-05-19T12:14:19.051+0000] {processor.py:161} INFO - Started process (PID=1423) to work on /opt/airflow/dags/stackoverflow_migration_dag.py
[2026-05-19T12:14:19.054+0000] {processor.py:830} INFO - Processing file /opt/airflow/dags/stackoverflow_migration_dag.py for tasks to queue
[2026-05-19T12:14:19.057+0000] {logging_mixin.py:188} INFO - [2026-05-19T12:14:19.057+0000] {dagbag.py:545} INFO - Filling up the DagBag from /opt/airflow/dags/stackoverflow_migration_dag.py
[2026-05-19T12:14:20.384+0000] {processor.py:840} INFO - DAG(s) 'stackoverflow_medallion_pipeline_v2' retrieved from /opt/airflow/dags/stackoverflow_migration_dag.py
[2026-05-19T12:14:20.465+0000] {logging_mixin.py:188} INFO - [2026-05-19T12:14:20.465+0000] {dag.py:3096} INFO - Sync 1 DAGs
[2026-05-19T12:14:20.533+0000] {logging_mixin.py:188} INFO - [2026-05-19T12:14:20.533+0000] {dag.py:3954} INFO - Setting next_dagrun for stackoverflow_medallion_pipeline_v2 to 2026-05-19 00:00:00+00:00, run_after=2026-05-20 00:00:00+00:00
[2026-05-19T12:14:20.579+0000] {processor.py:183} INFO - Processing /opt/airflow/dags/stackoverflow_migration_dag.py took 1.542 seconds
[2026-05-19T12:14:50.893+0000] {processor.py:161} INFO - Started process (PID=1428) to work on /opt/airflow/dags/stackoverflow_migration_dag.py
[2026-05-19T12:14:50.896+0000] {processor.py:830} INFO - Processing file /opt/airflow/dags/stackoverflow_migration_dag.py for tasks to queue
[2026-05-19T12:14:50.899+0000] {logging_mixin.py:188} INFO - [2026-05-19T12:14:50.898+0000] {dagbag.py:545} INFO - Filling up the DagBag from /opt/airflow/dags/stackoverflow_migration_dag.py
[2026-05-19T12:14:52.001+0000] {processor.py:840} INFO - DAG(s) 'stackoverflow_medallion_pipeline_v2' retrieved from /opt/airflow/dags/stackoverflow_migration_dag.py
[2026-05-19T12:14:52.065+0000] {logging_mixin.py:188} INFO - [2026-05-19T12:14:52.065+0000] {dag.py:3096} INFO - Sync 1 DAGs
[2026-05-19T12:14:52.119+0000] {logging_mixin.py:188} INFO - [2026-05-19T12:14:52.119+0000] {dag.py:3954} INFO - Setting next_dagrun for stackoverflow_medallion_pipeline_v2 to 2026-05-19 00:00:00+00:00, run_after=2026-05-20 00:00:00+00:00
[2026-05-19T12:14:52.168+0000] {processor.py:183} INFO - Processing /opt/airflow/dags/stackoverflow_migration_dag.py took 1.284 seconds
[2026-05-19T12:15:22.451+0000] {processor.py:161} INFO - Started process (PID=1433) to work on /opt/airflow/dags/stackoverflow_migration_dag.py
[2026-05-19T12:15:22.453+0000] {processor.py:830} INFO - Processing file /opt/airflow/dags/stackoverflow_migration_dag.py for tasks to queue
[2026-05-19T12:15:22.456+0000] {logging_mixin.py:188} INFO - [2026-05-19T12:15:22.455+0000] {dagbag.py:545} INFO - Filling up the DagBag from /opt/airflow/dags/stackoverflow_migration_dag.py
[2026-05-19T12:15:23.829+0000] {processor.py:840} INFO - DAG(s) 'stackoverflow_medallion_pipeline_v2' retrieved from /opt/airflow/dags/stackoverflow_migration_dag.py
[2026-05-19T12:15:23.928+0000] {logging_mixin.py:188} INFO - [2026-05-19T12:15:23.927+0000] {dag.py:3096} INFO - Sync 1 DAGs
[2026-05-19T12:15:23.990+0000] {logging_mixin.py:188} INFO - [2026-05-19T12:15:23.990+0000] {dag.py:3954} INFO - Setting next_dagrun for stackoverflow_medallion_pipeline_v2 to 2026-05-19 00:00:00+00:00, run_after=2026-05-20 00:00:00+00:00
[2026-05-19T12:15:24.053+0000] {processor.py:183} INFO - Processing /opt/airflow/dags/stackoverflow_migration_dag.py took 1.613 seconds
[2026-05-19T12:15:54.357+0000] {processor.py:161} INFO - Started process (PID=1438) to work on /opt/airflow/dags/stackoverflow_migration_dag.py
[2026-05-19T12:15:54.359+0000] {processor.py:830} INFO - Processing file /opt/airflow/dags/stackoverflow_migration_dag.py for tasks to queue
[2026-05-19T12:15:54.362+0000] {logging_mixin.py:188} INFO - [2026-05-19T12:15:54.362+0000] {dagbag.py:545} INFO - Filling up the DagBag from /opt/airflow/dags/stackoverflow_migration_dag.py
[2026-05-19T12:15:55.938+0000] {processor.py:840} INFO - DAG(s) 'stackoverflow_medallion_pipeline_v2' retrieved from /opt/airflow/dags/stackoverflow_migration_dag.py
[2026-05-19T12:15:56.022+0000] {logging_mixin.py:188} INFO - [2026-05-19T12:15:56.021+0000] {dag.py:3096} INFO - Sync 1 DAGs
[2026-05-19T12:15:56.087+0000] {logging_mixin.py:188} INFO - [2026-05-19T12:15:56.087+0000] {dag.py:3954} INFO - Setting next_dagrun for stackoverflow_medallion_pipeline_v2 to 2026-05-19 00:00:00+00:00, run_after=2026-05-20 00:00:00+00:00
[2026-05-19T12:15:56.138+0000] {processor.py:183} INFO - Processing /opt/airflow/dags/stackoverflow_migration_dag.py took 1.795 seconds
[2026-05-19T12:16:26.411+0000] {processor.py:161} INFO - Started process (PID=1443) to work on /opt/airflow/dags/stackoverflow_migration_dag.py
[2026-05-19T12:16:26.413+0000] {processor.py:830} INFO - Processing file /opt/airflow/dags/stackoverflow_migration_dag.py for tasks to queue
[2026-05-19T12:16:26.417+0000] {logging_mixin.py:188} INFO - [2026-05-19T12:16:26.416+0000] {dagbag.py:545} INFO - Filling up the DagBag from /opt/airflow/dags/stackoverflow_migration_dag.py
[2026-05-19T12:16:28.071+0000] {processor.py:840} INFO - DAG(s) 'stackoverflow_medallion_pipeline_v2' retrieved from /opt/airflow/dags/stackoverflow_migration_dag.py
[2026-05-19T12:16:28.138+0000] {logging_mixin.py:188} INFO - [2026-05-19T12:16:28.138+0000] {dag.py:3096} INFO - Sync 1 DAGs
[2026-05-19T12:16:28.188+0000] {logging_mixin.py:188} INFO - [2026-05-19T12:16:28.188+0000] {dag.py:3954} INFO - Setting next_dagrun for stackoverflow_medallion_pipeline_v2 to 2026-05-19 00:00:00+00:00, run_after=2026-05-20 00:00:00+00:00
[2026-05-19T12:16:28.231+0000] {processor.py:183} INFO - Processing /opt/airflow/dags/stackoverflow_migration_dag.py took 1.832 seconds
[2026-05-19T12:16:58.505+0000] {processor.py:161} INFO - Started process (PID=1448) to work on /opt/airflow/dags/stackoverflow_migration_dag.py
[2026-05-19T12:16:58.507+0000] {processor.py:830} INFO - Processing file /opt/airflow/dags/stackoverflow_migration_dag.py for tasks to queue
[2026-05-19T12:16:58.511+0000] {logging_mixin.py:188} INFO - [2026-05-19T12:16:58.510+0000] {dagbag.py:545} INFO - Filling up the DagBag from /opt/airflow/dags/stackoverflow_migration_dag.py
[2026-05-19T12:17:31.277+0000] {processor.py:161} INFO - Started process (PID=1453) to work on /opt/airflow/dags/stackoverflow_migration_dag.py
[2026-05-19T12:17:31.280+0000] {processor.py:830} INFO - Processing file /opt/airflow/dags/stackoverflow_migration_dag.py for tasks to queue
[2026-05-19T12:17:31.285+0000] {logging_mixin.py:188} INFO - [2026-05-19T12:17:31.284+0000] {dagbag.py:545} INFO - Filling up the DagBag from /opt/airflow/dags/stackoverflow_migration_dag.py
[2026-05-19T12:17:33.119+0000] {processor.py:840} INFO - DAG(s) 'stackoverflow_medallion_pipeline_v2' retrieved from /opt/airflow/dags/stackoverflow_migration_dag.py
[2026-05-19T12:17:33.205+0000] {logging_mixin.py:188} INFO - [2026-05-19T12:17:33.204+0000] {dag.py:3096} INFO - Sync 1 DAGs
[2026-05-19T12:17:33.259+0000] {logging_mixin.py:188} INFO - [2026-05-19T12:17:33.258+0000] {dag.py:3954} INFO - Setting next_dagrun for stackoverflow_medallion_pipeline_v2 to 2026-05-19 00:00:00+00:00, run_after=2026-05-20 00:00:00+00:00
[2026-05-19T12:17:33.304+0000] {processor.py:183} INFO - Processing /opt/airflow/dags/stackoverflow_migration_dag.py took 2.045 seconds
[2026-05-19T12:18:03.600+0000] {processor.py:161} INFO - Started process (PID=1458) to work on /opt/airflow/dags/stackoverflow_migration_dag.py
[2026-05-19T12:18:03.602+0000] {processor.py:830} INFO - Processing file /opt/airflow/dags/stackoverflow_migration_dag.py for tasks to queue
[2026-05-19T12:18:03.607+0000] {logging_mixin.py:188} INFO - [2026-05-19T12:18:03.606+0000] {dagbag.py:545} INFO - Filling up the DagBag from /opt/airflow/dags/stackoverflow_migration_dag.py
[2026-05-19T12:18:05.222+0000] {processor.py:840} INFO - DAG(s) 'stackoverflow_medallion_pipeline_v2' retrieved from /opt/airflow/dags/stackoverflow_migration_dag.py
[2026-05-19T12:18:05.310+0000] {logging_mixin.py:188} INFO - [2026-05-19T12:18:05.309+0000] {dag.py:3096} INFO - Sync 1 DAGs
[2026-05-19T12:18:05.371+0000] {logging_mixin.py:188} INFO - [2026-05-19T12:18:05.371+0000] {dag.py:3954} INFO - Setting next_dagrun for stackoverflow_medallion_pipeline_v2 to 2026-05-19 00:00:00+00:00, run_after=2026-05-20 00:00:00+00:00
[2026-05-19T12:18:05.423+0000] {processor.py:183} INFO - Processing /opt/airflow/dags/stackoverflow_migration_dag.py took 1.835 seconds
[2026-05-19T12:18:35.699+0000] {processor.py:161} INFO - Started process (PID=1463) to work on /opt/airflow/dags/stackoverflow_migration_dag.py
[2026-05-19T12:18:35.700+0000] {processor.py:830} INFO - Processing file /opt/airflow/dags/stackoverflow_migration_dag.py for tasks to queue
[2026-05-19T12:18:35.704+0000] {logging_mixin.py:188} INFO - [2026-05-19T12:18:35.703+0000] {dagbag.py:545} INFO - Filling up the DagBag from /opt/airflow/dags/stackoverflow_migration_dag.py
[2026-05-19T12:18:36.986+0000] {processor.py:840} INFO - DAG(s) 'stackoverflow_medallion_pipeline_v2' retrieved from /opt/airflow/dags/stackoverflow_migration_dag.py
[2026-05-19T12:18:37.095+0000] {logging_mixin.py:188} INFO - [2026-05-19T12:18:37.094+0000] {dag.py:3096} INFO - Sync 1 DAGs
[2026-05-19T12:18:37.167+0000] {logging_mixin.py:188} INFO - [2026-05-19T12:18:37.166+0000] {dag.py:3954} INFO - Setting next_dagrun for stackoverflow_medallion_pipeline_v2 to 2026-05-19 00:00:00+00:00, run_after=2026-05-20 00:00:00+00:00
[2026-05-19T12:18:37.218+0000] {processor.py:183} INFO - Processing /opt/airflow/dags/stackoverflow_migration_dag.py took 1.528 seconds
[2026-05-19T12:19:07.570+0000] {processor.py:161} INFO - Started process (PID=1468) to work on /opt/airflow/dags/stackoverflow_migration_dag.py
[2026-05-19T12:19:07.573+0000] {processor.py:830} INFO - Processing file /opt/airflow/dags/stackoverflow_migration_dag.py for tasks to queue
[2026-05-19T12:19:07.578+0000] {logging_mixin.py:188} INFO - [2026-05-19T12:19:07.577+0000] {dagbag.py:545} INFO - Filling up the DagBag from /opt/airflow/dags/stackoverflow_migration_dag.py
[2026-05-19T12:19:09.275+0000] {processor.py:840} INFO - DAG(s) 'stackoverflow_medallion_pipeline_v2' retrieved from /opt/airflow/dags/stackoverflow_migration_dag.py
[2026-05-19T12:19:09.358+0000] {logging_mixin.py:188} INFO - [2026-05-19T12:19:09.358+0000] {dag.py:3096} INFO - Sync 1 DAGs
[2026-05-19T12:19:09.428+0000] {logging_mixin.py:188} INFO - [2026-05-19T12:19:09.427+0000] {dag.py:3954} INFO - Setting next_dagrun for stackoverflow_medallion_pipeline_v2 to 2026-05-19 00:00:00+00:00, run_after=2026-05-20 00:00:00+00:00
[2026-05-19T12:19:09.479+0000] {processor.py:183} INFO - Processing /opt/airflow/dags/stackoverflow_migration_dag.py took 1.924 seconds
[2026-05-19T12:19:39.754+0000] {processor.py:161} INFO - Started process (PID=1473) to work on /opt/airflow/dags/stackoverflow_migration_dag.py
[2026-05-19T12:19:39.756+0000] {processor.py:830} INFO - Processing file /opt/airflow/dags/stackoverflow_migration_dag.py for tasks to queue
[2026-05-19T12:19:39.759+0000] {logging_mixin.py:188} INFO - [2026-05-19T12:19:39.758+0000] {dagbag.py:545} INFO - Filling up the DagBag from /opt/airflow/dags/stackoverflow_migration_dag.py
[2026-05-19T12:19:41.131+0000] {processor.py:840} INFO - DAG(s) 'stackoverflow_medallion_pipeline_v2' retrieved from /opt/airflow/dags/stackoverflow_migration_dag.py
[2026-05-19T12:19:41.211+0000] {logging_mixin.py:188} INFO - [2026-05-19T12:19:41.210+0000] {dag.py:3096} INFO - Sync 1 DAGs
[2026-05-19T12:19:41.278+0000] {logging_mixin.py:188} INFO - [2026-05-19T12:19:41.277+0000] {dag.py:3954} INFO - Setting next_dagrun for stackoverflow_medallion_pipeline_v2 to 2026-05-19 00:00:00+00:00, run_after=2026-05-20 00:00:00+00:00
[2026-05-19T12:19:41.324+0000] {processor.py:183} INFO - Processing /opt/airflow/dags/stackoverflow_migration_dag.py took 1.579 seconds
[2026-05-19T12:20:11.578+0000] {processor.py:161} INFO - Started process (PID=1478) to work on /opt/airflow/dags/stackoverflow_migration_dag.py
[2026-05-19T12:20:11.580+0000] {processor.py:830} INFO - Processing file /opt/airflow/dags/stackoverflow_migration_dag.py for tasks to queue
[2026-05-19T12:20:11.584+0000] {logging_mixin.py:188} INFO - [2026-05-19T12:20:11.583+0000] {dagbag.py:545} INFO - Filling up the DagBag from /opt/airflow/dags/stackoverflow_migration_dag.py
[2026-05-19T12:20:12.844+0000] {processor.py:840} INFO - DAG(s) 'stackoverflow_medallion_pipeline_v2' retrieved from /opt/airflow/dags/stackoverflow_migration_dag.py
[2026-05-19T12:20:12.925+0000] {logging_mixin.py:188} INFO - [2026-05-19T12:20:12.924+0000] {dag.py:3096} INFO - Sync 1 DAGs
[2026-05-19T12:20:12.986+0000] {logging_mixin.py:188} INFO - [2026-05-19T12:20:12.986+0000] {dag.py:3954} INFO - Setting next_dagrun for stackoverflow_medallion_pipeline_v2 to 2026-05-19 00:00:00+00:00, run_after=2026-05-20 00:00:00+00:00
[2026-05-19T12:20:13.032+0000] {processor.py:183} INFO - Processing /opt/airflow/dags/stackoverflow_migration_dag.py took 1.463 seconds
[2026-05-19T12:20:43.319+0000] {processor.py:161} INFO - Started process (PID=1483) to work on /opt/airflow/dags/stackoverflow_migration_dag.py
[2026-05-19T12:20:43.321+0000] {processor.py:830} INFO - Processing file /opt/airflow/dags/stackoverflow_migration_dag.py for tasks to queue
[2026-05-19T12:20:43.324+0000] {logging_mixin.py:188} INFO - [2026-05-19T12:20:43.323+0000] {dagbag.py:545} INFO - Filling up the DagBag from /opt/airflow/dags/stackoverflow_migration_dag.py
[2026-05-19T12:20:44.439+0000] {processor.py:840} INFO - DAG(s) 'stackoverflow_medallion_pipeline_v2' retrieved from /opt/airflow/dags/stackoverflow_migration_dag.py
[2026-05-19T12:20:44.497+0000] {logging_mixin.py:188} INFO - [2026-05-19T12:20:44.496+0000] {dag.py:3096} INFO - Sync 1 DAGs
[2026-05-19T12:20:44.543+0000] {logging_mixin.py:188} INFO - [2026-05-19T12:20:44.543+0000] {dag.py:3954} INFO - Setting next_dagrun for stackoverflow_medallion_pipeline_v2 to 2026-05-19 00:00:00+00:00, run_after=2026-05-20 00:00:00+00:00
[2026-05-19T12:20:44.581+0000] {processor.py:183} INFO - Processing /opt/airflow/dags/stackoverflow_migration_dag.py took 1.274 seconds
[2026-05-19T12:21:14.829+0000] {processor.py:161} INFO - Started process (PID=1488) to work on /opt/airflow/dags/stackoverflow_migration_dag.py
[2026-05-19T12:21:14.831+0000] {processor.py:830} INFO - Processing file /opt/airflow/dags/stackoverflow_migration_dag.py for tasks to queue
[2026-05-19T12:21:14.835+0000] {logging_mixin.py:188} INFO - [2026-05-19T12:21:14.834+0000] {dagbag.py:545} INFO - Filling up the DagBag from /opt/airflow/dags/stackoverflow_migration_dag.py
[2026-05-19T12:21:16.485+0000] {processor.py:840} INFO - DAG(s) 'stackoverflow_medallion_pipeline_v2' retrieved from /opt/airflow/dags/stackoverflow_migration_dag.py
[2026-05-19T12:21:16.571+0000] {logging_mixin.py:188} INFO - [2026-05-19T12:21:16.570+0000] {dag.py:3096} INFO - Sync 1 DAGs
[2026-05-19T12:21:16.626+0000] {logging_mixin.py:188} INFO - [2026-05-19T12:21:16.626+0000] {dag.py:3954} INFO - Setting next_dagrun for stackoverflow_medallion_pipeline_v2 to 2026-05-19 00:00:00+00:00, run_after=2026-05-20 00:00:00+00:00
[2026-05-19T12:21:16.672+0000] {processor.py:183} INFO - Processing /opt/airflow/dags/stackoverflow_migration_dag.py took 1.858 seconds
[2026-05-19T12:21:46.955+0000] {processor.py:161} INFO - Started process (PID=1493) to work on /opt/airflow/dags/stackoverflow_migration_dag.py
[2026-05-19T12:21:46.959+0000] {processor.py:830} INFO - Processing file /opt/airflow/dags/stackoverflow_migration_dag.py for tasks to queue
[2026-05-19T12:21:46.965+0000] {logging_mixin.py:188} INFO - [2026-05-19T12:21:46.964+0000] {dagbag.py:545} INFO - Filling up the DagBag from /opt/airflow/dags/stackoverflow_migration_dag.py
[2026-05-19T12:21:48.891+0000] {processor.py:840} INFO - DAG(s) 'stackoverflow_medallion_pipeline_v2' retrieved from /opt/airflow/dags/stackoverflow_migration_dag.py
[2026-05-19T12:21:48.985+0000] {logging_mixin.py:188} INFO - [2026-05-19T12:21:48.984+0000] {dag.py:3096} INFO - Sync 1 DAGs
[2026-05-19T12:21:49.052+0000] {logging_mixin.py:188} INFO - [2026-05-19T12:21:49.051+0000] {dag.py:3954} INFO - Setting next_dagrun for stackoverflow_medallion_pipeline_v2 to 2026-05-19 00:00:00+00:00, run_after=2026-05-20 00:00:00+00:00
[2026-05-19T12:21:49.098+0000] {processor.py:183} INFO - Processing /opt/airflow/dags/stackoverflow_migration_dag.py took 2.162 seconds
[2026-05-19T12:22:19.342+0000] {processor.py:161} INFO - Started process (PID=1498) to work on /opt/airflow/dags/stackoverflow_migration_dag.py
[2026-05-19T12:22:19.343+0000] {processor.py:830} INFO - Processing file /opt/airflow/dags/stackoverflow_migration_dag.py for tasks to queue
[2026-05-19T12:22:19.347+0000] {logging_mixin.py:188} INFO - [2026-05-19T12:22:19.346+0000] {dagbag.py:545} INFO - Filling up the DagBag from /opt/airflow/dags/stackoverflow_migration_dag.py
[2026-05-19T12:22:21.307+0000] {processor.py:840} INFO - DAG(s) 'stackoverflow_medallion_pipeline_v2' retrieved from /opt/airflow/dags/stackoverflow_migration_dag.py
[2026-05-19T12:22:21.392+0000] {logging_mixin.py:188} INFO - [2026-05-19T12:22:21.391+0000] {dag.py:3096} INFO - Sync 1 DAGs
[2026-05-19T12:22:21.454+0000] {logging_mixin.py:188} INFO - [2026-05-19T12:22:21.453+0000] {dag.py:3954} INFO - Setting next_dagrun for stackoverflow_medallion_pipeline_v2 to 2026-05-19 00:00:00+00:00, run_after=2026-05-20 00:00:00+00:00
[2026-05-19T12:22:21.497+0000] {processor.py:183} INFO - Processing /opt/airflow/dags/stackoverflow_migration_dag.py took 2.167 seconds
[2026-05-19T12:22:51.733+0000] {processor.py:161} INFO - Started process (PID=1503) to work on /opt/airflow/dags/stackoverflow_migration_dag.py
[2026-05-19T12:22:51.735+0000] {processor.py:830} INFO - Processing file /opt/airflow/dags/stackoverflow_migration_dag.py for tasks to queue
[2026-05-19T12:22:51.737+0000] {logging_mixin.py:188} INFO - [2026-05-19T12:22:51.737+0000] {dagbag.py:545} INFO - Filling up the DagBag from /opt/airflow/dags/stackoverflow_migration_dag.py
[2026-05-19T12:22:52.972+0000] {processor.py:840} INFO - DAG(s) 'stackoverflow_medallion_pipeline_v2' retrieved from /opt/airflow/dags/stackoverflow_migration_dag.py
[2026-05-19T12:22:53.054+0000] {logging_mixin.py:188} INFO - [2026-05-19T12:22:53.053+0000] {dag.py:3096} INFO - Sync 1 DAGs
[2026-05-19T12:22:53.110+0000] {logging_mixin.py:188} INFO - [2026-05-19T12:22:53.110+0000] {dag.py:3954} INFO - Setting next_dagrun for stackoverflow_medallion_pipeline_v2 to 2026-05-19 00:00:00+00:00, run_after=2026-05-20 00:00:00+00:00
[2026-05-19T12:22:53.155+0000] {processor.py:183} INFO - Processing /opt/airflow/dags/stackoverflow_migration_dag.py took 1.431 seconds
[2026-05-19T12:23:23.458+0000] {processor.py:161} INFO - Started process (PID=1508) to work on /opt/airflow/dags/stackoverflow_migration_dag.py
[2026-05-19T12:23:23.461+0000] {processor.py:830} INFO - Processing file /opt/airflow/dags/stackoverflow_migration_dag.py for tasks to queue
[2026-05-19T12:23:23.466+0000] {logging_mixin.py:188} INFO - [2026-05-19T12:23:23.465+0000] {dagbag.py:545} INFO - Filling up the DagBag from /opt/airflow/dags/stackoverflow_migration_dag.py
[2026-05-19T12:23:25.009+0000] {processor.py:840} INFO - DAG(s) 'stackoverflow_medallion_pipeline_v2' retrieved from /opt/airflow/dags/stackoverflow_migration_dag.py
[2026-05-19T12:23:25.099+0000] {logging_mixin.py:188} INFO - [2026-05-19T12:23:25.098+0000] {dag.py:3096} INFO - Sync 1 DAGs
[2026-05-19T12:23:25.161+0000] {logging_mixin.py:188} INFO - [2026-05-19T12:23:25.161+0000] {dag.py:3954} INFO - Setting next_dagrun for stackoverflow_medallion_pipeline_v2 to 2026-05-19 00:00:00+00:00, run_after=2026-05-20 00:00:00+00:00
[2026-05-19T12:23:25.208+0000] {processor.py:183} INFO - Processing /opt/airflow/dags/stackoverflow_migration_dag.py took 1.773 seconds
[2026-05-19T12:23:55.674+0000] {processor.py:161} INFO - Started process (PID=1513) to work on /opt/airflow/dags/stackoverflow_migration_dag.py
[2026-05-19T12:23:55.685+0000] {processor.py:830} INFO - Processing file /opt/airflow/dags/stackoverflow_migration_dag.py for tasks to queue
[2026-05-19T12:23:55.693+0000] {logging_mixin.py:188} INFO - [2026-05-19T12:23:55.693+0000] {dagbag.py:545} INFO - Filling up the DagBag from /opt/airflow/dags/stackoverflow_migration_dag.py
[2026-05-19T12:23:58.555+0000] {processor.py:840} INFO - DAG(s) 'stackoverflow_medallion_pipeline_v2' retrieved from /opt/airflow/dags/stackoverflow_migration_dag.py
[2026-05-19T12:23:58.692+0000] {logging_mixin.py:188} INFO - [2026-05-19T12:23:58.692+0000] {dag.py:3096} INFO - Sync 1 DAGs
[2026-05-19T12:23:58.794+0000] {logging_mixin.py:188} INFO - [2026-05-19T12:23:58.794+0000] {dag.py:3954} INFO - Setting next_dagrun for stackoverflow_medallion_pipeline_v2 to 2026-05-19 00:00:00+00:00, run_after=2026-05-20 00:00:00+00:00
[2026-05-19T12:23:58.860+0000] {processor.py:183} INFO - Processing /opt/airflow/dags/stackoverflow_migration_dag.py took 3.208 seconds
[2026-05-19T12:24:29.123+0000] {processor.py:161} INFO - Started process (PID=1518) to work on /opt/airflow/dags/stackoverflow_migration_dag.py
[2026-05-19T12:24:29.125+0000] {processor.py:830} INFO - Processing file /opt/airflow/dags/stackoverflow_migration_dag.py for tasks to queue
[2026-05-19T12:24:29.140+0000] {logging_mixin.py:188} INFO - [2026-05-19T12:24:29.138+0000] {dagbag.py:545} INFO - Filling up the DagBag from /opt/airflow/dags/stackoverflow_migration_dag.py
[2026-05-19T12:36:51.511+0000] {processor.py:161} INFO - Started process (PID=164) to work on /opt/airflow/dags/stackoverflow_migration_dag.py
[2026-05-19T12:36:51.513+0000] {processor.py:830} INFO - Processing file /opt/airflow/dags/stackoverflow_migration_dag.py for tasks to queue
[2026-05-19T12:36:51.517+0000] {logging_mixin.py:188} INFO - [2026-05-19T12:36:51.516+0000] {dagbag.py:545} INFO - Filling up the DagBag from /opt/airflow/dags/stackoverflow_migration_dag.py
[2026-05-19T12:36:54.571+0000] {processor.py:840} INFO - DAG(s) 'stackoverflow_medallion_pipeline_v2' retrieved from /opt/airflow/dags/stackoverflow_migration_dag.py
[2026-05-19T12:36:54.623+0000] {logging_mixin.py:188} INFO - [2026-05-19T12:36:54.623+0000] {dag.py:3096} INFO - Sync 1 DAGs
[2026-05-19T12:36:54.675+0000] {logging_mixin.py:188} INFO - [2026-05-19T12:36:54.675+0000] {dag.py:3954} INFO - Setting next_dagrun for stackoverflow_medallion_pipeline_v2 to 2026-05-19 00:00:00+00:00, run_after=2026-05-20 00:00:00+00:00
[2026-05-19T12:36:54.720+0000] {processor.py:183} INFO - Processing /opt/airflow/dags/stackoverflow_migration_dag.py took 3.222 seconds
[2026-05-19T12:37:24.898+0000] {processor.py:161} INFO - Started process (PID=169) to work on /opt/airflow/dags/stackoverflow_migration_dag.py
[2026-05-19T12:37:24.900+0000] {processor.py:830} INFO - Processing file /opt/airflow/dags/stackoverflow_migration_dag.py for tasks to queue
[2026-05-19T12:37:24.905+0000] {logging_mixin.py:188} INFO - [2026-05-19T12:37:24.904+0000] {dagbag.py:545} INFO - Filling up the DagBag from /opt/airflow/dags/stackoverflow_migration_dag.py
[2026-05-19T12:37:26.401+0000] {processor.py:840} INFO - DAG(s) 'stackoverflow_medallion_pipeline_v2' retrieved from /opt/airflow/dags/stackoverflow_migration_dag.py
[2026-05-19T12:37:27.007+0000] {logging_mixin.py:188} INFO - [2026-05-19T12:37:27.007+0000] {dag.py:3096} INFO - Sync 1 DAGs
[2026-05-19T12:37:27.091+0000] {logging_mixin.py:188} INFO - [2026-05-19T12:37:27.091+0000] {dag.py:3954} INFO - Setting next_dagrun for stackoverflow_medallion_pipeline_v2 to 2026-05-19 00:00:00+00:00, run_after=2026-05-20 00:00:00+00:00
[2026-05-19T12:37:27.159+0000] {processor.py:183} INFO - Processing /opt/airflow/dags/stackoverflow_migration_dag.py took 2.274 seconds
[2026-05-19T12:37:57.457+0000] {processor.py:161} INFO - Started process (PID=174) to work on /opt/airflow/dags/stackoverflow_migration_dag.py
[2026-05-19T12:37:57.460+0000] {processor.py:830} INFO - Processing file /opt/airflow/dags/stackoverflow_migration_dag.py for tasks to queue
[2026-05-19T12:37:57.465+0000] {logging_mixin.py:188} INFO - [2026-05-19T12:37:57.464+0000] {dagbag.py:545} INFO - Filling up the DagBag from /opt/airflow/dags/stackoverflow_migration_dag.py
[2026-05-19T12:37:59.400+0000] {processor.py:840} INFO - DAG(s) 'stackoverflow_medallion_pipeline_v2' retrieved from /opt/airflow/dags/stackoverflow_migration_dag.py
[2026-05-19T12:37:59.527+0000] {logging_mixin.py:188} INFO - [2026-05-19T12:37:59.527+0000] {dag.py:3096} INFO - Sync 1 DAGs
[2026-05-19T12:37:59.638+0000] {logging_mixin.py:188} INFO - [2026-05-19T12:37:59.637+0000] {dag.py:3954} INFO - Setting next_dagrun for stackoverflow_medallion_pipeline_v2 to 2026-05-19 00:00:00+00:00, run_after=2026-05-20 00:00:00+00:00
[2026-05-19T12:37:59.714+0000] {processor.py:183} INFO - Processing /opt/airflow/dags/stackoverflow_migration_dag.py took 2.273 seconds
[2026-05-19T12:38:30.024+0000] {processor.py:161} INFO - Started process (PID=179) to work on /opt/airflow/dags/stackoverflow_migration_dag.py
[2026-05-19T12:38:30.026+0000] {processor.py:830} INFO - Processing file /opt/airflow/dags/stackoverflow_migration_dag.py for tasks to queue
[2026-05-19T12:38:30.030+0000] {logging_mixin.py:188} INFO - [2026-05-19T12:38:30.029+0000] {dagbag.py:545} INFO - Filling up the DagBag from /opt/airflow/dags/stackoverflow_migration_dag.py
[2026-05-19T12:38:31.665+0000] {processor.py:840} INFO - DAG(s) 'stackoverflow_medallion_pipeline_v2' retrieved from /opt/airflow/dags/stackoverflow_migration_dag.py
[2026-05-19T12:38:31.765+0000] {logging_mixin.py:188} INFO - [2026-05-19T12:38:31.765+0000] {dag.py:3096} INFO - Sync 1 DAGs
[2026-05-19T12:38:31.855+0000] {logging_mixin.py:188} INFO - [2026-05-19T12:38:31.855+0000] {dag.py:3954} INFO - Setting next_dagrun for stackoverflow_medallion_pipeline_v2 to 2026-05-19 00:00:00+00:00, run_after=2026-05-20 00:00:00+00:00
[2026-05-19T12:38:31.931+0000] {processor.py:183} INFO - Processing /opt/airflow/dags/stackoverflow_migration_dag.py took 1.916 seconds
[2026-05-19T12:39:02.274+0000] {processor.py:161} INFO - Started process (PID=184) to work on /opt/airflow/dags/stackoverflow_migration_dag.py
[2026-05-19T12:39:02.276+0000] {processor.py:830} INFO - Processing file /opt/airflow/dags/stackoverflow_migration_dag.py for tasks to queue
[2026-05-19T12:39:02.281+0000] {logging_mixin.py:188} INFO - [2026-05-19T12:39:02.280+0000] {dagbag.py:545} INFO - Filling up the DagBag from /opt/airflow/dags/stackoverflow_migration_dag.py
[2026-05-19T12:39:03.114+0000] {processor.py:840} INFO - DAG(s) 'stackoverflow_medallion_pipeline_v2' retrieved from /opt/airflow/dags/stackoverflow_migration_dag.py
[2026-05-19T12:39:03.171+0000] {logging_mixin.py:188} INFO - [2026-05-19T12:39:03.170+0000] {dag.py:3096} INFO - Sync 1 DAGs
[2026-05-19T12:39:03.209+0000] {logging_mixin.py:188} INFO - [2026-05-19T12:39:03.209+0000] {dag.py:3954} INFO - Setting next_dagrun for stackoverflow_medallion_pipeline_v2 to 2026-05-19 00:00:00+00:00, run_after=2026-05-20 00:00:00+00:00
[2026-05-19T12:39:03.243+0000] {processor.py:183} INFO - Processing /opt/airflow/dags/stackoverflow_migration_dag.py took 0.981 seconds
[2026-05-19T12:39:33.580+0000] {processor.py:161} INFO - Started process (PID=189) to work on /opt/airflow/dags/stackoverflow_migration_dag.py
[2026-05-19T12:39:33.583+0000] {processor.py:830} INFO - Processing file /opt/airflow/dags/stackoverflow_migration_dag.py for tasks to queue
[2026-05-19T12:39:33.588+0000] {logging_mixin.py:188} INFO - [2026-05-19T12:39:33.587+0000] {dagbag.py:545} INFO - Filling up the DagBag from /opt/airflow/dags/stackoverflow_migration_dag.py
[2026-05-19T12:39:34.487+0000] {processor.py:840} INFO - DAG(s) 'stackoverflow_medallion_pipeline_v2' retrieved from /opt/airflow/dags/stackoverflow_migration_dag.py
[2026-05-19T12:39:34.536+0000] {logging_mixin.py:188} INFO - [2026-05-19T12:39:34.536+0000] {dag.py:3096} INFO - Sync 1 DAGs
[2026-05-19T12:39:34.572+0000] {logging_mixin.py:188} INFO - [2026-05-19T12:39:34.572+0000] {dag.py:3954} INFO - Setting next_dagrun for stackoverflow_medallion_pipeline_v2 to 2026-05-19 00:00:00+00:00, run_after=2026-05-20 00:00:00+00:00
[2026-05-19T12:39:34.605+0000] {processor.py:183} INFO - Processing /opt/airflow/dags/stackoverflow_migration_dag.py took 1.034 seconds
[2026-05-19T12:40:04.878+0000] {processor.py:161} INFO - Started process (PID=194) to work on /opt/airflow/dags/stackoverflow_migration_dag.py
[2026-05-19T12:40:04.880+0000] {processor.py:830} INFO - Processing file /opt/airflow/dags/stackoverflow_migration_dag.py for tasks to queue
[2026-05-19T12:40:04.884+0000] {logging_mixin.py:188} INFO - [2026-05-19T12:40:04.883+0000] {dagbag.py:545} INFO - Filling up the DagBag from /opt/airflow/dags/stackoverflow_migration_dag.py
[2026-05-19T12:40:05.745+0000] {processor.py:840} INFO - DAG(s) 'stackoverflow_medallion_pipeline_v2' retrieved from /opt/airflow/dags/stackoverflow_migration_dag.py
[2026-05-19T12:40:05.799+0000] {logging_mixin.py:188} INFO - [2026-05-19T12:40:05.799+0000] {dag.py:3096} INFO - Sync 1 DAGs
[2026-05-19T12:40:05.841+0000] {logging_mixin.py:188} INFO - [2026-05-19T12:40:05.841+0000] {dag.py:3954} INFO - Setting next_dagrun for stackoverflow_medallion_pipeline_v2 to 2026-05-19 00:00:00+00:00, run_after=2026-05-20 00:00:00+00:00
[2026-05-19T12:40:05.878+0000] {processor.py:183} INFO - Processing /opt/airflow/dags/stackoverflow_migration_dag.py took 1.010 seconds
[2026-05-19T12:40:36.146+0000] {processor.py:161} INFO - Started process (PID=199) to work on /opt/airflow/dags/stackoverflow_migration_dag.py
[2026-05-19T12:40:36.148+0000] {processor.py:830} INFO - Processing file /opt/airflow/dags/stackoverflow_migration_dag.py for tasks to queue
[2026-05-19T12:40:36.150+0000] {logging_mixin.py:188} INFO - [2026-05-19T12:40:36.149+0000] {dagbag.py:545} INFO - Filling up the DagBag from /opt/airflow/dags/stackoverflow_migration_dag.py
[2026-05-19T12:40:36.967+0000] {processor.py:840} INFO - DAG(s) 'stackoverflow_medallion_pipeline_v2' retrieved from /opt/airflow/dags/stackoverflow_migration_dag.py
[2026-05-19T12:40:37.017+0000] {logging_mixin.py:188} INFO - [2026-05-19T12:40:37.016+0000] {dag.py:3096} INFO - Sync 1 DAGs
[2026-05-19T12:40:37.055+0000] {logging_mixin.py:188} INFO - [2026-05-19T12:40:37.055+0000] {dag.py:3954} INFO - Setting next_dagrun for stackoverflow_medallion_pipeline_v2 to 2026-05-19 00:00:00+00:00, run_after=2026-05-20 00:00:00+00:00
[2026-05-19T12:40:37.087+0000] {processor.py:183} INFO - Processing /opt/airflow/dags/stackoverflow_migration_dag.py took 0.947 seconds
[2026-05-19T12:41:07.464+0000] {processor.py:161} INFO - Started process (PID=204) to work on /opt/airflow/dags/stackoverflow_migration_dag.py
[2026-05-19T12:41:07.465+0000] {processor.py:830} INFO - Processing file /opt/airflow/dags/stackoverflow_migration_dag.py for tasks to queue
[2026-05-19T12:41:07.467+0000] {logging_mixin.py:188} INFO - [2026-05-19T12:41:07.467+0000] {dagbag.py:545} INFO - Filling up the DagBag from /opt/airflow/dags/stackoverflow_migration_dag.py
[2026-05-19T12:41:08.488+0000] {processor.py:840} INFO - DAG(s) 'stackoverflow_medallion_pipeline_v2' retrieved from /opt/airflow/dags/stackoverflow_migration_dag.py
[2026-05-19T12:41:08.556+0000] {logging_mixin.py:188} INFO - [2026-05-19T12:41:08.556+0000] {dag.py:3096} INFO - Sync 1 DAGs
[2026-05-19T12:41:08.601+0000] {logging_mixin.py:188} INFO - [2026-05-19T12:41:08.601+0000] {dag.py:3954} INFO - Setting next_dagrun for stackoverflow_medallion_pipeline_v2 to 2026-05-19 00:00:00+00:00, run_after=2026-05-20 00:00:00+00:00
[2026-05-19T12:41:08.642+0000] {processor.py:183} INFO - Processing /opt/airflow/dags/stackoverflow_migration_dag.py took 1.185 seconds
[2026-05-19T12:41:38.977+0000] {processor.py:161} INFO - Started process (PID=209) to work on /opt/airflow/dags/stackoverflow_migration_dag.py
[2026-05-19T12:41:38.978+0000] {processor.py:830} INFO - Processing file /opt/airflow/dags/stackoverflow_migration_dag.py for tasks to queue
[2026-05-19T12:41:38.980+0000] {logging_mixin.py:188} INFO - [2026-05-19T12:41:38.980+0000] {dagbag.py:545} INFO - Filling up the DagBag from /opt/airflow/dags/stackoverflow_migration_dag.py
[2026-05-19T12:41:39.848+0000] {processor.py:840} INFO - DAG(s) 'stackoverflow_medallion_pipeline_v2' retrieved from /opt/airflow/dags/stackoverflow_migration_dag.py
[2026-05-19T12:41:39.900+0000] {logging_mixin.py:188} INFO - [2026-05-19T12:41:39.900+0000] {dag.py:3096} INFO - Sync 1 DAGs
[2026-05-19T12:41:39.937+0000] {logging_mixin.py:188} INFO - [2026-05-19T12:41:39.936+0000] {dag.py:3954} INFO - Setting next_dagrun for stackoverflow_medallion_pipeline_v2 to 2026-05-19 00:00:00+00:00, run_after=2026-05-20 00:00:00+00:00
[2026-05-19T12:41:39.971+0000] {processor.py:183} INFO - Processing /opt/airflow/dags/stackoverflow_migration_dag.py took 1.001 seconds
[2026-05-19T12:42:10.298+0000] {processor.py:161} INFO - Started process (PID=214) to work on /opt/airflow/dags/stackoverflow_migration_dag.py
[2026-05-19T12:42:10.299+0000] {processor.py:830} INFO - Processing file /opt/airflow/dags/stackoverflow_migration_dag.py for tasks to queue
[2026-05-19T12:42:10.303+0000] {logging_mixin.py:188} INFO - [2026-05-19T12:42:10.302+0000] {dagbag.py:545} INFO - Filling up the DagBag from /opt/airflow/dags/stackoverflow_migration_dag.py
[2026-05-19T12:42:11.363+0000] {processor.py:840} INFO - DAG(s) 'stackoverflow_medallion_pipeline_v2' retrieved from /opt/airflow/dags/stackoverflow_migration_dag.py
[2026-05-19T12:42:11.410+0000] {logging_mixin.py:188} INFO - [2026-05-19T12:42:11.410+0000] {dag.py:3096} INFO - Sync 1 DAGs
[2026-05-19T12:42:11.457+0000] {logging_mixin.py:188} INFO - [2026-05-19T12:42:11.457+0000] {dag.py:3954} INFO - Setting next_dagrun for stackoverflow_medallion_pipeline_v2 to 2026-05-19 00:00:00+00:00, run_after=2026-05-20 00:00:00+00:00
[2026-05-19T12:42:11.492+0000] {processor.py:183} INFO - Processing /opt/airflow/dags/stackoverflow_migration_dag.py took 1.203 seconds
[2026-05-19T12:42:41.597+0000] {processor.py:161} INFO - Started process (PID=219) to work on /opt/airflow/dags/stackoverflow_migration_dag.py
[2026-05-19T12:42:41.599+0000] {processor.py:830} INFO - Processing file /opt/airflow/dags/stackoverflow_migration_dag.py for tasks to queue
[2026-05-19T12:42:41.602+0000] {logging_mixin.py:188} INFO - [2026-05-19T12:42:41.601+0000] {dagbag.py:545} INFO - Filling up the DagBag from /opt/airflow/dags/stackoverflow_migration_dag.py
[2026-05-19T12:42:42.575+0000] {processor.py:840} INFO - DAG(s) 'stackoverflow_medallion_pipeline_v2' retrieved from /opt/airflow/dags/stackoverflow_migration_dag.py
[2026-05-19T12:42:42.634+0000] {logging_mixin.py:188} INFO - [2026-05-19T12:42:42.634+0000] {dag.py:3096} INFO - Sync 1 DAGs
[2026-05-19T12:42:42.673+0000] {logging_mixin.py:188} INFO - [2026-05-19T12:42:42.673+0000] {dag.py:3954} INFO - Setting next_dagrun for stackoverflow_medallion_pipeline_v2 to 2026-05-19 00:00:00+00:00, run_after=2026-05-20 00:00:00+00:00
[2026-05-19T12:42:42.708+0000] {processor.py:183} INFO - Processing /opt/airflow/dags/stackoverflow_migration_dag.py took 1.119 seconds
[2026-05-19T12:43:12.917+0000] {processor.py:161} INFO - Started process (PID=224) to work on /opt/airflow/dags/stackoverflow_migration_dag.py
[2026-05-19T12:43:12.919+0000] {processor.py:830} INFO - Processing file /opt/airflow/dags/stackoverflow_migration_dag.py for tasks to queue
[2026-05-19T12:43:12.922+0000] {logging_mixin.py:188} INFO - [2026-05-19T12:43:12.921+0000] {dagbag.py:545} INFO - Filling up the DagBag from /opt/airflow/dags/stackoverflow_migration_dag.py
[2026-05-19T12:43:13.788+0000] {processor.py:840} INFO - DAG(s) 'stackoverflow_medallion_pipeline_v2' retrieved from /opt/airflow/dags/stackoverflow_migration_dag.py
[2026-05-19T12:43:13.834+0000] {logging_mixin.py:188} INFO - [2026-05-19T12:43:13.834+0000] {dag.py:3096} INFO - Sync 1 DAGs
[2026-05-19T12:43:13.868+0000] {logging_mixin.py:188} INFO - [2026-05-19T12:43:13.868+0000] {dag.py:3954} INFO - Setting next_dagrun for stackoverflow_medallion_pipeline_v2 to 2026-05-19 00:00:00+00:00, run_after=2026-05-20 00:00:00+00:00
[2026-05-19T12:43:13.902+0000] {processor.py:183} INFO - Processing /opt/airflow/dags/stackoverflow_migration_dag.py took 0.994 seconds
[2026-05-19T12:43:44.169+0000] {processor.py:161} INFO - Started process (PID=229) to work on /opt/airflow/dags/stackoverflow_migration_dag.py
[2026-05-19T12:43:44.170+0000] {processor.py:830} INFO - Processing file /opt/airflow/dags/stackoverflow_migration_dag.py for tasks to queue
[2026-05-19T12:43:44.173+0000] {logging_mixin.py:188} INFO - [2026-05-19T12:43:44.172+0000] {dagbag.py:545} INFO - Filling up the DagBag from /opt/airflow/dags/stackoverflow_migration_dag.py
[2026-05-19T12:43:45.068+0000] {processor.py:840} INFO - DAG(s) 'stackoverflow_medallion_pipeline_v2' retrieved from /opt/airflow/dags/stackoverflow_migration_dag.py
[2026-05-19T12:43:45.116+0000] {logging_mixin.py:188} INFO - [2026-05-19T12:43:45.116+0000] {dag.py:3096} INFO - Sync 1 DAGs
[2026-05-19T12:43:45.156+0000] {logging_mixin.py:188} INFO - [2026-05-19T12:43:45.156+0000] {dag.py:3954} INFO - Setting next_dagrun for stackoverflow_medallion_pipeline_v2 to 2026-05-19 00:00:00+00:00, run_after=2026-05-20 00:00:00+00:00
[2026-05-19T12:43:45.188+0000] {processor.py:183} INFO - Processing /opt/airflow/dags/stackoverflow_migration_dag.py took 1.026 seconds
[2026-05-19T12:44:15.443+0000] {processor.py:161} INFO - Started process (PID=234) to work on /opt/airflow/dags/stackoverflow_migration_dag.py
[2026-05-19T12:44:15.445+0000] {processor.py:830} INFO - Processing file /opt/airflow/dags/stackoverflow_migration_dag.py for tasks to queue
[2026-05-19T12:44:15.447+0000] {logging_mixin.py:188} INFO - [2026-05-19T12:44:15.447+0000] {dagbag.py:545} INFO - Filling up the DagBag from /opt/airflow/dags/stackoverflow_migration_dag.py
[2026-05-19T12:44:16.225+0000] {processor.py:840} INFO - DAG(s) 'stackoverflow_medallion_pipeline_v2' retrieved from /opt/airflow/dags/stackoverflow_migration_dag.py
[2026-05-19T12:44:16.271+0000] {logging_mixin.py:188} INFO - [2026-05-19T12:44:16.271+0000] {dag.py:3096} INFO - Sync 1 DAGs
[2026-05-19T12:44:16.306+0000] {logging_mixin.py:188} INFO - [2026-05-19T12:44:16.305+0000] {dag.py:3954} INFO - Setting next_dagrun for stackoverflow_medallion_pipeline_v2 to 2026-05-19 00:00:00+00:00, run_after=2026-05-20 00:00:00+00:00
[2026-05-19T12:44:16.335+0000] {processor.py:183} INFO - Processing /opt/airflow/dags/stackoverflow_migration_dag.py took 0.898 seconds
[2026-05-19T12:44:46.668+0000] {processor.py:161} INFO - Started process (PID=239) to work on /opt/airflow/dags/stackoverflow_migration_dag.py
[2026-05-19T12:44:46.670+0000] {processor.py:830} INFO - Processing file /opt/airflow/dags/stackoverflow_migration_dag.py for tasks to queue
[2026-05-19T12:44:46.672+0000] {logging_mixin.py:188} INFO - [2026-05-19T12:44:46.672+0000] {dagbag.py:545} INFO - Filling up the DagBag from /opt/airflow/dags/stackoverflow_migration_dag.py
[2026-05-19T12:44:47.467+0000] {processor.py:840} INFO - DAG(s) 'stackoverflow_medallion_pipeline_v2' retrieved from /opt/airflow/dags/stackoverflow_migration_dag.py
[2026-05-19T12:44:47.517+0000] {logging_mixin.py:188} INFO - [2026-05-19T12:44:47.516+0000] {dag.py:3096} INFO - Sync 1 DAGs
[2026-05-19T12:44:47.555+0000] {logging_mixin.py:188} INFO - [2026-05-19T12:44:47.555+0000] {dag.py:3954} INFO - Setting next_dagrun for stackoverflow_medallion_pipeline_v2 to 2026-05-19 00:00:00+00:00, run_after=2026-05-20 00:00:00+00:00
[2026-05-19T12:44:47.585+0000] {processor.py:183} INFO - Processing /opt/airflow/dags/stackoverflow_migration_dag.py took 0.924 seconds
[2026-05-19T12:45:17.848+0000] {processor.py:161} INFO - Started process (PID=244) to work on /opt/airflow/dags/stackoverflow_migration_dag.py
[2026-05-19T12:45:17.850+0000] {processor.py:830} INFO - Processing file /opt/airflow/dags/stackoverflow_migration_dag.py for tasks to queue
[2026-05-19T12:45:17.852+0000] {logging_mixin.py:188} INFO - [2026-05-19T12:45:17.852+0000] {dagbag.py:545} INFO - Filling up the DagBag from /opt/airflow/dags/stackoverflow_migration_dag.py
[2026-05-19T12:45:19.378+0000] {processor.py:840} INFO - DAG(s) 'stackoverflow_medallion_pipeline_v2' retrieved from /opt/airflow/dags/stackoverflow_migration_dag.py
[2026-05-19T12:45:19.449+0000] {logging_mixin.py:188} INFO - [2026-05-19T12:45:19.448+0000] {dag.py:3096} INFO - Sync 1 DAGs
[2026-05-19T12:45:19.494+0000] {logging_mixin.py:188} INFO - [2026-05-19T12:45:19.494+0000] {dag.py:3954} INFO - Setting next_dagrun for stackoverflow_medallion_pipeline_v2 to 2026-05-19 00:00:00+00:00, run_after=2026-05-20 00:00:00+00:00
[2026-05-19T12:45:19.532+0000] {processor.py:183} INFO - Processing /opt/airflow/dags/stackoverflow_migration_dag.py took 1.692 seconds
[2026-05-19T12:45:49.897+0000] {processor.py:161} INFO - Started process (PID=249) to work on /opt/airflow/dags/stackoverflow_migration_dag.py
[2026-05-19T12:45:49.899+0000] {processor.py:830} INFO - Processing file /opt/airflow/dags/stackoverflow_migration_dag.py for tasks to queue
[2026-05-19T12:45:49.902+0000] {logging_mixin.py:188} INFO - [2026-05-19T12:45:49.902+0000] {dagbag.py:545} INFO - Filling up the DagBag from /opt/airflow/dags/stackoverflow_migration_dag.py
[2026-05-19T12:45:50.734+0000] {processor.py:840} INFO - DAG(s) 'stackoverflow_medallion_pipeline_v2' retrieved from /opt/airflow/dags/stackoverflow_migration_dag.py
[2026-05-19T12:45:50.777+0000] {logging_mixin.py:188} INFO - [2026-05-19T12:45:50.777+0000] {dag.py:3096} INFO - Sync 1 DAGs
[2026-05-19T12:45:50.810+0000] {logging_mixin.py:188} INFO - [2026-05-19T12:45:50.810+0000] {dag.py:3954} INFO - Setting next_dagrun for stackoverflow_medallion_pipeline_v2 to 2026-05-19 00:00:00+00:00, run_after=2026-05-20 00:00:00+00:00
[2026-05-19T12:45:50.839+0000] {processor.py:183} INFO - Processing /opt/airflow/dags/stackoverflow_migration_dag.py took 0.953 seconds
[2026-05-19T12:46:21.155+0000] {processor.py:161} INFO - Started process (PID=254) to work on /opt/airflow/dags/stackoverflow_migration_dag.py
[2026-05-19T12:46:21.157+0000] {processor.py:830} INFO - Processing file /opt/airflow/dags/stackoverflow_migration_dag.py for tasks to queue
[2026-05-19T12:46:21.161+0000] {logging_mixin.py:188} INFO - [2026-05-19T12:46:21.161+0000] {dagbag.py:545} INFO - Filling up the DagBag from /opt/airflow/dags/stackoverflow_migration_dag.py
[2026-05-19T12:46:22.050+0000] {processor.py:840} INFO - DAG(s) 'stackoverflow_medallion_pipeline_v2' retrieved from /opt/airflow/dags/stackoverflow_migration_dag.py
[2026-05-19T12:46:22.101+0000] {logging_mixin.py:188} INFO - [2026-05-19T12:46:22.101+0000] {dag.py:3096} INFO - Sync 1 DAGs
[2026-05-19T12:46:22.141+0000] {logging_mixin.py:188} INFO - [2026-05-19T12:46:22.140+0000] {dag.py:3954} INFO - Setting next_dagrun for stackoverflow_medallion_pipeline_v2 to 2026-05-19 00:00:00+00:00, run_after=2026-05-20 00:00:00+00:00
[2026-05-19T12:46:22.174+0000] {processor.py:183} INFO - Processing /opt/airflow/dags/stackoverflow_migration_dag.py took 1.028 seconds
[2026-05-19T12:46:52.463+0000] {processor.py:161} INFO - Started process (PID=259) to work on /opt/airflow/dags/stackoverflow_migration_dag.py
[2026-05-19T12:46:52.464+0000] {processor.py:830} INFO - Processing file /opt/airflow/dags/stackoverflow_migration_dag.py for tasks to queue
[2026-05-19T12:46:52.467+0000] {logging_mixin.py:188} INFO - [2026-05-19T12:46:52.466+0000] {dagbag.py:545} INFO - Filling up the DagBag from /opt/airflow/dags/stackoverflow_migration_dag.py
[2026-05-19T12:46:53.390+0000] {processor.py:840} INFO - DAG(s) 'stackoverflow_medallion_pipeline_v2' retrieved from /opt/airflow/dags/stackoverflow_migration_dag.py
[2026-05-19T12:46:53.438+0000] {logging_mixin.py:188} INFO - [2026-05-19T12:46:53.438+0000] {dag.py:3096} INFO - Sync 1 DAGs
[2026-05-19T12:46:53.473+0000] {logging_mixin.py:188} INFO - [2026-05-19T12:46:53.473+0000] {dag.py:3954} INFO - Setting next_dagrun for stackoverflow_medallion_pipeline_v2 to 2026-05-19 00:00:00+00:00, run_after=2026-05-20 00:00:00+00:00
[2026-05-19T12:46:53.504+0000] {processor.py:183} INFO - Processing /opt/airflow/dags/stackoverflow_migration_dag.py took 1.048 seconds
[2026-05-19T12:47:23.776+0000] {processor.py:161} INFO - Started process (PID=264) to work on /opt/airflow/dags/stackoverflow_migration_dag.py
[2026-05-19T12:47:23.777+0000] {processor.py:830} INFO - Processing file /opt/airflow/dags/stackoverflow_migration_dag.py for tasks to queue
[2026-05-19T12:47:23.780+0000] {logging_mixin.py:188} INFO - [2026-05-19T12:47:23.779+0000] {dagbag.py:545} INFO - Filling up the DagBag from /opt/airflow/dags/stackoverflow_migration_dag.py
[2026-05-19T12:47:24.600+0000] {processor.py:840} INFO - DAG(s) 'stackoverflow_medallion_pipeline_v2' retrieved from /opt/airflow/dags/stackoverflow_migration_dag.py
[2026-05-19T12:47:24.647+0000] {logging_mixin.py:188} INFO - [2026-05-19T12:47:24.647+0000] {dag.py:3096} INFO - Sync 1 DAGs
[2026-05-19T12:47:24.683+0000] {logging_mixin.py:188} INFO - [2026-05-19T12:47:24.682+0000] {dag.py:3954} INFO - Setting next_dagrun for stackoverflow_medallion_pipeline_v2 to 2026-05-19 00:00:00+00:00, run_after=2026-05-20 00:00:00+00:00
[2026-05-19T12:47:24.712+0000] {processor.py:183} INFO - Processing /opt/airflow/dags/stackoverflow_migration_dag.py took 0.943 seconds
[2026-05-19T12:47:55.016+0000] {processor.py:161} INFO - Started process (PID=269) to work on /opt/airflow/dags/stackoverflow_migration_dag.py
[2026-05-19T12:47:55.018+0000] {processor.py:830} INFO - Processing file /opt/airflow/dags/stackoverflow_migration_dag.py for tasks to queue
[2026-05-19T12:47:55.020+0000] {logging_mixin.py:188} INFO - [2026-05-19T12:47:55.020+0000] {dagbag.py:545} INFO - Filling up the DagBag from /opt/airflow/dags/stackoverflow_migration_dag.py
[2026-05-19T12:47:55.852+0000] {processor.py:840} INFO - DAG(s) 'stackoverflow_medallion_pipeline_v2' retrieved from /opt/airflow/dags/stackoverflow_migration_dag.py
[2026-05-19T12:47:55.928+0000] {logging_mixin.py:188} INFO - [2026-05-19T12:47:55.928+0000] {dag.py:3096} INFO - Sync 1 DAGs
[2026-05-19T12:47:55.977+0000] {logging_mixin.py:188} INFO - [2026-05-19T12:47:55.977+0000] {dag.py:3954} INFO - Setting next_dagrun for stackoverflow_medallion_pipeline_v2 to 2026-05-19 00:00:00+00:00, run_after=2026-05-20 00:00:00+00:00
[2026-05-19T12:47:56.019+0000] {processor.py:183} INFO - Processing /opt/airflow/dags/stackoverflow_migration_dag.py took 1.015 seconds
[2026-05-19T12:48:26.301+0000] {processor.py:161} INFO - Started process (PID=274) to work on /opt/airflow/dags/stackoverflow_migration_dag.py
[2026-05-19T12:48:26.306+0000] {processor.py:830} INFO - Processing file /opt/airflow/dags/stackoverflow_migration_dag.py for tasks to queue
[2026-05-19T12:48:26.309+0000] {logging_mixin.py:188} INFO - [2026-05-19T12:48:26.308+0000] {dagbag.py:545} INFO - Filling up the DagBag from /opt/airflow/dags/stackoverflow_migration_dag.py
[2026-05-19T12:48:27.290+0000] {processor.py:840} INFO - DAG(s) 'stackoverflow_medallion_pipeline_v2' retrieved from /opt/airflow/dags/stackoverflow_migration_dag.py
[2026-05-19T12:48:27.346+0000] {logging_mixin.py:188} INFO - [2026-05-19T12:48:27.346+0000] {dag.py:3096} INFO - Sync 1 DAGs
[2026-05-19T12:48:27.395+0000] {logging_mixin.py:188} INFO - [2026-05-19T12:48:27.395+0000] {dag.py:3954} INFO - Setting next_dagrun for stackoverflow_medallion_pipeline_v2 to 2026-05-19 00:00:00+00:00, run_after=2026-05-20 00:00:00+00:00
[2026-05-19T12:48:27.436+0000] {processor.py:183} INFO - Processing /opt/airflow/dags/stackoverflow_migration_dag.py took 1.141 seconds
[2026-05-19T12:48:57.594+0000] {processor.py:161} INFO - Started process (PID=279) to work on /opt/airflow/dags/stackoverflow_migration_dag.py
[2026-05-19T12:48:57.595+0000] {processor.py:830} INFO - Processing file /opt/airflow/dags/stackoverflow_migration_dag.py for tasks to queue
[2026-05-19T12:48:57.597+0000] {logging_mixin.py:188} INFO - [2026-05-19T12:48:57.597+0000] {dagbag.py:545} INFO - Filling up the DagBag from /opt/airflow/dags/stackoverflow_migration_dag.py
[2026-05-19T12:48:58.785+0000] {processor.py:840} INFO - DAG(s) 'stackoverflow_medallion_pipeline_v2' retrieved from /opt/airflow/dags/stackoverflow_migration_dag.py
[2026-05-19T12:48:58.847+0000] {logging_mixin.py:188} INFO - [2026-05-19T12:48:58.847+0000] {dag.py:3096} INFO - Sync 1 DAGs
[2026-05-19T12:48:58.885+0000] {logging_mixin.py:188} INFO - [2026-05-19T12:48:58.885+0000] {dag.py:3954} INFO - Setting next_dagrun for stackoverflow_medallion_pipeline_v2 to 2026-05-19 00:00:00+00:00, run_after=2026-05-20 00:00:00+00:00
[2026-05-19T12:48:58.920+0000] {processor.py:183} INFO - Processing /opt/airflow/dags/stackoverflow_migration_dag.py took 1.333 seconds
[2026-05-19T12:49:29.236+0000] {processor.py:161} INFO - Started process (PID=284) to work on /opt/airflow/dags/stackoverflow_migration_dag.py
[2026-05-19T12:49:29.237+0000] {processor.py:830} INFO - Processing file /opt/airflow/dags/stackoverflow_migration_dag.py for tasks to queue
[2026-05-19T12:49:29.240+0000] {logging_mixin.py:188} INFO - [2026-05-19T12:49:29.239+0000] {dagbag.py:545} INFO - Filling up the DagBag from /opt/airflow/dags/stackoverflow_migration_dag.py
[2026-05-19T12:49:30.052+0000] {processor.py:840} INFO - DAG(s) 'stackoverflow_medallion_pipeline_v2' retrieved from /opt/airflow/dags/stackoverflow_migration_dag.py
[2026-05-19T12:49:30.096+0000] {logging_mixin.py:188} INFO - [2026-05-19T12:49:30.096+0000] {dag.py:3096} INFO - Sync 1 DAGs
[2026-05-19T12:49:30.131+0000] {logging_mixin.py:188} INFO - [2026-05-19T12:49:30.131+0000] {dag.py:3954} INFO - Setting next_dagrun for stackoverflow_medallion_pipeline_v2 to 2026-05-19 00:00:00+00:00, run_after=2026-05-20 00:00:00+00:00
[2026-05-19T12:49:30.164+0000] {processor.py:183} INFO - Processing /opt/airflow/dags/stackoverflow_migration_dag.py took 0.937 seconds
[2026-05-19T12:50:00.466+0000] {processor.py:161} INFO - Started process (PID=291) to work on /opt/airflow/dags/stackoverflow_migration_dag.py
[2026-05-19T12:50:00.468+0000] {processor.py:830} INFO - Processing file /opt/airflow/dags/stackoverflow_migration_dag.py for tasks to queue
[2026-05-19T12:50:00.472+0000] {logging_mixin.py:188} INFO - [2026-05-19T12:50:00.471+0000] {dagbag.py:545} INFO - Filling up the DagBag from /opt/airflow/dags/stackoverflow_migration_dag.py
[2026-05-19T12:50:01.793+0000] {processor.py:840} INFO - DAG(s) 'stackoverflow_medallion_pipeline_v2' retrieved from /opt/airflow/dags/stackoverflow_migration_dag.py
[2026-05-19T12:50:01.854+0000] {logging_mixin.py:188} INFO - [2026-05-19T12:50:01.854+0000] {dag.py:3096} INFO - Sync 1 DAGs
[2026-05-19T12:50:01.899+0000] {logging_mixin.py:188} INFO - [2026-05-19T12:50:01.899+0000] {dag.py:3954} INFO - Setting next_dagrun for stackoverflow_medallion_pipeline_v2 to 2026-05-19 00:00:00+00:00, run_after=2026-05-20 00:00:00+00:00
[2026-05-19T12:50:01.937+0000] {processor.py:183} INFO - Processing /opt/airflow/dags/stackoverflow_migration_dag.py took 1.485 seconds
[2026-05-19T12:50:32.216+0000] {processor.py:161} INFO - Started process (PID=296) to work on /opt/airflow/dags/stackoverflow_migration_dag.py
[2026-05-19T12:50:32.217+0000] {processor.py:830} INFO - Processing file /opt/airflow/dags/stackoverflow_migration_dag.py for tasks to queue
[2026-05-19T12:50:32.219+0000] {logging_mixin.py:188} INFO - [2026-05-19T12:50:32.219+0000] {dagbag.py:545} INFO - Filling up the DagBag from /opt/airflow/dags/stackoverflow_migration_dag.py
[2026-05-19T12:50:33.296+0000] {processor.py:840} INFO - DAG(s) 'stackoverflow_medallion_pipeline_v2' retrieved from /opt/airflow/dags/stackoverflow_migration_dag.py
[2026-05-19T12:50:33.355+0000] {logging_mixin.py:188} INFO - [2026-05-19T12:50:33.355+0000] {dag.py:3096} INFO - Sync 1 DAGs
[2026-05-19T12:50:33.403+0000] {logging_mixin.py:188} INFO - [2026-05-19T12:50:33.403+0000] {dag.py:3954} INFO - Setting next_dagrun for stackoverflow_medallion_pipeline_v2 to 2026-05-19 00:00:00+00:00, run_after=2026-05-20 00:00:00+00:00
[2026-05-19T12:50:33.440+0000] {processor.py:183} INFO - Processing /opt/airflow/dags/stackoverflow_migration_dag.py took 1.234 seconds
[2026-05-19T12:51:03.695+0000] {processor.py:161} INFO - Started process (PID=301) to work on /opt/airflow/dags/stackoverflow_migration_dag.py
[2026-05-19T12:51:03.697+0000] {processor.py:830} INFO - Processing file /opt/airflow/dags/stackoverflow_migration_dag.py for tasks to queue
[2026-05-19T12:51:03.701+0000] {logging_mixin.py:188} INFO - [2026-05-19T12:51:03.700+0000] {dagbag.py:545} INFO - Filling up the DagBag from /opt/airflow/dags/stackoverflow_migration_dag.py
[2026-05-19T12:51:04.730+0000] {processor.py:840} INFO - DAG(s) 'stackoverflow_medallion_pipeline_v2' retrieved from /opt/airflow/dags/stackoverflow_migration_dag.py
[2026-05-19T12:51:04.789+0000] {logging_mixin.py:188} INFO - [2026-05-19T12:51:04.789+0000] {dag.py:3096} INFO - Sync 1 DAGs
[2026-05-19T12:51:04.832+0000] {logging_mixin.py:188} INFO - [2026-05-19T12:51:04.831+0000] {dag.py:3954} INFO - Setting next_dagrun for stackoverflow_medallion_pipeline_v2 to 2026-05-19 00:00:00+00:00, run_after=2026-05-20 00:00:00+00:00
[2026-05-19T12:51:04.870+0000] {processor.py:183} INFO - Processing /opt/airflow/dags/stackoverflow_migration_dag.py took 1.186 seconds
[2026-05-19T12:51:35.135+0000] {processor.py:161} INFO - Started process (PID=306) to work on /opt/airflow/dags/stackoverflow_migration_dag.py
[2026-05-19T12:51:35.137+0000] {processor.py:830} INFO - Processing file /opt/airflow/dags/stackoverflow_migration_dag.py for tasks to queue
[2026-05-19T12:51:35.140+0000] {logging_mixin.py:188} INFO - [2026-05-19T12:51:35.139+0000] {dagbag.py:545} INFO - Filling up the DagBag from /opt/airflow/dags/stackoverflow_migration_dag.py
[2026-05-19T12:51:36.121+0000] {processor.py:840} INFO - DAG(s) 'stackoverflow_medallion_pipeline_v2' retrieved from /opt/airflow/dags/stackoverflow_migration_dag.py
[2026-05-19T12:51:36.175+0000] {logging_mixin.py:188} INFO - [2026-05-19T12:51:36.175+0000] {dag.py:3096} INFO - Sync 1 DAGs
[2026-05-19T12:51:36.215+0000] {logging_mixin.py:188} INFO - [2026-05-19T12:51:36.215+0000] {dag.py:3954} INFO - Setting next_dagrun for stackoverflow_medallion_pipeline_v2 to 2026-05-19 00:00:00+00:00, run_after=2026-05-20 00:00:00+00:00
[2026-05-19T12:51:36.251+0000] {processor.py:183} INFO - Processing /opt/airflow/dags/stackoverflow_migration_dag.py took 1.126 seconds
[2026-05-19T12:52:06.402+0000] {processor.py:161} INFO - Started process (PID=314) to work on /opt/airflow/dags/stackoverflow_migration_dag.py
[2026-05-19T12:52:06.405+0000] {processor.py:830} INFO - Processing file /opt/airflow/dags/stackoverflow_migration_dag.py for tasks to queue
[2026-05-19T12:52:06.409+0000] {logging_mixin.py:188} INFO - [2026-05-19T12:52:06.408+0000] {dagbag.py:545} INFO - Filling up the DagBag from /opt/airflow/dags/stackoverflow_migration_dag.py
[2026-05-19T12:52:07.856+0000] {processor.py:840} INFO - DAG(s) 'stackoverflow_medallion_pipeline_v2' retrieved from /opt/airflow/dags/stackoverflow_migration_dag.py
[2026-05-19T12:52:07.931+0000] {logging_mixin.py:188} INFO - [2026-05-19T12:52:07.931+0000] {dag.py:3096} INFO - Sync 1 DAGs
[2026-05-19T12:52:07.997+0000] {logging_mixin.py:188} INFO - [2026-05-19T12:52:07.996+0000] {dag.py:3954} INFO - Setting next_dagrun for stackoverflow_medallion_pipeline_v2 to 2026-05-19 00:00:00+00:00, run_after=2026-05-20 00:00:00+00:00
[2026-05-19T12:52:08.046+0000] {processor.py:183} INFO - Processing /opt/airflow/dags/stackoverflow_migration_dag.py took 1.658 seconds
[2026-05-19T12:52:38.328+0000] {processor.py:161} INFO - Started process (PID=319) to work on /opt/airflow/dags/stackoverflow_migration_dag.py
[2026-05-19T12:52:38.330+0000] {processor.py:830} INFO - Processing file /opt/airflow/dags/stackoverflow_migration_dag.py for tasks to queue
[2026-05-19T12:52:38.335+0000] {logging_mixin.py:188} INFO - [2026-05-19T12:52:38.334+0000] {dagbag.py:545} INFO - Filling up the DagBag from /opt/airflow/dags/stackoverflow_migration_dag.py
[2026-05-19T12:52:39.289+0000] {processor.py:840} INFO - DAG(s) 'stackoverflow_medallion_pipeline_v2' retrieved from /opt/airflow/dags/stackoverflow_migration_dag.py
[2026-05-19T12:52:39.353+0000] {logging_mixin.py:188} INFO - [2026-05-19T12:52:39.353+0000] {dag.py:3096} INFO - Sync 1 DAGs
[2026-05-19T12:52:39.393+0000] {logging_mixin.py:188} INFO - [2026-05-19T12:52:39.393+0000] {dag.py:3954} INFO - Setting next_dagrun for stackoverflow_medallion_pipeline_v2 to 2026-05-19 00:00:00+00:00, run_after=2026-05-20 00:00:00+00:00
[2026-05-19T12:52:39.431+0000] {processor.py:183} INFO - Processing /opt/airflow/dags/stackoverflow_migration_dag.py took 1.116 seconds
[2026-05-19T12:53:09.555+0000] {processor.py:161} INFO - Started process (PID=324) to work on /opt/airflow/dags/stackoverflow_migration_dag.py
[2026-05-19T12:53:09.557+0000] {processor.py:830} INFO - Processing file /opt/airflow/dags/stackoverflow_migration_dag.py for tasks to queue
[2026-05-19T12:53:09.560+0000] {logging_mixin.py:188} INFO - [2026-05-19T12:53:09.559+0000] {dagbag.py:545} INFO - Filling up the DagBag from /opt/airflow/dags/stackoverflow_migration_dag.py
[2026-05-19T12:53:10.398+0000] {processor.py:840} INFO - DAG(s) 'stackoverflow_medallion_pipeline_v2' retrieved from /opt/airflow/dags/stackoverflow_migration_dag.py
[2026-05-19T12:53:10.442+0000] {logging_mixin.py:188} INFO - [2026-05-19T12:53:10.442+0000] {dag.py:3096} INFO - Sync 1 DAGs
[2026-05-19T12:53:10.477+0000] {logging_mixin.py:188} INFO - [2026-05-19T12:53:10.476+0000] {dag.py:3954} INFO - Setting next_dagrun for stackoverflow_medallion_pipeline_v2 to 2026-05-19 00:00:00+00:00, run_after=2026-05-20 00:00:00+00:00
[2026-05-19T12:53:10.509+0000] {processor.py:183} INFO - Processing /opt/airflow/dags/stackoverflow_migration_dag.py took 0.962 seconds
[2026-05-19T12:53:40.806+0000] {processor.py:161} INFO - Started process (PID=335) to work on /opt/airflow/dags/stackoverflow_migration_dag.py
[2026-05-19T12:53:40.810+0000] {processor.py:830} INFO - Processing file /opt/airflow/dags/stackoverflow_migration_dag.py for tasks to queue
[2026-05-19T12:53:40.814+0000] {logging_mixin.py:188} INFO - [2026-05-19T12:53:40.813+0000] {dagbag.py:545} INFO - Filling up the DagBag from /opt/airflow/dags/stackoverflow_migration_dag.py
[2026-05-19T12:53:42.309+0000] {processor.py:840} INFO - DAG(s) 'stackoverflow_medallion_pipeline_v2' retrieved from /opt/airflow/dags/stackoverflow_migration_dag.py
[2026-05-19T12:53:42.422+0000] {logging_mixin.py:188} INFO - [2026-05-19T12:53:42.421+0000] {dag.py:3096} INFO - Sync 1 DAGs
[2026-05-19T12:53:42.510+0000] {logging_mixin.py:188} INFO - [2026-05-19T12:53:42.510+0000] {dag.py:3954} INFO - Setting next_dagrun for stackoverflow_medallion_pipeline_v2 to 2026-05-19 00:00:00+00:00, run_after=2026-05-20 00:00:00+00:00
[2026-05-19T12:53:42.589+0000] {processor.py:183} INFO - Processing /opt/airflow/dags/stackoverflow_migration_dag.py took 1.793 seconds
[2026-05-19T12:54:12.925+0000] {processor.py:161} INFO - Started process (PID=359) to work on /opt/airflow/dags/stackoverflow_migration_dag.py
[2026-05-19T12:54:12.928+0000] {processor.py:830} INFO - Processing file /opt/airflow/dags/stackoverflow_migration_dag.py for tasks to queue
[2026-05-19T12:54:12.936+0000] {logging_mixin.py:188} INFO - [2026-05-19T12:54:12.935+0000] {dagbag.py:545} INFO - Filling up the DagBag from /opt/airflow/dags/stackoverflow_migration_dag.py
[2026-05-19T12:54:14.948+0000] {processor.py:840} INFO - DAG(s) 'stackoverflow_medallion_pipeline_v2' retrieved from /opt/airflow/dags/stackoverflow_migration_dag.py
[2026-05-19T12:54:15.027+0000] {logging_mixin.py:188} INFO - [2026-05-19T12:54:15.026+0000] {dag.py:3096} INFO - Sync 1 DAGs
[2026-05-19T12:54:15.080+0000] {logging_mixin.py:188} INFO - [2026-05-19T12:54:15.080+0000] {dag.py:3954} INFO - Setting next_dagrun for stackoverflow_medallion_pipeline_v2 to 2026-05-19 00:00:00+00:00, run_after=2026-05-20 00:00:00+00:00
[2026-05-19T12:54:15.130+0000] {processor.py:183} INFO - Processing /opt/airflow/dags/stackoverflow_migration_dag.py took 2.220 seconds
[2026-05-19T12:54:45.354+0000] {processor.py:161} INFO - Started process (PID=364) to work on /opt/airflow/dags/stackoverflow_migration_dag.py
[2026-05-19T12:54:45.356+0000] {processor.py:830} INFO - Processing file /opt/airflow/dags/stackoverflow_migration_dag.py for tasks to queue
[2026-05-19T12:54:45.360+0000] {logging_mixin.py:188} INFO - [2026-05-19T12:54:45.359+0000] {dagbag.py:545} INFO - Filling up the DagBag from /opt/airflow/dags/stackoverflow_migration_dag.py
[2026-05-19T12:54:46.497+0000] {processor.py:840} INFO - DAG(s) 'stackoverflow_medallion_pipeline_v2' retrieved from /opt/airflow/dags/stackoverflow_migration_dag.py
[2026-05-19T12:54:46.552+0000] {logging_mixin.py:188} INFO - [2026-05-19T12:54:46.551+0000] {dag.py:3096} INFO - Sync 1 DAGs
[2026-05-19T12:54:46.586+0000] {logging_mixin.py:188} INFO - [2026-05-19T12:54:46.586+0000] {dag.py:3954} INFO - Setting next_dagrun for stackoverflow_medallion_pipeline_v2 to 2026-05-19 00:00:00+00:00, run_after=2026-05-20 00:00:00+00:00
[2026-05-19T12:54:46.621+0000] {processor.py:183} INFO - Processing /opt/airflow/dags/stackoverflow_migration_dag.py took 1.276 seconds
[2026-05-19T12:55:16.704+0000] {processor.py:161} INFO - Started process (PID=369) to work on /opt/airflow/dags/stackoverflow_migration_dag.py
[2026-05-19T12:55:16.705+0000] {processor.py:830} INFO - Processing file /opt/airflow/dags/stackoverflow_migration_dag.py for tasks to queue
[2026-05-19T12:55:16.709+0000] {logging_mixin.py:188} INFO - [2026-05-19T12:55:16.708+0000] {dagbag.py:545} INFO - Filling up the DagBag from /opt/airflow/dags/stackoverflow_migration_dag.py
[2026-05-19T12:55:17.602+0000] {processor.py:840} INFO - DAG(s) 'stackoverflow_medallion_pipeline_v2' retrieved from /opt/airflow/dags/stackoverflow_migration_dag.py
[2026-05-19T12:55:17.666+0000] {logging_mixin.py:188} INFO - [2026-05-19T12:55:17.666+0000] {dag.py:3096} INFO - Sync 1 DAGs
[2026-05-19T12:55:17.703+0000] {logging_mixin.py:188} INFO - [2026-05-19T12:55:17.703+0000] {dag.py:3954} INFO - Setting next_dagrun for stackoverflow_medallion_pipeline_v2 to 2026-05-19 00:00:00+00:00, run_after=2026-05-20 00:00:00+00:00
[2026-05-19T12:55:17.736+0000] {processor.py:183} INFO - Processing /opt/airflow/dags/stackoverflow_migration_dag.py took 1.043 seconds
[2026-05-19T12:55:47.972+0000] {processor.py:161} INFO - Started process (PID=374) to work on /opt/airflow/dags/stackoverflow_migration_dag.py
[2026-05-19T12:55:47.973+0000] {processor.py:830} INFO - Processing file /opt/airflow/dags/stackoverflow_migration_dag.py for tasks to queue
[2026-05-19T12:55:47.975+0000] {logging_mixin.py:188} INFO - [2026-05-19T12:55:47.975+0000] {dagbag.py:545} INFO - Filling up the DagBag from /opt/airflow/dags/stackoverflow_migration_dag.py
[2026-05-19T12:55:48.773+0000] {processor.py:840} INFO - DAG(s) 'stackoverflow_medallion_pipeline_v2' retrieved from /opt/airflow/dags/stackoverflow_migration_dag.py
[2026-05-19T12:55:48.818+0000] {logging_mixin.py:188} INFO - [2026-05-19T12:55:48.817+0000] {dag.py:3096} INFO - Sync 1 DAGs
[2026-05-19T12:55:48.853+0000] {logging_mixin.py:188} INFO - [2026-05-19T12:55:48.852+0000] {dag.py:3954} INFO - Setting next_dagrun for stackoverflow_medallion_pipeline_v2 to 2026-05-19 00:00:00+00:00, run_after=2026-05-20 00:00:00+00:00
[2026-05-19T12:55:48.883+0000] {processor.py:183} INFO - Processing /opt/airflow/dags/stackoverflow_migration_dag.py took 0.920 seconds
[2026-05-19T12:56:19.227+0000] {processor.py:161} INFO - Started process (PID=379) to work on /opt/airflow/dags/stackoverflow_migration_dag.py
[2026-05-19T12:56:19.228+0000] {processor.py:830} INFO - Processing file /opt/airflow/dags/stackoverflow_migration_dag.py for tasks to queue
[2026-05-19T12:56:19.230+0000] {logging_mixin.py:188} INFO - [2026-05-19T12:56:19.230+0000] {dagbag.py:545} INFO - Filling up the DagBag from /opt/airflow/dags/stackoverflow_migration_dag.py
[2026-05-19T12:56:20.017+0000] {processor.py:840} INFO - DAG(s) 'stackoverflow_medallion_pipeline_v2' retrieved from /opt/airflow/dags/stackoverflow_migration_dag.py
[2026-05-19T12:56:20.064+0000] {logging_mixin.py:188} INFO - [2026-05-19T12:56:20.064+0000] {dag.py:3096} INFO - Sync 1 DAGs
[2026-05-19T12:56:20.105+0000] {logging_mixin.py:188} INFO - [2026-05-19T12:56:20.105+0000] {dag.py:3954} INFO - Setting next_dagrun for stackoverflow_medallion_pipeline_v2 to 2026-05-19 00:00:00+00:00, run_after=2026-05-20 00:00:00+00:00
[2026-05-19T12:56:20.139+0000] {processor.py:183} INFO - Processing /opt/airflow/dags/stackoverflow_migration_dag.py took 0.919 seconds
[2026-05-19T12:56:50.609+0000] {processor.py:161} INFO - Started process (PID=384) to work on /opt/airflow/dags/stackoverflow_migration_dag.py
[2026-05-19T12:56:50.610+0000] {processor.py:830} INFO - Processing file /opt/airflow/dags/stackoverflow_migration_dag.py for tasks to queue
[2026-05-19T12:56:50.612+0000] {logging_mixin.py:188} INFO - [2026-05-19T12:56:50.612+0000] {dagbag.py:545} INFO - Filling up the DagBag from /opt/airflow/dags/stackoverflow_migration_dag.py
[2026-05-19T12:56:51.392+0000] {processor.py:840} INFO - DAG(s) 'stackoverflow_medallion_pipeline_v2' retrieved from /opt/airflow/dags/stackoverflow_migration_dag.py
[2026-05-19T12:56:51.446+0000] {logging_mixin.py:188} INFO - [2026-05-19T12:56:51.446+0000] {dag.py:3096} INFO - Sync 1 DAGs
[2026-05-19T12:56:51.480+0000] {logging_mixin.py:188} INFO - [2026-05-19T12:56:51.480+0000] {dag.py:3954} INFO - Setting next_dagrun for stackoverflow_medallion_pipeline_v2 to 2026-05-19 00:00:00+00:00, run_after=2026-05-20 00:00:00+00:00
[2026-05-19T12:56:51.512+0000] {processor.py:183} INFO - Processing /opt/airflow/dags/stackoverflow_migration_dag.py took 0.909 seconds
[2026-05-19T12:57:21.892+0000] {processor.py:161} INFO - Started process (PID=389) to work on /opt/airflow/dags/stackoverflow_migration_dag.py
[2026-05-19T12:57:21.894+0000] {processor.py:830} INFO - Processing file /opt/airflow/dags/stackoverflow_migration_dag.py for tasks to queue
[2026-05-19T12:57:21.896+0000] {logging_mixin.py:188} INFO - [2026-05-19T12:57:21.896+0000] {dagbag.py:545} INFO - Filling up the DagBag from /opt/airflow/dags/stackoverflow_migration_dag.py
[2026-05-19T12:57:22.957+0000] {processor.py:840} INFO - DAG(s) 'stackoverflow_medallion_pipeline_v2' retrieved from /opt/airflow/dags/stackoverflow_migration_dag.py
[2026-05-19T12:57:23.020+0000] {logging_mixin.py:188} INFO - [2026-05-19T12:57:23.020+0000] {dag.py:3096} INFO - Sync 1 DAGs
[2026-05-19T12:57:23.067+0000] {logging_mixin.py:188} INFO - [2026-05-19T12:57:23.067+0000] {dag.py:3954} INFO - Setting next_dagrun for stackoverflow_medallion_pipeline_v2 to 2026-05-19 00:00:00+00:00, run_after=2026-05-20 00:00:00+00:00
[2026-05-19T12:57:23.100+0000] {processor.py:183} INFO - Processing /opt/airflow/dags/stackoverflow_migration_dag.py took 1.217 seconds
[2026-05-19T12:57:53.182+0000] {processor.py:161} INFO - Started process (PID=394) to work on /opt/airflow/dags/stackoverflow_migration_dag.py
[2026-05-19T12:57:53.183+0000] {processor.py:830} INFO - Processing file /opt/airflow/dags/stackoverflow_migration_dag.py for tasks to queue
[2026-05-19T12:57:53.186+0000] {logging_mixin.py:188} INFO - [2026-05-19T12:57:53.185+0000] {dagbag.py:545} INFO - Filling up the DagBag from /opt/airflow/dags/stackoverflow_migration_dag.py
[2026-05-19T12:57:54.102+0000] {processor.py:840} INFO - DAG(s) 'stackoverflow_medallion_pipeline_v2' retrieved from /opt/airflow/dags/stackoverflow_migration_dag.py
[2026-05-19T12:57:54.155+0000] {logging_mixin.py:188} INFO - [2026-05-19T12:57:54.155+0000] {dag.py:3096} INFO - Sync 1 DAGs
[2026-05-19T12:57:54.200+0000] {logging_mixin.py:188} INFO - [2026-05-19T12:57:54.200+0000] {dag.py:3954} INFO - Setting next_dagrun for stackoverflow_medallion_pipeline_v2 to 2026-05-19 00:00:00+00:00, run_after=2026-05-20 00:00:00+00:00
[2026-05-19T12:57:54.234+0000] {processor.py:183} INFO - Processing /opt/airflow/dags/stackoverflow_migration_dag.py took 1.059 seconds
[2026-05-19T12:58:24.383+0000] {processor.py:161} INFO - Started process (PID=399) to work on /opt/airflow/dags/stackoverflow_migration_dag.py
[2026-05-19T12:58:24.384+0000] {processor.py:830} INFO - Processing file /opt/airflow/dags/stackoverflow_migration_dag.py for tasks to queue
[2026-05-19T12:58:24.387+0000] {logging_mixin.py:188} INFO - [2026-05-19T12:58:24.387+0000] {dagbag.py:545} INFO - Filling up the DagBag from /opt/airflow/dags/stackoverflow_migration_dag.py
[2026-05-19T12:58:25.361+0000] {processor.py:840} INFO - DAG(s) 'stackoverflow_medallion_pipeline_v2' retrieved from /opt/airflow/dags/stackoverflow_migration_dag.py
[2026-05-19T12:58:25.414+0000] {logging_mixin.py:188} INFO - [2026-05-19T12:58:25.413+0000] {dag.py:3096} INFO - Sync 1 DAGs
[2026-05-19T12:58:25.458+0000] {logging_mixin.py:188} INFO - [2026-05-19T12:58:25.458+0000] {dag.py:3954} INFO - Setting next_dagrun for stackoverflow_medallion_pipeline_v2 to 2026-05-19 00:00:00+00:00, run_after=2026-05-20 00:00:00+00:00
[2026-05-19T12:58:25.550+0000] {processor.py:183} INFO - Processing /opt/airflow/dags/stackoverflow_migration_dag.py took 1.178 seconds
[2026-05-19T12:58:55.651+0000] {processor.py:161} INFO - Started process (PID=404) to work on /opt/airflow/dags/stackoverflow_migration_dag.py
[2026-05-19T12:58:55.653+0000] {processor.py:830} INFO - Processing file /opt/airflow/dags/stackoverflow_migration_dag.py for tasks to queue
[2026-05-19T12:58:55.656+0000] {logging_mixin.py:188} INFO - [2026-05-19T12:58:55.656+0000] {dagbag.py:545} INFO - Filling up the DagBag from /opt/airflow/dags/stackoverflow_migration_dag.py
[2026-05-19T12:58:56.553+0000] {processor.py:840} INFO - DAG(s) 'stackoverflow_medallion_pipeline_v2' retrieved from /opt/airflow/dags/stackoverflow_migration_dag.py
[2026-05-19T12:58:56.603+0000] {logging_mixin.py:188} INFO - [2026-05-19T12:58:56.602+0000] {dag.py:3096} INFO - Sync 1 DAGs
[2026-05-19T12:58:56.643+0000] {logging_mixin.py:188} INFO - [2026-05-19T12:58:56.643+0000] {dag.py:3954} INFO - Setting next_dagrun for stackoverflow_medallion_pipeline_v2 to 2026-05-19 00:00:00+00:00, run_after=2026-05-20 00:00:00+00:00
[2026-05-19T12:58:56.676+0000] {processor.py:183} INFO - Processing /opt/airflow/dags/stackoverflow_migration_dag.py took 1.032 seconds
[2026-05-19T12:59:26.995+0000] {processor.py:161} INFO - Started process (PID=409) to work on /opt/airflow/dags/stackoverflow_migration_dag.py
[2026-05-19T12:59:26.996+0000] {processor.py:830} INFO - Processing file /opt/airflow/dags/stackoverflow_migration_dag.py for tasks to queue
[2026-05-19T12:59:26.998+0000] {logging_mixin.py:188} INFO - [2026-05-19T12:59:26.998+0000] {dagbag.py:545} INFO - Filling up the DagBag from /opt/airflow/dags/stackoverflow_migration_dag.py
[2026-05-19T12:59:27.817+0000] {processor.py:840} INFO - DAG(s) 'stackoverflow_medallion_pipeline_v2' retrieved from /opt/airflow/dags/stackoverflow_migration_dag.py
[2026-05-19T12:59:27.865+0000] {logging_mixin.py:188} INFO - [2026-05-19T12:59:27.865+0000] {dag.py:3096} INFO - Sync 1 DAGs
[2026-05-19T12:59:27.900+0000] {logging_mixin.py:188} INFO - [2026-05-19T12:59:27.899+0000] {dag.py:3954} INFO - Setting next_dagrun for stackoverflow_medallion_pipeline_v2 to 2026-05-19 00:00:00+00:00, run_after=2026-05-20 00:00:00+00:00
[2026-05-19T12:59:27.931+0000] {processor.py:183} INFO - Processing /opt/airflow/dags/stackoverflow_migration_dag.py took 0.942 seconds
[2026-05-19T12:59:58.276+0000] {processor.py:161} INFO - Started process (PID=414) to work on /opt/airflow/dags/stackoverflow_migration_dag.py
[2026-05-19T12:59:58.278+0000] {processor.py:830} INFO - Processing file /opt/airflow/dags/stackoverflow_migration_dag.py for tasks to queue
[2026-05-19T12:59:58.280+0000] {logging_mixin.py:188} INFO - [2026-05-19T12:59:58.280+0000] {dagbag.py:545} INFO - Filling up the DagBag from /opt/airflow/dags/stackoverflow_migration_dag.py
[2026-05-19T12:59:59.316+0000] {processor.py:840} INFO - DAG(s) 'stackoverflow_medallion_pipeline_v2' retrieved from /opt/airflow/dags/stackoverflow_migration_dag.py
[2026-05-19T12:59:59.384+0000] {logging_mixin.py:188} INFO - [2026-05-19T12:59:59.384+0000] {dag.py:3096} INFO - Sync 1 DAGs
[2026-05-19T12:59:59.430+0000] {logging_mixin.py:188} INFO - [2026-05-19T12:59:59.430+0000] {dag.py:3954} INFO - Setting next_dagrun for stackoverflow_medallion_pipeline_v2 to 2026-05-19 00:00:00+00:00, run_after=2026-05-20 00:00:00+00:00
[2026-05-19T12:59:59.491+0000] {processor.py:183} INFO - Processing /opt/airflow/dags/stackoverflow_migration_dag.py took 1.225 seconds
[2026-05-19T13:00:29.589+0000] {processor.py:161} INFO - Started process (PID=419) to work on /opt/airflow/dags/stackoverflow_migration_dag.py
[2026-05-19T13:00:29.591+0000] {processor.py:830} INFO - Processing file /opt/airflow/dags/stackoverflow_migration_dag.py for tasks to queue
[2026-05-19T13:00:29.593+0000] {logging_mixin.py:188} INFO - [2026-05-19T13:00:29.593+0000] {dagbag.py:545} INFO - Filling up the DagBag from /opt/airflow/dags/stackoverflow_migration_dag.py
[2026-05-19T13:00:30.544+0000] {processor.py:840} INFO - DAG(s) 'stackoverflow_medallion_pipeline_v2' retrieved from /opt/airflow/dags/stackoverflow_migration_dag.py
[2026-05-19T13:00:30.606+0000] {logging_mixin.py:188} INFO - [2026-05-19T13:00:30.606+0000] {dag.py:3096} INFO - Sync 1 DAGs
[2026-05-19T13:00:30.648+0000] {logging_mixin.py:188} INFO - [2026-05-19T13:00:30.648+0000] {dag.py:3954} INFO - Setting next_dagrun for stackoverflow_medallion_pipeline_v2 to 2026-05-19 00:00:00+00:00, run_after=2026-05-20 00:00:00+00:00
[2026-05-19T13:00:30.684+0000] {processor.py:183} INFO - Processing /opt/airflow/dags/stackoverflow_migration_dag.py took 1.103 seconds
[2026-05-19T13:01:00.848+0000] {processor.py:161} INFO - Started process (PID=424) to work on /opt/airflow/dags/stackoverflow_migration_dag.py
[2026-05-19T13:01:00.850+0000] {processor.py:830} INFO - Processing file /opt/airflow/dags/stackoverflow_migration_dag.py for tasks to queue
[2026-05-19T13:01:00.852+0000] {logging_mixin.py:188} INFO - [2026-05-19T13:01:00.851+0000] {dagbag.py:545} INFO - Filling up the DagBag from /opt/airflow/dags/stackoverflow_migration_dag.py
[2026-05-19T13:01:01.638+0000] {processor.py:840} INFO - DAG(s) 'stackoverflow_medallion_pipeline_v2' retrieved from /opt/airflow/dags/stackoverflow_migration_dag.py
[2026-05-19T13:01:01.687+0000] {logging_mixin.py:188} INFO - [2026-05-19T13:01:01.687+0000] {dag.py:3096} INFO - Sync 1 DAGs
[2026-05-19T13:01:01.723+0000] {logging_mixin.py:188} INFO - [2026-05-19T13:01:01.722+0000] {dag.py:3954} INFO - Setting next_dagrun for stackoverflow_medallion_pipeline_v2 to 2026-05-19 00:00:00+00:00, run_after=2026-05-20 00:00:00+00:00
[2026-05-19T13:01:01.754+0000] {processor.py:183} INFO - Processing /opt/airflow/dags/stackoverflow_migration_dag.py took 0.913 seconds
[2026-05-19T13:01:32.113+0000] {processor.py:161} INFO - Started process (PID=429) to work on /opt/airflow/dags/stackoverflow_migration_dag.py
[2026-05-19T13:01:32.114+0000] {processor.py:830} INFO - Processing file /opt/airflow/dags/stackoverflow_migration_dag.py for tasks to queue
[2026-05-19T13:01:32.116+0000] {logging_mixin.py:188} INFO - [2026-05-19T13:01:32.116+0000] {dagbag.py:545} INFO - Filling up the DagBag from /opt/airflow/dags/stackoverflow_migration_dag.py
[2026-05-19T13:01:32.937+0000] {processor.py:840} INFO - DAG(s) 'stackoverflow_medallion_pipeline_v2' retrieved from /opt/airflow/dags/stackoverflow_migration_dag.py
[2026-05-19T13:01:32.986+0000] {logging_mixin.py:188} INFO - [2026-05-19T13:01:32.986+0000] {dag.py:3096} INFO - Sync 1 DAGs
[2026-05-19T13:01:33.021+0000] {logging_mixin.py:188} INFO - [2026-05-19T13:01:33.021+0000] {dag.py:3954} INFO - Setting next_dagrun for stackoverflow_medallion_pipeline_v2 to 2026-05-19 00:00:00+00:00, run_after=2026-05-20 00:00:00+00:00
[2026-05-19T13:01:33.057+0000] {processor.py:183} INFO - Processing /opt/airflow/dags/stackoverflow_migration_dag.py took 0.951 seconds
[2026-05-19T13:02:03.467+0000] {processor.py:161} INFO - Started process (PID=434) to work on /opt/airflow/dags/stackoverflow_migration_dag.py
[2026-05-19T13:02:03.468+0000] {processor.py:830} INFO - Processing file /opt/airflow/dags/stackoverflow_migration_dag.py for tasks to queue
[2026-05-19T13:02:03.471+0000] {logging_mixin.py:188} INFO - [2026-05-19T13:02:03.471+0000] {dagbag.py:545} INFO - Filling up the DagBag from /opt/airflow/dags/stackoverflow_migration_dag.py
[2026-05-19T13:02:04.267+0000] {processor.py:840} INFO - DAG(s) 'stackoverflow_medallion_pipeline_v2' retrieved from /opt/airflow/dags/stackoverflow_migration_dag.py
[2026-05-19T13:02:04.323+0000] {logging_mixin.py:188} INFO - [2026-05-19T13:02:04.323+0000] {dag.py:3096} INFO - Sync 1 DAGs
[2026-05-19T13:02:04.358+0000] {logging_mixin.py:188} INFO - [2026-05-19T13:02:04.358+0000] {dag.py:3954} INFO - Setting next_dagrun for stackoverflow_medallion_pipeline_v2 to 2026-05-19 00:00:00+00:00, run_after=2026-05-20 00:00:00+00:00
[2026-05-19T13:02:04.388+0000] {processor.py:183} INFO - Processing /opt/airflow/dags/stackoverflow_migration_dag.py took 0.929 seconds
[2026-05-19T13:02:34.782+0000] {processor.py:161} INFO - Started process (PID=439) to work on /opt/airflow/dags/stackoverflow_migration_dag.py
[2026-05-19T13:02:34.783+0000] {processor.py:830} INFO - Processing file /opt/airflow/dags/stackoverflow_migration_dag.py for tasks to queue
[2026-05-19T13:02:34.787+0000] {logging_mixin.py:188} INFO - [2026-05-19T13:02:34.786+0000] {dagbag.py:545} INFO - Filling up the DagBag from /opt/airflow/dags/stackoverflow_migration_dag.py
[2026-05-19T13:02:35.622+0000] {processor.py:840} INFO - DAG(s) 'stackoverflow_medallion_pipeline_v2' retrieved from /opt/airflow/dags/stackoverflow_migration_dag.py
[2026-05-19T13:02:35.676+0000] {logging_mixin.py:188} INFO - [2026-05-19T13:02:35.676+0000] {dag.py:3096} INFO - Sync 1 DAGs
[2026-05-19T13:02:35.712+0000] {logging_mixin.py:188} INFO - [2026-05-19T13:02:35.712+0000] {dag.py:3954} INFO - Setting next_dagrun for stackoverflow_medallion_pipeline_v2 to 2026-05-19 00:00:00+00:00, run_after=2026-05-20 00:00:00+00:00
[2026-05-19T13:02:35.744+0000] {processor.py:183} INFO - Processing /opt/airflow/dags/stackoverflow_migration_dag.py took 0.969 seconds
[2026-05-19T13:03:06.079+0000] {processor.py:161} INFO - Started process (PID=444) to work on /opt/airflow/dags/stackoverflow_migration_dag.py
[2026-05-19T13:03:06.080+0000] {processor.py:830} INFO - Processing file /opt/airflow/dags/stackoverflow_migration_dag.py for tasks to queue
[2026-05-19T13:03:06.083+0000] {logging_mixin.py:188} INFO - [2026-05-19T13:03:06.083+0000] {dagbag.py:545} INFO - Filling up the DagBag from /opt/airflow/dags/stackoverflow_migration_dag.py
[2026-05-19T13:03:06.875+0000] {processor.py:840} INFO - DAG(s) 'stackoverflow_medallion_pipeline_v2' retrieved from /opt/airflow/dags/stackoverflow_migration_dag.py
[2026-05-19T13:03:06.925+0000] {logging_mixin.py:188} INFO - [2026-05-19T13:03:06.924+0000] {dag.py:3096} INFO - Sync 1 DAGs
[2026-05-19T13:03:06.989+0000] {logging_mixin.py:188} INFO - [2026-05-19T13:03:06.989+0000] {dag.py:3954} INFO - Setting next_dagrun for stackoverflow_medallion_pipeline_v2 to 2026-05-19 00:00:00+00:00, run_after=2026-05-20 00:00:00+00:00
[2026-05-19T13:03:07.029+0000] {processor.py:183} INFO - Processing /opt/airflow/dags/stackoverflow_migration_dag.py took 0.958 seconds
[2026-05-19T13:03:37.411+0000] {processor.py:161} INFO - Started process (PID=449) to work on /opt/airflow/dags/stackoverflow_migration_dag.py
[2026-05-19T13:03:37.412+0000] {processor.py:830} INFO - Processing file /opt/airflow/dags/stackoverflow_migration_dag.py for tasks to queue
[2026-05-19T13:03:37.415+0000] {logging_mixin.py:188} INFO - [2026-05-19T13:03:37.414+0000] {dagbag.py:545} INFO - Filling up the DagBag from /opt/airflow/dags/stackoverflow_migration_dag.py
[2026-05-19T13:03:38.265+0000] {processor.py:840} INFO - DAG(s) 'stackoverflow_medallion_pipeline_v2' retrieved from /opt/airflow/dags/stackoverflow_migration_dag.py
[2026-05-19T13:03:38.312+0000] {logging_mixin.py:188} INFO - [2026-05-19T13:03:38.312+0000] {dag.py:3096} INFO - Sync 1 DAGs
[2026-05-19T13:03:38.346+0000] {logging_mixin.py:188} INFO - [2026-05-19T13:03:38.345+0000] {dag.py:3954} INFO - Setting next_dagrun for stackoverflow_medallion_pipeline_v2 to 2026-05-19 00:00:00+00:00, run_after=2026-05-20 00:00:00+00:00
[2026-05-19T13:03:38.377+0000] {processor.py:183} INFO - Processing /opt/airflow/dags/stackoverflow_migration_dag.py took 0.974 seconds
[2026-05-19T13:04:08.826+0000] {processor.py:161} INFO - Started process (PID=454) to work on /opt/airflow/dags/stackoverflow_migration_dag.py
[2026-05-19T13:04:08.828+0000] {processor.py:830} INFO - Processing file /opt/airflow/dags/stackoverflow_migration_dag.py for tasks to queue
[2026-05-19T13:04:08.830+0000] {logging_mixin.py:188} INFO - [2026-05-19T13:04:08.830+0000] {dagbag.py:545} INFO - Filling up the DagBag from /opt/airflow/dags/stackoverflow_migration_dag.py
[2026-05-19T13:04:09.785+0000] {processor.py:840} INFO - DAG(s) 'stackoverflow_medallion_pipeline_v2' retrieved from /opt/airflow/dags/stackoverflow_migration_dag.py
[2026-05-19T13:04:09.914+0000] {logging_mixin.py:188} INFO - [2026-05-19T13:04:09.914+0000] {dag.py:3096} INFO - Sync 1 DAGs
[2026-05-19T13:04:10.019+0000] {logging_mixin.py:188} INFO - [2026-05-19T13:04:10.019+0000] {dag.py:3954} INFO - Setting next_dagrun for stackoverflow_medallion_pipeline_v2 to 2026-05-19 00:00:00+00:00, run_after=2026-05-20 00:00:00+00:00
[2026-05-19T13:04:10.113+0000] {processor.py:183} INFO - Processing /opt/airflow/dags/stackoverflow_migration_dag.py took 1.296 seconds
[2026-05-19T13:04:40.425+0000] {processor.py:161} INFO - Started process (PID=459) to work on /opt/airflow/dags/stackoverflow_migration_dag.py
[2026-05-19T13:04:40.427+0000] {processor.py:830} INFO - Processing file /opt/airflow/dags/stackoverflow_migration_dag.py for tasks to queue
[2026-05-19T13:04:40.429+0000] {logging_mixin.py:188} INFO - [2026-05-19T13:04:40.429+0000] {dagbag.py:545} INFO - Filling up the DagBag from /opt/airflow/dags/stackoverflow_migration_dag.py
[2026-05-19T13:04:41.311+0000] {processor.py:840} INFO - DAG(s) 'stackoverflow_medallion_pipeline_v2' retrieved from /opt/airflow/dags/stackoverflow_migration_dag.py
[2026-05-19T13:04:41.361+0000] {logging_mixin.py:188} INFO - [2026-05-19T13:04:41.361+0000] {dag.py:3096} INFO - Sync 1 DAGs
[2026-05-19T13:04:41.397+0000] {logging_mixin.py:188} INFO - [2026-05-19T13:04:41.397+0000] {dag.py:3954} INFO - Setting next_dagrun for stackoverflow_medallion_pipeline_v2 to 2026-05-19 00:00:00+00:00, run_after=2026-05-20 00:00:00+00:00
[2026-05-19T13:04:41.427+0000] {processor.py:183} INFO - Processing /opt/airflow/dags/stackoverflow_migration_dag.py took 1.009 seconds
[2026-05-19T13:05:11.651+0000] {processor.py:161} INFO - Started process (PID=464) to work on /opt/airflow/dags/stackoverflow_migration_dag.py
[2026-05-19T13:05:11.652+0000] {processor.py:830} INFO - Processing file /opt/airflow/dags/stackoverflow_migration_dag.py for tasks to queue
[2026-05-19T13:05:11.656+0000] {logging_mixin.py:188} INFO - [2026-05-19T13:05:11.656+0000] {dagbag.py:545} INFO - Filling up the DagBag from /opt/airflow/dags/stackoverflow_migration_dag.py
[2026-05-19T13:05:12.534+0000] {processor.py:840} INFO - DAG(s) 'stackoverflow_medallion_pipeline_v2' retrieved from /opt/airflow/dags/stackoverflow_migration_dag.py
[2026-05-19T13:05:12.582+0000] {logging_mixin.py:188} INFO - [2026-05-19T13:05:12.582+0000] {dag.py:3096} INFO - Sync 1 DAGs
[2026-05-19T13:05:12.618+0000] {logging_mixin.py:188} INFO - [2026-05-19T13:05:12.618+0000] {dag.py:3954} INFO - Setting next_dagrun for stackoverflow_medallion_pipeline_v2 to 2026-05-19 00:00:00+00:00, run_after=2026-05-20 00:00:00+00:00
[2026-05-19T13:05:12.648+0000] {processor.py:183} INFO - Processing /opt/airflow/dags/stackoverflow_migration_dag.py took 1.007 seconds
[2026-05-19T13:05:42.858+0000] {processor.py:161} INFO - Started process (PID=469) to work on /opt/airflow/dags/stackoverflow_migration_dag.py
[2026-05-19T13:05:42.859+0000] {processor.py:830} INFO - Processing file /opt/airflow/dags/stackoverflow_migration_dag.py for tasks to queue
[2026-05-19T13:05:42.862+0000] {logging_mixin.py:188} INFO - [2026-05-19T13:05:42.861+0000] {dagbag.py:545} INFO - Filling up the DagBag from /opt/airflow/dags/stackoverflow_migration_dag.py
[2026-05-19T13:05:43.811+0000] {processor.py:840} INFO - DAG(s) 'stackoverflow_medallion_pipeline_v2' retrieved from /opt/airflow/dags/stackoverflow_migration_dag.py
[2026-05-19T13:05:43.861+0000] {logging_mixin.py:188} INFO - [2026-05-19T13:05:43.861+0000] {dag.py:3096} INFO - Sync 1 DAGs
[2026-05-19T13:05:43.896+0000] {logging_mixin.py:188} INFO - [2026-05-19T13:05:43.896+0000] {dag.py:3954} INFO - Setting next_dagrun for stackoverflow_medallion_pipeline_v2 to 2026-05-19 00:00:00+00:00, run_after=2026-05-20 00:00:00+00:00
[2026-05-19T13:05:43.926+0000] {processor.py:183} INFO - Processing /opt/airflow/dags/stackoverflow_migration_dag.py took 1.076 seconds
[2026-05-19T13:06:14.046+0000] {processor.py:161} INFO - Started process (PID=474) to work on /opt/airflow/dags/stackoverflow_migration_dag.py
[2026-05-19T13:06:14.047+0000] {processor.py:830} INFO - Processing file /opt/airflow/dags/stackoverflow_migration_dag.py for tasks to queue
[2026-05-19T13:06:14.050+0000] {logging_mixin.py:188} INFO - [2026-05-19T13:06:14.049+0000] {dagbag.py:545} INFO - Filling up the DagBag from /opt/airflow/dags/stackoverflow_migration_dag.py
[2026-05-19T13:06:14.886+0000] {processor.py:840} INFO - DAG(s) 'stackoverflow_medallion_pipeline_v2' retrieved from /opt/airflow/dags/stackoverflow_migration_dag.py
[2026-05-19T13:06:14.933+0000] {logging_mixin.py:188} INFO - [2026-05-19T13:06:14.933+0000] {dag.py:3096} INFO - Sync 1 DAGs
[2026-05-19T13:06:14.967+0000] {logging_mixin.py:188} INFO - [2026-05-19T13:06:14.967+0000] {dag.py:3954} INFO - Setting next_dagrun for stackoverflow_medallion_pipeline_v2 to 2026-05-19 00:00:00+00:00, run_after=2026-05-20 00:00:00+00:00
[2026-05-19T13:06:14.998+0000] {processor.py:183} INFO - Processing /opt/airflow/dags/stackoverflow_migration_dag.py took 0.959 seconds
[2026-05-19T13:06:45.224+0000] {processor.py:161} INFO - Started process (PID=479) to work on /opt/airflow/dags/stackoverflow_migration_dag.py
[2026-05-19T13:06:45.225+0000] {processor.py:830} INFO - Processing file /opt/airflow/dags/stackoverflow_migration_dag.py for tasks to queue
[2026-05-19T13:06:45.227+0000] {logging_mixin.py:188} INFO - [2026-05-19T13:06:45.227+0000] {dagbag.py:545} INFO - Filling up the DagBag from /opt/airflow/dags/stackoverflow_migration_dag.py
[2026-05-19T13:06:46.039+0000] {processor.py:840} INFO - DAG(s) 'stackoverflow_medallion_pipeline_v2' retrieved from /opt/airflow/dags/stackoverflow_migration_dag.py
[2026-05-19T13:06:46.092+0000] {logging_mixin.py:188} INFO - [2026-05-19T13:06:46.092+0000] {dag.py:3096} INFO - Sync 1 DAGs
[2026-05-19T13:06:46.134+0000] {logging_mixin.py:188} INFO - [2026-05-19T13:06:46.133+0000] {dag.py:3954} INFO - Setting next_dagrun for stackoverflow_medallion_pipeline_v2 to 2026-05-19 00:00:00+00:00, run_after=2026-05-20 00:00:00+00:00
[2026-05-19T13:06:46.175+0000] {processor.py:183} INFO - Processing /opt/airflow/dags/stackoverflow_migration_dag.py took 0.958 seconds
[2026-05-19T13:07:16.478+0000] {processor.py:161} INFO - Started process (PID=484) to work on /opt/airflow/dags/stackoverflow_migration_dag.py
[2026-05-19T13:07:16.479+0000] {processor.py:830} INFO - Processing file /opt/airflow/dags/stackoverflow_migration_dag.py for tasks to queue
[2026-05-19T13:07:16.481+0000] {logging_mixin.py:188} INFO - [2026-05-19T13:07:16.481+0000] {dagbag.py:545} INFO - Filling up the DagBag from /opt/airflow/dags/stackoverflow_migration_dag.py
[2026-05-19T13:07:17.399+0000] {processor.py:840} INFO - DAG(s) 'stackoverflow_medallion_pipeline_v2' retrieved from /opt/airflow/dags/stackoverflow_migration_dag.py
[2026-05-19T13:07:17.451+0000] {logging_mixin.py:188} INFO - [2026-05-19T13:07:17.451+0000] {dag.py:3096} INFO - Sync 1 DAGs
[2026-05-19T13:07:17.528+0000] {logging_mixin.py:188} INFO - [2026-05-19T13:07:17.527+0000] {dag.py:3954} INFO - Setting next_dagrun for stackoverflow_medallion_pipeline_v2 to 2026-05-19 00:00:00+00:00, run_after=2026-05-20 00:00:00+00:00
[2026-05-19T13:07:17.571+0000] {processor.py:183} INFO - Processing /opt/airflow/dags/stackoverflow_migration_dag.py took 1.102 seconds
[2026-05-19T13:07:47.781+0000] {processor.py:161} INFO - Started process (PID=489) to work on /opt/airflow/dags/stackoverflow_migration_dag.py
[2026-05-19T13:07:47.783+0000] {processor.py:830} INFO - Processing file /opt/airflow/dags/stackoverflow_migration_dag.py for tasks to queue
[2026-05-19T13:07:47.786+0000] {logging_mixin.py:188} INFO - [2026-05-19T13:07:47.786+0000] {dagbag.py:545} INFO - Filling up the DagBag from /opt/airflow/dags/stackoverflow_migration_dag.py
[2026-05-19T13:07:49.047+0000] {processor.py:840} INFO - DAG(s) 'stackoverflow_medallion_pipeline_v2' retrieved from /opt/airflow/dags/stackoverflow_migration_dag.py
[2026-05-19T13:07:49.136+0000] {logging_mixin.py:188} INFO - [2026-05-19T13:07:49.135+0000] {dag.py:3096} INFO - Sync 1 DAGs
[2026-05-19T13:07:49.184+0000] {logging_mixin.py:188} INFO - [2026-05-19T13:07:49.184+0000] {dag.py:3954} INFO - Setting next_dagrun for stackoverflow_medallion_pipeline_v2 to 2026-05-19 00:00:00+00:00, run_after=2026-05-20 00:00:00+00:00
[2026-05-19T13:07:49.223+0000] {processor.py:183} INFO - Processing /opt/airflow/dags/stackoverflow_migration_dag.py took 1.457 seconds
[2026-05-19T13:08:19.468+0000] {processor.py:161} INFO - Started process (PID=496) to work on /opt/airflow/dags/stackoverflow_migration_dag.py
[2026-05-19T13:08:19.470+0000] {processor.py:830} INFO - Processing file /opt/airflow/dags/stackoverflow_migration_dag.py for tasks to queue
[2026-05-19T13:08:19.473+0000] {logging_mixin.py:188} INFO - [2026-05-19T13:08:19.473+0000] {dagbag.py:545} INFO - Filling up the DagBag from /opt/airflow/dags/stackoverflow_migration_dag.py
[2026-05-19T13:08:20.362+0000] {processor.py:840} INFO - DAG(s) 'stackoverflow_medallion_pipeline_v2' retrieved from /opt/airflow/dags/stackoverflow_migration_dag.py
[2026-05-19T13:08:20.414+0000] {logging_mixin.py:188} INFO - [2026-05-19T13:08:20.414+0000] {dag.py:3096} INFO - Sync 1 DAGs
[2026-05-19T13:08:20.458+0000] {logging_mixin.py:188} INFO - [2026-05-19T13:08:20.458+0000] {dag.py:3954} INFO - Setting next_dagrun for stackoverflow_medallion_pipeline_v2 to 2026-05-19 00:00:00+00:00, run_after=2026-05-20 00:00:00+00:00
[2026-05-19T13:08:20.494+0000] {processor.py:183} INFO - Processing /opt/airflow/dags/stackoverflow_migration_dag.py took 1.037 seconds
[2026-05-19T13:08:50.655+0000] {processor.py:161} INFO - Started process (PID=501) to work on /opt/airflow/dags/stackoverflow_migration_dag.py
[2026-05-19T13:08:50.657+0000] {processor.py:830} INFO - Processing file /opt/airflow/dags/stackoverflow_migration_dag.py for tasks to queue
[2026-05-19T13:08:50.660+0000] {logging_mixin.py:188} INFO - [2026-05-19T13:08:50.660+0000] {dagbag.py:545} INFO - Filling up the DagBag from /opt/airflow/dags/stackoverflow_migration_dag.py
[2026-05-19T13:08:51.606+0000] {processor.py:840} INFO - DAG(s) 'stackoverflow_medallion_pipeline_v2' retrieved from /opt/airflow/dags/stackoverflow_migration_dag.py
[2026-05-19T13:08:51.662+0000] {logging_mixin.py:188} INFO - [2026-05-19T13:08:51.662+0000] {dag.py:3096} INFO - Sync 1 DAGs
[2026-05-19T13:08:51.704+0000] {logging_mixin.py:188} INFO - [2026-05-19T13:08:51.704+0000] {dag.py:3954} INFO - Setting next_dagrun for stackoverflow_medallion_pipeline_v2 to 2026-05-19 00:00:00+00:00, run_after=2026-05-20 00:00:00+00:00
[2026-05-19T13:08:51.743+0000] {processor.py:183} INFO - Processing /opt/airflow/dags/stackoverflow_migration_dag.py took 1.100 seconds
[2026-05-19T13:09:21.891+0000] {processor.py:161} INFO - Started process (PID=506) to work on /opt/airflow/dags/stackoverflow_migration_dag.py
[2026-05-19T13:09:21.893+0000] {processor.py:830} INFO - Processing file /opt/airflow/dags/stackoverflow_migration_dag.py for tasks to queue
[2026-05-19T13:09:21.896+0000] {logging_mixin.py:188} INFO - [2026-05-19T13:09:21.896+0000] {dagbag.py:545} INFO - Filling up the DagBag from /opt/airflow/dags/stackoverflow_migration_dag.py
[2026-05-19T13:09:22.872+0000] {processor.py:840} INFO - DAG(s) 'stackoverflow_medallion_pipeline_v2' retrieved from /opt/airflow/dags/stackoverflow_migration_dag.py
[2026-05-19T13:09:22.924+0000] {logging_mixin.py:188} INFO - [2026-05-19T13:09:22.924+0000] {dag.py:3096} INFO - Sync 1 DAGs
[2026-05-19T13:09:22.963+0000] {logging_mixin.py:188} INFO - [2026-05-19T13:09:22.963+0000] {dag.py:3954} INFO - Setting next_dagrun for stackoverflow_medallion_pipeline_v2 to 2026-05-19 00:00:00+00:00, run_after=2026-05-20 00:00:00+00:00
[2026-05-19T13:09:22.997+0000] {processor.py:183} INFO - Processing /opt/airflow/dags/stackoverflow_migration_dag.py took 1.117 seconds
[2026-05-19T13:09:53.164+0000] {processor.py:161} INFO - Started process (PID=511) to work on /opt/airflow/dags/stackoverflow_migration_dag.py
[2026-05-19T13:09:53.165+0000] {processor.py:830} INFO - Processing file /opt/airflow/dags/stackoverflow_migration_dag.py for tasks to queue
[2026-05-19T13:09:53.168+0000] {logging_mixin.py:188} INFO - [2026-05-19T13:09:53.167+0000] {dagbag.py:545} INFO - Filling up the DagBag from /opt/airflow/dags/stackoverflow_migration_dag.py
[2026-05-19T13:09:54.160+0000] {processor.py:840} INFO - DAG(s) 'stackoverflow_medallion_pipeline_v2' retrieved from /opt/airflow/dags/stackoverflow_migration_dag.py
[2026-05-19T13:09:54.207+0000] {logging_mixin.py:188} INFO - [2026-05-19T13:09:54.207+0000] {dag.py:3096} INFO - Sync 1 DAGs
[2026-05-19T13:09:54.245+0000] {logging_mixin.py:188} INFO - [2026-05-19T13:09:54.245+0000] {dag.py:3954} INFO - Setting next_dagrun for stackoverflow_medallion_pipeline_v2 to 2026-05-19 00:00:00+00:00, run_after=2026-05-20 00:00:00+00:00
[2026-05-19T13:09:54.279+0000] {processor.py:183} INFO - Processing /opt/airflow/dags/stackoverflow_migration_dag.py took 1.123 seconds
[2026-05-19T13:10:24.451+0000] {processor.py:161} INFO - Started process (PID=516) to work on /opt/airflow/dags/stackoverflow_migration_dag.py
[2026-05-19T13:10:24.453+0000] {processor.py:830} INFO - Processing file /opt/airflow/dags/stackoverflow_migration_dag.py for tasks to queue
[2026-05-19T13:10:24.456+0000] {logging_mixin.py:188} INFO - [2026-05-19T13:10:24.455+0000] {dagbag.py:545} INFO - Filling up the DagBag from /opt/airflow/dags/stackoverflow_migration_dag.py
[2026-05-19T13:10:25.421+0000] {processor.py:840} INFO - DAG(s) 'stackoverflow_medallion_pipeline_v2' retrieved from /opt/airflow/dags/stackoverflow_migration_dag.py
[2026-05-19T13:10:25.488+0000] {logging_mixin.py:188} INFO - [2026-05-19T13:10:25.488+0000] {dag.py:3096} INFO - Sync 1 DAGs
[2026-05-19T13:10:25.538+0000] {logging_mixin.py:188} INFO - [2026-05-19T13:10:25.538+0000] {dag.py:3954} INFO - Setting next_dagrun for stackoverflow_medallion_pipeline_v2 to 2026-05-19 00:00:00+00:00, run_after=2026-05-20 00:00:00+00:00
[2026-05-19T13:10:25.591+0000] {processor.py:183} INFO - Processing /opt/airflow/dags/stackoverflow_migration_dag.py took 1.154 seconds
[2026-05-19T13:10:55.741+0000] {processor.py:161} INFO - Started process (PID=527) to work on /opt/airflow/dags/stackoverflow_migration_dag.py
[2026-05-19T13:10:55.744+0000] {processor.py:830} INFO - Processing file /opt/airflow/dags/stackoverflow_migration_dag.py for tasks to queue
[2026-05-19T13:10:55.751+0000] {logging_mixin.py:188} INFO - [2026-05-19T13:10:55.749+0000] {dagbag.py:545} INFO - Filling up the DagBag from /opt/airflow/dags/stackoverflow_migration_dag.py
[2026-05-19T13:10:57.694+0000] {processor.py:840} INFO - DAG(s) 'stackoverflow_medallion_pipeline_v2' retrieved from /opt/airflow/dags/stackoverflow_migration_dag.py
[2026-05-19T13:10:57.919+0000] {logging_mixin.py:188} INFO - [2026-05-19T13:10:57.918+0000] {dag.py:3096} INFO - Sync 1 DAGs
[2026-05-19T13:10:58.059+0000] {logging_mixin.py:188} INFO - [2026-05-19T13:10:58.058+0000] {dag.py:3954} INFO - Setting next_dagrun for stackoverflow_medallion_pipeline_v2 to 2026-05-19 00:00:00+00:00, run_after=2026-05-20 00:00:00+00:00
[2026-05-19T13:10:58.154+0000] {processor.py:183} INFO - Processing /opt/airflow/dags/stackoverflow_migration_dag.py took 2.437 seconds
[2026-05-19T13:11:28.459+0000] {processor.py:161} INFO - Started process (PID=551) to work on /opt/airflow/dags/stackoverflow_migration_dag.py
[2026-05-19T13:11:28.461+0000] {processor.py:830} INFO - Processing file /opt/airflow/dags/stackoverflow_migration_dag.py for tasks to queue
[2026-05-19T13:11:28.464+0000] {logging_mixin.py:188} INFO - [2026-05-19T13:11:28.463+0000] {dagbag.py:545} INFO - Filling up the DagBag from /opt/airflow/dags/stackoverflow_migration_dag.py
[2026-05-19T13:11:29.710+0000] {processor.py:840} INFO - DAG(s) 'stackoverflow_medallion_pipeline_v2' retrieved from /opt/airflow/dags/stackoverflow_migration_dag.py
[2026-05-19T13:11:29.782+0000] {logging_mixin.py:188} INFO - [2026-05-19T13:11:29.782+0000] {dag.py:3096} INFO - Sync 1 DAGs
[2026-05-19T13:11:29.834+0000] {logging_mixin.py:188} INFO - [2026-05-19T13:11:29.834+0000] {dag.py:3954} INFO - Setting next_dagrun for stackoverflow_medallion_pipeline_v2 to 2026-05-19 00:00:00+00:00, run_after=2026-05-20 00:00:00+00:00
[2026-05-19T13:11:29.929+0000] {processor.py:183} INFO - Processing /opt/airflow/dags/stackoverflow_migration_dag.py took 1.480 seconds
[2026-05-19T13:12:00.205+0000] {processor.py:161} INFO - Started process (PID=556) to work on /opt/airflow/dags/stackoverflow_migration_dag.py
[2026-05-19T13:12:00.208+0000] {processor.py:830} INFO - Processing file /opt/airflow/dags/stackoverflow_migration_dag.py for tasks to queue
[2026-05-19T13:12:00.212+0000] {logging_mixin.py:188} INFO - [2026-05-19T13:12:00.212+0000] {dagbag.py:545} INFO - Filling up the DagBag from /opt/airflow/dags/stackoverflow_migration_dag.py
[2026-05-19T13:12:01.478+0000] {processor.py:840} INFO - DAG(s) 'stackoverflow_medallion_pipeline_v2' retrieved from /opt/airflow/dags/stackoverflow_migration_dag.py
[2026-05-19T13:12:01.540+0000] {logging_mixin.py:188} INFO - [2026-05-19T13:12:01.539+0000] {dag.py:3096} INFO - Sync 1 DAGs
[2026-05-19T13:12:01.595+0000] {logging_mixin.py:188} INFO - [2026-05-19T13:12:01.594+0000] {dag.py:3954} INFO - Setting next_dagrun for stackoverflow_medallion_pipeline_v2 to 2026-05-19 00:00:00+00:00, run_after=2026-05-20 00:00:00+00:00
[2026-05-19T13:12:01.644+0000] {processor.py:183} INFO - Processing /opt/airflow/dags/stackoverflow_migration_dag.py took 1.455 seconds
[2026-05-19T13:12:31.975+0000] {processor.py:161} INFO - Started process (PID=561) to work on /opt/airflow/dags/stackoverflow_migration_dag.py
[2026-05-19T13:12:31.982+0000] {processor.py:830} INFO - Processing file /opt/airflow/dags/stackoverflow_migration_dag.py for tasks to queue
[2026-05-19T13:12:31.989+0000] {logging_mixin.py:188} INFO - [2026-05-19T13:12:31.988+0000] {dagbag.py:545} INFO - Filling up the DagBag from /opt/airflow/dags/stackoverflow_migration_dag.py
[2026-05-19T13:12:33.710+0000] {processor.py:840} INFO - DAG(s) 'stackoverflow_medallion_pipeline_v2' retrieved from /opt/airflow/dags/stackoverflow_migration_dag.py
[2026-05-19T13:12:33.837+0000] {logging_mixin.py:188} INFO - [2026-05-19T13:12:33.837+0000] {dag.py:3096} INFO - Sync 1 DAGs
[2026-05-19T13:12:33.910+0000] {logging_mixin.py:188} INFO - [2026-05-19T13:12:33.909+0000] {dag.py:3954} INFO - Setting next_dagrun for stackoverflow_medallion_pipeline_v2 to 2026-05-19 00:00:00+00:00, run_after=2026-05-20 00:00:00+00:00
[2026-05-19T13:12:33.975+0000] {processor.py:183} INFO - Processing /opt/airflow/dags/stackoverflow_migration_dag.py took 2.030 seconds
[2026-05-19T13:13:04.202+0000] {processor.py:161} INFO - Started process (PID=566) to work on /opt/airflow/dags/stackoverflow_migration_dag.py
[2026-05-19T13:13:04.203+0000] {processor.py:830} INFO - Processing file /opt/airflow/dags/stackoverflow_migration_dag.py for tasks to queue
[2026-05-19T13:13:04.205+0000] {logging_mixin.py:188} INFO - [2026-05-19T13:13:04.205+0000] {dagbag.py:545} INFO - Filling up the DagBag from /opt/airflow/dags/stackoverflow_migration_dag.py
[2026-05-19T13:13:05.096+0000] {processor.py:840} INFO - DAG(s) 'stackoverflow_medallion_pipeline_v2' retrieved from /opt/airflow/dags/stackoverflow_migration_dag.py
[2026-05-19T13:13:05.149+0000] {logging_mixin.py:188} INFO - [2026-05-19T13:13:05.149+0000] {dag.py:3096} INFO - Sync 1 DAGs
[2026-05-19T13:13:05.188+0000] {logging_mixin.py:188} INFO - [2026-05-19T13:13:05.188+0000] {dag.py:3954} INFO - Setting next_dagrun for stackoverflow_medallion_pipeline_v2 to 2026-05-19 00:00:00+00:00, run_after=2026-05-20 00:00:00+00:00
[2026-05-19T13:13:05.222+0000] {processor.py:183} INFO - Processing /opt/airflow/dags/stackoverflow_migration_dag.py took 1.028 seconds
[2026-05-19T13:13:35.562+0000] {processor.py:161} INFO - Started process (PID=571) to work on /opt/airflow/dags/stackoverflow_migration_dag.py
[2026-05-19T13:13:35.563+0000] {processor.py:830} INFO - Processing file /opt/airflow/dags/stackoverflow_migration_dag.py for tasks to queue
[2026-05-19T13:13:35.566+0000] {logging_mixin.py:188} INFO - [2026-05-19T13:13:35.566+0000] {dagbag.py:545} INFO - Filling up the DagBag from /opt/airflow/dags/stackoverflow_migration_dag.py
[2026-05-19T13:13:36.354+0000] {processor.py:840} INFO - DAG(s) 'stackoverflow_medallion_pipeline_v2' retrieved from /opt/airflow/dags/stackoverflow_migration_dag.py
[2026-05-19T13:13:36.401+0000] {logging_mixin.py:188} INFO - [2026-05-19T13:13:36.400+0000] {dag.py:3096} INFO - Sync 1 DAGs
[2026-05-19T13:13:36.437+0000] {logging_mixin.py:188} INFO - [2026-05-19T13:13:36.437+0000] {dag.py:3954} INFO - Setting next_dagrun for stackoverflow_medallion_pipeline_v2 to 2026-05-19 00:00:00+00:00, run_after=2026-05-20 00:00:00+00:00
[2026-05-19T13:13:36.470+0000] {processor.py:183} INFO - Processing /opt/airflow/dags/stackoverflow_migration_dag.py took 0.916 seconds
[2026-05-19T13:14:06.832+0000] {processor.py:161} INFO - Started process (PID=576) to work on /opt/airflow/dags/stackoverflow_migration_dag.py
[2026-05-19T13:14:06.834+0000] {processor.py:830} INFO - Processing file /opt/airflow/dags/stackoverflow_migration_dag.py for tasks to queue
[2026-05-19T13:14:06.837+0000] {logging_mixin.py:188} INFO - [2026-05-19T13:14:06.836+0000] {dagbag.py:545} INFO - Filling up the DagBag from /opt/airflow/dags/stackoverflow_migration_dag.py
[2026-05-19T13:14:07.964+0000] {processor.py:840} INFO - DAG(s) 'stackoverflow_medallion_pipeline_v2' retrieved from /opt/airflow/dags/stackoverflow_migration_dag.py
[2026-05-19T13:14:08.015+0000] {logging_mixin.py:188} INFO - [2026-05-19T13:14:08.015+0000] {dag.py:3096} INFO - Sync 1 DAGs
[2026-05-19T13:14:08.056+0000] {logging_mixin.py:188} INFO - [2026-05-19T13:14:08.056+0000] {dag.py:3954} INFO - Setting next_dagrun for stackoverflow_medallion_pipeline_v2 to 2026-05-19 00:00:00+00:00, run_after=2026-05-20 00:00:00+00:00
[2026-05-19T13:14:08.092+0000] {processor.py:183} INFO - Processing /opt/airflow/dags/stackoverflow_migration_dag.py took 1.273 seconds
[2026-05-19T13:14:38.209+0000] {processor.py:161} INFO - Started process (PID=581) to work on /opt/airflow/dags/stackoverflow_migration_dag.py
[2026-05-19T13:14:38.213+0000] {processor.py:830} INFO - Processing file /opt/airflow/dags/stackoverflow_migration_dag.py for tasks to queue
[2026-05-19T13:14:38.219+0000] {logging_mixin.py:188} INFO - [2026-05-19T13:14:38.218+0000] {dagbag.py:545} INFO - Filling up the DagBag from /opt/airflow/dags/stackoverflow_migration_dag.py
[2026-05-19T13:14:39.329+0000] {processor.py:840} INFO - DAG(s) 'stackoverflow_medallion_pipeline_v2' retrieved from /opt/airflow/dags/stackoverflow_migration_dag.py
[2026-05-19T13:14:39.378+0000] {logging_mixin.py:188} INFO - [2026-05-19T13:14:39.378+0000] {dag.py:3096} INFO - Sync 1 DAGs
[2026-05-19T13:14:39.415+0000] {logging_mixin.py:188} INFO - [2026-05-19T13:14:39.415+0000] {dag.py:3954} INFO - Setting next_dagrun for stackoverflow_medallion_pipeline_v2 to 2026-05-19 00:00:00+00:00, run_after=2026-05-20 00:00:00+00:00
[2026-05-19T13:14:39.452+0000] {processor.py:183} INFO - Processing /opt/airflow/dags/stackoverflow_migration_dag.py took 1.261 seconds
[2026-05-19T13:15:09.660+0000] {processor.py:161} INFO - Started process (PID=586) to work on /opt/airflow/dags/stackoverflow_migration_dag.py
[2026-05-19T13:15:09.663+0000] {processor.py:830} INFO - Processing file /opt/airflow/dags/stackoverflow_migration_dag.py for tasks to queue
[2026-05-19T13:15:09.667+0000] {logging_mixin.py:188} INFO - [2026-05-19T13:15:09.666+0000] {dagbag.py:545} INFO - Filling up the DagBag from /opt/airflow/dags/stackoverflow_migration_dag.py
[2026-05-19T13:15:11.150+0000] {processor.py:840} INFO - DAG(s) 'stackoverflow_medallion_pipeline_v2' retrieved from /opt/airflow/dags/stackoverflow_migration_dag.py
[2026-05-19T13:15:11.222+0000] {logging_mixin.py:188} INFO - [2026-05-19T13:15:11.221+0000] {dag.py:3096} INFO - Sync 1 DAGs
[2026-05-19T13:15:11.274+0000] {logging_mixin.py:188} INFO - [2026-05-19T13:15:11.273+0000] {dag.py:3954} INFO - Setting next_dagrun for stackoverflow_medallion_pipeline_v2 to 2026-05-19 00:00:00+00:00, run_after=2026-05-20 00:00:00+00:00
[2026-05-19T13:15:11.318+0000] {processor.py:183} INFO - Processing /opt/airflow/dags/stackoverflow_migration_dag.py took 1.671 seconds
[2026-05-19T13:15:41.549+0000] {processor.py:161} INFO - Started process (PID=591) to work on /opt/airflow/dags/stackoverflow_migration_dag.py
[2026-05-19T13:15:41.551+0000] {processor.py:830} INFO - Processing file /opt/airflow/dags/stackoverflow_migration_dag.py for tasks to queue
[2026-05-19T13:15:41.554+0000] {logging_mixin.py:188} INFO - [2026-05-19T13:15:41.554+0000] {dagbag.py:545} INFO - Filling up the DagBag from /opt/airflow/dags/stackoverflow_migration_dag.py
[2026-05-19T13:15:42.401+0000] {processor.py:840} INFO - DAG(s) 'stackoverflow_medallion_pipeline_v2' retrieved from /opt/airflow/dags/stackoverflow_migration_dag.py
[2026-05-19T13:15:42.449+0000] {logging_mixin.py:188} INFO - [2026-05-19T13:15:42.449+0000] {dag.py:3096} INFO - Sync 1 DAGs
[2026-05-19T13:15:42.486+0000] {logging_mixin.py:188} INFO - [2026-05-19T13:15:42.486+0000] {dag.py:3954} INFO - Setting next_dagrun for stackoverflow_medallion_pipeline_v2 to 2026-05-19 00:00:00+00:00, run_after=2026-05-20 00:00:00+00:00
[2026-05-19T13:15:42.519+0000] {processor.py:183} INFO - Processing /opt/airflow/dags/stackoverflow_migration_dag.py took 0.978 seconds
[2026-05-19T13:16:12.724+0000] {processor.py:161} INFO - Started process (PID=596) to work on /opt/airflow/dags/stackoverflow_migration_dag.py
[2026-05-19T13:16:12.725+0000] {processor.py:830} INFO - Processing file /opt/airflow/dags/stackoverflow_migration_dag.py for tasks to queue
[2026-05-19T13:16:12.728+0000] {logging_mixin.py:188} INFO - [2026-05-19T13:16:12.727+0000] {dagbag.py:545} INFO - Filling up the DagBag from /opt/airflow/dags/stackoverflow_migration_dag.py
[2026-05-19T13:16:13.610+0000] {processor.py:840} INFO - DAG(s) 'stackoverflow_medallion_pipeline_v2' retrieved from /opt/airflow/dags/stackoverflow_migration_dag.py
[2026-05-19T13:16:13.674+0000] {logging_mixin.py:188} INFO - [2026-05-19T13:16:13.674+0000] {dag.py:3096} INFO - Sync 1 DAGs
[2026-05-19T13:16:13.711+0000] {logging_mixin.py:188} INFO - [2026-05-19T13:16:13.710+0000] {dag.py:3954} INFO - Setting next_dagrun for stackoverflow_medallion_pipeline_v2 to 2026-05-19 00:00:00+00:00, run_after=2026-05-20 00:00:00+00:00
[2026-05-19T13:16:13.742+0000] {processor.py:183} INFO - Processing /opt/airflow/dags/stackoverflow_migration_dag.py took 1.025 seconds
[2026-05-19T13:16:43.914+0000] {processor.py:161} INFO - Started process (PID=601) to work on /opt/airflow/dags/stackoverflow_migration_dag.py
[2026-05-19T13:16:43.916+0000] {processor.py:830} INFO - Processing file /opt/airflow/dags/stackoverflow_migration_dag.py for tasks to queue
[2026-05-19T13:16:43.918+0000] {logging_mixin.py:188} INFO - [2026-05-19T13:16:43.918+0000] {dagbag.py:545} INFO - Filling up the DagBag from /opt/airflow/dags/stackoverflow_migration_dag.py
[2026-05-19T13:16:44.769+0000] {processor.py:840} INFO - DAG(s) 'stackoverflow_medallion_pipeline_v2' retrieved from /opt/airflow/dags/stackoverflow_migration_dag.py
[2026-05-19T13:16:44.827+0000] {logging_mixin.py:188} INFO - [2026-05-19T13:16:44.826+0000] {dag.py:3096} INFO - Sync 1 DAGs
[2026-05-19T13:16:44.869+0000] {logging_mixin.py:188} INFO - [2026-05-19T13:16:44.869+0000] {dag.py:3954} INFO - Setting next_dagrun for stackoverflow_medallion_pipeline_v2 to 2026-05-19 00:00:00+00:00, run_after=2026-05-20 00:00:00+00:00
[2026-05-19T13:16:44.905+0000] {processor.py:183} INFO - Processing /opt/airflow/dags/stackoverflow_migration_dag.py took 0.998 seconds
[2026-05-19T13:17:15.165+0000] {processor.py:161} INFO - Started process (PID=606) to work on /opt/airflow/dags/stackoverflow_migration_dag.py
[2026-05-19T13:17:15.166+0000] {processor.py:830} INFO - Processing file /opt/airflow/dags/stackoverflow_migration_dag.py for tasks to queue
[2026-05-19T13:17:15.169+0000] {logging_mixin.py:188} INFO - [2026-05-19T13:17:15.168+0000] {dagbag.py:545} INFO - Filling up the DagBag from /opt/airflow/dags/stackoverflow_migration_dag.py
[2026-05-19T13:17:16.039+0000] {processor.py:840} INFO - DAG(s) 'stackoverflow_medallion_pipeline_v2' retrieved from /opt/airflow/dags/stackoverflow_migration_dag.py
[2026-05-19T13:17:16.090+0000] {logging_mixin.py:188} INFO - [2026-05-19T13:17:16.090+0000] {dag.py:3096} INFO - Sync 1 DAGs
[2026-05-19T13:17:16.128+0000] {logging_mixin.py:188} INFO - [2026-05-19T13:17:16.128+0000] {dag.py:3954} INFO - Setting next_dagrun for stackoverflow_medallion_pipeline_v2 to 2026-05-19 00:00:00+00:00, run_after=2026-05-20 00:00:00+00:00
[2026-05-19T13:17:16.163+0000] {processor.py:183} INFO - Processing /opt/airflow/dags/stackoverflow_migration_dag.py took 1.004 seconds
[2026-05-19T13:17:46.383+0000] {processor.py:161} INFO - Started process (PID=611) to work on /opt/airflow/dags/stackoverflow_migration_dag.py
[2026-05-19T13:17:46.384+0000] {processor.py:830} INFO - Processing file /opt/airflow/dags/stackoverflow_migration_dag.py for tasks to queue
[2026-05-19T13:17:46.387+0000] {logging_mixin.py:188} INFO - [2026-05-19T13:17:46.386+0000] {dagbag.py:545} INFO - Filling up the DagBag from /opt/airflow/dags/stackoverflow_migration_dag.py
[2026-05-19T13:17:47.297+0000] {processor.py:840} INFO - DAG(s) 'stackoverflow_medallion_pipeline_v2' retrieved from /opt/airflow/dags/stackoverflow_migration_dag.py
[2026-05-19T13:17:47.346+0000] {logging_mixin.py:188} INFO - [2026-05-19T13:17:47.346+0000] {dag.py:3096} INFO - Sync 1 DAGs
[2026-05-19T13:17:47.384+0000] {logging_mixin.py:188} INFO - [2026-05-19T13:17:47.384+0000] {dag.py:3954} INFO - Setting next_dagrun for stackoverflow_medallion_pipeline_v2 to 2026-05-19 00:00:00+00:00, run_after=2026-05-20 00:00:00+00:00
[2026-05-19T13:17:47.417+0000] {processor.py:183} INFO - Processing /opt/airflow/dags/stackoverflow_migration_dag.py took 1.041 seconds
[2026-05-19T13:18:17.639+0000] {processor.py:161} INFO - Started process (PID=616) to work on /opt/airflow/dags/stackoverflow_migration_dag.py
[2026-05-19T13:18:17.641+0000] {processor.py:830} INFO - Processing file /opt/airflow/dags/stackoverflow_migration_dag.py for tasks to queue
[2026-05-19T13:18:17.643+0000] {logging_mixin.py:188} INFO - [2026-05-19T13:18:17.643+0000] {dagbag.py:545} INFO - Filling up the DagBag from /opt/airflow/dags/stackoverflow_migration_dag.py
[2026-05-19T13:18:18.459+0000] {processor.py:840} INFO - DAG(s) 'stackoverflow_medallion_pipeline_v2' retrieved from /opt/airflow/dags/stackoverflow_migration_dag.py
[2026-05-19T13:18:18.504+0000] {logging_mixin.py:188} INFO - [2026-05-19T13:18:18.504+0000] {dag.py:3096} INFO - Sync 1 DAGs
[2026-05-19T13:18:18.541+0000] {logging_mixin.py:188} INFO - [2026-05-19T13:18:18.540+0000] {dag.py:3954} INFO - Setting next_dagrun for stackoverflow_medallion_pipeline_v2 to 2026-05-19 00:00:00+00:00, run_after=2026-05-20 00:00:00+00:00
[2026-05-19T13:18:18.572+0000] {processor.py:183} INFO - Processing /opt/airflow/dags/stackoverflow_migration_dag.py took 0.939 seconds
[2026-05-19T13:18:48.900+0000] {processor.py:161} INFO - Started process (PID=621) to work on /opt/airflow/dags/stackoverflow_migration_dag.py
[2026-05-19T13:18:48.901+0000] {processor.py:830} INFO - Processing file /opt/airflow/dags/stackoverflow_migration_dag.py for tasks to queue
[2026-05-19T13:18:48.904+0000] {logging_mixin.py:188} INFO - [2026-05-19T13:18:48.903+0000] {dagbag.py:545} INFO - Filling up the DagBag from /opt/airflow/dags/stackoverflow_migration_dag.py
[2026-05-19T13:18:49.689+0000] {processor.py:840} INFO - DAG(s) 'stackoverflow_medallion_pipeline_v2' retrieved from /opt/airflow/dags/stackoverflow_migration_dag.py
[2026-05-19T13:18:49.739+0000] {logging_mixin.py:188} INFO - [2026-05-19T13:18:49.739+0000] {dag.py:3096} INFO - Sync 1 DAGs
[2026-05-19T13:18:49.773+0000] {logging_mixin.py:188} INFO - [2026-05-19T13:18:49.773+0000] {dag.py:3954} INFO - Setting next_dagrun for stackoverflow_medallion_pipeline_v2 to 2026-05-19 00:00:00+00:00, run_after=2026-05-20 00:00:00+00:00
[2026-05-19T13:18:49.806+0000] {processor.py:183} INFO - Processing /opt/airflow/dags/stackoverflow_migration_dag.py took 0.913 seconds
[2026-05-19T13:19:20.145+0000] {processor.py:161} INFO - Started process (PID=626) to work on /opt/airflow/dags/stackoverflow_migration_dag.py
[2026-05-19T13:19:20.146+0000] {processor.py:830} INFO - Processing file /opt/airflow/dags/stackoverflow_migration_dag.py for tasks to queue
[2026-05-19T13:19:20.149+0000] {logging_mixin.py:188} INFO - [2026-05-19T13:19:20.148+0000] {dagbag.py:545} INFO - Filling up the DagBag from /opt/airflow/dags/stackoverflow_migration_dag.py
[2026-05-19T13:19:20.938+0000] {processor.py:840} INFO - DAG(s) 'stackoverflow_medallion_pipeline_v2' retrieved from /opt/airflow/dags/stackoverflow_migration_dag.py
[2026-05-19T13:19:20.986+0000] {logging_mixin.py:188} INFO - [2026-05-19T13:19:20.986+0000] {dag.py:3096} INFO - Sync 1 DAGs
[2026-05-19T13:19:21.020+0000] {logging_mixin.py:188} INFO - [2026-05-19T13:19:21.020+0000] {dag.py:3954} INFO - Setting next_dagrun for stackoverflow_medallion_pipeline_v2 to 2026-05-19 00:00:00+00:00, run_after=2026-05-20 00:00:00+00:00
[2026-05-19T13:19:21.053+0000] {processor.py:183} INFO - Processing /opt/airflow/dags/stackoverflow_migration_dag.py took 0.916 seconds
[2026-05-19T13:19:51.477+0000] {processor.py:161} INFO - Started process (PID=631) to work on /opt/airflow/dags/stackoverflow_migration_dag.py
[2026-05-19T13:19:51.479+0000] {processor.py:830} INFO - Processing file /opt/airflow/dags/stackoverflow_migration_dag.py for tasks to queue
[2026-05-19T13:19:51.486+0000] {logging_mixin.py:188} INFO - [2026-05-19T13:19:51.485+0000] {dagbag.py:545} INFO - Filling up the DagBag from /opt/airflow/dags/stackoverflow_migration_dag.py
[2026-05-19T13:19:53.353+0000] {processor.py:840} INFO - DAG(s) 'stackoverflow_medallion_pipeline_v2' retrieved from /opt/airflow/dags/stackoverflow_migration_dag.py
[2026-05-19T13:19:53.448+0000] {logging_mixin.py:188} INFO - [2026-05-19T13:19:53.446+0000] {dag.py:3096} INFO - Sync 1 DAGs
[2026-05-19T13:19:53.562+0000] {logging_mixin.py:188} INFO - [2026-05-19T13:19:53.562+0000] {dag.py:3954} INFO - Setting next_dagrun for stackoverflow_medallion_pipeline_v2 to 2026-05-19 00:00:00+00:00, run_after=2026-05-20 00:00:00+00:00
[2026-05-19T13:19:53.639+0000] {processor.py:183} INFO - Processing /opt/airflow/dags/stackoverflow_migration_dag.py took 2.184 seconds
[2026-05-19T13:20:23.900+0000] {processor.py:161} INFO - Started process (PID=636) to work on /opt/airflow/dags/stackoverflow_migration_dag.py
[2026-05-19T13:20:23.906+0000] {processor.py:830} INFO - Processing file /opt/airflow/dags/stackoverflow_migration_dag.py for tasks to queue
[2026-05-19T13:20:23.917+0000] {logging_mixin.py:188} INFO - [2026-05-19T13:20:23.915+0000] {dagbag.py:545} INFO - Filling up the DagBag from /opt/airflow/dags/stackoverflow_migration_dag.py
[2026-05-19T13:20:26.497+0000] {processor.py:840} INFO - DAG(s) 'stackoverflow_medallion_pipeline_v2' retrieved from /opt/airflow/dags/stackoverflow_migration_dag.py
[2026-05-19T13:20:26.594+0000] {logging_mixin.py:188} INFO - [2026-05-19T13:20:26.593+0000] {dag.py:3096} INFO - Sync 1 DAGs
[2026-05-19T13:20:26.657+0000] {logging_mixin.py:188} INFO - [2026-05-19T13:20:26.657+0000] {dag.py:3954} INFO - Setting next_dagrun for stackoverflow_medallion_pipeline_v2 to 2026-05-19 00:00:00+00:00, run_after=2026-05-20 00:00:00+00:00
[2026-05-19T13:20:26.715+0000] {processor.py:183} INFO - Processing /opt/airflow/dags/stackoverflow_migration_dag.py took 2.857 seconds
[2026-05-19T13:20:57.001+0000] {processor.py:161} INFO - Started process (PID=641) to work on /opt/airflow/dags/stackoverflow_migration_dag.py
[2026-05-19T13:20:57.003+0000] {processor.py:830} INFO - Processing file /opt/airflow/dags/stackoverflow_migration_dag.py for tasks to queue
[2026-05-19T13:20:57.005+0000] {logging_mixin.py:188} INFO - [2026-05-19T13:20:57.005+0000] {dagbag.py:545} INFO - Filling up the DagBag from /opt/airflow/dags/stackoverflow_migration_dag.py
[2026-05-19T13:20:57.957+0000] {processor.py:840} INFO - DAG(s) 'stackoverflow_medallion_pipeline_v2' retrieved from /opt/airflow/dags/stackoverflow_migration_dag.py
[2026-05-19T13:20:58.006+0000] {logging_mixin.py:188} INFO - [2026-05-19T13:20:58.006+0000] {dag.py:3096} INFO - Sync 1 DAGs
[2026-05-19T13:20:58.045+0000] {logging_mixin.py:188} INFO - [2026-05-19T13:20:58.045+0000] {dag.py:3954} INFO - Setting next_dagrun for stackoverflow_medallion_pipeline_v2 to 2026-05-19 00:00:00+00:00, run_after=2026-05-20 00:00:00+00:00
[2026-05-19T13:20:58.082+0000] {processor.py:183} INFO - Processing /opt/airflow/dags/stackoverflow_migration_dag.py took 1.092 seconds
[2026-05-19T13:21:28.306+0000] {processor.py:161} INFO - Started process (PID=646) to work on /opt/airflow/dags/stackoverflow_migration_dag.py
[2026-05-19T13:21:28.307+0000] {processor.py:830} INFO - Processing file /opt/airflow/dags/stackoverflow_migration_dag.py for tasks to queue
[2026-05-19T13:21:28.310+0000] {logging_mixin.py:188} INFO - [2026-05-19T13:21:28.310+0000] {dagbag.py:545} INFO - Filling up the DagBag from /opt/airflow/dags/stackoverflow_migration_dag.py
[2026-05-19T13:21:29.230+0000] {processor.py:840} INFO - DAG(s) 'stackoverflow_medallion_pipeline_v2' retrieved from /opt/airflow/dags/stackoverflow_migration_dag.py
[2026-05-19T13:21:29.280+0000] {logging_mixin.py:188} INFO - [2026-05-19T13:21:29.280+0000] {dag.py:3096} INFO - Sync 1 DAGs
[2026-05-19T13:21:29.321+0000] {logging_mixin.py:188} INFO - [2026-05-19T13:21:29.321+0000] {dag.py:3954} INFO - Setting next_dagrun for stackoverflow_medallion_pipeline_v2 to 2026-05-19 00:00:00+00:00, run_after=2026-05-20 00:00:00+00:00
[2026-05-19T13:21:29.359+0000] {processor.py:183} INFO - Processing /opt/airflow/dags/stackoverflow_migration_dag.py took 1.061 seconds
[2026-05-19T13:21:59.615+0000] {processor.py:161} INFO - Started process (PID=651) to work on /opt/airflow/dags/stackoverflow_migration_dag.py
[2026-05-19T13:21:59.616+0000] {processor.py:830} INFO - Processing file /opt/airflow/dags/stackoverflow_migration_dag.py for tasks to queue
[2026-05-19T13:21:59.619+0000] {logging_mixin.py:188} INFO - [2026-05-19T13:21:59.619+0000] {dagbag.py:545} INFO - Filling up the DagBag from /opt/airflow/dags/stackoverflow_migration_dag.py
[2026-05-19T13:22:00.475+0000] {processor.py:840} INFO - DAG(s) 'stackoverflow_medallion_pipeline_v2' retrieved from /opt/airflow/dags/stackoverflow_migration_dag.py
[2026-05-19T13:22:00.526+0000] {logging_mixin.py:188} INFO - [2026-05-19T13:22:00.526+0000] {dag.py:3096} INFO - Sync 1 DAGs
[2026-05-19T13:22:00.564+0000] {logging_mixin.py:188} INFO - [2026-05-19T13:22:00.564+0000] {dag.py:3954} INFO - Setting next_dagrun for stackoverflow_medallion_pipeline_v2 to 2026-05-19 00:00:00+00:00, run_after=2026-05-20 00:00:00+00:00
[2026-05-19T13:22:00.599+0000] {processor.py:183} INFO - Processing /opt/airflow/dags/stackoverflow_migration_dag.py took 0.991 seconds
[2026-05-19T13:22:30.883+0000] {processor.py:161} INFO - Started process (PID=656) to work on /opt/airflow/dags/stackoverflow_migration_dag.py
[2026-05-19T13:22:30.885+0000] {processor.py:830} INFO - Processing file /opt/airflow/dags/stackoverflow_migration_dag.py for tasks to queue
[2026-05-19T13:22:30.887+0000] {logging_mixin.py:188} INFO - [2026-05-19T13:22:30.887+0000] {dagbag.py:545} INFO - Filling up the DagBag from /opt/airflow/dags/stackoverflow_migration_dag.py
[2026-05-19T13:22:31.709+0000] {processor.py:840} INFO - DAG(s) 'stackoverflow_medallion_pipeline_v2' retrieved from /opt/airflow/dags/stackoverflow_migration_dag.py
[2026-05-19T13:22:31.762+0000] {logging_mixin.py:188} INFO - [2026-05-19T13:22:31.762+0000] {dag.py:3096} INFO - Sync 1 DAGs
[2026-05-19T13:22:31.799+0000] {logging_mixin.py:188} INFO - [2026-05-19T13:22:31.799+0000] {dag.py:3954} INFO - Setting next_dagrun for stackoverflow_medallion_pipeline_v2 to 2026-05-19 00:00:00+00:00, run_after=2026-05-20 00:00:00+00:00
[2026-05-19T13:22:31.830+0000] {processor.py:183} INFO - Processing /opt/airflow/dags/stackoverflow_migration_dag.py took 0.956 seconds
[2026-05-19T13:23:02.112+0000] {processor.py:161} INFO - Started process (PID=661) to work on /opt/airflow/dags/stackoverflow_migration_dag.py
[2026-05-19T13:23:02.113+0000] {processor.py:830} INFO - Processing file /opt/airflow/dags/stackoverflow_migration_dag.py for tasks to queue
[2026-05-19T13:23:02.116+0000] {logging_mixin.py:188} INFO - [2026-05-19T13:23:02.115+0000] {dagbag.py:545} INFO - Filling up the DagBag from /opt/airflow/dags/stackoverflow_migration_dag.py
[2026-05-19T13:23:02.961+0000] {processor.py:840} INFO - DAG(s) 'stackoverflow_medallion_pipeline_v2' retrieved from /opt/airflow/dags/stackoverflow_migration_dag.py
[2026-05-19T13:23:03.010+0000] {logging_mixin.py:188} INFO - [2026-05-19T13:23:03.010+0000] {dag.py:3096} INFO - Sync 1 DAGs
[2026-05-19T13:23:03.050+0000] {logging_mixin.py:188} INFO - [2026-05-19T13:23:03.050+0000] {dag.py:3954} INFO - Setting next_dagrun for stackoverflow_medallion_pipeline_v2 to 2026-05-19 00:00:00+00:00, run_after=2026-05-20 00:00:00+00:00
[2026-05-19T13:23:03.086+0000] {processor.py:183} INFO - Processing /opt/airflow/dags/stackoverflow_migration_dag.py took 0.981 seconds
[2026-05-19T13:23:33.388+0000] {processor.py:161} INFO - Started process (PID=666) to work on /opt/airflow/dags/stackoverflow_migration_dag.py
[2026-05-19T13:23:33.389+0000] {processor.py:830} INFO - Processing file /opt/airflow/dags/stackoverflow_migration_dag.py for tasks to queue
[2026-05-19T13:23:33.392+0000] {logging_mixin.py:188} INFO - [2026-05-19T13:23:33.392+0000] {dagbag.py:545} INFO - Filling up the DagBag from /opt/airflow/dags/stackoverflow_migration_dag.py
[2026-05-19T13:23:34.497+0000] {processor.py:840} INFO - DAG(s) 'stackoverflow_medallion_pipeline_v2' retrieved from /opt/airflow/dags/stackoverflow_migration_dag.py
[2026-05-19T13:23:34.549+0000] {logging_mixin.py:188} INFO - [2026-05-19T13:23:34.549+0000] {dag.py:3096} INFO - Sync 1 DAGs
[2026-05-19T13:23:34.584+0000] {logging_mixin.py:188} INFO - [2026-05-19T13:23:34.584+0000] {dag.py:3954} INFO - Setting next_dagrun for stackoverflow_medallion_pipeline_v2 to 2026-05-19 00:00:00+00:00, run_after=2026-05-20 00:00:00+00:00
[2026-05-19T13:23:34.616+0000] {processor.py:183} INFO - Processing /opt/airflow/dags/stackoverflow_migration_dag.py took 1.236 seconds
[2026-05-19T13:24:04.890+0000] {processor.py:161} INFO - Started process (PID=671) to work on /opt/airflow/dags/stackoverflow_migration_dag.py
[2026-05-19T13:24:04.892+0000] {processor.py:830} INFO - Processing file /opt/airflow/dags/stackoverflow_migration_dag.py for tasks to queue
[2026-05-19T13:24:04.894+0000] {logging_mixin.py:188} INFO - [2026-05-19T13:24:04.894+0000] {dagbag.py:545} INFO - Filling up the DagBag from /opt/airflow/dags/stackoverflow_migration_dag.py
[2026-05-19T13:24:05.734+0000] {processor.py:840} INFO - DAG(s) 'stackoverflow_medallion_pipeline_v2' retrieved from /opt/airflow/dags/stackoverflow_migration_dag.py
[2026-05-19T13:24:05.784+0000] {logging_mixin.py:188} INFO - [2026-05-19T13:24:05.784+0000] {dag.py:3096} INFO - Sync 1 DAGs
[2026-05-19T13:24:05.821+0000] {logging_mixin.py:188} INFO - [2026-05-19T13:24:05.821+0000] {dag.py:3954} INFO - Setting next_dagrun for stackoverflow_medallion_pipeline_v2 to 2026-05-19 00:00:00+00:00, run_after=2026-05-20 00:00:00+00:00
[2026-05-19T13:24:05.854+0000] {processor.py:183} INFO - Processing /opt/airflow/dags/stackoverflow_migration_dag.py took 0.970 seconds
[2026-05-19T13:24:36.169+0000] {processor.py:161} INFO - Started process (PID=676) to work on /opt/airflow/dags/stackoverflow_migration_dag.py
[2026-05-19T13:24:36.170+0000] {processor.py:830} INFO - Processing file /opt/airflow/dags/stackoverflow_migration_dag.py for tasks to queue
[2026-05-19T13:24:36.173+0000] {logging_mixin.py:188} INFO - [2026-05-19T13:24:36.172+0000] {dagbag.py:545} INFO - Filling up the DagBag from /opt/airflow/dags/stackoverflow_migration_dag.py
[2026-05-19T13:24:37.024+0000] {processor.py:840} INFO - DAG(s) 'stackoverflow_medallion_pipeline_v2' retrieved from /opt/airflow/dags/stackoverflow_migration_dag.py
[2026-05-19T13:24:37.069+0000] {logging_mixin.py:188} INFO - [2026-05-19T13:24:37.069+0000] {dag.py:3096} INFO - Sync 1 DAGs
[2026-05-19T13:24:37.106+0000] {logging_mixin.py:188} INFO - [2026-05-19T13:24:37.106+0000] {dag.py:3954} INFO - Setting next_dagrun for stackoverflow_medallion_pipeline_v2 to 2026-05-19 00:00:00+00:00, run_after=2026-05-20 00:00:00+00:00
[2026-05-19T13:24:37.138+0000] {processor.py:183} INFO - Processing /opt/airflow/dags/stackoverflow_migration_dag.py took 0.975 seconds
[2026-05-19T13:25:07.454+0000] {processor.py:161} INFO - Started process (PID=681) to work on /opt/airflow/dags/stackoverflow_migration_dag.py
[2026-05-19T13:25:07.456+0000] {processor.py:830} INFO - Processing file /opt/airflow/dags/stackoverflow_migration_dag.py for tasks to queue
[2026-05-19T13:25:07.458+0000] {logging_mixin.py:188} INFO - [2026-05-19T13:25:07.458+0000] {dagbag.py:545} INFO - Filling up the DagBag from /opt/airflow/dags/stackoverflow_migration_dag.py
[2026-05-19T13:25:08.342+0000] {processor.py:840} INFO - DAG(s) 'stackoverflow_medallion_pipeline_v2' retrieved from /opt/airflow/dags/stackoverflow_migration_dag.py
[2026-05-19T13:25:08.397+0000] {logging_mixin.py:188} INFO - [2026-05-19T13:25:08.396+0000] {dag.py:3096} INFO - Sync 1 DAGs
[2026-05-19T13:25:08.437+0000] {logging_mixin.py:188} INFO - [2026-05-19T13:25:08.436+0000] {dag.py:3954} INFO - Setting next_dagrun for stackoverflow_medallion_pipeline_v2 to 2026-05-19 00:00:00+00:00, run_after=2026-05-20 00:00:00+00:00
[2026-05-19T13:25:08.473+0000] {processor.py:183} INFO - Processing /opt/airflow/dags/stackoverflow_migration_dag.py took 1.025 seconds
[2026-05-19T13:25:38.780+0000] {processor.py:161} INFO - Started process (PID=686) to work on /opt/airflow/dags/stackoverflow_migration_dag.py
[2026-05-19T13:25:38.782+0000] {processor.py:830} INFO - Processing file /opt/airflow/dags/stackoverflow_migration_dag.py for tasks to queue
[2026-05-19T13:25:38.784+0000] {logging_mixin.py:188} INFO - [2026-05-19T13:25:38.784+0000] {dagbag.py:545} INFO - Filling up the DagBag from /opt/airflow/dags/stackoverflow_migration_dag.py
[2026-05-19T13:25:39.586+0000] {processor.py:840} INFO - DAG(s) 'stackoverflow_medallion_pipeline_v2' retrieved from /opt/airflow/dags/stackoverflow_migration_dag.py
[2026-05-19T13:25:39.631+0000] {logging_mixin.py:188} INFO - [2026-05-19T13:25:39.631+0000] {dag.py:3096} INFO - Sync 1 DAGs
[2026-05-19T13:25:39.666+0000] {logging_mixin.py:188} INFO - [2026-05-19T13:25:39.665+0000] {dag.py:3954} INFO - Setting next_dagrun for stackoverflow_medallion_pipeline_v2 to 2026-05-19 00:00:00+00:00, run_after=2026-05-20 00:00:00+00:00
[2026-05-19T13:25:39.697+0000] {processor.py:183} INFO - Processing /opt/airflow/dags/stackoverflow_migration_dag.py took 0.925 seconds
[2026-05-19T13:26:10.028+0000] {processor.py:161} INFO - Started process (PID=691) to work on /opt/airflow/dags/stackoverflow_migration_dag.py
[2026-05-19T13:26:10.029+0000] {processor.py:830} INFO - Processing file /opt/airflow/dags/stackoverflow_migration_dag.py for tasks to queue
[2026-05-19T13:26:10.031+0000] {logging_mixin.py:188} INFO - [2026-05-19T13:26:10.031+0000] {dagbag.py:545} INFO - Filling up the DagBag from /opt/airflow/dags/stackoverflow_migration_dag.py
[2026-05-19T13:26:10.811+0000] {processor.py:840} INFO - DAG(s) 'stackoverflow_medallion_pipeline_v2' retrieved from /opt/airflow/dags/stackoverflow_migration_dag.py
[2026-05-19T13:26:10.862+0000] {logging_mixin.py:188} INFO - [2026-05-19T13:26:10.862+0000] {dag.py:3096} INFO - Sync 1 DAGs
[2026-05-19T13:26:10.901+0000] {logging_mixin.py:188} INFO - [2026-05-19T13:26:10.901+0000] {dag.py:3954} INFO - Setting next_dagrun for stackoverflow_medallion_pipeline_v2 to 2026-05-19 00:00:00+00:00, run_after=2026-05-20 00:00:00+00:00
[2026-05-19T13:26:10.934+0000] {processor.py:183} INFO - Processing /opt/airflow/dags/stackoverflow_migration_dag.py took 0.913 seconds
[2026-05-19T13:26:41.412+0000] {processor.py:161} INFO - Started process (PID=696) to work on /opt/airflow/dags/stackoverflow_migration_dag.py
[2026-05-19T13:26:41.414+0000] {processor.py:830} INFO - Processing file /opt/airflow/dags/stackoverflow_migration_dag.py for tasks to queue
[2026-05-19T13:26:41.420+0000] {logging_mixin.py:188} INFO - [2026-05-19T13:26:41.419+0000] {dagbag.py:545} INFO - Filling up the DagBag from /opt/airflow/dags/stackoverflow_migration_dag.py
[2026-05-19T13:26:42.435+0000] {processor.py:840} INFO - DAG(s) 'stackoverflow_medallion_pipeline_v2' retrieved from /opt/airflow/dags/stackoverflow_migration_dag.py
[2026-05-19T13:26:42.496+0000] {logging_mixin.py:188} INFO - [2026-05-19T13:26:42.496+0000] {dag.py:3096} INFO - Sync 1 DAGs
[2026-05-19T13:26:42.544+0000] {logging_mixin.py:188} INFO - [2026-05-19T13:26:42.544+0000] {dag.py:3954} INFO - Setting next_dagrun for stackoverflow_medallion_pipeline_v2 to 2026-05-19 00:00:00+00:00, run_after=2026-05-20 00:00:00+00:00
[2026-05-19T13:26:42.582+0000] {processor.py:183} INFO - Processing /opt/airflow/dags/stackoverflow_migration_dag.py took 1.177 seconds
[2026-05-19T13:27:12.667+0000] {processor.py:161} INFO - Started process (PID=701) to work on /opt/airflow/dags/stackoverflow_migration_dag.py
[2026-05-19T13:27:12.668+0000] {processor.py:830} INFO - Processing file /opt/airflow/dags/stackoverflow_migration_dag.py for tasks to queue
[2026-05-19T13:27:12.671+0000] {logging_mixin.py:188} INFO - [2026-05-19T13:27:12.670+0000] {dagbag.py:545} INFO - Filling up the DagBag from /opt/airflow/dags/stackoverflow_migration_dag.py
[2026-05-19T13:27:13.662+0000] {processor.py:840} INFO - DAG(s) 'stackoverflow_medallion_pipeline_v2' retrieved from /opt/airflow/dags/stackoverflow_migration_dag.py
[2026-05-19T13:27:13.718+0000] {logging_mixin.py:188} INFO - [2026-05-19T13:27:13.717+0000] {dag.py:3096} INFO - Sync 1 DAGs
[2026-05-19T13:27:13.769+0000] {logging_mixin.py:188} INFO - [2026-05-19T13:27:13.768+0000] {dag.py:3954} INFO - Setting next_dagrun for stackoverflow_medallion_pipeline_v2 to 2026-05-19 00:00:00+00:00, run_after=2026-05-20 00:00:00+00:00
[2026-05-19T13:27:13.815+0000] {processor.py:183} INFO - Processing /opt/airflow/dags/stackoverflow_migration_dag.py took 1.155 seconds
[2026-05-19T13:27:43.991+0000] {processor.py:161} INFO - Started process (PID=706) to work on /opt/airflow/dags/stackoverflow_migration_dag.py
[2026-05-19T13:27:43.993+0000] {processor.py:830} INFO - Processing file /opt/airflow/dags/stackoverflow_migration_dag.py for tasks to queue
[2026-05-19T13:27:43.995+0000] {logging_mixin.py:188} INFO - [2026-05-19T13:27:43.995+0000] {dagbag.py:545} INFO - Filling up the DagBag from /opt/airflow/dags/stackoverflow_migration_dag.py
[2026-05-19T13:27:44.874+0000] {processor.py:840} INFO - DAG(s) 'stackoverflow_medallion_pipeline_v2' retrieved from /opt/airflow/dags/stackoverflow_migration_dag.py
[2026-05-19T13:27:44.927+0000] {logging_mixin.py:188} INFO - [2026-05-19T13:27:44.927+0000] {dag.py:3096} INFO - Sync 1 DAGs
[2026-05-19T13:27:44.964+0000] {logging_mixin.py:188} INFO - [2026-05-19T13:27:44.964+0000] {dag.py:3954} INFO - Setting next_dagrun for stackoverflow_medallion_pipeline_v2 to 2026-05-19 00:00:00+00:00, run_after=2026-05-20 00:00:00+00:00
[2026-05-19T13:27:44.998+0000] {processor.py:183} INFO - Processing /opt/airflow/dags/stackoverflow_migration_dag.py took 1.015 seconds
[2026-05-19T13:28:15.223+0000] {processor.py:161} INFO - Started process (PID=711) to work on /opt/airflow/dags/stackoverflow_migration_dag.py
[2026-05-19T13:28:15.225+0000] {processor.py:830} INFO - Processing file /opt/airflow/dags/stackoverflow_migration_dag.py for tasks to queue
[2026-05-19T13:28:15.228+0000] {logging_mixin.py:188} INFO - [2026-05-19T13:28:15.228+0000] {dagbag.py:545} INFO - Filling up the DagBag from /opt/airflow/dags/stackoverflow_migration_dag.py
[2026-05-19T13:28:16.056+0000] {processor.py:840} INFO - DAG(s) 'stackoverflow_medallion_pipeline_v2' retrieved from /opt/airflow/dags/stackoverflow_migration_dag.py
[2026-05-19T13:28:16.102+0000] {logging_mixin.py:188} INFO - [2026-05-19T13:28:16.101+0000] {dag.py:3096} INFO - Sync 1 DAGs
[2026-05-19T13:28:16.138+0000] {logging_mixin.py:188} INFO - [2026-05-19T13:28:16.137+0000] {dag.py:3954} INFO - Setting next_dagrun for stackoverflow_medallion_pipeline_v2 to 2026-05-19 00:00:00+00:00, run_after=2026-05-20 00:00:00+00:00
[2026-05-19T13:28:16.169+0000] {processor.py:183} INFO - Processing /opt/airflow/dags/stackoverflow_migration_dag.py took 0.953 seconds
[2026-05-19T13:28:46.494+0000] {processor.py:161} INFO - Started process (PID=716) to work on /opt/airflow/dags/stackoverflow_migration_dag.py
[2026-05-19T13:28:46.495+0000] {processor.py:830} INFO - Processing file /opt/airflow/dags/stackoverflow_migration_dag.py for tasks to queue
[2026-05-19T13:28:46.497+0000] {logging_mixin.py:188} INFO - [2026-05-19T13:28:46.497+0000] {dagbag.py:545} INFO - Filling up the DagBag from /opt/airflow/dags/stackoverflow_migration_dag.py
[2026-05-19T13:28:47.501+0000] {processor.py:840} INFO - DAG(s) 'stackoverflow_medallion_pipeline_v2' retrieved from /opt/airflow/dags/stackoverflow_migration_dag.py
[2026-05-19T13:28:47.553+0000] {logging_mixin.py:188} INFO - [2026-05-19T13:28:47.553+0000] {dag.py:3096} INFO - Sync 1 DAGs
[2026-05-19T13:28:47.593+0000] {logging_mixin.py:188} INFO - [2026-05-19T13:28:47.593+0000] {dag.py:3954} INFO - Setting next_dagrun for stackoverflow_medallion_pipeline_v2 to 2026-05-19 00:00:00+00:00, run_after=2026-05-20 00:00:00+00:00
[2026-05-19T13:28:47.627+0000] {processor.py:183} INFO - Processing /opt/airflow/dags/stackoverflow_migration_dag.py took 1.139 seconds
[2026-05-19T13:29:17.706+0000] {processor.py:161} INFO - Started process (PID=721) to work on /opt/airflow/dags/stackoverflow_migration_dag.py
[2026-05-19T13:29:17.708+0000] {processor.py:830} INFO - Processing file /opt/airflow/dags/stackoverflow_migration_dag.py for tasks to queue
[2026-05-19T13:29:17.712+0000] {logging_mixin.py:188} INFO - [2026-05-19T13:29:17.711+0000] {dagbag.py:545} INFO - Filling up the DagBag from /opt/airflow/dags/stackoverflow_migration_dag.py
[2026-05-19T13:29:18.726+0000] {processor.py:840} INFO - DAG(s) 'stackoverflow_medallion_pipeline_v2' retrieved from /opt/airflow/dags/stackoverflow_migration_dag.py
[2026-05-19T13:29:18.792+0000] {logging_mixin.py:188} INFO - [2026-05-19T13:29:18.792+0000] {dag.py:3096} INFO - Sync 1 DAGs
[2026-05-19T13:29:18.845+0000] {logging_mixin.py:188} INFO - [2026-05-19T13:29:18.844+0000] {dag.py:3954} INFO - Setting next_dagrun for stackoverflow_medallion_pipeline_v2 to 2026-05-19 00:00:00+00:00, run_after=2026-05-20 00:00:00+00:00
[2026-05-19T13:29:18.932+0000] {processor.py:183} INFO - Processing /opt/airflow/dags/stackoverflow_migration_dag.py took 1.232 seconds
[2026-05-19T13:29:49.067+0000] {processor.py:161} INFO - Started process (PID=726) to work on /opt/airflow/dags/stackoverflow_migration_dag.py
[2026-05-19T13:29:49.068+0000] {processor.py:830} INFO - Processing file /opt/airflow/dags/stackoverflow_migration_dag.py for tasks to queue
[2026-05-19T13:29:49.071+0000] {logging_mixin.py:188} INFO - [2026-05-19T13:29:49.071+0000] {dagbag.py:545} INFO - Filling up the DagBag from /opt/airflow/dags/stackoverflow_migration_dag.py
[2026-05-19T13:29:49.947+0000] {processor.py:840} INFO - DAG(s) 'stackoverflow_medallion_pipeline_v2' retrieved from /opt/airflow/dags/stackoverflow_migration_dag.py
[2026-05-19T13:29:49.995+0000] {logging_mixin.py:188} INFO - [2026-05-19T13:29:49.994+0000] {dag.py:3096} INFO - Sync 1 DAGs
[2026-05-19T13:29:50.030+0000] {logging_mixin.py:188} INFO - [2026-05-19T13:29:50.030+0000] {dag.py:3954} INFO - Setting next_dagrun for stackoverflow_medallion_pipeline_v2 to 2026-05-19 00:00:00+00:00, run_after=2026-05-20 00:00:00+00:00
[2026-05-19T13:29:50.064+0000] {processor.py:183} INFO - Processing /opt/airflow/dags/stackoverflow_migration_dag.py took 1.005 seconds
[2026-05-19T13:30:20.262+0000] {processor.py:161} INFO - Started process (PID=731) to work on /opt/airflow/dags/stackoverflow_migration_dag.py
[2026-05-19T13:30:20.263+0000] {processor.py:830} INFO - Processing file /opt/airflow/dags/stackoverflow_migration_dag.py for tasks to queue
[2026-05-19T13:30:20.265+0000] {logging_mixin.py:188} INFO - [2026-05-19T13:30:20.265+0000] {dagbag.py:545} INFO - Filling up the DagBag from /opt/airflow/dags/stackoverflow_migration_dag.py
[2026-05-19T13:30:21.054+0000] {processor.py:840} INFO - DAG(s) 'stackoverflow_medallion_pipeline_v2' retrieved from /opt/airflow/dags/stackoverflow_migration_dag.py
[2026-05-19T13:30:21.104+0000] {logging_mixin.py:188} INFO - [2026-05-19T13:30:21.104+0000] {dag.py:3096} INFO - Sync 1 DAGs
[2026-05-19T13:30:21.142+0000] {logging_mixin.py:188} INFO - [2026-05-19T13:30:21.142+0000] {dag.py:3954} INFO - Setting next_dagrun for stackoverflow_medallion_pipeline_v2 to 2026-05-19 00:00:00+00:00, run_after=2026-05-20 00:00:00+00:00
[2026-05-19T13:30:21.174+0000] {processor.py:183} INFO - Processing /opt/airflow/dags/stackoverflow_migration_dag.py took 0.919 seconds
[2026-05-19T13:30:51.417+0000] {processor.py:161} INFO - Started process (PID=736) to work on /opt/airflow/dags/stackoverflow_migration_dag.py
[2026-05-19T13:30:51.418+0000] {processor.py:830} INFO - Processing file /opt/airflow/dags/stackoverflow_migration_dag.py for tasks to queue
[2026-05-19T13:30:51.420+0000] {logging_mixin.py:188} INFO - [2026-05-19T13:30:51.420+0000] {dagbag.py:545} INFO - Filling up the DagBag from /opt/airflow/dags/stackoverflow_migration_dag.py
[2026-05-19T13:30:52.320+0000] {processor.py:840} INFO - DAG(s) 'stackoverflow_medallion_pipeline_v2' retrieved from /opt/airflow/dags/stackoverflow_migration_dag.py
[2026-05-19T13:30:52.365+0000] {logging_mixin.py:188} INFO - [2026-05-19T13:30:52.364+0000] {dag.py:3096} INFO - Sync 1 DAGs
[2026-05-19T13:30:52.399+0000] {logging_mixin.py:188} INFO - [2026-05-19T13:30:52.399+0000] {dag.py:3954} INFO - Setting next_dagrun for stackoverflow_medallion_pipeline_v2 to 2026-05-19 00:00:00+00:00, run_after=2026-05-20 00:00:00+00:00
[2026-05-19T13:30:52.431+0000] {processor.py:183} INFO - Processing /opt/airflow/dags/stackoverflow_migration_dag.py took 1.021 seconds
[2026-05-19T13:31:22.632+0000] {processor.py:161} INFO - Started process (PID=741) to work on /opt/airflow/dags/stackoverflow_migration_dag.py
[2026-05-19T13:31:22.633+0000] {processor.py:830} INFO - Processing file /opt/airflow/dags/stackoverflow_migration_dag.py for tasks to queue
[2026-05-19T13:31:22.635+0000] {logging_mixin.py:188} INFO - [2026-05-19T13:31:22.635+0000] {dagbag.py:545} INFO - Filling up the DagBag from /opt/airflow/dags/stackoverflow_migration_dag.py
[2026-05-19T13:31:23.677+0000] {processor.py:840} INFO - DAG(s) 'stackoverflow_medallion_pipeline_v2' retrieved from /opt/airflow/dags/stackoverflow_migration_dag.py
[2026-05-19T13:31:23.724+0000] {logging_mixin.py:188} INFO - [2026-05-19T13:31:23.724+0000] {dag.py:3096} INFO - Sync 1 DAGs
[2026-05-19T13:31:23.764+0000] {logging_mixin.py:188} INFO - [2026-05-19T13:31:23.764+0000] {dag.py:3954} INFO - Setting next_dagrun for stackoverflow_medallion_pipeline_v2 to 2026-05-19 00:00:00+00:00, run_after=2026-05-20 00:00:00+00:00
[2026-05-19T13:31:23.796+0000] {processor.py:183} INFO - Processing /opt/airflow/dags/stackoverflow_migration_dag.py took 1.171 seconds
[2026-05-19T13:31:53.927+0000] {processor.py:161} INFO - Started process (PID=746) to work on /opt/airflow/dags/stackoverflow_migration_dag.py
[2026-05-19T13:31:53.930+0000] {processor.py:830} INFO - Processing file /opt/airflow/dags/stackoverflow_migration_dag.py for tasks to queue
[2026-05-19T13:31:53.938+0000] {logging_mixin.py:188} INFO - [2026-05-19T13:31:53.937+0000] {dagbag.py:545} INFO - Filling up the DagBag from /opt/airflow/dags/stackoverflow_migration_dag.py
[2026-05-19T13:31:55.243+0000] {processor.py:840} INFO - DAG(s) 'stackoverflow_medallion_pipeline_v2' retrieved from /opt/airflow/dags/stackoverflow_migration_dag.py
[2026-05-19T13:31:55.293+0000] {logging_mixin.py:188} INFO - [2026-05-19T13:31:55.293+0000] {dag.py:3096} INFO - Sync 1 DAGs
[2026-05-19T13:31:55.333+0000] {logging_mixin.py:188} INFO - [2026-05-19T13:31:55.333+0000] {dag.py:3954} INFO - Setting next_dagrun for stackoverflow_medallion_pipeline_v2 to 2026-05-19 00:00:00+00:00, run_after=2026-05-20 00:00:00+00:00
[2026-05-19T13:31:55.367+0000] {processor.py:183} INFO - Processing /opt/airflow/dags/stackoverflow_migration_dag.py took 1.458 seconds
[2026-05-19T13:32:25.662+0000] {processor.py:161} INFO - Started process (PID=753) to work on /opt/airflow/dags/stackoverflow_migration_dag.py
[2026-05-19T13:32:25.664+0000] {processor.py:830} INFO - Processing file /opt/airflow/dags/stackoverflow_migration_dag.py for tasks to queue
[2026-05-19T13:32:25.666+0000] {logging_mixin.py:188} INFO - [2026-05-19T13:32:25.666+0000] {dagbag.py:545} INFO - Filling up the DagBag from /opt/airflow/dags/stackoverflow_migration_dag.py
[2026-05-19T13:32:26.661+0000] {processor.py:840} INFO - DAG(s) 'stackoverflow_medallion_pipeline_v2' retrieved from /opt/airflow/dags/stackoverflow_migration_dag.py
[2026-05-19T13:32:26.722+0000] {logging_mixin.py:188} INFO - [2026-05-19T13:32:26.721+0000] {dag.py:3096} INFO - Sync 1 DAGs
[2026-05-19T13:32:26.763+0000] {logging_mixin.py:188} INFO - [2026-05-19T13:32:26.763+0000] {dag.py:3954} INFO - Setting next_dagrun for stackoverflow_medallion_pipeline_v2 to 2026-05-19 00:00:00+00:00, run_after=2026-05-20 00:00:00+00:00
[2026-05-19T13:32:26.806+0000] {processor.py:183} INFO - Processing /opt/airflow/dags/stackoverflow_migration_dag.py took 1.155 seconds
[2026-05-19T13:32:57.023+0000] {processor.py:161} INFO - Started process (PID=758) to work on /opt/airflow/dags/stackoverflow_migration_dag.py
[2026-05-19T13:32:57.025+0000] {processor.py:830} INFO - Processing file /opt/airflow/dags/stackoverflow_migration_dag.py for tasks to queue
[2026-05-19T13:32:57.028+0000] {logging_mixin.py:188} INFO - [2026-05-19T13:32:57.027+0000] {dagbag.py:545} INFO - Filling up the DagBag from /opt/airflow/dags/stackoverflow_migration_dag.py
[2026-05-19T13:32:58.030+0000] {processor.py:840} INFO - DAG(s) 'stackoverflow_medallion_pipeline_v2' retrieved from /opt/airflow/dags/stackoverflow_migration_dag.py
[2026-05-19T13:32:58.092+0000] {logging_mixin.py:188} INFO - [2026-05-19T13:32:58.092+0000] {dag.py:3096} INFO - Sync 1 DAGs
[2026-05-19T13:32:58.132+0000] {logging_mixin.py:188} INFO - [2026-05-19T13:32:58.132+0000] {dag.py:3954} INFO - Setting next_dagrun for stackoverflow_medallion_pipeline_v2 to 2026-05-19 00:00:00+00:00, run_after=2026-05-20 00:00:00+00:00
[2026-05-19T13:32:58.168+0000] {processor.py:183} INFO - Processing /opt/airflow/dags/stackoverflow_migration_dag.py took 1.158 seconds
[2026-05-19T13:33:28.388+0000] {processor.py:161} INFO - Started process (PID=763) to work on /opt/airflow/dags/stackoverflow_migration_dag.py
[2026-05-19T13:33:28.389+0000] {processor.py:830} INFO - Processing file /opt/airflow/dags/stackoverflow_migration_dag.py for tasks to queue
[2026-05-19T13:33:28.392+0000] {logging_mixin.py:188} INFO - [2026-05-19T13:33:28.392+0000] {dagbag.py:545} INFO - Filling up the DagBag from /opt/airflow/dags/stackoverflow_migration_dag.py
[2026-05-19T13:33:29.308+0000] {processor.py:840} INFO - DAG(s) 'stackoverflow_medallion_pipeline_v2' retrieved from /opt/airflow/dags/stackoverflow_migration_dag.py
[2026-05-19T13:33:29.360+0000] {logging_mixin.py:188} INFO - [2026-05-19T13:33:29.360+0000] {dag.py:3096} INFO - Sync 1 DAGs
[2026-05-19T13:33:29.400+0000] {logging_mixin.py:188} INFO - [2026-05-19T13:33:29.399+0000] {dag.py:3954} INFO - Setting next_dagrun for stackoverflow_medallion_pipeline_v2 to 2026-05-19 00:00:00+00:00, run_after=2026-05-20 00:00:00+00:00
[2026-05-19T13:33:29.435+0000] {processor.py:183} INFO - Processing /opt/airflow/dags/stackoverflow_migration_dag.py took 1.055 seconds
[2026-05-19T13:33:59.583+0000] {processor.py:161} INFO - Started process (PID=768) to work on /opt/airflow/dags/stackoverflow_migration_dag.py
[2026-05-19T13:33:59.585+0000] {processor.py:830} INFO - Processing file /opt/airflow/dags/stackoverflow_migration_dag.py for tasks to queue
[2026-05-19T13:33:59.587+0000] {logging_mixin.py:188} INFO - [2026-05-19T13:33:59.587+0000] {dagbag.py:545} INFO - Filling up the DagBag from /opt/airflow/dags/stackoverflow_migration_dag.py
[2026-05-19T13:34:00.539+0000] {processor.py:840} INFO - DAG(s) 'stackoverflow_medallion_pipeline_v2' retrieved from /opt/airflow/dags/stackoverflow_migration_dag.py
[2026-05-19T13:34:00.596+0000] {logging_mixin.py:188} INFO - [2026-05-19T13:34:00.596+0000] {dag.py:3096} INFO - Sync 1 DAGs
[2026-05-19T13:34:00.637+0000] {logging_mixin.py:188} INFO - [2026-05-19T13:34:00.637+0000] {dag.py:3954} INFO - Setting next_dagrun for stackoverflow_medallion_pipeline_v2 to 2026-05-19 00:00:00+00:00, run_after=2026-05-20 00:00:00+00:00
[2026-05-19T13:34:00.675+0000] {processor.py:183} INFO - Processing /opt/airflow/dags/stackoverflow_migration_dag.py took 1.100 seconds
[2026-05-19T13:34:30.857+0000] {processor.py:161} INFO - Started process (PID=773) to work on /opt/airflow/dags/stackoverflow_migration_dag.py
[2026-05-19T13:34:30.858+0000] {processor.py:830} INFO - Processing file /opt/airflow/dags/stackoverflow_migration_dag.py for tasks to queue
[2026-05-19T13:34:30.862+0000] {logging_mixin.py:188} INFO - [2026-05-19T13:34:30.861+0000] {dagbag.py:545} INFO - Filling up the DagBag from /opt/airflow/dags/stackoverflow_migration_dag.py
[2026-05-19T13:34:31.876+0000] {processor.py:840} INFO - DAG(s) 'stackoverflow_medallion_pipeline_v2' retrieved from /opt/airflow/dags/stackoverflow_migration_dag.py
[2026-05-19T13:34:31.932+0000] {logging_mixin.py:188} INFO - [2026-05-19T13:34:31.932+0000] {dag.py:3096} INFO - Sync 1 DAGs
[2026-05-19T13:34:31.973+0000] {logging_mixin.py:188} INFO - [2026-05-19T13:34:31.973+0000] {dag.py:3954} INFO - Setting next_dagrun for stackoverflow_medallion_pipeline_v2 to 2026-05-19 00:00:00+00:00, run_after=2026-05-20 00:00:00+00:00
[2026-05-19T13:34:32.009+0000] {processor.py:183} INFO - Processing /opt/airflow/dags/stackoverflow_migration_dag.py took 1.160 seconds
[2026-05-19T13:35:02.090+0000] {processor.py:161} INFO - Started process (PID=787) to work on /opt/airflow/dags/stackoverflow_migration_dag.py
[2026-05-19T13:35:02.093+0000] {processor.py:830} INFO - Processing file /opt/airflow/dags/stackoverflow_migration_dag.py for tasks to queue
[2026-05-19T13:35:02.096+0000] {logging_mixin.py:188} INFO - [2026-05-19T13:35:02.096+0000] {dagbag.py:545} INFO - Filling up the DagBag from /opt/airflow/dags/stackoverflow_migration_dag.py
[2026-05-19T13:35:03.337+0000] {processor.py:840} INFO - DAG(s) 'stackoverflow_medallion_pipeline_v2' retrieved from /opt/airflow/dags/stackoverflow_migration_dag.py
[2026-05-19T13:35:03.425+0000] {logging_mixin.py:188} INFO - [2026-05-19T13:35:03.425+0000] {dag.py:3096} INFO - Sync 1 DAGs
[2026-05-19T13:35:03.497+0000] {logging_mixin.py:188} INFO - [2026-05-19T13:35:03.496+0000] {dag.py:3954} INFO - Setting next_dagrun for stackoverflow_medallion_pipeline_v2 to 2026-05-19 00:00:00+00:00, run_after=2026-05-20 00:00:00+00:00
[2026-05-19T13:35:03.552+0000] {processor.py:183} INFO - Processing /opt/airflow/dags/stackoverflow_migration_dag.py took 1.472 seconds
[2026-05-19T13:35:33.788+0000] {processor.py:161} INFO - Started process (PID=808) to work on /opt/airflow/dags/stackoverflow_migration_dag.py
[2026-05-19T13:35:33.789+0000] {processor.py:830} INFO - Processing file /opt/airflow/dags/stackoverflow_migration_dag.py for tasks to queue
[2026-05-19T13:35:33.792+0000] {logging_mixin.py:188} INFO - [2026-05-19T13:35:33.792+0000] {dagbag.py:545} INFO - Filling up the DagBag from /opt/airflow/dags/stackoverflow_migration_dag.py
[2026-05-19T13:35:34.845+0000] {processor.py:840} INFO - DAG(s) 'stackoverflow_medallion_pipeline_v2' retrieved from /opt/airflow/dags/stackoverflow_migration_dag.py
[2026-05-19T13:35:34.901+0000] {logging_mixin.py:188} INFO - [2026-05-19T13:35:34.901+0000] {dag.py:3096} INFO - Sync 1 DAGs
[2026-05-19T13:35:34.942+0000] {logging_mixin.py:188} INFO - [2026-05-19T13:35:34.942+0000] {dag.py:3954} INFO - Setting next_dagrun for stackoverflow_medallion_pipeline_v2 to 2026-05-19 00:00:00+00:00, run_after=2026-05-20 00:00:00+00:00
[2026-05-19T13:35:34.979+0000] {processor.py:183} INFO - Processing /opt/airflow/dags/stackoverflow_migration_dag.py took 1.199 seconds
[2026-05-19T13:36:05.223+0000] {processor.py:161} INFO - Started process (PID=813) to work on /opt/airflow/dags/stackoverflow_migration_dag.py
[2026-05-19T13:36:05.224+0000] {processor.py:830} INFO - Processing file /opt/airflow/dags/stackoverflow_migration_dag.py for tasks to queue
[2026-05-19T13:36:05.226+0000] {logging_mixin.py:188} INFO - [2026-05-19T13:36:05.226+0000] {dagbag.py:545} INFO - Filling up the DagBag from /opt/airflow/dags/stackoverflow_migration_dag.py
[2026-05-19T13:36:06.046+0000] {processor.py:840} INFO - DAG(s) 'stackoverflow_medallion_pipeline_v2' retrieved from /opt/airflow/dags/stackoverflow_migration_dag.py
[2026-05-19T13:36:06.094+0000] {logging_mixin.py:188} INFO - [2026-05-19T13:36:06.094+0000] {dag.py:3096} INFO - Sync 1 DAGs
[2026-05-19T13:36:06.130+0000] {logging_mixin.py:188} INFO - [2026-05-19T13:36:06.130+0000] {dag.py:3954} INFO - Setting next_dagrun for stackoverflow_medallion_pipeline_v2 to 2026-05-19 00:00:00+00:00, run_after=2026-05-20 00:00:00+00:00
[2026-05-19T13:36:06.161+0000] {processor.py:183} INFO - Processing /opt/airflow/dags/stackoverflow_migration_dag.py took 0.945 seconds
[2026-05-19T13:36:36.390+0000] {processor.py:161} INFO - Started process (PID=818) to work on /opt/airflow/dags/stackoverflow_migration_dag.py
[2026-05-19T13:36:36.392+0000] {processor.py:830} INFO - Processing file /opt/airflow/dags/stackoverflow_migration_dag.py for tasks to queue
[2026-05-19T13:36:36.395+0000] {logging_mixin.py:188} INFO - [2026-05-19T13:36:36.394+0000] {dagbag.py:545} INFO - Filling up the DagBag from /opt/airflow/dags/stackoverflow_migration_dag.py
[2026-05-19T13:36:37.352+0000] {processor.py:840} INFO - DAG(s) 'stackoverflow_medallion_pipeline_v2' retrieved from /opt/airflow/dags/stackoverflow_migration_dag.py
[2026-05-19T13:36:37.412+0000] {logging_mixin.py:188} INFO - [2026-05-19T13:36:37.412+0000] {dag.py:3096} INFO - Sync 1 DAGs
[2026-05-19T13:36:37.449+0000] {logging_mixin.py:188} INFO - [2026-05-19T13:36:37.449+0000] {dag.py:3954} INFO - Setting next_dagrun for stackoverflow_medallion_pipeline_v2 to 2026-05-19 00:00:00+00:00, run_after=2026-05-20 00:00:00+00:00
[2026-05-19T13:36:37.483+0000] {processor.py:183} INFO - Processing /opt/airflow/dags/stackoverflow_migration_dag.py took 1.102 seconds
[2026-05-19T13:37:07.674+0000] {processor.py:161} INFO - Started process (PID=823) to work on /opt/airflow/dags/stackoverflow_migration_dag.py
[2026-05-19T13:37:07.676+0000] {processor.py:830} INFO - Processing file /opt/airflow/dags/stackoverflow_migration_dag.py for tasks to queue
[2026-05-19T13:37:07.678+0000] {logging_mixin.py:188} INFO - [2026-05-19T13:37:07.678+0000] {dagbag.py:545} INFO - Filling up the DagBag from /opt/airflow/dags/stackoverflow_migration_dag.py
[2026-05-19T13:37:08.510+0000] {processor.py:840} INFO - DAG(s) 'stackoverflow_medallion_pipeline_v2' retrieved from /opt/airflow/dags/stackoverflow_migration_dag.py
[2026-05-19T13:37:08.557+0000] {logging_mixin.py:188} INFO - [2026-05-19T13:37:08.557+0000] {dag.py:3096} INFO - Sync 1 DAGs
[2026-05-19T13:37:08.596+0000] {logging_mixin.py:188} INFO - [2026-05-19T13:37:08.596+0000] {dag.py:3954} INFO - Setting next_dagrun for stackoverflow_medallion_pipeline_v2 to 2026-05-19 00:00:00+00:00, run_after=2026-05-20 00:00:00+00:00
[2026-05-19T13:37:08.631+0000] {processor.py:183} INFO - Processing /opt/airflow/dags/stackoverflow_migration_dag.py took 0.964 seconds
[2026-05-19T13:37:38.948+0000] {processor.py:161} INFO - Started process (PID=828) to work on /opt/airflow/dags/stackoverflow_migration_dag.py
[2026-05-19T13:37:38.949+0000] {processor.py:830} INFO - Processing file /opt/airflow/dags/stackoverflow_migration_dag.py for tasks to queue
[2026-05-19T13:37:38.951+0000] {logging_mixin.py:188} INFO - [2026-05-19T13:37:38.951+0000] {dagbag.py:545} INFO - Filling up the DagBag from /opt/airflow/dags/stackoverflow_migration_dag.py
[2026-05-19T13:37:39.727+0000] {processor.py:840} INFO - DAG(s) 'stackoverflow_medallion_pipeline_v2' retrieved from /opt/airflow/dags/stackoverflow_migration_dag.py
[2026-05-19T13:37:39.769+0000] {logging_mixin.py:188} INFO - [2026-05-19T13:37:39.769+0000] {dag.py:3096} INFO - Sync 1 DAGs
[2026-05-19T13:37:39.802+0000] {logging_mixin.py:188} INFO - [2026-05-19T13:37:39.802+0000] {dag.py:3954} INFO - Setting next_dagrun for stackoverflow_medallion_pipeline_v2 to 2026-05-19 00:00:00+00:00, run_after=2026-05-20 00:00:00+00:00
[2026-05-19T13:37:39.834+0000] {processor.py:183} INFO - Processing /opt/airflow/dags/stackoverflow_migration_dag.py took 0.893 seconds
[2026-05-19T13:38:10.190+0000] {processor.py:161} INFO - Started process (PID=833) to work on /opt/airflow/dags/stackoverflow_migration_dag.py
[2026-05-19T13:38:10.192+0000] {processor.py:830} INFO - Processing file /opt/airflow/dags/stackoverflow_migration_dag.py for tasks to queue
[2026-05-19T13:38:10.195+0000] {logging_mixin.py:188} INFO - [2026-05-19T13:38:10.194+0000] {dagbag.py:545} INFO - Filling up the DagBag from /opt/airflow/dags/stackoverflow_migration_dag.py
[2026-05-19T13:38:11.076+0000] {processor.py:840} INFO - DAG(s) 'stackoverflow_medallion_pipeline_v2' retrieved from /opt/airflow/dags/stackoverflow_migration_dag.py
[2026-05-19T13:38:11.136+0000] {logging_mixin.py:188} INFO - [2026-05-19T13:38:11.136+0000] {dag.py:3096} INFO - Sync 1 DAGs
[2026-05-19T13:38:11.179+0000] {logging_mixin.py:188} INFO - [2026-05-19T13:38:11.179+0000] {dag.py:3954} INFO - Setting next_dagrun for stackoverflow_medallion_pipeline_v2 to 2026-05-19 00:00:00+00:00, run_after=2026-05-20 00:00:00+00:00
[2026-05-19T13:38:11.213+0000] {processor.py:183} INFO - Processing /opt/airflow/dags/stackoverflow_migration_dag.py took 1.034 seconds
[2026-05-19T13:38:41.437+0000] {processor.py:161} INFO - Started process (PID=838) to work on /opt/airflow/dags/stackoverflow_migration_dag.py
[2026-05-19T13:38:41.439+0000] {processor.py:830} INFO - Processing file /opt/airflow/dags/stackoverflow_migration_dag.py for tasks to queue
[2026-05-19T13:38:41.441+0000] {logging_mixin.py:188} INFO - [2026-05-19T13:38:41.441+0000] {dagbag.py:545} INFO - Filling up the DagBag from /opt/airflow/dags/stackoverflow_migration_dag.py
[2026-05-19T13:38:42.280+0000] {processor.py:840} INFO - DAG(s) 'stackoverflow_medallion_pipeline_v2' retrieved from /opt/airflow/dags/stackoverflow_migration_dag.py
[2026-05-19T13:38:42.339+0000] {logging_mixin.py:188} INFO - [2026-05-19T13:38:42.338+0000] {dag.py:3096} INFO - Sync 1 DAGs
[2026-05-19T13:38:42.379+0000] {logging_mixin.py:188} INFO - [2026-05-19T13:38:42.378+0000] {dag.py:3954} INFO - Setting next_dagrun for stackoverflow_medallion_pipeline_v2 to 2026-05-19 00:00:00+00:00, run_after=2026-05-20 00:00:00+00:00
[2026-05-19T13:38:42.417+0000] {processor.py:183} INFO - Processing /opt/airflow/dags/stackoverflow_migration_dag.py took 0.987 seconds
[2026-05-19T13:39:12.775+0000] {processor.py:161} INFO - Started process (PID=843) to work on /opt/airflow/dags/stackoverflow_migration_dag.py
[2026-05-19T13:39:12.776+0000] {processor.py:830} INFO - Processing file /opt/airflow/dags/stackoverflow_migration_dag.py for tasks to queue
[2026-05-19T13:39:12.779+0000] {logging_mixin.py:188} INFO - [2026-05-19T13:39:12.779+0000] {dagbag.py:545} INFO - Filling up the DagBag from /opt/airflow/dags/stackoverflow_migration_dag.py
[2026-05-19T13:39:13.577+0000] {processor.py:840} INFO - DAG(s) 'stackoverflow_medallion_pipeline_v2' retrieved from /opt/airflow/dags/stackoverflow_migration_dag.py
[2026-05-19T13:39:13.625+0000] {logging_mixin.py:188} INFO - [2026-05-19T13:39:13.624+0000] {dag.py:3096} INFO - Sync 1 DAGs
[2026-05-19T13:39:13.660+0000] {logging_mixin.py:188} INFO - [2026-05-19T13:39:13.660+0000] {dag.py:3954} INFO - Setting next_dagrun for stackoverflow_medallion_pipeline_v2 to 2026-05-19 00:00:00+00:00, run_after=2026-05-20 00:00:00+00:00
[2026-05-19T13:39:13.693+0000] {processor.py:183} INFO - Processing /opt/airflow/dags/stackoverflow_migration_dag.py took 0.924 seconds
[2026-05-19T13:39:44.009+0000] {processor.py:161} INFO - Started process (PID=848) to work on /opt/airflow/dags/stackoverflow_migration_dag.py
[2026-05-19T13:39:44.011+0000] {processor.py:830} INFO - Processing file /opt/airflow/dags/stackoverflow_migration_dag.py for tasks to queue
[2026-05-19T13:39:44.014+0000] {logging_mixin.py:188} INFO - [2026-05-19T13:39:44.013+0000] {dagbag.py:545} INFO - Filling up the DagBag from /opt/airflow/dags/stackoverflow_migration_dag.py
[2026-05-19T13:39:44.851+0000] {processor.py:840} INFO - DAG(s) 'stackoverflow_medallion_pipeline_v2' retrieved from /opt/airflow/dags/stackoverflow_migration_dag.py
[2026-05-19T13:39:44.894+0000] {logging_mixin.py:188} INFO - [2026-05-19T13:39:44.894+0000] {dag.py:3096} INFO - Sync 1 DAGs
[2026-05-19T13:39:44.928+0000] {logging_mixin.py:188} INFO - [2026-05-19T13:39:44.928+0000] {dag.py:3954} INFO - Setting next_dagrun for stackoverflow_medallion_pipeline_v2 to 2026-05-19 00:00:00+00:00, run_after=2026-05-20 00:00:00+00:00
[2026-05-19T13:39:44.961+0000] {processor.py:183} INFO - Processing /opt/airflow/dags/stackoverflow_migration_dag.py took 0.959 seconds
[2026-05-19T13:40:15.257+0000] {processor.py:161} INFO - Started process (PID=853) to work on /opt/airflow/dags/stackoverflow_migration_dag.py
[2026-05-19T13:40:15.259+0000] {processor.py:830} INFO - Processing file /opt/airflow/dags/stackoverflow_migration_dag.py for tasks to queue
[2026-05-19T13:40:15.261+0000] {logging_mixin.py:188} INFO - [2026-05-19T13:40:15.260+0000] {dagbag.py:545} INFO - Filling up the DagBag from /opt/airflow/dags/stackoverflow_migration_dag.py
[2026-05-19T13:40:16.251+0000] {processor.py:840} INFO - DAG(s) 'stackoverflow_medallion_pipeline_v2' retrieved from /opt/airflow/dags/stackoverflow_migration_dag.py
[2026-05-19T13:40:16.301+0000] {logging_mixin.py:188} INFO - [2026-05-19T13:40:16.301+0000] {dag.py:3096} INFO - Sync 1 DAGs
[2026-05-19T13:40:16.340+0000] {logging_mixin.py:188} INFO - [2026-05-19T13:40:16.340+0000] {dag.py:3954} INFO - Setting next_dagrun for stackoverflow_medallion_pipeline_v2 to 2026-05-19 00:00:00+00:00, run_after=2026-05-20 00:00:00+00:00
[2026-05-19T13:40:16.377+0000] {processor.py:183} INFO - Processing /opt/airflow/dags/stackoverflow_migration_dag.py took 1.126 seconds
[2026-05-19T13:40:46.540+0000] {processor.py:161} INFO - Started process (PID=858) to work on /opt/airflow/dags/stackoverflow_migration_dag.py
[2026-05-19T13:40:46.541+0000] {processor.py:830} INFO - Processing file /opt/airflow/dags/stackoverflow_migration_dag.py for tasks to queue
[2026-05-19T13:40:46.545+0000] {logging_mixin.py:188} INFO - [2026-05-19T13:40:46.544+0000] {dagbag.py:545} INFO - Filling up the DagBag from /opt/airflow/dags/stackoverflow_migration_dag.py
[2026-05-19T13:40:47.647+0000] {processor.py:840} INFO - DAG(s) 'stackoverflow_medallion_pipeline_v2' retrieved from /opt/airflow/dags/stackoverflow_migration_dag.py
[2026-05-19T13:40:47.710+0000] {logging_mixin.py:188} INFO - [2026-05-19T13:40:47.709+0000] {dag.py:3096} INFO - Sync 1 DAGs
[2026-05-19T13:40:47.755+0000] {logging_mixin.py:188} INFO - [2026-05-19T13:40:47.755+0000] {dag.py:3954} INFO - Setting next_dagrun for stackoverflow_medallion_pipeline_v2 to 2026-05-19 00:00:00+00:00, run_after=2026-05-20 00:00:00+00:00
[2026-05-19T13:40:47.794+0000] {processor.py:183} INFO - Processing /opt/airflow/dags/stackoverflow_migration_dag.py took 1.265 seconds
[2026-05-19T13:41:17.949+0000] {processor.py:161} INFO - Started process (PID=863) to work on /opt/airflow/dags/stackoverflow_migration_dag.py
[2026-05-19T13:41:17.950+0000] {processor.py:830} INFO - Processing file /opt/airflow/dags/stackoverflow_migration_dag.py for tasks to queue
[2026-05-19T13:41:17.954+0000] {logging_mixin.py:188} INFO - [2026-05-19T13:41:17.953+0000] {dagbag.py:545} INFO - Filling up the DagBag from /opt/airflow/dags/stackoverflow_migration_dag.py
[2026-05-19T13:41:18.787+0000] {processor.py:840} INFO - DAG(s) 'stackoverflow_medallion_pipeline_v2' retrieved from /opt/airflow/dags/stackoverflow_migration_dag.py
[2026-05-19T13:41:18.836+0000] {logging_mixin.py:188} INFO - [2026-05-19T13:41:18.836+0000] {dag.py:3096} INFO - Sync 1 DAGs
[2026-05-19T13:41:18.874+0000] {logging_mixin.py:188} INFO - [2026-05-19T13:41:18.874+0000] {dag.py:3954} INFO - Setting next_dagrun for stackoverflow_medallion_pipeline_v2 to 2026-05-19 00:00:00+00:00, run_after=2026-05-20 00:00:00+00:00
[2026-05-19T13:41:18.907+0000] {processor.py:183} INFO - Processing /opt/airflow/dags/stackoverflow_migration_dag.py took 0.969 seconds
[2026-05-19T13:41:49.205+0000] {processor.py:161} INFO - Started process (PID=868) to work on /opt/airflow/dags/stackoverflow_migration_dag.py
[2026-05-19T13:41:49.206+0000] {processor.py:830} INFO - Processing file /opt/airflow/dags/stackoverflow_migration_dag.py for tasks to queue
[2026-05-19T13:41:49.208+0000] {logging_mixin.py:188} INFO - [2026-05-19T13:41:49.208+0000] {dagbag.py:545} INFO - Filling up the DagBag from /opt/airflow/dags/stackoverflow_migration_dag.py
[2026-05-19T13:41:50.091+0000] {processor.py:840} INFO - DAG(s) 'stackoverflow_medallion_pipeline_v2' retrieved from /opt/airflow/dags/stackoverflow_migration_dag.py
[2026-05-19T13:41:50.143+0000] {logging_mixin.py:188} INFO - [2026-05-19T13:41:50.142+0000] {dag.py:3096} INFO - Sync 1 DAGs
[2026-05-19T13:41:50.178+0000] {logging_mixin.py:188} INFO - [2026-05-19T13:41:50.178+0000] {dag.py:3954} INFO - Setting next_dagrun for stackoverflow_medallion_pipeline_v2 to 2026-05-19 00:00:00+00:00, run_after=2026-05-20 00:00:00+00:00
[2026-05-19T13:41:50.210+0000] {processor.py:183} INFO - Processing /opt/airflow/dags/stackoverflow_migration_dag.py took 1.012 seconds
[2026-05-19T13:42:20.498+0000] {processor.py:161} INFO - Started process (PID=873) to work on /opt/airflow/dags/stackoverflow_migration_dag.py
[2026-05-19T13:42:20.499+0000] {processor.py:830} INFO - Processing file /opt/airflow/dags/stackoverflow_migration_dag.py for tasks to queue
[2026-05-19T13:42:20.502+0000] {logging_mixin.py:188} INFO - [2026-05-19T13:42:20.502+0000] {dagbag.py:545} INFO - Filling up the DagBag from /opt/airflow/dags/stackoverflow_migration_dag.py
[2026-05-19T13:42:21.386+0000] {processor.py:840} INFO - DAG(s) 'stackoverflow_medallion_pipeline_v2' retrieved from /opt/airflow/dags/stackoverflow_migration_dag.py
[2026-05-19T13:42:21.433+0000] {logging_mixin.py:188} INFO - [2026-05-19T13:42:21.432+0000] {dag.py:3096} INFO - Sync 1 DAGs
[2026-05-19T13:42:21.467+0000] {logging_mixin.py:188} INFO - [2026-05-19T13:42:21.466+0000] {dag.py:3954} INFO - Setting next_dagrun for stackoverflow_medallion_pipeline_v2 to 2026-05-19 00:00:00+00:00, run_after=2026-05-20 00:00:00+00:00
[2026-05-19T13:42:21.497+0000] {processor.py:183} INFO - Processing /opt/airflow/dags/stackoverflow_migration_dag.py took 1.010 seconds
[2026-05-19T13:42:51.744+0000] {processor.py:161} INFO - Started process (PID=878) to work on /opt/airflow/dags/stackoverflow_migration_dag.py
[2026-05-19T13:42:51.746+0000] {processor.py:830} INFO - Processing file /opt/airflow/dags/stackoverflow_migration_dag.py for tasks to queue
[2026-05-19T13:42:51.749+0000] {logging_mixin.py:188} INFO - [2026-05-19T13:42:51.749+0000] {dagbag.py:545} INFO - Filling up the DagBag from /opt/airflow/dags/stackoverflow_migration_dag.py
[2026-05-19T13:42:52.651+0000] {processor.py:840} INFO - DAG(s) 'stackoverflow_medallion_pipeline_v2' retrieved from /opt/airflow/dags/stackoverflow_migration_dag.py
[2026-05-19T13:42:52.714+0000] {logging_mixin.py:188} INFO - [2026-05-19T13:42:52.714+0000] {dag.py:3096} INFO - Sync 1 DAGs
[2026-05-19T13:42:52.756+0000] {logging_mixin.py:188} INFO - [2026-05-19T13:42:52.756+0000] {dag.py:3954} INFO - Setting next_dagrun for stackoverflow_medallion_pipeline_v2 to 2026-05-19 00:00:00+00:00, run_after=2026-05-20 00:00:00+00:00
[2026-05-19T13:42:52.794+0000] {processor.py:183} INFO - Processing /opt/airflow/dags/stackoverflow_migration_dag.py took 1.059 seconds
[2026-05-19T13:43:23.005+0000] {processor.py:161} INFO - Started process (PID=883) to work on /opt/airflow/dags/stackoverflow_migration_dag.py
[2026-05-19T13:43:23.007+0000] {processor.py:830} INFO - Processing file /opt/airflow/dags/stackoverflow_migration_dag.py for tasks to queue
[2026-05-19T13:43:23.010+0000] {logging_mixin.py:188} INFO - [2026-05-19T13:43:23.010+0000] {dagbag.py:545} INFO - Filling up the DagBag from /opt/airflow/dags/stackoverflow_migration_dag.py
[2026-05-19T13:43:24.173+0000] {processor.py:840} INFO - DAG(s) 'stackoverflow_medallion_pipeline_v2' retrieved from /opt/airflow/dags/stackoverflow_migration_dag.py
[2026-05-19T13:43:24.279+0000] {logging_mixin.py:188} INFO - [2026-05-19T13:43:24.279+0000] {dag.py:3096} INFO - Sync 1 DAGs
[2026-05-19T13:43:24.362+0000] {logging_mixin.py:188} INFO - [2026-05-19T13:43:24.362+0000] {dag.py:3954} INFO - Setting next_dagrun for stackoverflow_medallion_pipeline_v2 to 2026-05-19 00:00:00+00:00, run_after=2026-05-20 00:00:00+00:00
[2026-05-19T13:43:24.418+0000] {processor.py:183} INFO - Processing /opt/airflow/dags/stackoverflow_migration_dag.py took 1.420 seconds
[2026-05-19T13:43:54.799+0000] {processor.py:161} INFO - Started process (PID=890) to work on /opt/airflow/dags/stackoverflow_migration_dag.py
[2026-05-19T13:43:54.801+0000] {processor.py:830} INFO - Processing file /opt/airflow/dags/stackoverflow_migration_dag.py for tasks to queue
[2026-05-19T13:43:54.804+0000] {logging_mixin.py:188} INFO - [2026-05-19T13:43:54.804+0000] {dagbag.py:545} INFO - Filling up the DagBag from /opt/airflow/dags/stackoverflow_migration_dag.py
[2026-05-19T13:43:55.732+0000] {processor.py:840} INFO - DAG(s) 'stackoverflow_medallion_pipeline_v2' retrieved from /opt/airflow/dags/stackoverflow_migration_dag.py
[2026-05-19T13:43:55.789+0000] {logging_mixin.py:188} INFO - [2026-05-19T13:43:55.788+0000] {dag.py:3096} INFO - Sync 1 DAGs
[2026-05-19T13:43:55.830+0000] {logging_mixin.py:188} INFO - [2026-05-19T13:43:55.830+0000] {dag.py:3954} INFO - Setting next_dagrun for stackoverflow_medallion_pipeline_v2 to 2026-05-19 00:00:00+00:00, run_after=2026-05-20 00:00:00+00:00
[2026-05-19T13:43:55.866+0000] {processor.py:183} INFO - Processing /opt/airflow/dags/stackoverflow_migration_dag.py took 1.076 seconds
[2026-05-19T13:44:26.048+0000] {processor.py:161} INFO - Started process (PID=895) to work on /opt/airflow/dags/stackoverflow_migration_dag.py
[2026-05-19T13:44:26.049+0000] {processor.py:830} INFO - Processing file /opt/airflow/dags/stackoverflow_migration_dag.py for tasks to queue
[2026-05-19T13:44:26.053+0000] {logging_mixin.py:188} INFO - [2026-05-19T13:44:26.052+0000] {dagbag.py:545} INFO - Filling up the DagBag from /opt/airflow/dags/stackoverflow_migration_dag.py
[2026-05-19T13:44:26.881+0000] {processor.py:840} INFO - DAG(s) 'stackoverflow_medallion_pipeline_v2' retrieved from /opt/airflow/dags/stackoverflow_migration_dag.py
[2026-05-19T13:44:26.929+0000] {logging_mixin.py:188} INFO - [2026-05-19T13:44:26.929+0000] {dag.py:3096} INFO - Sync 1 DAGs
[2026-05-19T13:44:26.965+0000] {logging_mixin.py:188} INFO - [2026-05-19T13:44:26.965+0000] {dag.py:3954} INFO - Setting next_dagrun for stackoverflow_medallion_pipeline_v2 to 2026-05-19 00:00:00+00:00, run_after=2026-05-20 00:00:00+00:00
[2026-05-19T13:44:27.000+0000] {processor.py:183} INFO - Processing /opt/airflow/dags/stackoverflow_migration_dag.py took 0.962 seconds
[2026-05-19T13:44:57.328+0000] {processor.py:161} INFO - Started process (PID=900) to work on /opt/airflow/dags/stackoverflow_migration_dag.py
[2026-05-19T13:44:57.330+0000] {processor.py:830} INFO - Processing file /opt/airflow/dags/stackoverflow_migration_dag.py for tasks to queue
[2026-05-19T13:44:57.335+0000] {logging_mixin.py:188} INFO - [2026-05-19T13:44:57.335+0000] {dagbag.py:545} INFO - Filling up the DagBag from /opt/airflow/dags/stackoverflow_migration_dag.py
[2026-05-19T13:44:58.713+0000] {processor.py:840} INFO - DAG(s) 'stackoverflow_medallion_pipeline_v2' retrieved from /opt/airflow/dags/stackoverflow_migration_dag.py
[2026-05-19T13:44:58.790+0000] {logging_mixin.py:188} INFO - [2026-05-19T13:44:58.790+0000] {dag.py:3096} INFO - Sync 1 DAGs
[2026-05-19T13:44:58.845+0000] {logging_mixin.py:188} INFO - [2026-05-19T13:44:58.845+0000] {dag.py:3954} INFO - Setting next_dagrun for stackoverflow_medallion_pipeline_v2 to 2026-05-19 00:00:00+00:00, run_after=2026-05-20 00:00:00+00:00
[2026-05-19T13:44:58.890+0000] {processor.py:183} INFO - Processing /opt/airflow/dags/stackoverflow_migration_dag.py took 1.574 seconds
[2026-05-19T13:45:29.190+0000] {processor.py:161} INFO - Started process (PID=905) to work on /opt/airflow/dags/stackoverflow_migration_dag.py
[2026-05-19T13:45:29.192+0000] {processor.py:830} INFO - Processing file /opt/airflow/dags/stackoverflow_migration_dag.py for tasks to queue
[2026-05-19T13:45:29.196+0000] {logging_mixin.py:188} INFO - [2026-05-19T13:45:29.195+0000] {dagbag.py:545} INFO - Filling up the DagBag from /opt/airflow/dags/stackoverflow_migration_dag.py
[2026-05-19T13:45:30.121+0000] {processor.py:840} INFO - DAG(s) 'stackoverflow_medallion_pipeline_v2' retrieved from /opt/airflow/dags/stackoverflow_migration_dag.py
[2026-05-19T13:45:30.178+0000] {logging_mixin.py:188} INFO - [2026-05-19T13:45:30.178+0000] {dag.py:3096} INFO - Sync 1 DAGs
[2026-05-19T13:45:30.221+0000] {logging_mixin.py:188} INFO - [2026-05-19T13:45:30.221+0000] {dag.py:3954} INFO - Setting next_dagrun for stackoverflow_medallion_pipeline_v2 to 2026-05-19 00:00:00+00:00, run_after=2026-05-20 00:00:00+00:00
[2026-05-19T13:45:30.264+0000] {processor.py:183} INFO - Processing /opt/airflow/dags/stackoverflow_migration_dag.py took 1.082 seconds
[2026-05-19T13:46:00.393+0000] {processor.py:161} INFO - Started process (PID=913) to work on /opt/airflow/dags/stackoverflow_migration_dag.py
[2026-05-19T13:46:00.395+0000] {processor.py:830} INFO - Processing file /opt/airflow/dags/stackoverflow_migration_dag.py for tasks to queue
[2026-05-19T13:46:00.398+0000] {logging_mixin.py:188} INFO - [2026-05-19T13:46:00.398+0000] {dagbag.py:545} INFO - Filling up the DagBag from /opt/airflow/dags/stackoverflow_migration_dag.py
[2026-05-19T13:46:01.401+0000] {processor.py:840} INFO - DAG(s) 'stackoverflow_medallion_pipeline_v2' retrieved from /opt/airflow/dags/stackoverflow_migration_dag.py
[2026-05-19T13:46:01.467+0000] {logging_mixin.py:188} INFO - [2026-05-19T13:46:01.467+0000] {dag.py:3096} INFO - Sync 1 DAGs
[2026-05-19T13:46:01.506+0000] {logging_mixin.py:188} INFO - [2026-05-19T13:46:01.505+0000] {dag.py:3954} INFO - Setting next_dagrun for stackoverflow_medallion_pipeline_v2 to 2026-05-19 00:00:00+00:00, run_after=2026-05-20 00:00:00+00:00
[2026-05-19T13:46:01.541+0000] {processor.py:183} INFO - Processing /opt/airflow/dags/stackoverflow_migration_dag.py took 1.158 seconds
[2026-05-19T13:46:31.735+0000] {processor.py:161} INFO - Started process (PID=929) to work on /opt/airflow/dags/stackoverflow_migration_dag.py
[2026-05-19T13:46:31.737+0000] {processor.py:830} INFO - Processing file /opt/airflow/dags/stackoverflow_migration_dag.py for tasks to queue
[2026-05-19T13:46:31.741+0000] {logging_mixin.py:188} INFO - [2026-05-19T13:46:31.741+0000] {dagbag.py:545} INFO - Filling up the DagBag from /opt/airflow/dags/stackoverflow_migration_dag.py
[2026-05-19T13:46:33.207+0000] {processor.py:840} INFO - DAG(s) 'stackoverflow_medallion_pipeline_v2' retrieved from /opt/airflow/dags/stackoverflow_migration_dag.py
[2026-05-19T13:46:33.310+0000] {logging_mixin.py:188} INFO - [2026-05-19T13:46:33.310+0000] {dag.py:3096} INFO - Sync 1 DAGs
[2026-05-19T13:46:33.391+0000] {logging_mixin.py:188} INFO - [2026-05-19T13:46:33.390+0000] {dag.py:3954} INFO - Setting next_dagrun for stackoverflow_medallion_pipeline_v2 to 2026-05-19 00:00:00+00:00, run_after=2026-05-20 00:00:00+00:00
[2026-05-19T13:46:33.446+0000] {processor.py:183} INFO - Processing /opt/airflow/dags/stackoverflow_migration_dag.py took 1.721 seconds
[2026-05-19T13:47:03.805+0000] {processor.py:161} INFO - Started process (PID=945) to work on /opt/airflow/dags/stackoverflow_migration_dag.py
[2026-05-19T13:47:03.807+0000] {processor.py:830} INFO - Processing file /opt/airflow/dags/stackoverflow_migration_dag.py for tasks to queue
[2026-05-19T13:47:03.811+0000] {logging_mixin.py:188} INFO - [2026-05-19T13:47:03.810+0000] {dagbag.py:545} INFO - Filling up the DagBag from /opt/airflow/dags/stackoverflow_migration_dag.py
[2026-05-19T13:47:05.166+0000] {processor.py:840} INFO - DAG(s) 'stackoverflow_medallion_pipeline_v2' retrieved from /opt/airflow/dags/stackoverflow_migration_dag.py
[2026-05-19T13:47:05.226+0000] {logging_mixin.py:188} INFO - [2026-05-19T13:47:05.226+0000] {dag.py:3096} INFO - Sync 1 DAGs
[2026-05-19T13:47:05.273+0000] {logging_mixin.py:188} INFO - [2026-05-19T13:47:05.272+0000] {dag.py:3954} INFO - Setting next_dagrun for stackoverflow_medallion_pipeline_v2 to 2026-05-19 00:00:00+00:00, run_after=2026-05-20 00:00:00+00:00
[2026-05-19T13:47:05.312+0000] {processor.py:183} INFO - Processing /opt/airflow/dags/stackoverflow_migration_dag.py took 1.516 seconds
[2026-05-19T13:47:35.610+0000] {processor.py:161} INFO - Started process (PID=950) to work on /opt/airflow/dags/stackoverflow_migration_dag.py
[2026-05-19T13:47:35.612+0000] {processor.py:830} INFO - Processing file /opt/airflow/dags/stackoverflow_migration_dag.py for tasks to queue
[2026-05-19T13:47:35.614+0000] {logging_mixin.py:188} INFO - [2026-05-19T13:47:35.614+0000] {dagbag.py:545} INFO - Filling up the DagBag from /opt/airflow/dags/stackoverflow_migration_dag.py
[2026-05-19T13:47:36.423+0000] {processor.py:840} INFO - DAG(s) 'stackoverflow_medallion_pipeline_v2' retrieved from /opt/airflow/dags/stackoverflow_migration_dag.py
[2026-05-19T13:47:36.472+0000] {logging_mixin.py:188} INFO - [2026-05-19T13:47:36.472+0000] {dag.py:3096} INFO - Sync 1 DAGs
[2026-05-19T13:47:36.508+0000] {logging_mixin.py:188} INFO - [2026-05-19T13:47:36.508+0000] {dag.py:3954} INFO - Setting next_dagrun for stackoverflow_medallion_pipeline_v2 to 2026-05-19 00:00:00+00:00, run_after=2026-05-20 00:00:00+00:00
[2026-05-19T13:47:36.541+0000] {processor.py:183} INFO - Processing /opt/airflow/dags/stackoverflow_migration_dag.py took 0.939 seconds
[2026-05-19T13:48:06.819+0000] {processor.py:161} INFO - Started process (PID=955) to work on /opt/airflow/dags/stackoverflow_migration_dag.py
[2026-05-19T13:48:06.821+0000] {processor.py:830} INFO - Processing file /opt/airflow/dags/stackoverflow_migration_dag.py for tasks to queue
[2026-05-19T13:48:06.823+0000] {logging_mixin.py:188} INFO - [2026-05-19T13:48:06.822+0000] {dagbag.py:545} INFO - Filling up the DagBag from /opt/airflow/dags/stackoverflow_migration_dag.py
[2026-05-19T13:48:07.698+0000] {processor.py:840} INFO - DAG(s) 'stackoverflow_medallion_pipeline_v2' retrieved from /opt/airflow/dags/stackoverflow_migration_dag.py
[2026-05-19T13:48:07.745+0000] {logging_mixin.py:188} INFO - [2026-05-19T13:48:07.745+0000] {dag.py:3096} INFO - Sync 1 DAGs
[2026-05-19T13:48:07.783+0000] {logging_mixin.py:188} INFO - [2026-05-19T13:48:07.782+0000] {dag.py:3954} INFO - Setting next_dagrun for stackoverflow_medallion_pipeline_v2 to 2026-05-19 00:00:00+00:00, run_after=2026-05-20 00:00:00+00:00
[2026-05-19T13:48:07.817+0000] {processor.py:183} INFO - Processing /opt/airflow/dags/stackoverflow_migration_dag.py took 1.005 seconds
[2026-05-19T13:48:38.070+0000] {processor.py:161} INFO - Started process (PID=960) to work on /opt/airflow/dags/stackoverflow_migration_dag.py
[2026-05-19T13:48:38.071+0000] {processor.py:830} INFO - Processing file /opt/airflow/dags/stackoverflow_migration_dag.py for tasks to queue
[2026-05-19T13:48:38.073+0000] {logging_mixin.py:188} INFO - [2026-05-19T13:48:38.073+0000] {dagbag.py:545} INFO - Filling up the DagBag from /opt/airflow/dags/stackoverflow_migration_dag.py
[2026-05-19T13:48:38.952+0000] {processor.py:840} INFO - DAG(s) 'stackoverflow_medallion_pipeline_v2' retrieved from /opt/airflow/dags/stackoverflow_migration_dag.py
[2026-05-19T13:48:39.006+0000] {logging_mixin.py:188} INFO - [2026-05-19T13:48:39.006+0000] {dag.py:3096} INFO - Sync 1 DAGs
[2026-05-19T13:48:39.044+0000] {logging_mixin.py:188} INFO - [2026-05-19T13:48:39.044+0000] {dag.py:3954} INFO - Setting next_dagrun for stackoverflow_medallion_pipeline_v2 to 2026-05-19 00:00:00+00:00, run_after=2026-05-20 00:00:00+00:00
[2026-05-19T13:48:39.082+0000] {processor.py:183} INFO - Processing /opt/airflow/dags/stackoverflow_migration_dag.py took 1.019 seconds
[2026-05-19T13:49:09.358+0000] {processor.py:161} INFO - Started process (PID=965) to work on /opt/airflow/dags/stackoverflow_migration_dag.py
[2026-05-19T13:49:09.359+0000] {processor.py:830} INFO - Processing file /opt/airflow/dags/stackoverflow_migration_dag.py for tasks to queue
[2026-05-19T13:49:09.362+0000] {logging_mixin.py:188} INFO - [2026-05-19T13:49:09.361+0000] {dagbag.py:545} INFO - Filling up the DagBag from /opt/airflow/dags/stackoverflow_migration_dag.py
[2026-05-19T13:49:10.263+0000] {processor.py:840} INFO - DAG(s) 'stackoverflow_medallion_pipeline_v2' retrieved from /opt/airflow/dags/stackoverflow_migration_dag.py
[2026-05-19T13:49:10.311+0000] {logging_mixin.py:188} INFO - [2026-05-19T13:49:10.311+0000] {dag.py:3096} INFO - Sync 1 DAGs
[2026-05-19T13:49:10.348+0000] {logging_mixin.py:188} INFO - [2026-05-19T13:49:10.348+0000] {dag.py:3954} INFO - Setting next_dagrun for stackoverflow_medallion_pipeline_v2 to 2026-05-19 00:00:00+00:00, run_after=2026-05-20 00:00:00+00:00
[2026-05-19T13:49:10.383+0000] {processor.py:183} INFO - Processing /opt/airflow/dags/stackoverflow_migration_dag.py took 1.033 seconds
[2026-05-19T13:49:40.677+0000] {processor.py:161} INFO - Started process (PID=970) to work on /opt/airflow/dags/stackoverflow_migration_dag.py
[2026-05-19T13:49:40.678+0000] {processor.py:830} INFO - Processing file /opt/airflow/dags/stackoverflow_migration_dag.py for tasks to queue
[2026-05-19T13:49:40.682+0000] {logging_mixin.py:188} INFO - [2026-05-19T13:49:40.681+0000] {dagbag.py:545} INFO - Filling up the DagBag from /opt/airflow/dags/stackoverflow_migration_dag.py
[2026-05-19T13:49:41.714+0000] {processor.py:840} INFO - DAG(s) 'stackoverflow_medallion_pipeline_v2' retrieved from /opt/airflow/dags/stackoverflow_migration_dag.py
[2026-05-19T13:49:41.773+0000] {logging_mixin.py:188} INFO - [2026-05-19T13:49:41.772+0000] {dag.py:3096} INFO - Sync 1 DAGs
[2026-05-19T13:49:41.820+0000] {logging_mixin.py:188} INFO - [2026-05-19T13:49:41.820+0000] {dag.py:3954} INFO - Setting next_dagrun for stackoverflow_medallion_pipeline_v2 to 2026-05-19 00:00:00+00:00, run_after=2026-05-20 00:00:00+00:00
[2026-05-19T13:49:41.860+0000] {processor.py:183} INFO - Processing /opt/airflow/dags/stackoverflow_migration_dag.py took 1.191 seconds
[2026-05-19T13:50:11.954+0000] {processor.py:161} INFO - Started process (PID=975) to work on /opt/airflow/dags/stackoverflow_migration_dag.py
[2026-05-19T13:50:11.956+0000] {processor.py:830} INFO - Processing file /opt/airflow/dags/stackoverflow_migration_dag.py for tasks to queue
[2026-05-19T13:50:11.959+0000] {logging_mixin.py:188} INFO - [2026-05-19T13:50:11.958+0000] {dagbag.py:545} INFO - Filling up the DagBag from /opt/airflow/dags/stackoverflow_migration_dag.py
[2026-05-19T13:50:12.935+0000] {processor.py:840} INFO - DAG(s) 'stackoverflow_medallion_pipeline_v2' retrieved from /opt/airflow/dags/stackoverflow_migration_dag.py
[2026-05-19T13:50:12.991+0000] {logging_mixin.py:188} INFO - [2026-05-19T13:50:12.990+0000] {dag.py:3096} INFO - Sync 1 DAGs
[2026-05-19T13:50:13.032+0000] {logging_mixin.py:188} INFO - [2026-05-19T13:50:13.032+0000] {dag.py:3954} INFO - Setting next_dagrun for stackoverflow_medallion_pipeline_v2 to 2026-05-19 00:00:00+00:00, run_after=2026-05-20 00:00:00+00:00
[2026-05-19T13:50:13.067+0000] {processor.py:183} INFO - Processing /opt/airflow/dags/stackoverflow_migration_dag.py took 1.121 seconds
[2026-05-19T13:50:43.134+0000] {processor.py:161} INFO - Started process (PID=980) to work on /opt/airflow/dags/stackoverflow_migration_dag.py
[2026-05-19T13:50:43.136+0000] {processor.py:830} INFO - Processing file /opt/airflow/dags/stackoverflow_migration_dag.py for tasks to queue
[2026-05-19T13:50:43.138+0000] {logging_mixin.py:188} INFO - [2026-05-19T13:50:43.138+0000] {dagbag.py:545} INFO - Filling up the DagBag from /opt/airflow/dags/stackoverflow_migration_dag.py
[2026-05-19T13:50:44.116+0000] {processor.py:840} INFO - DAG(s) 'stackoverflow_medallion_pipeline_v2' retrieved from /opt/airflow/dags/stackoverflow_migration_dag.py
[2026-05-19T13:50:44.177+0000] {logging_mixin.py:188} INFO - [2026-05-19T13:50:44.176+0000] {dag.py:3096} INFO - Sync 1 DAGs
[2026-05-19T13:50:44.219+0000] {logging_mixin.py:188} INFO - [2026-05-19T13:50:44.218+0000] {dag.py:3954} INFO - Setting next_dagrun for stackoverflow_medallion_pipeline_v2 to 2026-05-19 00:00:00+00:00, run_after=2026-05-20 00:00:00+00:00
[2026-05-19T13:50:44.255+0000] {processor.py:183} INFO - Processing /opt/airflow/dags/stackoverflow_migration_dag.py took 1.129 seconds
[2026-05-19T13:51:14.452+0000] {processor.py:161} INFO - Started process (PID=985) to work on /opt/airflow/dags/stackoverflow_migration_dag.py
[2026-05-19T13:51:14.453+0000] {processor.py:830} INFO - Processing file /opt/airflow/dags/stackoverflow_migration_dag.py for tasks to queue
[2026-05-19T13:51:14.456+0000] {logging_mixin.py:188} INFO - [2026-05-19T13:51:14.456+0000] {dagbag.py:545} INFO - Filling up the DagBag from /opt/airflow/dags/stackoverflow_migration_dag.py
[2026-05-19T13:51:15.411+0000] {processor.py:840} INFO - DAG(s) 'stackoverflow_medallion_pipeline_v2' retrieved from /opt/airflow/dags/stackoverflow_migration_dag.py
[2026-05-19T13:51:15.471+0000] {logging_mixin.py:188} INFO - [2026-05-19T13:51:15.470+0000] {dag.py:3096} INFO - Sync 1 DAGs
[2026-05-19T13:51:15.506+0000] {logging_mixin.py:188} INFO - [2026-05-19T13:51:15.506+0000] {dag.py:3954} INFO - Setting next_dagrun for stackoverflow_medallion_pipeline_v2 to 2026-05-19 00:00:00+00:00, run_after=2026-05-20 00:00:00+00:00
[2026-05-19T13:51:15.538+0000] {processor.py:183} INFO - Processing /opt/airflow/dags/stackoverflow_migration_dag.py took 1.095 seconds
[2026-05-19T13:51:45.656+0000] {processor.py:161} INFO - Started process (PID=990) to work on /opt/airflow/dags/stackoverflow_migration_dag.py
[2026-05-19T13:51:45.657+0000] {processor.py:830} INFO - Processing file /opt/airflow/dags/stackoverflow_migration_dag.py for tasks to queue
[2026-05-19T13:51:45.660+0000] {logging_mixin.py:188} INFO - [2026-05-19T13:51:45.659+0000] {dagbag.py:545} INFO - Filling up the DagBag from /opt/airflow/dags/stackoverflow_migration_dag.py
[2026-05-19T13:51:46.564+0000] {processor.py:840} INFO - DAG(s) 'stackoverflow_medallion_pipeline_v2' retrieved from /opt/airflow/dags/stackoverflow_migration_dag.py
[2026-05-19T13:51:46.621+0000] {logging_mixin.py:188} INFO - [2026-05-19T13:51:46.621+0000] {dag.py:3096} INFO - Sync 1 DAGs
[2026-05-19T13:51:46.660+0000] {logging_mixin.py:188} INFO - [2026-05-19T13:51:46.659+0000] {dag.py:3954} INFO - Setting next_dagrun for stackoverflow_medallion_pipeline_v2 to 2026-05-19 00:00:00+00:00, run_after=2026-05-20 00:00:00+00:00
[2026-05-19T13:51:46.696+0000] {processor.py:183} INFO - Processing /opt/airflow/dags/stackoverflow_migration_dag.py took 1.050 seconds
[2026-05-19T13:52:16.974+0000] {processor.py:161} INFO - Started process (PID=995) to work on /opt/airflow/dags/stackoverflow_migration_dag.py
[2026-05-19T13:52:16.975+0000] {processor.py:830} INFO - Processing file /opt/airflow/dags/stackoverflow_migration_dag.py for tasks to queue
[2026-05-19T13:52:16.978+0000] {logging_mixin.py:188} INFO - [2026-05-19T13:52:16.978+0000] {dagbag.py:545} INFO - Filling up the DagBag from /opt/airflow/dags/stackoverflow_migration_dag.py
[2026-05-19T13:52:18.350+0000] {processor.py:840} INFO - DAG(s) 'stackoverflow_medallion_pipeline_v2' retrieved from /opt/airflow/dags/stackoverflow_migration_dag.py
[2026-05-19T13:52:18.429+0000] {logging_mixin.py:188} INFO - [2026-05-19T13:52:18.428+0000] {dag.py:3096} INFO - Sync 1 DAGs
[2026-05-19T13:52:18.494+0000] {logging_mixin.py:188} INFO - [2026-05-19T13:52:18.493+0000] {dag.py:3954} INFO - Setting next_dagrun for stackoverflow_medallion_pipeline_v2 to 2026-05-19 00:00:00+00:00, run_after=2026-05-20 00:00:00+00:00
[2026-05-19T13:52:18.548+0000] {processor.py:183} INFO - Processing /opt/airflow/dags/stackoverflow_migration_dag.py took 1.581 seconds
[2026-05-19T13:52:48.796+0000] {processor.py:161} INFO - Started process (PID=1000) to work on /opt/airflow/dags/stackoverflow_migration_dag.py
[2026-05-19T13:52:48.798+0000] {processor.py:830} INFO - Processing file /opt/airflow/dags/stackoverflow_migration_dag.py for tasks to queue
[2026-05-19T13:52:48.800+0000] {logging_mixin.py:188} INFO - [2026-05-19T13:52:48.800+0000] {dagbag.py:545} INFO - Filling up the DagBag from /opt/airflow/dags/stackoverflow_migration_dag.py
[2026-05-19T13:52:49.654+0000] {processor.py:840} INFO - DAG(s) 'stackoverflow_medallion_pipeline_v2' retrieved from /opt/airflow/dags/stackoverflow_migration_dag.py
[2026-05-19T13:52:49.706+0000] {logging_mixin.py:188} INFO - [2026-05-19T13:52:49.706+0000] {dag.py:3096} INFO - Sync 1 DAGs
[2026-05-19T13:52:49.742+0000] {logging_mixin.py:188} INFO - [2026-05-19T13:52:49.742+0000] {dag.py:3954} INFO - Setting next_dagrun for stackoverflow_medallion_pipeline_v2 to 2026-05-19 00:00:00+00:00, run_after=2026-05-20 00:00:00+00:00
[2026-05-19T13:52:49.775+0000] {processor.py:183} INFO - Processing /opt/airflow/dags/stackoverflow_migration_dag.py took 0.986 seconds
[2026-05-19T13:53:20.036+0000] {processor.py:161} INFO - Started process (PID=1005) to work on /opt/airflow/dags/stackoverflow_migration_dag.py
[2026-05-19T13:53:20.038+0000] {processor.py:830} INFO - Processing file /opt/airflow/dags/stackoverflow_migration_dag.py for tasks to queue
[2026-05-19T13:53:20.040+0000] {logging_mixin.py:188} INFO - [2026-05-19T13:53:20.040+0000] {dagbag.py:545} INFO - Filling up the DagBag from /opt/airflow/dags/stackoverflow_migration_dag.py
[2026-05-19T13:53:20.898+0000] {processor.py:840} INFO - DAG(s) 'stackoverflow_medallion_pipeline_v2' retrieved from /opt/airflow/dags/stackoverflow_migration_dag.py
[2026-05-19T13:53:20.947+0000] {logging_mixin.py:188} INFO - [2026-05-19T13:53:20.947+0000] {dag.py:3096} INFO - Sync 1 DAGs
[2026-05-19T13:53:20.981+0000] {logging_mixin.py:188} INFO - [2026-05-19T13:53:20.981+0000] {dag.py:3954} INFO - Setting next_dagrun for stackoverflow_medallion_pipeline_v2 to 2026-05-19 00:00:00+00:00, run_after=2026-05-20 00:00:00+00:00
[2026-05-19T13:53:21.013+0000] {processor.py:183} INFO - Processing /opt/airflow/dags/stackoverflow_migration_dag.py took 0.986 seconds
[2026-05-19T13:53:51.306+0000] {processor.py:161} INFO - Started process (PID=1010) to work on /opt/airflow/dags/stackoverflow_migration_dag.py
[2026-05-19T13:53:51.308+0000] {processor.py:830} INFO - Processing file /opt/airflow/dags/stackoverflow_migration_dag.py for tasks to queue
[2026-05-19T13:53:51.312+0000] {logging_mixin.py:188} INFO - [2026-05-19T13:53:51.311+0000] {dagbag.py:545} INFO - Filling up the DagBag from /opt/airflow/dags/stackoverflow_migration_dag.py
[2026-05-19T13:53:53.065+0000] {processor.py:840} INFO - DAG(s) 'stackoverflow_medallion_pipeline_v2' retrieved from /opt/airflow/dags/stackoverflow_migration_dag.py
[2026-05-19T13:53:53.161+0000] {logging_mixin.py:188} INFO - [2026-05-19T13:53:53.161+0000] {dag.py:3096} INFO - Sync 1 DAGs
[2026-05-19T13:53:53.215+0000] {logging_mixin.py:188} INFO - [2026-05-19T13:53:53.215+0000] {dag.py:3954} INFO - Setting next_dagrun for stackoverflow_medallion_pipeline_v2 to 2026-05-19 00:00:00+00:00, run_after=2026-05-20 00:00:00+00:00
[2026-05-19T13:53:53.265+0000] {processor.py:183} INFO - Processing /opt/airflow/dags/stackoverflow_migration_dag.py took 1.970 seconds
[2026-05-19T13:54:23.642+0000] {processor.py:161} INFO - Started process (PID=1015) to work on /opt/airflow/dags/stackoverflow_migration_dag.py
[2026-05-19T13:54:23.643+0000] {processor.py:830} INFO - Processing file /opt/airflow/dags/stackoverflow_migration_dag.py for tasks to queue
[2026-05-19T13:54:23.647+0000] {logging_mixin.py:188} INFO - [2026-05-19T13:54:23.646+0000] {dagbag.py:545} INFO - Filling up the DagBag from /opt/airflow/dags/stackoverflow_migration_dag.py
[2026-05-19T13:54:24.826+0000] {processor.py:840} INFO - DAG(s) 'stackoverflow_medallion_pipeline_v2' retrieved from /opt/airflow/dags/stackoverflow_migration_dag.py
[2026-05-19T13:54:24.925+0000] {logging_mixin.py:188} INFO - [2026-05-19T13:54:24.924+0000] {dag.py:3096} INFO - Sync 1 DAGs
[2026-05-19T13:54:25.010+0000] {logging_mixin.py:188} INFO - [2026-05-19T13:54:25.009+0000] {dag.py:3954} INFO - Setting next_dagrun for stackoverflow_medallion_pipeline_v2 to 2026-05-19 00:00:00+00:00, run_after=2026-05-20 00:00:00+00:00
[2026-05-19T13:54:25.079+0000] {processor.py:183} INFO - Processing /opt/airflow/dags/stackoverflow_migration_dag.py took 1.449 seconds
[2026-05-19T13:54:55.381+0000] {processor.py:161} INFO - Started process (PID=1020) to work on /opt/airflow/dags/stackoverflow_migration_dag.py
[2026-05-19T13:54:55.383+0000] {processor.py:830} INFO - Processing file /opt/airflow/dags/stackoverflow_migration_dag.py for tasks to queue
[2026-05-19T13:54:55.385+0000] {logging_mixin.py:188} INFO - [2026-05-19T13:54:55.385+0000] {dagbag.py:545} INFO - Filling up the DagBag from /opt/airflow/dags/stackoverflow_migration_dag.py
[2026-05-19T13:54:56.321+0000] {processor.py:840} INFO - DAG(s) 'stackoverflow_medallion_pipeline_v2' retrieved from /opt/airflow/dags/stackoverflow_migration_dag.py
[2026-05-19T13:54:56.380+0000] {logging_mixin.py:188} INFO - [2026-05-19T13:54:56.379+0000] {dag.py:3096} INFO - Sync 1 DAGs
[2026-05-19T13:54:56.418+0000] {logging_mixin.py:188} INFO - [2026-05-19T13:54:56.418+0000] {dag.py:3954} INFO - Setting next_dagrun for stackoverflow_medallion_pipeline_v2 to 2026-05-19 00:00:00+00:00, run_after=2026-05-20 00:00:00+00:00
[2026-05-19T13:54:56.451+0000] {processor.py:183} INFO - Processing /opt/airflow/dags/stackoverflow_migration_dag.py took 1.078 seconds
[2026-05-19T13:55:26.700+0000] {processor.py:161} INFO - Started process (PID=1025) to work on /opt/airflow/dags/stackoverflow_migration_dag.py
[2026-05-19T13:55:26.702+0000] {processor.py:830} INFO - Processing file /opt/airflow/dags/stackoverflow_migration_dag.py for tasks to queue
[2026-05-19T13:55:26.705+0000] {logging_mixin.py:188} INFO - [2026-05-19T13:55:26.705+0000] {dagbag.py:545} INFO - Filling up the DagBag from /opt/airflow/dags/stackoverflow_migration_dag.py
[2026-05-19T13:55:27.630+0000] {processor.py:840} INFO - DAG(s) 'stackoverflow_medallion_pipeline_v2' retrieved from /opt/airflow/dags/stackoverflow_migration_dag.py
[2026-05-19T13:55:27.675+0000] {logging_mixin.py:188} INFO - [2026-05-19T13:55:27.674+0000] {dag.py:3096} INFO - Sync 1 DAGs
[2026-05-19T13:55:27.709+0000] {logging_mixin.py:188} INFO - [2026-05-19T13:55:27.709+0000] {dag.py:3954} INFO - Setting next_dagrun for stackoverflow_medallion_pipeline_v2 to 2026-05-19 00:00:00+00:00, run_after=2026-05-20 00:00:00+00:00
[2026-05-19T13:55:27.744+0000] {processor.py:183} INFO - Processing /opt/airflow/dags/stackoverflow_migration_dag.py took 1.054 seconds
[2026-05-19T13:55:58.051+0000] {processor.py:161} INFO - Started process (PID=1030) to work on /opt/airflow/dags/stackoverflow_migration_dag.py
[2026-05-19T13:55:58.053+0000] {processor.py:830} INFO - Processing file /opt/airflow/dags/stackoverflow_migration_dag.py for tasks to queue
[2026-05-19T13:55:58.056+0000] {logging_mixin.py:188} INFO - [2026-05-19T13:55:58.056+0000] {dagbag.py:545} INFO - Filling up the DagBag from /opt/airflow/dags/stackoverflow_migration_dag.py
[2026-05-19T13:55:58.953+0000] {processor.py:840} INFO - DAG(s) 'stackoverflow_medallion_pipeline_v2' retrieved from /opt/airflow/dags/stackoverflow_migration_dag.py
[2026-05-19T13:55:59.007+0000] {logging_mixin.py:188} INFO - [2026-05-19T13:55:59.007+0000] {dag.py:3096} INFO - Sync 1 DAGs
[2026-05-19T13:55:59.048+0000] {logging_mixin.py:188} INFO - [2026-05-19T13:55:59.048+0000] {dag.py:3954} INFO - Setting next_dagrun for stackoverflow_medallion_pipeline_v2 to 2026-05-19 00:00:00+00:00, run_after=2026-05-20 00:00:00+00:00
[2026-05-19T13:55:59.085+0000] {processor.py:183} INFO - Processing /opt/airflow/dags/stackoverflow_migration_dag.py took 1.044 seconds
[2026-05-19T13:56:29.338+0000] {processor.py:161} INFO - Started process (PID=1035) to work on /opt/airflow/dags/stackoverflow_migration_dag.py
[2026-05-19T13:56:29.340+0000] {processor.py:830} INFO - Processing file /opt/airflow/dags/stackoverflow_migration_dag.py for tasks to queue
[2026-05-19T13:56:29.343+0000] {logging_mixin.py:188} INFO - [2026-05-19T13:56:29.343+0000] {dagbag.py:545} INFO - Filling up the DagBag from /opt/airflow/dags/stackoverflow_migration_dag.py
[2026-05-19T13:56:30.283+0000] {processor.py:840} INFO - DAG(s) 'stackoverflow_medallion_pipeline_v2' retrieved from /opt/airflow/dags/stackoverflow_migration_dag.py
[2026-05-19T13:56:30.331+0000] {logging_mixin.py:188} INFO - [2026-05-19T13:56:30.331+0000] {dag.py:3096} INFO - Sync 1 DAGs
[2026-05-19T13:56:30.368+0000] {logging_mixin.py:188} INFO - [2026-05-19T13:56:30.368+0000] {dag.py:3954} INFO - Setting next_dagrun for stackoverflow_medallion_pipeline_v2 to 2026-05-19 00:00:00+00:00, run_after=2026-05-20 00:00:00+00:00
[2026-05-19T13:56:30.403+0000] {processor.py:183} INFO - Processing /opt/airflow/dags/stackoverflow_migration_dag.py took 1.072 seconds
[2026-05-19T13:57:00.743+0000] {processor.py:161} INFO - Started process (PID=1040) to work on /opt/airflow/dags/stackoverflow_migration_dag.py
[2026-05-19T13:57:00.744+0000] {processor.py:830} INFO - Processing file /opt/airflow/dags/stackoverflow_migration_dag.py for tasks to queue
[2026-05-19T13:57:00.746+0000] {logging_mixin.py:188} INFO - [2026-05-19T13:57:00.746+0000] {dagbag.py:545} INFO - Filling up the DagBag from /opt/airflow/dags/stackoverflow_migration_dag.py
[2026-05-19T13:57:01.551+0000] {processor.py:840} INFO - DAG(s) 'stackoverflow_medallion_pipeline_v2' retrieved from /opt/airflow/dags/stackoverflow_migration_dag.py
[2026-05-19T13:57:01.596+0000] {logging_mixin.py:188} INFO - [2026-05-19T13:57:01.596+0000] {dag.py:3096} INFO - Sync 1 DAGs
[2026-05-19T13:57:01.630+0000] {logging_mixin.py:188} INFO - [2026-05-19T13:57:01.630+0000] {dag.py:3954} INFO - Setting next_dagrun for stackoverflow_medallion_pipeline_v2 to 2026-05-19 00:00:00+00:00, run_after=2026-05-20 00:00:00+00:00
[2026-05-19T13:57:01.661+0000] {processor.py:183} INFO - Processing /opt/airflow/dags/stackoverflow_migration_dag.py took 0.925 seconds
[2026-05-19T13:57:32.017+0000] {processor.py:161} INFO - Started process (PID=1045) to work on /opt/airflow/dags/stackoverflow_migration_dag.py
[2026-05-19T13:57:32.019+0000] {processor.py:830} INFO - Processing file /opt/airflow/dags/stackoverflow_migration_dag.py for tasks to queue
[2026-05-19T13:57:32.021+0000] {logging_mixin.py:188} INFO - [2026-05-19T13:57:32.021+0000] {dagbag.py:545} INFO - Filling up the DagBag from /opt/airflow/dags/stackoverflow_migration_dag.py
[2026-05-19T13:57:32.878+0000] {processor.py:840} INFO - DAG(s) 'stackoverflow_medallion_pipeline_v2' retrieved from /opt/airflow/dags/stackoverflow_migration_dag.py
[2026-05-19T13:57:32.961+0000] {logging_mixin.py:188} INFO - [2026-05-19T13:57:32.961+0000] {dag.py:3096} INFO - Sync 1 DAGs
[2026-05-19T13:57:33.025+0000] {logging_mixin.py:188} INFO - [2026-05-19T13:57:33.024+0000] {dag.py:3954} INFO - Setting next_dagrun for stackoverflow_medallion_pipeline_v2 to 2026-05-19 00:00:00+00:00, run_after=2026-05-20 00:00:00+00:00
[2026-05-19T13:57:33.060+0000] {processor.py:183} INFO - Processing /opt/airflow/dags/stackoverflow_migration_dag.py took 1.052 seconds
[2026-05-19T13:58:03.244+0000] {processor.py:161} INFO - Started process (PID=1050) to work on /opt/airflow/dags/stackoverflow_migration_dag.py
[2026-05-19T13:58:03.245+0000] {processor.py:830} INFO - Processing file /opt/airflow/dags/stackoverflow_migration_dag.py for tasks to queue
[2026-05-19T13:58:03.248+0000] {logging_mixin.py:188} INFO - [2026-05-19T13:58:03.247+0000] {dagbag.py:545} INFO - Filling up the DagBag from /opt/airflow/dags/stackoverflow_migration_dag.py
[2026-05-19T13:58:04.139+0000] {processor.py:840} INFO - DAG(s) 'stackoverflow_medallion_pipeline_v2' retrieved from /opt/airflow/dags/stackoverflow_migration_dag.py
[2026-05-19T13:58:04.190+0000] {logging_mixin.py:188} INFO - [2026-05-19T13:58:04.190+0000] {dag.py:3096} INFO - Sync 1 DAGs
[2026-05-19T13:58:04.228+0000] {logging_mixin.py:188} INFO - [2026-05-19T13:58:04.227+0000] {dag.py:3954} INFO - Setting next_dagrun for stackoverflow_medallion_pipeline_v2 to 2026-05-19 00:00:00+00:00, run_after=2026-05-20 00:00:00+00:00
[2026-05-19T13:58:04.261+0000] {processor.py:183} INFO - Processing /opt/airflow/dags/stackoverflow_migration_dag.py took 1.025 seconds
[2026-05-19T13:58:34.542+0000] {processor.py:161} INFO - Started process (PID=1055) to work on /opt/airflow/dags/stackoverflow_migration_dag.py
[2026-05-19T13:58:34.543+0000] {processor.py:830} INFO - Processing file /opt/airflow/dags/stackoverflow_migration_dag.py for tasks to queue
[2026-05-19T13:58:34.545+0000] {logging_mixin.py:188} INFO - [2026-05-19T13:58:34.545+0000] {dagbag.py:545} INFO - Filling up the DagBag from /opt/airflow/dags/stackoverflow_migration_dag.py
[2026-05-19T13:58:35.437+0000] {processor.py:840} INFO - DAG(s) 'stackoverflow_medallion_pipeline_v2' retrieved from /opt/airflow/dags/stackoverflow_migration_dag.py
[2026-05-19T13:58:35.484+0000] {logging_mixin.py:188} INFO - [2026-05-19T13:58:35.484+0000] {dag.py:3096} INFO - Sync 1 DAGs
[2026-05-19T13:58:35.521+0000] {logging_mixin.py:188} INFO - [2026-05-19T13:58:35.521+0000] {dag.py:3954} INFO - Setting next_dagrun for stackoverflow_medallion_pipeline_v2 to 2026-05-19 00:00:00+00:00, run_after=2026-05-20 00:00:00+00:00
[2026-05-19T13:58:35.549+0000] {processor.py:183} INFO - Processing /opt/airflow/dags/stackoverflow_migration_dag.py took 1.014 seconds
[2026-05-19T13:59:05.870+0000] {processor.py:161} INFO - Started process (PID=1060) to work on /opt/airflow/dags/stackoverflow_migration_dag.py
[2026-05-19T13:59:05.871+0000] {processor.py:830} INFO - Processing file /opt/airflow/dags/stackoverflow_migration_dag.py for tasks to queue
[2026-05-19T13:59:05.874+0000] {logging_mixin.py:188} INFO - [2026-05-19T13:59:05.873+0000] {dagbag.py:545} INFO - Filling up the DagBag from /opt/airflow/dags/stackoverflow_migration_dag.py
[2026-05-19T13:59:06.692+0000] {processor.py:840} INFO - DAG(s) 'stackoverflow_medallion_pipeline_v2' retrieved from /opt/airflow/dags/stackoverflow_migration_dag.py
[2026-05-19T13:59:06.744+0000] {logging_mixin.py:188} INFO - [2026-05-19T13:59:06.744+0000] {dag.py:3096} INFO - Sync 1 DAGs
[2026-05-19T13:59:06.778+0000] {logging_mixin.py:188} INFO - [2026-05-19T13:59:06.778+0000] {dag.py:3954} INFO - Setting next_dagrun for stackoverflow_medallion_pipeline_v2 to 2026-05-19 00:00:00+00:00, run_after=2026-05-20 00:00:00+00:00
[2026-05-19T13:59:06.809+0000] {processor.py:183} INFO - Processing /opt/airflow/dags/stackoverflow_migration_dag.py took 0.946 seconds
[2026-05-19T13:59:37.145+0000] {processor.py:161} INFO - Started process (PID=1065) to work on /opt/airflow/dags/stackoverflow_migration_dag.py
[2026-05-19T13:59:37.147+0000] {processor.py:830} INFO - Processing file /opt/airflow/dags/stackoverflow_migration_dag.py for tasks to queue
[2026-05-19T13:59:37.150+0000] {logging_mixin.py:188} INFO - [2026-05-19T13:59:37.149+0000] {dagbag.py:545} INFO - Filling up the DagBag from /opt/airflow/dags/stackoverflow_migration_dag.py
[2026-05-19T13:59:38.232+0000] {processor.py:840} INFO - DAG(s) 'stackoverflow_medallion_pipeline_v2' retrieved from /opt/airflow/dags/stackoverflow_migration_dag.py
[2026-05-19T13:59:38.298+0000] {logging_mixin.py:188} INFO - [2026-05-19T13:59:38.297+0000] {dag.py:3096} INFO - Sync 1 DAGs
[2026-05-19T13:59:38.337+0000] {logging_mixin.py:188} INFO - [2026-05-19T13:59:38.336+0000] {dag.py:3954} INFO - Setting next_dagrun for stackoverflow_medallion_pipeline_v2 to 2026-05-19 00:00:00+00:00, run_after=2026-05-20 00:00:00+00:00
[2026-05-19T13:59:38.368+0000] {processor.py:183} INFO - Processing /opt/airflow/dags/stackoverflow_migration_dag.py took 1.230 seconds
[2026-05-19T14:00:08.644+0000] {processor.py:161} INFO - Started process (PID=1070) to work on /opt/airflow/dags/stackoverflow_migration_dag.py
[2026-05-19T14:00:08.646+0000] {processor.py:830} INFO - Processing file /opt/airflow/dags/stackoverflow_migration_dag.py for tasks to queue
[2026-05-19T14:00:08.649+0000] {logging_mixin.py:188} INFO - [2026-05-19T14:00:08.648+0000] {dagbag.py:545} INFO - Filling up the DagBag from /opt/airflow/dags/stackoverflow_migration_dag.py
[2026-05-19T14:00:09.473+0000] {processor.py:840} INFO - DAG(s) 'stackoverflow_medallion_pipeline_v2' retrieved from /opt/airflow/dags/stackoverflow_migration_dag.py
[2026-05-19T14:00:09.525+0000] {logging_mixin.py:188} INFO - [2026-05-19T14:00:09.525+0000] {dag.py:3096} INFO - Sync 1 DAGs
[2026-05-19T14:00:09.564+0000] {logging_mixin.py:188} INFO - [2026-05-19T14:00:09.564+0000] {dag.py:3954} INFO - Setting next_dagrun for stackoverflow_medallion_pipeline_v2 to 2026-05-19 00:00:00+00:00, run_after=2026-05-20 00:00:00+00:00
[2026-05-19T14:00:09.597+0000] {processor.py:183} INFO - Processing /opt/airflow/dags/stackoverflow_migration_dag.py took 0.960 seconds
[2026-05-19T14:00:39.684+0000] {processor.py:161} INFO - Started process (PID=1075) to work on /opt/airflow/dags/stackoverflow_migration_dag.py
[2026-05-19T14:00:39.685+0000] {processor.py:830} INFO - Processing file /opt/airflow/dags/stackoverflow_migration_dag.py for tasks to queue
[2026-05-19T14:00:39.688+0000] {logging_mixin.py:188} INFO - [2026-05-19T14:00:39.688+0000] {dagbag.py:545} INFO - Filling up the DagBag from /opt/airflow/dags/stackoverflow_migration_dag.py
[2026-05-19T14:00:40.596+0000] {processor.py:840} INFO - DAG(s) 'stackoverflow_medallion_pipeline_v2' retrieved from /opt/airflow/dags/stackoverflow_migration_dag.py
[2026-05-19T14:00:40.641+0000] {logging_mixin.py:188} INFO - [2026-05-19T14:00:40.640+0000] {dag.py:3096} INFO - Sync 1 DAGs
[2026-05-19T14:00:40.677+0000] {logging_mixin.py:188} INFO - [2026-05-19T14:00:40.677+0000] {dag.py:3954} INFO - Setting next_dagrun for stackoverflow_medallion_pipeline_v2 to 2026-05-19 00:00:00+00:00, run_after=2026-05-20 00:00:00+00:00
[2026-05-19T14:00:40.712+0000] {processor.py:183} INFO - Processing /opt/airflow/dags/stackoverflow_migration_dag.py took 1.036 seconds
[2026-05-19T14:01:10.913+0000] {processor.py:161} INFO - Started process (PID=1080) to work on /opt/airflow/dags/stackoverflow_migration_dag.py
[2026-05-19T14:01:10.915+0000] {processor.py:830} INFO - Processing file /opt/airflow/dags/stackoverflow_migration_dag.py for tasks to queue
[2026-05-19T14:01:10.918+0000] {logging_mixin.py:188} INFO - [2026-05-19T14:01:10.917+0000] {dagbag.py:545} INFO - Filling up the DagBag from /opt/airflow/dags/stackoverflow_migration_dag.py
[2026-05-19T14:01:11.776+0000] {processor.py:840} INFO - DAG(s) 'stackoverflow_medallion_pipeline_v2' retrieved from /opt/airflow/dags/stackoverflow_migration_dag.py
[2026-05-19T14:01:11.831+0000] {logging_mixin.py:188} INFO - [2026-05-19T14:01:11.830+0000] {dag.py:3096} INFO - Sync 1 DAGs
[2026-05-19T14:01:11.871+0000] {logging_mixin.py:188} INFO - [2026-05-19T14:01:11.871+0000] {dag.py:3954} INFO - Setting next_dagrun for stackoverflow_medallion_pipeline_v2 to 2026-05-19 00:00:00+00:00, run_after=2026-05-20 00:00:00+00:00
[2026-05-19T14:01:11.910+0000] {processor.py:183} INFO - Processing /opt/airflow/dags/stackoverflow_migration_dag.py took 1.005 seconds
[2026-05-19T14:01:42.195+0000] {processor.py:161} INFO - Started process (PID=1085) to work on /opt/airflow/dags/stackoverflow_migration_dag.py
[2026-05-19T14:01:42.198+0000] {processor.py:830} INFO - Processing file /opt/airflow/dags/stackoverflow_migration_dag.py for tasks to queue
[2026-05-19T14:01:42.201+0000] {logging_mixin.py:188} INFO - [2026-05-19T14:01:42.201+0000] {dagbag.py:545} INFO - Filling up the DagBag from /opt/airflow/dags/stackoverflow_migration_dag.py
[2026-05-19T14:01:43.139+0000] {processor.py:840} INFO - DAG(s) 'stackoverflow_medallion_pipeline_v2' retrieved from /opt/airflow/dags/stackoverflow_migration_dag.py
[2026-05-19T14:01:43.200+0000] {logging_mixin.py:188} INFO - [2026-05-19T14:01:43.200+0000] {dag.py:3096} INFO - Sync 1 DAGs
[2026-05-19T14:01:43.254+0000] {logging_mixin.py:188} INFO - [2026-05-19T14:01:43.254+0000] {dag.py:3954} INFO - Setting next_dagrun for stackoverflow_medallion_pipeline_v2 to 2026-05-19 00:00:00+00:00, run_after=2026-05-20 00:00:00+00:00
[2026-05-19T14:01:43.290+0000] {processor.py:183} INFO - Processing /opt/airflow/dags/stackoverflow_migration_dag.py took 1.103 seconds
[2026-05-19T14:02:13.529+0000] {processor.py:161} INFO - Started process (PID=1090) to work on /opt/airflow/dags/stackoverflow_migration_dag.py
[2026-05-19T14:02:13.531+0000] {processor.py:830} INFO - Processing file /opt/airflow/dags/stackoverflow_migration_dag.py for tasks to queue
[2026-05-19T14:02:13.533+0000] {logging_mixin.py:188} INFO - [2026-05-19T14:02:13.533+0000] {dagbag.py:545} INFO - Filling up the DagBag from /opt/airflow/dags/stackoverflow_migration_dag.py
[2026-05-19T14:02:14.434+0000] {processor.py:840} INFO - DAG(s) 'stackoverflow_medallion_pipeline_v2' retrieved from /opt/airflow/dags/stackoverflow_migration_dag.py
[2026-05-19T14:02:14.481+0000] {logging_mixin.py:188} INFO - [2026-05-19T14:02:14.481+0000] {dag.py:3096} INFO - Sync 1 DAGs
[2026-05-19T14:02:14.516+0000] {logging_mixin.py:188} INFO - [2026-05-19T14:02:14.516+0000] {dag.py:3954} INFO - Setting next_dagrun for stackoverflow_medallion_pipeline_v2 to 2026-05-19 00:00:00+00:00, run_after=2026-05-20 00:00:00+00:00
[2026-05-19T14:02:14.549+0000] {processor.py:183} INFO - Processing /opt/airflow/dags/stackoverflow_migration_dag.py took 1.026 seconds
[2026-05-19T14:02:44.761+0000] {processor.py:161} INFO - Started process (PID=1095) to work on /opt/airflow/dags/stackoverflow_migration_dag.py
[2026-05-19T14:02:44.762+0000] {processor.py:830} INFO - Processing file /opt/airflow/dags/stackoverflow_migration_dag.py for tasks to queue
[2026-05-19T14:02:44.764+0000] {logging_mixin.py:188} INFO - [2026-05-19T14:02:44.764+0000] {dagbag.py:545} INFO - Filling up the DagBag from /opt/airflow/dags/stackoverflow_migration_dag.py
[2026-05-19T14:02:45.558+0000] {processor.py:840} INFO - DAG(s) 'stackoverflow_medallion_pipeline_v2' retrieved from /opt/airflow/dags/stackoverflow_migration_dag.py
[2026-05-19T14:02:45.607+0000] {logging_mixin.py:188} INFO - [2026-05-19T14:02:45.607+0000] {dag.py:3096} INFO - Sync 1 DAGs
[2026-05-19T14:02:45.642+0000] {logging_mixin.py:188} INFO - [2026-05-19T14:02:45.641+0000] {dag.py:3954} INFO - Setting next_dagrun for stackoverflow_medallion_pipeline_v2 to 2026-05-19 00:00:00+00:00, run_after=2026-05-20 00:00:00+00:00
[2026-05-19T14:02:45.675+0000] {processor.py:183} INFO - Processing /opt/airflow/dags/stackoverflow_migration_dag.py took 0.921 seconds
[2026-05-19T14:03:16.012+0000] {processor.py:161} INFO - Started process (PID=1100) to work on /opt/airflow/dags/stackoverflow_migration_dag.py
[2026-05-19T14:03:16.014+0000] {processor.py:830} INFO - Processing file /opt/airflow/dags/stackoverflow_migration_dag.py for tasks to queue
[2026-05-19T14:03:16.016+0000] {logging_mixin.py:188} INFO - [2026-05-19T14:03:16.016+0000] {dagbag.py:545} INFO - Filling up the DagBag from /opt/airflow/dags/stackoverflow_migration_dag.py
[2026-05-19T14:03:16.869+0000] {processor.py:840} INFO - DAG(s) 'stackoverflow_medallion_pipeline_v2' retrieved from /opt/airflow/dags/stackoverflow_migration_dag.py
[2026-05-19T14:03:16.912+0000] {logging_mixin.py:188} INFO - [2026-05-19T14:03:16.912+0000] {dag.py:3096} INFO - Sync 1 DAGs
[2026-05-19T14:03:16.946+0000] {logging_mixin.py:188} INFO - [2026-05-19T14:03:16.946+0000] {dag.py:3954} INFO - Setting next_dagrun for stackoverflow_medallion_pipeline_v2 to 2026-05-19 00:00:00+00:00, run_after=2026-05-20 00:00:00+00:00
[2026-05-19T14:03:16.979+0000] {processor.py:183} INFO - Processing /opt/airflow/dags/stackoverflow_migration_dag.py took 0.974 seconds
[2026-05-19T14:03:47.375+0000] {processor.py:161} INFO - Started process (PID=1105) to work on /opt/airflow/dags/stackoverflow_migration_dag.py
[2026-05-19T14:03:47.376+0000] {processor.py:830} INFO - Processing file /opt/airflow/dags/stackoverflow_migration_dag.py for tasks to queue
[2026-05-19T14:03:47.379+0000] {logging_mixin.py:188} INFO - [2026-05-19T14:03:47.378+0000] {dagbag.py:545} INFO - Filling up the DagBag from /opt/airflow/dags/stackoverflow_migration_dag.py
[2026-05-19T14:03:48.166+0000] {processor.py:840} INFO - DAG(s) 'stackoverflow_medallion_pipeline_v2' retrieved from /opt/airflow/dags/stackoverflow_migration_dag.py
[2026-05-19T14:03:48.218+0000] {logging_mixin.py:188} INFO - [2026-05-19T14:03:48.218+0000] {dag.py:3096} INFO - Sync 1 DAGs
[2026-05-19T14:03:48.260+0000] {logging_mixin.py:188} INFO - [2026-05-19T14:03:48.259+0000] {dag.py:3954} INFO - Setting next_dagrun for stackoverflow_medallion_pipeline_v2 to 2026-05-19 00:00:00+00:00, run_after=2026-05-20 00:00:00+00:00
[2026-05-19T14:03:48.300+0000] {processor.py:183} INFO - Processing /opt/airflow/dags/stackoverflow_migration_dag.py took 0.932 seconds
[2026-05-19T14:04:18.615+0000] {processor.py:161} INFO - Started process (PID=1110) to work on /opt/airflow/dags/stackoverflow_migration_dag.py
[2026-05-19T14:04:18.616+0000] {processor.py:830} INFO - Processing file /opt/airflow/dags/stackoverflow_migration_dag.py for tasks to queue
[2026-05-19T14:04:18.618+0000] {logging_mixin.py:188} INFO - [2026-05-19T14:04:18.618+0000] {dagbag.py:545} INFO - Filling up the DagBag from /opt/airflow/dags/stackoverflow_migration_dag.py
[2026-05-19T14:04:19.435+0000] {processor.py:840} INFO - DAG(s) 'stackoverflow_medallion_pipeline_v2' retrieved from /opt/airflow/dags/stackoverflow_migration_dag.py
[2026-05-19T14:04:19.483+0000] {logging_mixin.py:188} INFO - [2026-05-19T14:04:19.483+0000] {dag.py:3096} INFO - Sync 1 DAGs
[2026-05-19T14:04:19.519+0000] {logging_mixin.py:188} INFO - [2026-05-19T14:04:19.519+0000] {dag.py:3954} INFO - Setting next_dagrun for stackoverflow_medallion_pipeline_v2 to 2026-05-19 00:00:00+00:00, run_after=2026-05-20 00:00:00+00:00
[2026-05-19T14:04:19.552+0000] {processor.py:183} INFO - Processing /opt/airflow/dags/stackoverflow_migration_dag.py took 0.945 seconds
[2026-05-19T14:04:49.914+0000] {processor.py:161} INFO - Started process (PID=1115) to work on /opt/airflow/dags/stackoverflow_migration_dag.py
[2026-05-19T14:04:49.915+0000] {processor.py:830} INFO - Processing file /opt/airflow/dags/stackoverflow_migration_dag.py for tasks to queue
[2026-05-19T14:04:49.918+0000] {logging_mixin.py:188} INFO - [2026-05-19T14:04:49.917+0000] {dagbag.py:545} INFO - Filling up the DagBag from /opt/airflow/dags/stackoverflow_migration_dag.py
[2026-05-19T14:04:50.822+0000] {processor.py:840} INFO - DAG(s) 'stackoverflow_medallion_pipeline_v2' retrieved from /opt/airflow/dags/stackoverflow_migration_dag.py
[2026-05-19T14:04:50.870+0000] {logging_mixin.py:188} INFO - [2026-05-19T14:04:50.869+0000] {dag.py:3096} INFO - Sync 1 DAGs
[2026-05-19T14:04:50.905+0000] {logging_mixin.py:188} INFO - [2026-05-19T14:04:50.905+0000] {dag.py:3954} INFO - Setting next_dagrun for stackoverflow_medallion_pipeline_v2 to 2026-05-19 00:00:00+00:00, run_after=2026-05-20 00:00:00+00:00
[2026-05-19T14:04:50.938+0000] {processor.py:183} INFO - Processing /opt/airflow/dags/stackoverflow_migration_dag.py took 1.031 seconds
[2026-05-19T14:05:21.236+0000] {processor.py:161} INFO - Started process (PID=1120) to work on /opt/airflow/dags/stackoverflow_migration_dag.py
[2026-05-19T14:05:21.238+0000] {processor.py:830} INFO - Processing file /opt/airflow/dags/stackoverflow_migration_dag.py for tasks to queue
[2026-05-19T14:05:21.240+0000] {logging_mixin.py:188} INFO - [2026-05-19T14:05:21.240+0000] {dagbag.py:545} INFO - Filling up the DagBag from /opt/airflow/dags/stackoverflow_migration_dag.py
[2026-05-19T14:05:22.029+0000] {processor.py:840} INFO - DAG(s) 'stackoverflow_medallion_pipeline_v2' retrieved from /opt/airflow/dags/stackoverflow_migration_dag.py
[2026-05-19T14:05:22.076+0000] {logging_mixin.py:188} INFO - [2026-05-19T14:05:22.075+0000] {dag.py:3096} INFO - Sync 1 DAGs
[2026-05-19T14:05:22.110+0000] {logging_mixin.py:188} INFO - [2026-05-19T14:05:22.110+0000] {dag.py:3954} INFO - Setting next_dagrun for stackoverflow_medallion_pipeline_v2 to 2026-05-19 00:00:00+00:00, run_after=2026-05-20 00:00:00+00:00
[2026-05-19T14:05:22.140+0000] {processor.py:183} INFO - Processing /opt/airflow/dags/stackoverflow_migration_dag.py took 0.911 seconds
[2026-05-19T14:05:52.443+0000] {processor.py:161} INFO - Started process (PID=1125) to work on /opt/airflow/dags/stackoverflow_migration_dag.py
[2026-05-19T14:05:52.444+0000] {processor.py:830} INFO - Processing file /opt/airflow/dags/stackoverflow_migration_dag.py for tasks to queue
[2026-05-19T14:05:52.446+0000] {logging_mixin.py:188} INFO - [2026-05-19T14:05:52.446+0000] {dagbag.py:545} INFO - Filling up the DagBag from /opt/airflow/dags/stackoverflow_migration_dag.py
[2026-05-19T14:05:53.250+0000] {processor.py:840} INFO - DAG(s) 'stackoverflow_medallion_pipeline_v2' retrieved from /opt/airflow/dags/stackoverflow_migration_dag.py
[2026-05-19T14:05:53.303+0000] {logging_mixin.py:188} INFO - [2026-05-19T14:05:53.303+0000] {dag.py:3096} INFO - Sync 1 DAGs
[2026-05-19T14:05:53.348+0000] {logging_mixin.py:188} INFO - [2026-05-19T14:05:53.347+0000] {dag.py:3954} INFO - Setting next_dagrun for stackoverflow_medallion_pipeline_v2 to 2026-05-19 00:00:00+00:00, run_after=2026-05-20 00:00:00+00:00
[2026-05-19T14:05:53.384+0000] {processor.py:183} INFO - Processing /opt/airflow/dags/stackoverflow_migration_dag.py took 0.949 seconds
[2026-05-19T14:06:23.776+0000] {processor.py:161} INFO - Started process (PID=1130) to work on /opt/airflow/dags/stackoverflow_migration_dag.py
[2026-05-19T14:06:23.777+0000] {processor.py:830} INFO - Processing file /opt/airflow/dags/stackoverflow_migration_dag.py for tasks to queue
[2026-05-19T14:06:23.780+0000] {logging_mixin.py:188} INFO - [2026-05-19T14:06:23.779+0000] {dagbag.py:545} INFO - Filling up the DagBag from /opt/airflow/dags/stackoverflow_migration_dag.py
[2026-05-19T14:06:24.593+0000] {processor.py:840} INFO - DAG(s) 'stackoverflow_medallion_pipeline_v2' retrieved from /opt/airflow/dags/stackoverflow_migration_dag.py
[2026-05-19T14:06:24.640+0000] {logging_mixin.py:188} INFO - [2026-05-19T14:06:24.640+0000] {dag.py:3096} INFO - Sync 1 DAGs
[2026-05-19T14:06:24.673+0000] {logging_mixin.py:188} INFO - [2026-05-19T14:06:24.673+0000] {dag.py:3954} INFO - Setting next_dagrun for stackoverflow_medallion_pipeline_v2 to 2026-05-19 00:00:00+00:00, run_after=2026-05-20 00:00:00+00:00
[2026-05-19T14:06:24.704+0000] {processor.py:183} INFO - Processing /opt/airflow/dags/stackoverflow_migration_dag.py took 0.936 seconds
[2026-05-19T14:06:55.082+0000] {processor.py:161} INFO - Started process (PID=1135) to work on /opt/airflow/dags/stackoverflow_migration_dag.py
[2026-05-19T14:06:55.084+0000] {processor.py:830} INFO - Processing file /opt/airflow/dags/stackoverflow_migration_dag.py for tasks to queue
[2026-05-19T14:06:55.086+0000] {logging_mixin.py:188} INFO - [2026-05-19T14:06:55.086+0000] {dagbag.py:545} INFO - Filling up the DagBag from /opt/airflow/dags/stackoverflow_migration_dag.py
[2026-05-19T14:06:55.858+0000] {processor.py:840} INFO - DAG(s) 'stackoverflow_medallion_pipeline_v2' retrieved from /opt/airflow/dags/stackoverflow_migration_dag.py
[2026-05-19T14:06:55.913+0000] {logging_mixin.py:188} INFO - [2026-05-19T14:06:55.913+0000] {dag.py:3096} INFO - Sync 1 DAGs
[2026-05-19T14:06:55.950+0000] {logging_mixin.py:188} INFO - [2026-05-19T14:06:55.950+0000] {dag.py:3954} INFO - Setting next_dagrun for stackoverflow_medallion_pipeline_v2 to 2026-05-19 00:00:00+00:00, run_after=2026-05-20 00:00:00+00:00
[2026-05-19T14:06:55.982+0000] {processor.py:183} INFO - Processing /opt/airflow/dags/stackoverflow_migration_dag.py took 0.906 seconds
[2026-05-19T14:07:26.363+0000] {processor.py:161} INFO - Started process (PID=1140) to work on /opt/airflow/dags/stackoverflow_migration_dag.py
[2026-05-19T14:07:26.364+0000] {processor.py:830} INFO - Processing file /opt/airflow/dags/stackoverflow_migration_dag.py for tasks to queue
[2026-05-19T14:07:26.366+0000] {logging_mixin.py:188} INFO - [2026-05-19T14:07:26.366+0000] {dagbag.py:545} INFO - Filling up the DagBag from /opt/airflow/dags/stackoverflow_migration_dag.py
[2026-05-19T14:07:27.141+0000] {processor.py:840} INFO - DAG(s) 'stackoverflow_medallion_pipeline_v2' retrieved from /opt/airflow/dags/stackoverflow_migration_dag.py
[2026-05-19T14:07:27.190+0000] {logging_mixin.py:188} INFO - [2026-05-19T14:07:27.189+0000] {dag.py:3096} INFO - Sync 1 DAGs
[2026-05-19T14:07:27.224+0000] {logging_mixin.py:188} INFO - [2026-05-19T14:07:27.224+0000] {dag.py:3954} INFO - Setting next_dagrun for stackoverflow_medallion_pipeline_v2 to 2026-05-19 00:00:00+00:00, run_after=2026-05-20 00:00:00+00:00
[2026-05-19T14:07:27.255+0000] {processor.py:183} INFO - Processing /opt/airflow/dags/stackoverflow_migration_dag.py took 0.899 seconds
[2026-05-19T14:07:57.576+0000] {processor.py:161} INFO - Started process (PID=1145) to work on /opt/airflow/dags/stackoverflow_migration_dag.py
[2026-05-19T14:07:57.577+0000] {processor.py:830} INFO - Processing file /opt/airflow/dags/stackoverflow_migration_dag.py for tasks to queue
[2026-05-19T14:07:57.579+0000] {logging_mixin.py:188} INFO - [2026-05-19T14:07:57.579+0000] {dagbag.py:545} INFO - Filling up the DagBag from /opt/airflow/dags/stackoverflow_migration_dag.py
[2026-05-19T14:07:58.367+0000] {processor.py:840} INFO - DAG(s) 'stackoverflow_medallion_pipeline_v2' retrieved from /opt/airflow/dags/stackoverflow_migration_dag.py
[2026-05-19T14:07:58.416+0000] {logging_mixin.py:188} INFO - [2026-05-19T14:07:58.416+0000] {dag.py:3096} INFO - Sync 1 DAGs
[2026-05-19T14:07:58.450+0000] {logging_mixin.py:188} INFO - [2026-05-19T14:07:58.449+0000] {dag.py:3954} INFO - Setting next_dagrun for stackoverflow_medallion_pipeline_v2 to 2026-05-19 00:00:00+00:00, run_after=2026-05-20 00:00:00+00:00
[2026-05-19T14:07:58.479+0000] {processor.py:183} INFO - Processing /opt/airflow/dags/stackoverflow_migration_dag.py took 0.910 seconds
[2026-05-19T14:08:28.835+0000] {processor.py:161} INFO - Started process (PID=1150) to work on /opt/airflow/dags/stackoverflow_migration_dag.py
[2026-05-19T14:08:28.836+0000] {processor.py:830} INFO - Processing file /opt/airflow/dags/stackoverflow_migration_dag.py for tasks to queue
[2026-05-19T14:08:28.839+0000] {logging_mixin.py:188} INFO - [2026-05-19T14:08:28.838+0000] {dagbag.py:545} INFO - Filling up the DagBag from /opt/airflow/dags/stackoverflow_migration_dag.py
[2026-05-19T14:08:29.608+0000] {processor.py:840} INFO - DAG(s) 'stackoverflow_medallion_pipeline_v2' retrieved from /opt/airflow/dags/stackoverflow_migration_dag.py
[2026-05-19T14:08:29.656+0000] {logging_mixin.py:188} INFO - [2026-05-19T14:08:29.656+0000] {dag.py:3096} INFO - Sync 1 DAGs
[2026-05-19T14:08:29.701+0000] {logging_mixin.py:188} INFO - [2026-05-19T14:08:29.700+0000] {dag.py:3954} INFO - Setting next_dagrun for stackoverflow_medallion_pipeline_v2 to 2026-05-19 00:00:00+00:00, run_after=2026-05-20 00:00:00+00:00
[2026-05-19T14:08:29.734+0000] {processor.py:183} INFO - Processing /opt/airflow/dags/stackoverflow_migration_dag.py took 0.905 seconds
[2026-05-19T14:09:00.057+0000] {processor.py:161} INFO - Started process (PID=1155) to work on /opt/airflow/dags/stackoverflow_migration_dag.py
[2026-05-19T14:09:00.058+0000] {processor.py:830} INFO - Processing file /opt/airflow/dags/stackoverflow_migration_dag.py for tasks to queue
[2026-05-19T14:09:00.061+0000] {logging_mixin.py:188} INFO - [2026-05-19T14:09:00.060+0000] {dagbag.py:545} INFO - Filling up the DagBag from /opt/airflow/dags/stackoverflow_migration_dag.py
[2026-05-19T14:09:00.960+0000] {processor.py:840} INFO - DAG(s) 'stackoverflow_medallion_pipeline_v2' retrieved from /opt/airflow/dags/stackoverflow_migration_dag.py
[2026-05-19T14:09:01.034+0000] {logging_mixin.py:188} INFO - [2026-05-19T14:09:01.033+0000] {dag.py:3096} INFO - Sync 1 DAGs
[2026-05-19T14:09:01.069+0000] {logging_mixin.py:188} INFO - [2026-05-19T14:09:01.069+0000] {dag.py:3954} INFO - Setting next_dagrun for stackoverflow_medallion_pipeline_v2 to 2026-05-19 00:00:00+00:00, run_after=2026-05-20 00:00:00+00:00
[2026-05-19T14:09:01.097+0000] {processor.py:183} INFO - Processing /opt/airflow/dags/stackoverflow_migration_dag.py took 1.048 seconds
[2026-05-19T14:09:31.386+0000] {processor.py:161} INFO - Started process (PID=1160) to work on /opt/airflow/dags/stackoverflow_migration_dag.py
[2026-05-19T14:09:31.387+0000] {processor.py:830} INFO - Processing file /opt/airflow/dags/stackoverflow_migration_dag.py for tasks to queue
[2026-05-19T14:09:31.390+0000] {logging_mixin.py:188} INFO - [2026-05-19T14:09:31.389+0000] {dagbag.py:545} INFO - Filling up the DagBag from /opt/airflow/dags/stackoverflow_migration_dag.py
[2026-05-19T14:09:32.235+0000] {processor.py:840} INFO - DAG(s) 'stackoverflow_medallion_pipeline_v2' retrieved from /opt/airflow/dags/stackoverflow_migration_dag.py
[2026-05-19T14:09:32.286+0000] {logging_mixin.py:188} INFO - [2026-05-19T14:09:32.285+0000] {dag.py:3096} INFO - Sync 1 DAGs
[2026-05-19T14:09:32.322+0000] {logging_mixin.py:188} INFO - [2026-05-19T14:09:32.322+0000] {dag.py:3954} INFO - Setting next_dagrun for stackoverflow_medallion_pipeline_v2 to 2026-05-19 00:00:00+00:00, run_after=2026-05-20 00:00:00+00:00
[2026-05-19T14:09:32.394+0000] {processor.py:183} INFO - Processing /opt/airflow/dags/stackoverflow_migration_dag.py took 1.016 seconds
[2026-05-19T14:10:02.670+0000] {processor.py:161} INFO - Started process (PID=1165) to work on /opt/airflow/dags/stackoverflow_migration_dag.py
[2026-05-19T14:10:02.671+0000] {processor.py:830} INFO - Processing file /opt/airflow/dags/stackoverflow_migration_dag.py for tasks to queue
[2026-05-19T14:10:02.673+0000] {logging_mixin.py:188} INFO - [2026-05-19T14:10:02.673+0000] {dagbag.py:545} INFO - Filling up the DagBag from /opt/airflow/dags/stackoverflow_migration_dag.py
[2026-05-19T14:10:03.502+0000] {processor.py:840} INFO - DAG(s) 'stackoverflow_medallion_pipeline_v2' retrieved from /opt/airflow/dags/stackoverflow_migration_dag.py
[2026-05-19T14:10:03.549+0000] {logging_mixin.py:188} INFO - [2026-05-19T14:10:03.549+0000] {dag.py:3096} INFO - Sync 1 DAGs
[2026-05-19T14:10:03.589+0000] {logging_mixin.py:188} INFO - [2026-05-19T14:10:03.589+0000] {dag.py:3954} INFO - Setting next_dagrun for stackoverflow_medallion_pipeline_v2 to 2026-05-19 00:00:00+00:00, run_after=2026-05-20 00:00:00+00:00
[2026-05-19T14:10:03.624+0000] {processor.py:183} INFO - Processing /opt/airflow/dags/stackoverflow_migration_dag.py took 0.960 seconds
[2026-05-19T14:10:33.941+0000] {processor.py:161} INFO - Started process (PID=1170) to work on /opt/airflow/dags/stackoverflow_migration_dag.py
[2026-05-19T14:10:33.942+0000] {processor.py:830} INFO - Processing file /opt/airflow/dags/stackoverflow_migration_dag.py for tasks to queue
[2026-05-19T14:10:33.945+0000] {logging_mixin.py:188} INFO - [2026-05-19T14:10:33.944+0000] {dagbag.py:545} INFO - Filling up the DagBag from /opt/airflow/dags/stackoverflow_migration_dag.py
[2026-05-19T14:10:34.758+0000] {processor.py:840} INFO - DAG(s) 'stackoverflow_medallion_pipeline_v2' retrieved from /opt/airflow/dags/stackoverflow_migration_dag.py
[2026-05-19T14:10:34.803+0000] {logging_mixin.py:188} INFO - [2026-05-19T14:10:34.803+0000] {dag.py:3096} INFO - Sync 1 DAGs
[2026-05-19T14:10:34.840+0000] {logging_mixin.py:188} INFO - [2026-05-19T14:10:34.839+0000] {dag.py:3954} INFO - Setting next_dagrun for stackoverflow_medallion_pipeline_v2 to 2026-05-19 00:00:00+00:00, run_after=2026-05-20 00:00:00+00:00
[2026-05-19T14:10:34.875+0000] {processor.py:183} INFO - Processing /opt/airflow/dags/stackoverflow_migration_dag.py took 0.940 seconds
[2026-05-19T14:11:05.220+0000] {processor.py:161} INFO - Started process (PID=1175) to work on /opt/airflow/dags/stackoverflow_migration_dag.py
[2026-05-19T14:11:05.221+0000] {processor.py:830} INFO - Processing file /opt/airflow/dags/stackoverflow_migration_dag.py for tasks to queue
[2026-05-19T14:11:05.223+0000] {logging_mixin.py:188} INFO - [2026-05-19T14:11:05.223+0000] {dagbag.py:545} INFO - Filling up the DagBag from /opt/airflow/dags/stackoverflow_migration_dag.py
[2026-05-19T14:11:06.030+0000] {processor.py:840} INFO - DAG(s) 'stackoverflow_medallion_pipeline_v2' retrieved from /opt/airflow/dags/stackoverflow_migration_dag.py
[2026-05-19T14:11:06.079+0000] {logging_mixin.py:188} INFO - [2026-05-19T14:11:06.079+0000] {dag.py:3096} INFO - Sync 1 DAGs
[2026-05-19T14:11:06.115+0000] {logging_mixin.py:188} INFO - [2026-05-19T14:11:06.115+0000] {dag.py:3954} INFO - Setting next_dagrun for stackoverflow_medallion_pipeline_v2 to 2026-05-19 00:00:00+00:00, run_after=2026-05-20 00:00:00+00:00
[2026-05-19T14:11:06.147+0000] {processor.py:183} INFO - Processing /opt/airflow/dags/stackoverflow_migration_dag.py took 0.934 seconds
[2026-05-19T14:11:36.447+0000] {processor.py:161} INFO - Started process (PID=1180) to work on /opt/airflow/dags/stackoverflow_migration_dag.py
[2026-05-19T14:11:36.448+0000] {processor.py:830} INFO - Processing file /opt/airflow/dags/stackoverflow_migration_dag.py for tasks to queue
[2026-05-19T14:11:36.451+0000] {logging_mixin.py:188} INFO - [2026-05-19T14:11:36.451+0000] {dagbag.py:545} INFO - Filling up the DagBag from /opt/airflow/dags/stackoverflow_migration_dag.py
[2026-05-19T14:11:37.268+0000] {processor.py:840} INFO - DAG(s) 'stackoverflow_medallion_pipeline_v2' retrieved from /opt/airflow/dags/stackoverflow_migration_dag.py
[2026-05-19T14:11:37.313+0000] {logging_mixin.py:188} INFO - [2026-05-19T14:11:37.313+0000] {dag.py:3096} INFO - Sync 1 DAGs
[2026-05-19T14:11:37.348+0000] {logging_mixin.py:188} INFO - [2026-05-19T14:11:37.347+0000] {dag.py:3954} INFO - Setting next_dagrun for stackoverflow_medallion_pipeline_v2 to 2026-05-19 00:00:00+00:00, run_after=2026-05-20 00:00:00+00:00
[2026-05-19T14:11:37.379+0000] {processor.py:183} INFO - Processing /opt/airflow/dags/stackoverflow_migration_dag.py took 0.938 seconds
[2026-05-19T14:12:07.761+0000] {processor.py:161} INFO - Started process (PID=1185) to work on /opt/airflow/dags/stackoverflow_migration_dag.py
[2026-05-19T14:12:07.762+0000] {processor.py:830} INFO - Processing file /opt/airflow/dags/stackoverflow_migration_dag.py for tasks to queue
[2026-05-19T14:12:07.765+0000] {logging_mixin.py:188} INFO - [2026-05-19T14:12:07.765+0000] {dagbag.py:545} INFO - Filling up the DagBag from /opt/airflow/dags/stackoverflow_migration_dag.py
[2026-05-19T14:12:08.726+0000] {processor.py:840} INFO - DAG(s) 'stackoverflow_medallion_pipeline_v2' retrieved from /opt/airflow/dags/stackoverflow_migration_dag.py
[2026-05-19T14:12:08.777+0000] {logging_mixin.py:188} INFO - [2026-05-19T14:12:08.777+0000] {dag.py:3096} INFO - Sync 1 DAGs
[2026-05-19T14:12:08.813+0000] {logging_mixin.py:188} INFO - [2026-05-19T14:12:08.813+0000] {dag.py:3954} INFO - Setting next_dagrun for stackoverflow_medallion_pipeline_v2 to 2026-05-19 00:00:00+00:00, run_after=2026-05-20 00:00:00+00:00
[2026-05-19T14:12:08.844+0000] {processor.py:183} INFO - Processing /opt/airflow/dags/stackoverflow_migration_dag.py took 1.092 seconds
[2026-05-19T14:12:39.038+0000] {processor.py:161} INFO - Started process (PID=1190) to work on /opt/airflow/dags/stackoverflow_migration_dag.py
[2026-05-19T14:12:39.039+0000] {processor.py:830} INFO - Processing file /opt/airflow/dags/stackoverflow_migration_dag.py for tasks to queue
[2026-05-19T14:12:39.042+0000] {logging_mixin.py:188} INFO - [2026-05-19T14:12:39.041+0000] {dagbag.py:545} INFO - Filling up the DagBag from /opt/airflow/dags/stackoverflow_migration_dag.py
[2026-05-19T14:12:39.852+0000] {processor.py:840} INFO - DAG(s) 'stackoverflow_medallion_pipeline_v2' retrieved from /opt/airflow/dags/stackoverflow_migration_dag.py
[2026-05-19T14:12:39.898+0000] {logging_mixin.py:188} INFO - [2026-05-19T14:12:39.897+0000] {dag.py:3096} INFO - Sync 1 DAGs
[2026-05-19T14:12:39.933+0000] {logging_mixin.py:188} INFO - [2026-05-19T14:12:39.933+0000] {dag.py:3954} INFO - Setting next_dagrun for stackoverflow_medallion_pipeline_v2 to 2026-05-19 00:00:00+00:00, run_after=2026-05-20 00:00:00+00:00
[2026-05-19T14:12:39.966+0000] {processor.py:183} INFO - Processing /opt/airflow/dags/stackoverflow_migration_dag.py took 0.936 seconds
[2026-05-19T14:13:10.316+0000] {processor.py:161} INFO - Started process (PID=1195) to work on /opt/airflow/dags/stackoverflow_migration_dag.py
[2026-05-19T14:13:10.317+0000] {processor.py:830} INFO - Processing file /opt/airflow/dags/stackoverflow_migration_dag.py for tasks to queue
[2026-05-19T14:13:10.320+0000] {logging_mixin.py:188} INFO - [2026-05-19T14:13:10.319+0000] {dagbag.py:545} INFO - Filling up the DagBag from /opt/airflow/dags/stackoverflow_migration_dag.py
[2026-05-19T14:13:11.221+0000] {processor.py:840} INFO - DAG(s) 'stackoverflow_medallion_pipeline_v2' retrieved from /opt/airflow/dags/stackoverflow_migration_dag.py
[2026-05-19T14:13:11.265+0000] {logging_mixin.py:188} INFO - [2026-05-19T14:13:11.264+0000] {dag.py:3096} INFO - Sync 1 DAGs
[2026-05-19T14:13:11.299+0000] {logging_mixin.py:188} INFO - [2026-05-19T14:13:11.299+0000] {dag.py:3954} INFO - Setting next_dagrun for stackoverflow_medallion_pipeline_v2 to 2026-05-19 00:00:00+00:00, run_after=2026-05-20 00:00:00+00:00
[2026-05-19T14:13:11.331+0000] {processor.py:183} INFO - Processing /opt/airflow/dags/stackoverflow_migration_dag.py took 1.023 seconds
[2026-05-19T14:13:41.714+0000] {processor.py:161} INFO - Started process (PID=1200) to work on /opt/airflow/dags/stackoverflow_migration_dag.py
[2026-05-19T14:13:41.715+0000] {processor.py:830} INFO - Processing file /opt/airflow/dags/stackoverflow_migration_dag.py for tasks to queue
[2026-05-19T14:13:41.717+0000] {logging_mixin.py:188} INFO - [2026-05-19T14:13:41.717+0000] {dagbag.py:545} INFO - Filling up the DagBag from /opt/airflow/dags/stackoverflow_migration_dag.py
[2026-05-19T14:13:42.525+0000] {processor.py:840} INFO - DAG(s) 'stackoverflow_medallion_pipeline_v2' retrieved from /opt/airflow/dags/stackoverflow_migration_dag.py
[2026-05-19T14:13:42.574+0000] {logging_mixin.py:188} INFO - [2026-05-19T14:13:42.574+0000] {dag.py:3096} INFO - Sync 1 DAGs
[2026-05-19T14:13:42.607+0000] {logging_mixin.py:188} INFO - [2026-05-19T14:13:42.607+0000] {dag.py:3954} INFO - Setting next_dagrun for stackoverflow_medallion_pipeline_v2 to 2026-05-19 00:00:00+00:00, run_after=2026-05-20 00:00:00+00:00
[2026-05-19T14:13:42.637+0000] {processor.py:183} INFO - Processing /opt/airflow/dags/stackoverflow_migration_dag.py took 0.929 seconds
[2026-05-19T14:14:12.992+0000] {processor.py:161} INFO - Started process (PID=1205) to work on /opt/airflow/dags/stackoverflow_migration_dag.py
[2026-05-19T14:14:12.993+0000] {processor.py:830} INFO - Processing file /opt/airflow/dags/stackoverflow_migration_dag.py for tasks to queue
[2026-05-19T14:14:12.996+0000] {logging_mixin.py:188} INFO - [2026-05-19T14:14:12.996+0000] {dagbag.py:545} INFO - Filling up the DagBag from /opt/airflow/dags/stackoverflow_migration_dag.py
[2026-05-19T14:14:13.832+0000] {processor.py:840} INFO - DAG(s) 'stackoverflow_medallion_pipeline_v2' retrieved from /opt/airflow/dags/stackoverflow_migration_dag.py
[2026-05-19T14:14:13.887+0000] {logging_mixin.py:188} INFO - [2026-05-19T14:14:13.887+0000] {dag.py:3096} INFO - Sync 1 DAGs
[2026-05-19T14:14:13.921+0000] {logging_mixin.py:188} INFO - [2026-05-19T14:14:13.921+0000] {dag.py:3954} INFO - Setting next_dagrun for stackoverflow_medallion_pipeline_v2 to 2026-05-19 00:00:00+00:00, run_after=2026-05-20 00:00:00+00:00
[2026-05-19T14:14:13.952+0000] {processor.py:183} INFO - Processing /opt/airflow/dags/stackoverflow_migration_dag.py took 0.968 seconds
[2026-05-19T14:14:44.345+0000] {processor.py:161} INFO - Started process (PID=1210) to work on /opt/airflow/dags/stackoverflow_migration_dag.py
[2026-05-19T14:14:44.346+0000] {processor.py:830} INFO - Processing file /opt/airflow/dags/stackoverflow_migration_dag.py for tasks to queue
[2026-05-19T14:14:44.348+0000] {logging_mixin.py:188} INFO - [2026-05-19T14:14:44.348+0000] {dagbag.py:545} INFO - Filling up the DagBag from /opt/airflow/dags/stackoverflow_migration_dag.py
[2026-05-19T14:14:45.128+0000] {processor.py:840} INFO - DAG(s) 'stackoverflow_medallion_pipeline_v2' retrieved from /opt/airflow/dags/stackoverflow_migration_dag.py
[2026-05-19T14:14:45.173+0000] {logging_mixin.py:188} INFO - [2026-05-19T14:14:45.173+0000] {dag.py:3096} INFO - Sync 1 DAGs
[2026-05-19T14:14:45.207+0000] {logging_mixin.py:188} INFO - [2026-05-19T14:14:45.207+0000] {dag.py:3954} INFO - Setting next_dagrun for stackoverflow_medallion_pipeline_v2 to 2026-05-19 00:00:00+00:00, run_after=2026-05-20 00:00:00+00:00
[2026-05-19T14:14:45.238+0000] {processor.py:183} INFO - Processing /opt/airflow/dags/stackoverflow_migration_dag.py took 0.900 seconds
[2026-05-19T14:15:15.598+0000] {processor.py:161} INFO - Started process (PID=1215) to work on /opt/airflow/dags/stackoverflow_migration_dag.py
[2026-05-19T14:15:15.599+0000] {processor.py:830} INFO - Processing file /opt/airflow/dags/stackoverflow_migration_dag.py for tasks to queue
[2026-05-19T14:15:15.601+0000] {logging_mixin.py:188} INFO - [2026-05-19T14:15:15.601+0000] {dagbag.py:545} INFO - Filling up the DagBag from /opt/airflow/dags/stackoverflow_migration_dag.py
[2026-05-19T14:15:16.374+0000] {processor.py:840} INFO - DAG(s) 'stackoverflow_medallion_pipeline_v2' retrieved from /opt/airflow/dags/stackoverflow_migration_dag.py
[2026-05-19T14:15:16.417+0000] {logging_mixin.py:188} INFO - [2026-05-19T14:15:16.417+0000] {dag.py:3096} INFO - Sync 1 DAGs
[2026-05-19T14:15:16.451+0000] {logging_mixin.py:188} INFO - [2026-05-19T14:15:16.451+0000] {dag.py:3954} INFO - Setting next_dagrun for stackoverflow_medallion_pipeline_v2 to 2026-05-19 00:00:00+00:00, run_after=2026-05-20 00:00:00+00:00
[2026-05-19T14:15:16.483+0000] {processor.py:183} INFO - Processing /opt/airflow/dags/stackoverflow_migration_dag.py took 0.892 seconds
[2026-05-19T14:15:46.784+0000] {processor.py:161} INFO - Started process (PID=1220) to work on /opt/airflow/dags/stackoverflow_migration_dag.py
[2026-05-19T14:15:46.785+0000] {processor.py:830} INFO - Processing file /opt/airflow/dags/stackoverflow_migration_dag.py for tasks to queue
[2026-05-19T14:15:46.788+0000] {logging_mixin.py:188} INFO - [2026-05-19T14:15:46.787+0000] {dagbag.py:545} INFO - Filling up the DagBag from /opt/airflow/dags/stackoverflow_migration_dag.py
[2026-05-19T14:15:47.570+0000] {processor.py:840} INFO - DAG(s) 'stackoverflow_medallion_pipeline_v2' retrieved from /opt/airflow/dags/stackoverflow_migration_dag.py
[2026-05-19T14:15:47.613+0000] {logging_mixin.py:188} INFO - [2026-05-19T14:15:47.613+0000] {dag.py:3096} INFO - Sync 1 DAGs
[2026-05-19T14:15:47.649+0000] {logging_mixin.py:188} INFO - [2026-05-19T14:15:47.649+0000] {dag.py:3954} INFO - Setting next_dagrun for stackoverflow_medallion_pipeline_v2 to 2026-05-19 00:00:00+00:00, run_after=2026-05-20 00:00:00+00:00
[2026-05-19T14:15:47.680+0000] {processor.py:183} INFO - Processing /opt/airflow/dags/stackoverflow_migration_dag.py took 0.903 seconds
[2026-05-19T14:16:17.939+0000] {processor.py:161} INFO - Started process (PID=1225) to work on /opt/airflow/dags/stackoverflow_migration_dag.py
[2026-05-19T14:16:17.940+0000] {processor.py:830} INFO - Processing file /opt/airflow/dags/stackoverflow_migration_dag.py for tasks to queue
[2026-05-19T14:16:17.942+0000] {logging_mixin.py:188} INFO - [2026-05-19T14:16:17.942+0000] {dagbag.py:545} INFO - Filling up the DagBag from /opt/airflow/dags/stackoverflow_migration_dag.py
[2026-05-19T14:16:18.712+0000] {processor.py:840} INFO - DAG(s) 'stackoverflow_medallion_pipeline_v2' retrieved from /opt/airflow/dags/stackoverflow_migration_dag.py
[2026-05-19T14:16:18.760+0000] {logging_mixin.py:188} INFO - [2026-05-19T14:16:18.760+0000] {dag.py:3096} INFO - Sync 1 DAGs
[2026-05-19T14:16:18.795+0000] {logging_mixin.py:188} INFO - [2026-05-19T14:16:18.794+0000] {dag.py:3954} INFO - Setting next_dagrun for stackoverflow_medallion_pipeline_v2 to 2026-05-19 00:00:00+00:00, run_after=2026-05-20 00:00:00+00:00
[2026-05-19T14:16:18.825+0000] {processor.py:183} INFO - Processing /opt/airflow/dags/stackoverflow_migration_dag.py took 0.893 seconds
[2026-05-19T14:16:49.164+0000] {processor.py:161} INFO - Started process (PID=1230) to work on /opt/airflow/dags/stackoverflow_migration_dag.py
[2026-05-19T14:16:49.168+0000] {processor.py:830} INFO - Processing file /opt/airflow/dags/stackoverflow_migration_dag.py for tasks to queue
[2026-05-19T14:16:49.173+0000] {logging_mixin.py:188} INFO - [2026-05-19T14:16:49.172+0000] {dagbag.py:545} INFO - Filling up the DagBag from /opt/airflow/dags/stackoverflow_migration_dag.py
[2026-05-19T14:16:50.310+0000] {processor.py:840} INFO - DAG(s) 'stackoverflow_medallion_pipeline_v2' retrieved from /opt/airflow/dags/stackoverflow_migration_dag.py
[2026-05-19T14:16:50.357+0000] {logging_mixin.py:188} INFO - [2026-05-19T14:16:50.357+0000] {dag.py:3096} INFO - Sync 1 DAGs
[2026-05-19T14:16:50.400+0000] {logging_mixin.py:188} INFO - [2026-05-19T14:16:50.399+0000] {dag.py:3954} INFO - Setting next_dagrun for stackoverflow_medallion_pipeline_v2 to 2026-05-19 00:00:00+00:00, run_after=2026-05-20 00:00:00+00:00
[2026-05-19T14:16:50.436+0000] {processor.py:183} INFO - Processing /opt/airflow/dags/stackoverflow_migration_dag.py took 1.286 seconds
[2026-05-19T14:17:20.740+0000] {processor.py:161} INFO - Started process (PID=1235) to work on /opt/airflow/dags/stackoverflow_migration_dag.py
[2026-05-19T14:17:20.741+0000] {processor.py:830} INFO - Processing file /opt/airflow/dags/stackoverflow_migration_dag.py for tasks to queue
[2026-05-19T14:17:20.746+0000] {logging_mixin.py:188} INFO - [2026-05-19T14:17:20.745+0000] {dagbag.py:545} INFO - Filling up the DagBag from /opt/airflow/dags/stackoverflow_migration_dag.py
[2026-05-19T14:17:21.872+0000] {processor.py:840} INFO - DAG(s) 'stackoverflow_medallion_pipeline_v2' retrieved from /opt/airflow/dags/stackoverflow_migration_dag.py
[2026-05-19T14:17:21.919+0000] {logging_mixin.py:188} INFO - [2026-05-19T14:17:21.919+0000] {dag.py:3096} INFO - Sync 1 DAGs
[2026-05-19T14:17:21.954+0000] {logging_mixin.py:188} INFO - [2026-05-19T14:17:21.954+0000] {dag.py:3954} INFO - Setting next_dagrun for stackoverflow_medallion_pipeline_v2 to 2026-05-19 00:00:00+00:00, run_after=2026-05-20 00:00:00+00:00
[2026-05-19T14:17:21.985+0000] {processor.py:183} INFO - Processing /opt/airflow/dags/stackoverflow_migration_dag.py took 1.253 seconds
[2026-05-19T14:17:52.041+0000] {processor.py:161} INFO - Started process (PID=1240) to work on /opt/airflow/dags/stackoverflow_migration_dag.py
[2026-05-19T14:17:52.042+0000] {processor.py:830} INFO - Processing file /opt/airflow/dags/stackoverflow_migration_dag.py for tasks to queue
[2026-05-19T14:17:52.044+0000] {logging_mixin.py:188} INFO - [2026-05-19T14:17:52.044+0000] {dagbag.py:545} INFO - Filling up the DagBag from /opt/airflow/dags/stackoverflow_migration_dag.py
[2026-05-19T14:17:52.842+0000] {processor.py:840} INFO - DAG(s) 'stackoverflow_medallion_pipeline_v2' retrieved from /opt/airflow/dags/stackoverflow_migration_dag.py
[2026-05-19T14:17:52.889+0000] {logging_mixin.py:188} INFO - [2026-05-19T14:17:52.889+0000] {dag.py:3096} INFO - Sync 1 DAGs
[2026-05-19T14:17:52.925+0000] {logging_mixin.py:188} INFO - [2026-05-19T14:17:52.925+0000] {dag.py:3954} INFO - Setting next_dagrun for stackoverflow_medallion_pipeline_v2 to 2026-05-19 00:00:00+00:00, run_after=2026-05-20 00:00:00+00:00
[2026-05-19T14:17:52.963+0000] {processor.py:183} INFO - Processing /opt/airflow/dags/stackoverflow_migration_dag.py took 0.929 seconds
