[2026-05-06T10:25:37.892+0000] {processor.py:161} INFO - Started process (PID=164) to work on /opt/airflow/dags/stackoverflow_migration_dag.py
[2026-05-06T10:25:37.894+0000] {processor.py:830} INFO - Processing file /opt/airflow/dags/stackoverflow_migration_dag.py for tasks to queue
[2026-05-06T10:25:37.897+0000] {logging_mixin.py:188} INFO - [2026-05-06T10:25:37.896+0000] {dagbag.py:545} INFO - Filling up the DagBag from /opt/airflow/dags/stackoverflow_migration_dag.py
[2026-05-06T10:25:37.977+0000] {processor.py:840} INFO - DAG(s) 'stackoverflow_medallion_pipeline' retrieved from /opt/airflow/dags/stackoverflow_migration_dag.py
[2026-05-06T10:25:38.711+0000] {logging_mixin.py:188} INFO - [2026-05-06T10:25:38.711+0000] {dag.py:3096} INFO - Sync 1 DAGs
[2026-05-06T10:25:38.814+0000] {logging_mixin.py:188} INFO - [2026-05-06T10:25:38.814+0000] {dag.py:3954} INFO - Setting next_dagrun for stackoverflow_medallion_pipeline to 2026-05-05 00:00:00+00:00, run_after=2026-05-06 00:00:00+00:00
[2026-05-06T10:25:38.900+0000] {processor.py:183} INFO - Processing /opt/airflow/dags/stackoverflow_migration_dag.py took 1.023 seconds
[2026-05-06T10:26:09.291+0000] {processor.py:161} INFO - Started process (PID=171) to work on /opt/airflow/dags/stackoverflow_migration_dag.py
[2026-05-06T10:26:09.295+0000] {processor.py:830} INFO - Processing file /opt/airflow/dags/stackoverflow_migration_dag.py for tasks to queue
[2026-05-06T10:26:09.302+0000] {logging_mixin.py:188} INFO - [2026-05-06T10:26:09.301+0000] {dagbag.py:545} INFO - Filling up the DagBag from /opt/airflow/dags/stackoverflow_migration_dag.py
[2026-05-06T10:26:09.375+0000] {processor.py:840} INFO - DAG(s) 'stackoverflow_medallion_pipeline' retrieved from /opt/airflow/dags/stackoverflow_migration_dag.py
[2026-05-06T10:26:09.489+0000] {logging_mixin.py:188} INFO - [2026-05-06T10:26:09.488+0000] {dag.py:3096} INFO - Sync 1 DAGs
[2026-05-06T10:26:09.601+0000] {logging_mixin.py:188} INFO - [2026-05-06T10:26:09.601+0000] {dag.py:3954} INFO - Setting next_dagrun for stackoverflow_medallion_pipeline to 2026-05-06 00:00:00+00:00, run_after=2026-05-07 00:00:00+00:00
[2026-05-06T10:26:09.677+0000] {processor.py:183} INFO - Processing /opt/airflow/dags/stackoverflow_migration_dag.py took 0.411 seconds
[2026-05-06T10:26:39.964+0000] {processor.py:161} INFO - Started process (PID=176) to work on /opt/airflow/dags/stackoverflow_migration_dag.py
[2026-05-06T10:26:39.967+0000] {processor.py:830} INFO - Processing file /opt/airflow/dags/stackoverflow_migration_dag.py for tasks to queue
[2026-05-06T10:26:39.972+0000] {logging_mixin.py:188} INFO - [2026-05-06T10:26:39.971+0000] {dagbag.py:545} INFO - Filling up the DagBag from /opt/airflow/dags/stackoverflow_migration_dag.py
[2026-05-06T10:26:40.026+0000] {processor.py:840} INFO - DAG(s) 'stackoverflow_medallion_pipeline' retrieved from /opt/airflow/dags/stackoverflow_migration_dag.py
[2026-05-06T10:26:40.145+0000] {logging_mixin.py:188} INFO - [2026-05-06T10:26:40.145+0000] {dag.py:3096} INFO - Sync 1 DAGs
[2026-05-06T10:26:40.231+0000] {logging_mixin.py:188} INFO - [2026-05-06T10:26:40.230+0000] {dag.py:3954} INFO - Setting next_dagrun for stackoverflow_medallion_pipeline to 2026-05-06 00:00:00+00:00, run_after=2026-05-07 00:00:00+00:00
[2026-05-06T10:26:40.309+0000] {processor.py:183} INFO - Processing /opt/airflow/dags/stackoverflow_migration_dag.py took 0.360 seconds
[2026-05-06T10:27:10.629+0000] {processor.py:161} INFO - Started process (PID=181) to work on /opt/airflow/dags/stackoverflow_migration_dag.py
[2026-05-06T10:27:10.917+0000] {processor.py:830} INFO - Processing file /opt/airflow/dags/stackoverflow_migration_dag.py for tasks to queue
[2026-05-06T10:27:10.922+0000] {logging_mixin.py:188} INFO - [2026-05-06T10:27:10.921+0000] {dagbag.py:545} INFO - Filling up the DagBag from /opt/airflow/dags/stackoverflow_migration_dag.py
[2026-05-06T10:27:10.980+0000] {processor.py:840} INFO - DAG(s) 'stackoverflow_medallion_pipeline' retrieved from /opt/airflow/dags/stackoverflow_migration_dag.py
[2026-05-06T10:27:11.090+0000] {logging_mixin.py:188} INFO - [2026-05-06T10:27:11.089+0000] {dag.py:3096} INFO - Sync 1 DAGs
[2026-05-06T10:27:11.176+0000] {logging_mixin.py:188} INFO - [2026-05-06T10:27:11.175+0000] {dag.py:3954} INFO - Setting next_dagrun for stackoverflow_medallion_pipeline to 2026-05-06 00:00:00+00:00, run_after=2026-05-07 00:00:00+00:00
[2026-05-06T10:27:11.237+0000] {processor.py:183} INFO - Processing /opt/airflow/dags/stackoverflow_migration_dag.py took 0.622 seconds
[2026-05-06T10:27:41.436+0000] {processor.py:161} INFO - Started process (PID=186) to work on /opt/airflow/dags/stackoverflow_migration_dag.py
[2026-05-06T10:27:41.438+0000] {processor.py:830} INFO - Processing file /opt/airflow/dags/stackoverflow_migration_dag.py for tasks to queue
[2026-05-06T10:27:41.442+0000] {logging_mixin.py:188} INFO - [2026-05-06T10:27:41.442+0000] {dagbag.py:545} INFO - Filling up the DagBag from /opt/airflow/dags/stackoverflow_migration_dag.py
[2026-05-06T10:27:41.493+0000] {processor.py:840} INFO - DAG(s) 'stackoverflow_medallion_pipeline' retrieved from /opt/airflow/dags/stackoverflow_migration_dag.py
[2026-05-06T10:27:41.578+0000] {logging_mixin.py:188} INFO - [2026-05-06T10:27:41.578+0000] {dag.py:3096} INFO - Sync 1 DAGs
[2026-05-06T10:27:41.641+0000] {logging_mixin.py:188} INFO - [2026-05-06T10:27:41.640+0000] {dag.py:3954} INFO - Setting next_dagrun for stackoverflow_medallion_pipeline to 2026-05-06 00:00:00+00:00, run_after=2026-05-07 00:00:00+00:00
[2026-05-06T10:27:41.691+0000] {processor.py:183} INFO - Processing /opt/airflow/dags/stackoverflow_migration_dag.py took 0.267 seconds
[2026-05-06T10:28:11.965+0000] {processor.py:161} INFO - Started process (PID=195) to work on /opt/airflow/dags/stackoverflow_migration_dag.py
[2026-05-06T10:28:11.966+0000] {processor.py:830} INFO - Processing file /opt/airflow/dags/stackoverflow_migration_dag.py for tasks to queue
[2026-05-06T10:28:11.969+0000] {logging_mixin.py:188} INFO - [2026-05-06T10:28:11.968+0000] {dagbag.py:545} INFO - Filling up the DagBag from /opt/airflow/dags/stackoverflow_migration_dag.py
[2026-05-06T10:28:12.013+0000] {processor.py:840} INFO - DAG(s) 'stackoverflow_medallion_pipeline' retrieved from /opt/airflow/dags/stackoverflow_migration_dag.py
[2026-05-06T10:28:12.099+0000] {logging_mixin.py:188} INFO - [2026-05-06T10:28:12.098+0000] {dag.py:3096} INFO - Sync 1 DAGs
[2026-05-06T10:28:12.162+0000] {logging_mixin.py:188} INFO - [2026-05-06T10:28:12.162+0000] {dag.py:3954} INFO - Setting next_dagrun for stackoverflow_medallion_pipeline to 2026-05-06 00:00:00+00:00, run_after=2026-05-07 00:00:00+00:00
[2026-05-06T10:28:12.214+0000] {processor.py:183} INFO - Processing /opt/airflow/dags/stackoverflow_migration_dag.py took 0.258 seconds
[2026-05-06T10:28:42.622+0000] {processor.py:161} INFO - Started process (PID=200) to work on /opt/airflow/dags/stackoverflow_migration_dag.py
[2026-05-06T10:28:42.624+0000] {processor.py:830} INFO - Processing file /opt/airflow/dags/stackoverflow_migration_dag.py for tasks to queue
[2026-05-06T10:28:42.628+0000] {logging_mixin.py:188} INFO - [2026-05-06T10:28:42.628+0000] {dagbag.py:545} INFO - Filling up the DagBag from /opt/airflow/dags/stackoverflow_migration_dag.py
[2026-05-06T10:28:42.683+0000] {processor.py:840} INFO - DAG(s) 'stackoverflow_medallion_pipeline' retrieved from /opt/airflow/dags/stackoverflow_migration_dag.py
[2026-05-06T10:28:42.779+0000] {logging_mixin.py:188} INFO - [2026-05-06T10:28:42.779+0000] {dag.py:3096} INFO - Sync 1 DAGs
[2026-05-06T10:28:42.853+0000] {logging_mixin.py:188} INFO - [2026-05-06T10:28:42.853+0000] {dag.py:3954} INFO - Setting next_dagrun for stackoverflow_medallion_pipeline to 2026-05-06 00:00:00+00:00, run_after=2026-05-07 00:00:00+00:00
[2026-05-06T10:28:42.928+0000] {processor.py:183} INFO - Processing /opt/airflow/dags/stackoverflow_migration_dag.py took 0.317 seconds
[2026-05-06T10:29:13.879+0000] {processor.py:161} INFO - Started process (PID=205) to work on /opt/airflow/dags/stackoverflow_migration_dag.py
[2026-05-06T10:29:13.882+0000] {processor.py:830} INFO - Processing file /opt/airflow/dags/stackoverflow_migration_dag.py for tasks to queue
[2026-05-06T10:29:13.887+0000] {logging_mixin.py:188} INFO - [2026-05-06T10:29:13.886+0000] {dagbag.py:545} INFO - Filling up the DagBag from /opt/airflow/dags/stackoverflow_migration_dag.py
[2026-05-06T10:29:13.962+0000] {processor.py:840} INFO - DAG(s) 'stackoverflow_medallion_pipeline' retrieved from /opt/airflow/dags/stackoverflow_migration_dag.py
[2026-05-06T10:29:14.091+0000] {logging_mixin.py:188} INFO - [2026-05-06T10:29:14.090+0000] {dag.py:3096} INFO - Sync 1 DAGs
[2026-05-06T10:29:14.204+0000] {logging_mixin.py:188} INFO - [2026-05-06T10:29:14.204+0000] {dag.py:3954} INFO - Setting next_dagrun for stackoverflow_medallion_pipeline to 2026-05-06 00:00:00+00:00, run_after=2026-05-07 00:00:00+00:00
[2026-05-06T10:29:14.278+0000] {processor.py:183} INFO - Processing /opt/airflow/dags/stackoverflow_migration_dag.py took 0.420 seconds
[2026-05-06T10:29:44.673+0000] {processor.py:161} INFO - Started process (PID=210) to work on /opt/airflow/dags/stackoverflow_migration_dag.py
[2026-05-06T10:29:44.676+0000] {processor.py:830} INFO - Processing file /opt/airflow/dags/stackoverflow_migration_dag.py for tasks to queue
[2026-05-06T10:29:44.682+0000] {logging_mixin.py:188} INFO - [2026-05-06T10:29:44.681+0000] {dagbag.py:545} INFO - Filling up the DagBag from /opt/airflow/dags/stackoverflow_migration_dag.py
[2026-05-06T10:29:44.744+0000] {processor.py:840} INFO - DAG(s) 'stackoverflow_medallion_pipeline' retrieved from /opt/airflow/dags/stackoverflow_migration_dag.py
[2026-05-06T10:29:44.851+0000] {logging_mixin.py:188} INFO - [2026-05-06T10:29:44.850+0000] {dag.py:3096} INFO - Sync 1 DAGs
[2026-05-06T10:29:44.922+0000] {logging_mixin.py:188} INFO - [2026-05-06T10:29:44.922+0000] {dag.py:3954} INFO - Setting next_dagrun for stackoverflow_medallion_pipeline to 2026-05-06 00:00:00+00:00, run_after=2026-05-07 00:00:00+00:00
[2026-05-06T10:29:44.979+0000] {processor.py:183} INFO - Processing /opt/airflow/dags/stackoverflow_migration_dag.py took 0.321 seconds
[2026-05-06T10:30:15.276+0000] {processor.py:161} INFO - Started process (PID=215) to work on /opt/airflow/dags/stackoverflow_migration_dag.py
[2026-05-06T10:30:15.278+0000] {processor.py:830} INFO - Processing file /opt/airflow/dags/stackoverflow_migration_dag.py for tasks to queue
[2026-05-06T10:30:15.281+0000] {logging_mixin.py:188} INFO - [2026-05-06T10:30:15.280+0000] {dagbag.py:545} INFO - Filling up the DagBag from /opt/airflow/dags/stackoverflow_migration_dag.py
[2026-05-06T10:30:15.323+0000] {processor.py:840} INFO - DAG(s) 'stackoverflow_medallion_pipeline' retrieved from /opt/airflow/dags/stackoverflow_migration_dag.py
[2026-05-06T10:30:15.402+0000] {logging_mixin.py:188} INFO - [2026-05-06T10:30:15.402+0000] {dag.py:3096} INFO - Sync 1 DAGs
[2026-05-06T10:30:15.458+0000] {logging_mixin.py:188} INFO - [2026-05-06T10:30:15.458+0000] {dag.py:3954} INFO - Setting next_dagrun for stackoverflow_medallion_pipeline to 2026-05-06 00:00:00+00:00, run_after=2026-05-07 00:00:00+00:00
[2026-05-06T10:30:15.502+0000] {processor.py:183} INFO - Processing /opt/airflow/dags/stackoverflow_migration_dag.py took 0.233 seconds
[2026-05-06T10:30:45.626+0000] {processor.py:161} INFO - Started process (PID=220) to work on /opt/airflow/dags/stackoverflow_migration_dag.py
[2026-05-06T10:30:45.628+0000] {processor.py:830} INFO - Processing file /opt/airflow/dags/stackoverflow_migration_dag.py for tasks to queue
[2026-05-06T10:30:45.632+0000] {logging_mixin.py:188} INFO - [2026-05-06T10:30:45.631+0000] {dagbag.py:545} INFO - Filling up the DagBag from /opt/airflow/dags/stackoverflow_migration_dag.py
[2026-05-06T10:30:45.676+0000] {processor.py:840} INFO - DAG(s) 'stackoverflow_medallion_pipeline' retrieved from /opt/airflow/dags/stackoverflow_migration_dag.py
[2026-05-06T10:30:45.762+0000] {logging_mixin.py:188} INFO - [2026-05-06T10:30:45.762+0000] {dag.py:3096} INFO - Sync 1 DAGs
[2026-05-06T10:30:45.820+0000] {logging_mixin.py:188} INFO - [2026-05-06T10:30:45.819+0000] {dag.py:3954} INFO - Setting next_dagrun for stackoverflow_medallion_pipeline to 2026-05-06 00:00:00+00:00, run_after=2026-05-07 00:00:00+00:00
[2026-05-06T10:30:45.858+0000] {processor.py:183} INFO - Processing /opt/airflow/dags/stackoverflow_migration_dag.py took 0.242 seconds
[2026-05-06T10:31:16.088+0000] {processor.py:161} INFO - Started process (PID=225) to work on /opt/airflow/dags/stackoverflow_migration_dag.py
[2026-05-06T10:31:16.089+0000] {processor.py:830} INFO - Processing file /opt/airflow/dags/stackoverflow_migration_dag.py for tasks to queue
[2026-05-06T10:31:16.092+0000] {logging_mixin.py:188} INFO - [2026-05-06T10:31:16.092+0000] {dagbag.py:545} INFO - Filling up the DagBag from /opt/airflow/dags/stackoverflow_migration_dag.py
[2026-05-06T10:31:16.130+0000] {processor.py:840} INFO - DAG(s) 'stackoverflow_medallion_pipeline' retrieved from /opt/airflow/dags/stackoverflow_migration_dag.py
[2026-05-06T10:31:16.195+0000] {logging_mixin.py:188} INFO - [2026-05-06T10:31:16.195+0000] {dag.py:3096} INFO - Sync 1 DAGs
[2026-05-06T10:31:16.242+0000] {logging_mixin.py:188} INFO - [2026-05-06T10:31:16.241+0000] {dag.py:3954} INFO - Setting next_dagrun for stackoverflow_medallion_pipeline to 2026-05-06 00:00:00+00:00, run_after=2026-05-07 00:00:00+00:00
[2026-05-06T10:31:16.281+0000] {processor.py:183} INFO - Processing /opt/airflow/dags/stackoverflow_migration_dag.py took 0.202 seconds
[2026-05-06T10:31:46.691+0000] {processor.py:161} INFO - Started process (PID=230) to work on /opt/airflow/dags/stackoverflow_migration_dag.py
[2026-05-06T10:31:46.693+0000] {processor.py:830} INFO - Processing file /opt/airflow/dags/stackoverflow_migration_dag.py for tasks to queue
[2026-05-06T10:31:46.696+0000] {logging_mixin.py:188} INFO - [2026-05-06T10:31:46.695+0000] {dagbag.py:545} INFO - Filling up the DagBag from /opt/airflow/dags/stackoverflow_migration_dag.py
[2026-05-06T10:31:46.737+0000] {processor.py:840} INFO - DAG(s) 'stackoverflow_medallion_pipeline' retrieved from /opt/airflow/dags/stackoverflow_migration_dag.py
[2026-05-06T10:31:46.806+0000] {logging_mixin.py:188} INFO - [2026-05-06T10:31:46.806+0000] {dag.py:3096} INFO - Sync 1 DAGs
[2026-05-06T10:31:46.860+0000] {logging_mixin.py:188} INFO - [2026-05-06T10:31:46.860+0000] {dag.py:3954} INFO - Setting next_dagrun for stackoverflow_medallion_pipeline to 2026-05-06 00:00:00+00:00, run_after=2026-05-07 00:00:00+00:00
[2026-05-06T10:31:46.900+0000] {processor.py:183} INFO - Processing /opt/airflow/dags/stackoverflow_migration_dag.py took 0.217 seconds
[2026-05-06T10:32:17.176+0000] {processor.py:161} INFO - Started process (PID=235) to work on /opt/airflow/dags/stackoverflow_migration_dag.py
[2026-05-06T10:32:17.178+0000] {processor.py:830} INFO - Processing file /opt/airflow/dags/stackoverflow_migration_dag.py for tasks to queue
[2026-05-06T10:32:17.183+0000] {logging_mixin.py:188} INFO - [2026-05-06T10:32:17.183+0000] {dagbag.py:545} INFO - Filling up the DagBag from /opt/airflow/dags/stackoverflow_migration_dag.py
[2026-05-06T10:32:17.262+0000] {processor.py:840} INFO - DAG(s) 'stackoverflow_medallion_pipeline' retrieved from /opt/airflow/dags/stackoverflow_migration_dag.py
[2026-05-06T10:32:17.356+0000] {logging_mixin.py:188} INFO - [2026-05-06T10:32:17.355+0000] {dag.py:3096} INFO - Sync 1 DAGs
[2026-05-06T10:32:17.452+0000] {logging_mixin.py:188} INFO - [2026-05-06T10:32:17.451+0000] {dag.py:3954} INFO - Setting next_dagrun for stackoverflow_medallion_pipeline to 2026-05-06 00:00:00+00:00, run_after=2026-05-07 00:00:00+00:00
[2026-05-06T10:32:17.516+0000] {processor.py:183} INFO - Processing /opt/airflow/dags/stackoverflow_migration_dag.py took 0.353 seconds
[2026-05-06T10:32:47.873+0000] {processor.py:161} INFO - Started process (PID=242) to work on /opt/airflow/dags/stackoverflow_migration_dag.py
[2026-05-06T10:32:47.875+0000] {processor.py:830} INFO - Processing file /opt/airflow/dags/stackoverflow_migration_dag.py for tasks to queue
[2026-05-06T10:32:47.879+0000] {logging_mixin.py:188} INFO - [2026-05-06T10:32:47.879+0000] {dagbag.py:545} INFO - Filling up the DagBag from /opt/airflow/dags/stackoverflow_migration_dag.py
[2026-05-06T10:32:47.939+0000] {processor.py:840} INFO - DAG(s) 'stackoverflow_medallion_pipeline' retrieved from /opt/airflow/dags/stackoverflow_migration_dag.py
[2026-05-06T10:32:48.058+0000] {logging_mixin.py:188} INFO - [2026-05-06T10:32:48.058+0000] {dag.py:3096} INFO - Sync 1 DAGs
[2026-05-06T10:32:48.126+0000] {logging_mixin.py:188} INFO - [2026-05-06T10:32:48.126+0000] {dag.py:3954} INFO - Setting next_dagrun for stackoverflow_medallion_pipeline to 2026-05-06 00:00:00+00:00, run_after=2026-05-07 00:00:00+00:00
[2026-05-06T10:32:48.183+0000] {processor.py:183} INFO - Processing /opt/airflow/dags/stackoverflow_migration_dag.py took 0.328 seconds
[2026-05-06T10:33:18.487+0000] {processor.py:161} INFO - Started process (PID=247) to work on /opt/airflow/dags/stackoverflow_migration_dag.py
[2026-05-06T10:33:18.489+0000] {processor.py:830} INFO - Processing file /opt/airflow/dags/stackoverflow_migration_dag.py for tasks to queue
[2026-05-06T10:33:18.493+0000] {logging_mixin.py:188} INFO - [2026-05-06T10:33:18.492+0000] {dagbag.py:545} INFO - Filling up the DagBag from /opt/airflow/dags/stackoverflow_migration_dag.py
[2026-05-06T10:33:18.540+0000] {processor.py:840} INFO - DAG(s) 'stackoverflow_medallion_pipeline' retrieved from /opt/airflow/dags/stackoverflow_migration_dag.py
[2026-05-06T10:33:18.631+0000] {logging_mixin.py:188} INFO - [2026-05-06T10:33:18.631+0000] {dag.py:3096} INFO - Sync 1 DAGs
[2026-05-06T10:33:18.696+0000] {logging_mixin.py:188} INFO - [2026-05-06T10:33:18.696+0000] {dag.py:3954} INFO - Setting next_dagrun for stackoverflow_medallion_pipeline to 2026-05-06 00:00:00+00:00, run_after=2026-05-07 00:00:00+00:00
[2026-05-06T10:33:18.746+0000] {processor.py:183} INFO - Processing /opt/airflow/dags/stackoverflow_migration_dag.py took 0.269 seconds
[2026-05-06T10:33:48.849+0000] {processor.py:161} INFO - Started process (PID=252) to work on /opt/airflow/dags/stackoverflow_migration_dag.py
[2026-05-06T10:33:48.851+0000] {processor.py:830} INFO - Processing file /opt/airflow/dags/stackoverflow_migration_dag.py for tasks to queue
[2026-05-06T10:33:48.854+0000] {logging_mixin.py:188} INFO - [2026-05-06T10:33:48.854+0000] {dagbag.py:545} INFO - Filling up the DagBag from /opt/airflow/dags/stackoverflow_migration_dag.py
[2026-05-06T10:33:48.901+0000] {processor.py:840} INFO - DAG(s) 'stackoverflow_medallion_pipeline' retrieved from /opt/airflow/dags/stackoverflow_migration_dag.py
[2026-05-06T10:33:48.994+0000] {logging_mixin.py:188} INFO - [2026-05-06T10:33:48.993+0000] {dag.py:3096} INFO - Sync 1 DAGs
[2026-05-06T10:33:49.059+0000] {logging_mixin.py:188} INFO - [2026-05-06T10:33:49.058+0000] {dag.py:3954} INFO - Setting next_dagrun for stackoverflow_medallion_pipeline to 2026-05-06 00:00:00+00:00, run_after=2026-05-07 00:00:00+00:00
[2026-05-06T10:33:49.107+0000] {processor.py:183} INFO - Processing /opt/airflow/dags/stackoverflow_migration_dag.py took 0.268 seconds
[2026-05-06T10:34:19.369+0000] {processor.py:161} INFO - Started process (PID=257) to work on /opt/airflow/dags/stackoverflow_migration_dag.py
[2026-05-06T10:34:19.371+0000] {processor.py:830} INFO - Processing file /opt/airflow/dags/stackoverflow_migration_dag.py for tasks to queue
[2026-05-06T10:34:19.376+0000] {logging_mixin.py:188} INFO - [2026-05-06T10:34:19.375+0000] {dagbag.py:545} INFO - Filling up the DagBag from /opt/airflow/dags/stackoverflow_migration_dag.py
[2026-05-06T10:34:19.437+0000] {processor.py:840} INFO - DAG(s) 'stackoverflow_medallion_pipeline' retrieved from /opt/airflow/dags/stackoverflow_migration_dag.py
[2026-05-06T10:34:19.550+0000] {logging_mixin.py:188} INFO - [2026-05-06T10:34:19.549+0000] {dag.py:3096} INFO - Sync 1 DAGs
[2026-05-06T10:34:19.628+0000] {logging_mixin.py:188} INFO - [2026-05-06T10:34:19.627+0000] {dag.py:3954} INFO - Setting next_dagrun for stackoverflow_medallion_pipeline to 2026-05-06 00:00:00+00:00, run_after=2026-05-07 00:00:00+00:00
[2026-05-06T10:34:19.702+0000] {processor.py:183} INFO - Processing /opt/airflow/dags/stackoverflow_migration_dag.py took 0.345 seconds
[2026-05-06T10:34:49.973+0000] {processor.py:161} INFO - Started process (PID=262) to work on /opt/airflow/dags/stackoverflow_migration_dag.py
[2026-05-06T10:34:49.975+0000] {processor.py:830} INFO - Processing file /opt/airflow/dags/stackoverflow_migration_dag.py for tasks to queue
[2026-05-06T10:34:49.978+0000] {logging_mixin.py:188} INFO - [2026-05-06T10:34:49.978+0000] {dagbag.py:545} INFO - Filling up the DagBag from /opt/airflow/dags/stackoverflow_migration_dag.py
[2026-05-06T10:34:50.017+0000] {processor.py:840} INFO - DAG(s) 'stackoverflow_medallion_pipeline' retrieved from /opt/airflow/dags/stackoverflow_migration_dag.py
[2026-05-06T10:34:50.096+0000] {logging_mixin.py:188} INFO - [2026-05-06T10:34:50.095+0000] {dag.py:3096} INFO - Sync 1 DAGs
[2026-05-06T10:34:50.152+0000] {logging_mixin.py:188} INFO - [2026-05-06T10:34:50.151+0000] {dag.py:3954} INFO - Setting next_dagrun for stackoverflow_medallion_pipeline to 2026-05-06 00:00:00+00:00, run_after=2026-05-07 00:00:00+00:00
[2026-05-06T10:34:50.195+0000] {processor.py:183} INFO - Processing /opt/airflow/dags/stackoverflow_migration_dag.py took 0.232 seconds
[2026-05-06T10:35:20.502+0000] {processor.py:161} INFO - Started process (PID=269) to work on /opt/airflow/dags/stackoverflow_migration_dag.py
[2026-05-06T10:35:20.504+0000] {processor.py:830} INFO - Processing file /opt/airflow/dags/stackoverflow_migration_dag.py for tasks to queue
[2026-05-06T10:35:20.507+0000] {logging_mixin.py:188} INFO - [2026-05-06T10:35:20.507+0000] {dagbag.py:545} INFO - Filling up the DagBag from /opt/airflow/dags/stackoverflow_migration_dag.py
[2026-05-06T10:35:20.550+0000] {processor.py:840} INFO - DAG(s) 'stackoverflow_medallion_pipeline' retrieved from /opt/airflow/dags/stackoverflow_migration_dag.py
[2026-05-06T10:35:20.745+0000] {logging_mixin.py:188} INFO - [2026-05-06T10:35:20.744+0000] {dag.py:3096} INFO - Sync 1 DAGs
[2026-05-06T10:35:20.861+0000] {logging_mixin.py:188} INFO - [2026-05-06T10:35:20.860+0000] {dag.py:3954} INFO - Setting next_dagrun for stackoverflow_medallion_pipeline to 2026-05-06 00:00:00+00:00, run_after=2026-05-07 00:00:00+00:00
[2026-05-06T10:35:20.979+0000] {processor.py:183} INFO - Processing /opt/airflow/dags/stackoverflow_migration_dag.py took 0.485 seconds
[2026-05-06T10:35:51.298+0000] {processor.py:161} INFO - Started process (PID=274) to work on /opt/airflow/dags/stackoverflow_migration_dag.py
[2026-05-06T10:35:51.299+0000] {processor.py:830} INFO - Processing file /opt/airflow/dags/stackoverflow_migration_dag.py for tasks to queue
[2026-05-06T10:35:51.302+0000] {logging_mixin.py:188} INFO - [2026-05-06T10:35:51.302+0000] {dagbag.py:545} INFO - Filling up the DagBag from /opt/airflow/dags/stackoverflow_migration_dag.py
[2026-05-06T10:35:51.343+0000] {processor.py:840} INFO - DAG(s) 'stackoverflow_medallion_pipeline' retrieved from /opt/airflow/dags/stackoverflow_migration_dag.py
[2026-05-06T10:35:51.425+0000] {logging_mixin.py:188} INFO - [2026-05-06T10:35:51.425+0000] {dag.py:3096} INFO - Sync 1 DAGs
[2026-05-06T10:35:51.480+0000] {logging_mixin.py:188} INFO - [2026-05-06T10:35:51.480+0000] {dag.py:3954} INFO - Setting next_dagrun for stackoverflow_medallion_pipeline to 2026-05-06 00:00:00+00:00, run_after=2026-05-07 00:00:00+00:00
[2026-05-06T10:35:51.538+0000] {processor.py:183} INFO - Processing /opt/airflow/dags/stackoverflow_migration_dag.py took 0.249 seconds
[2026-05-06T10:36:21.845+0000] {processor.py:161} INFO - Started process (PID=279) to work on /opt/airflow/dags/stackoverflow_migration_dag.py
[2026-05-06T10:36:21.846+0000] {processor.py:830} INFO - Processing file /opt/airflow/dags/stackoverflow_migration_dag.py for tasks to queue
[2026-05-06T10:36:21.850+0000] {logging_mixin.py:188} INFO - [2026-05-06T10:36:21.849+0000] {dagbag.py:545} INFO - Filling up the DagBag from /opt/airflow/dags/stackoverflow_migration_dag.py
[2026-05-06T10:36:21.898+0000] {processor.py:840} INFO - DAG(s) 'stackoverflow_medallion_pipeline' retrieved from /opt/airflow/dags/stackoverflow_migration_dag.py
[2026-05-06T10:36:22.003+0000] {logging_mixin.py:188} INFO - [2026-05-06T10:36:22.002+0000] {dag.py:3096} INFO - Sync 1 DAGs
[2026-05-06T10:36:22.068+0000] {logging_mixin.py:188} INFO - [2026-05-06T10:36:22.067+0000] {dag.py:3954} INFO - Setting next_dagrun for stackoverflow_medallion_pipeline to 2026-05-06 00:00:00+00:00, run_after=2026-05-07 00:00:00+00:00
[2026-05-06T10:36:22.125+0000] {processor.py:183} INFO - Processing /opt/airflow/dags/stackoverflow_migration_dag.py took 0.289 seconds
[2026-05-06T10:36:53.034+0000] {processor.py:161} INFO - Started process (PID=290) to work on /opt/airflow/dags/stackoverflow_migration_dag.py
[2026-05-06T10:36:53.056+0000] {processor.py:830} INFO - Processing file /opt/airflow/dags/stackoverflow_migration_dag.py for tasks to queue
[2026-05-06T10:36:53.070+0000] {logging_mixin.py:188} INFO - [2026-05-06T10:36:53.066+0000] {dagbag.py:545} INFO - Filling up the DagBag from /opt/airflow/dags/stackoverflow_migration_dag.py
[2026-05-06T10:36:53.882+0000] {processor.py:840} INFO - DAG(s) 'stackoverflow_medallion_pipeline' retrieved from /opt/airflow/dags/stackoverflow_migration_dag.py
[2026-05-06T10:36:55.178+0000] {logging_mixin.py:188} INFO - [2026-05-06T10:36:55.173+0000] {dag.py:3096} INFO - Sync 1 DAGs
[2026-05-06T10:36:55.587+0000] {logging_mixin.py:188} INFO - [2026-05-06T10:36:55.587+0000] {dag.py:3954} INFO - Setting next_dagrun for stackoverflow_medallion_pipeline to 2026-05-06 00:00:00+00:00, run_after=2026-05-07 00:00:00+00:00
[2026-05-06T10:36:56.194+0000] {processor.py:183} INFO - Processing /opt/airflow/dags/stackoverflow_migration_dag.py took 3.208 seconds
[2026-05-06T10:37:27.209+0000] {processor.py:161} INFO - Started process (PID=311) to work on /opt/airflow/dags/stackoverflow_migration_dag.py
[2026-05-06T10:37:27.211+0000] {processor.py:830} INFO - Processing file /opt/airflow/dags/stackoverflow_migration_dag.py for tasks to queue
[2026-05-06T10:37:27.214+0000] {logging_mixin.py:188} INFO - [2026-05-06T10:37:27.214+0000] {dagbag.py:545} INFO - Filling up the DagBag from /opt/airflow/dags/stackoverflow_migration_dag.py
[2026-05-06T10:37:27.262+0000] {processor.py:840} INFO - DAG(s) 'stackoverflow_medallion_pipeline' retrieved from /opt/airflow/dags/stackoverflow_migration_dag.py
[2026-05-06T10:37:27.348+0000] {logging_mixin.py:188} INFO - [2026-05-06T10:37:27.348+0000] {dag.py:3096} INFO - Sync 1 DAGs
[2026-05-06T10:37:27.412+0000] {logging_mixin.py:188} INFO - [2026-05-06T10:37:27.411+0000] {dag.py:3954} INFO - Setting next_dagrun for stackoverflow_medallion_pipeline to 2026-05-06 00:00:00+00:00, run_after=2026-05-07 00:00:00+00:00
[2026-05-06T10:37:27.467+0000] {processor.py:183} INFO - Processing /opt/airflow/dags/stackoverflow_migration_dag.py took 0.269 seconds
[2026-05-06T10:37:57.690+0000] {processor.py:161} INFO - Started process (PID=316) to work on /opt/airflow/dags/stackoverflow_migration_dag.py
[2026-05-06T10:37:57.693+0000] {processor.py:830} INFO - Processing file /opt/airflow/dags/stackoverflow_migration_dag.py for tasks to queue
[2026-05-06T10:37:57.697+0000] {logging_mixin.py:188} INFO - [2026-05-06T10:37:57.696+0000] {dagbag.py:545} INFO - Filling up the DagBag from /opt/airflow/dags/stackoverflow_migration_dag.py
[2026-05-06T10:37:57.777+0000] {processor.py:840} INFO - DAG(s) 'stackoverflow_medallion_pipeline' retrieved from /opt/airflow/dags/stackoverflow_migration_dag.py
[2026-05-06T10:37:57.934+0000] {logging_mixin.py:188} INFO - [2026-05-06T10:37:57.933+0000] {dag.py:3096} INFO - Sync 1 DAGs
[2026-05-06T10:37:58.052+0000] {logging_mixin.py:188} INFO - [2026-05-06T10:37:58.051+0000] {dag.py:3954} INFO - Setting next_dagrun for stackoverflow_medallion_pipeline to 2026-05-06 00:00:00+00:00, run_after=2026-05-07 00:00:00+00:00
[2026-05-06T10:37:58.140+0000] {processor.py:183} INFO - Processing /opt/airflow/dags/stackoverflow_migration_dag.py took 0.466 seconds
[2026-05-06T10:38:28.361+0000] {processor.py:161} INFO - Started process (PID=321) to work on /opt/airflow/dags/stackoverflow_migration_dag.py
[2026-05-06T10:38:28.365+0000] {processor.py:830} INFO - Processing file /opt/airflow/dags/stackoverflow_migration_dag.py for tasks to queue
[2026-05-06T10:38:28.371+0000] {logging_mixin.py:188} INFO - [2026-05-06T10:38:28.370+0000] {dagbag.py:545} INFO - Filling up the DagBag from /opt/airflow/dags/stackoverflow_migration_dag.py
[2026-05-06T10:38:28.456+0000] {processor.py:840} INFO - DAG(s) 'stackoverflow_medallion_pipeline' retrieved from /opt/airflow/dags/stackoverflow_migration_dag.py
[2026-05-06T10:38:28.908+0000] {logging_mixin.py:188} INFO - [2026-05-06T10:38:28.907+0000] {dag.py:3096} INFO - Sync 1 DAGs
[2026-05-06T10:38:29.054+0000] {logging_mixin.py:188} INFO - [2026-05-06T10:38:29.053+0000] {dag.py:3954} INFO - Setting next_dagrun for stackoverflow_medallion_pipeline to 2026-05-06 00:00:00+00:00, run_after=2026-05-07 00:00:00+00:00
[2026-05-06T10:38:29.170+0000] {processor.py:183} INFO - Processing /opt/airflow/dags/stackoverflow_migration_dag.py took 0.842 seconds
[2026-05-06T10:38:59.858+0000] {processor.py:161} INFO - Started process (PID=326) to work on /opt/airflow/dags/stackoverflow_migration_dag.py
[2026-05-06T10:38:59.860+0000] {processor.py:830} INFO - Processing file /opt/airflow/dags/stackoverflow_migration_dag.py for tasks to queue
[2026-05-06T10:38:59.864+0000] {logging_mixin.py:188} INFO - [2026-05-06T10:38:59.863+0000] {dagbag.py:545} INFO - Filling up the DagBag from /opt/airflow/dags/stackoverflow_migration_dag.py
[2026-05-06T10:38:59.928+0000] {processor.py:840} INFO - DAG(s) 'stackoverflow_medallion_pipeline' retrieved from /opt/airflow/dags/stackoverflow_migration_dag.py
[2026-05-06T10:39:00.051+0000] {logging_mixin.py:188} INFO - [2026-05-06T10:39:00.050+0000] {dag.py:3096} INFO - Sync 1 DAGs
[2026-05-06T10:39:00.121+0000] {logging_mixin.py:188} INFO - [2026-05-06T10:39:00.120+0000] {dag.py:3954} INFO - Setting next_dagrun for stackoverflow_medallion_pipeline to 2026-05-06 00:00:00+00:00, run_after=2026-05-07 00:00:00+00:00
[2026-05-06T10:39:00.173+0000] {processor.py:183} INFO - Processing /opt/airflow/dags/stackoverflow_migration_dag.py took 0.328 seconds
[2026-05-06T10:39:30.321+0000] {processor.py:161} INFO - Started process (PID=331) to work on /opt/airflow/dags/stackoverflow_migration_dag.py
[2026-05-06T10:39:30.323+0000] {processor.py:830} INFO - Processing file /opt/airflow/dags/stackoverflow_migration_dag.py for tasks to queue
[2026-05-06T10:39:30.328+0000] {logging_mixin.py:188} INFO - [2026-05-06T10:39:30.327+0000] {dagbag.py:545} INFO - Filling up the DagBag from /opt/airflow/dags/stackoverflow_migration_dag.py
[2026-05-06T10:39:30.390+0000] {processor.py:840} INFO - DAG(s) 'stackoverflow_medallion_pipeline' retrieved from /opt/airflow/dags/stackoverflow_migration_dag.py
[2026-05-06T10:39:30.506+0000] {logging_mixin.py:188} INFO - [2026-05-06T10:39:30.505+0000] {dag.py:3096} INFO - Sync 1 DAGs
[2026-05-06T10:39:30.720+0000] {logging_mixin.py:188} INFO - [2026-05-06T10:39:30.720+0000] {dag.py:3954} INFO - Setting next_dagrun for stackoverflow_medallion_pipeline to 2026-05-06 00:00:00+00:00, run_after=2026-05-07 00:00:00+00:00
[2026-05-06T10:39:30.790+0000] {processor.py:183} INFO - Processing /opt/airflow/dags/stackoverflow_migration_dag.py took 0.483 seconds
[2026-05-06T10:40:01.142+0000] {processor.py:161} INFO - Started process (PID=336) to work on /opt/airflow/dags/stackoverflow_migration_dag.py
[2026-05-06T10:40:01.143+0000] {processor.py:830} INFO - Processing file /opt/airflow/dags/stackoverflow_migration_dag.py for tasks to queue
[2026-05-06T10:40:01.147+0000] {logging_mixin.py:188} INFO - [2026-05-06T10:40:01.146+0000] {dagbag.py:545} INFO - Filling up the DagBag from /opt/airflow/dags/stackoverflow_migration_dag.py
[2026-05-06T10:40:01.190+0000] {processor.py:840} INFO - DAG(s) 'stackoverflow_medallion_pipeline' retrieved from /opt/airflow/dags/stackoverflow_migration_dag.py
[2026-05-06T10:40:01.303+0000] {logging_mixin.py:188} INFO - [2026-05-06T10:40:01.303+0000] {dag.py:3096} INFO - Sync 1 DAGs
[2026-05-06T10:40:01.366+0000] {logging_mixin.py:188} INFO - [2026-05-06T10:40:01.366+0000] {dag.py:3954} INFO - Setting next_dagrun for stackoverflow_medallion_pipeline to 2026-05-06 00:00:00+00:00, run_after=2026-05-07 00:00:00+00:00
[2026-05-06T10:40:01.415+0000] {processor.py:183} INFO - Processing /opt/airflow/dags/stackoverflow_migration_dag.py took 0.284 seconds
[2026-05-06T10:40:31.671+0000] {processor.py:161} INFO - Started process (PID=341) to work on /opt/airflow/dags/stackoverflow_migration_dag.py
[2026-05-06T10:40:31.672+0000] {processor.py:830} INFO - Processing file /opt/airflow/dags/stackoverflow_migration_dag.py for tasks to queue
[2026-05-06T10:40:31.675+0000] {logging_mixin.py:188} INFO - [2026-05-06T10:40:31.674+0000] {dagbag.py:545} INFO - Filling up the DagBag from /opt/airflow/dags/stackoverflow_migration_dag.py
[2026-05-06T10:40:31.706+0000] {processor.py:840} INFO - DAG(s) 'stackoverflow_medallion_pipeline' retrieved from /opt/airflow/dags/stackoverflow_migration_dag.py
[2026-05-06T10:40:31.774+0000] {logging_mixin.py:188} INFO - [2026-05-06T10:40:31.774+0000] {dag.py:3096} INFO - Sync 1 DAGs
[2026-05-06T10:40:31.825+0000] {logging_mixin.py:188} INFO - [2026-05-06T10:40:31.825+0000] {dag.py:3954} INFO - Setting next_dagrun for stackoverflow_medallion_pipeline to 2026-05-06 00:00:00+00:00, run_after=2026-05-07 00:00:00+00:00
[2026-05-06T10:40:31.867+0000] {processor.py:183} INFO - Processing /opt/airflow/dags/stackoverflow_migration_dag.py took 0.203 seconds
[2026-05-06T10:41:02.071+0000] {processor.py:161} INFO - Started process (PID=346) to work on /opt/airflow/dags/stackoverflow_migration_dag.py
[2026-05-06T10:41:02.072+0000] {processor.py:830} INFO - Processing file /opt/airflow/dags/stackoverflow_migration_dag.py for tasks to queue
[2026-05-06T10:41:02.074+0000] {logging_mixin.py:188} INFO - [2026-05-06T10:41:02.074+0000] {dagbag.py:545} INFO - Filling up the DagBag from /opt/airflow/dags/stackoverflow_migration_dag.py
[2026-05-06T10:41:02.105+0000] {processor.py:840} INFO - DAG(s) 'stackoverflow_medallion_pipeline' retrieved from /opt/airflow/dags/stackoverflow_migration_dag.py
[2026-05-06T10:41:02.175+0000] {logging_mixin.py:188} INFO - [2026-05-06T10:41:02.175+0000] {dag.py:3096} INFO - Sync 1 DAGs
[2026-05-06T10:41:02.225+0000] {logging_mixin.py:188} INFO - [2026-05-06T10:41:02.225+0000] {dag.py:3954} INFO - Setting next_dagrun for stackoverflow_medallion_pipeline to 2026-05-06 00:00:00+00:00, run_after=2026-05-07 00:00:00+00:00
[2026-05-06T10:41:02.275+0000] {processor.py:183} INFO - Processing /opt/airflow/dags/stackoverflow_migration_dag.py took 0.212 seconds
[2026-05-06T10:41:32.415+0000] {processor.py:161} INFO - Started process (PID=351) to work on /opt/airflow/dags/stackoverflow_migration_dag.py
[2026-05-06T10:41:32.417+0000] {processor.py:830} INFO - Processing file /opt/airflow/dags/stackoverflow_migration_dag.py for tasks to queue
[2026-05-06T10:41:32.419+0000] {logging_mixin.py:188} INFO - [2026-05-06T10:41:32.419+0000] {dagbag.py:545} INFO - Filling up the DagBag from /opt/airflow/dags/stackoverflow_migration_dag.py
[2026-05-06T10:41:32.462+0000] {processor.py:840} INFO - DAG(s) 'stackoverflow_medallion_pipeline' retrieved from /opt/airflow/dags/stackoverflow_migration_dag.py
[2026-05-06T10:41:32.536+0000] {logging_mixin.py:188} INFO - [2026-05-06T10:41:32.536+0000] {dag.py:3096} INFO - Sync 1 DAGs
[2026-05-06T10:41:32.589+0000] {logging_mixin.py:188} INFO - [2026-05-06T10:41:32.589+0000] {dag.py:3954} INFO - Setting next_dagrun for stackoverflow_medallion_pipeline to 2026-05-06 00:00:00+00:00, run_after=2026-05-07 00:00:00+00:00
[2026-05-06T10:41:32.634+0000] {processor.py:183} INFO - Processing /opt/airflow/dags/stackoverflow_migration_dag.py took 0.228 seconds
[2026-05-06T10:42:02.826+0000] {processor.py:161} INFO - Started process (PID=356) to work on /opt/airflow/dags/stackoverflow_migration_dag.py
[2026-05-06T10:42:02.827+0000] {processor.py:830} INFO - Processing file /opt/airflow/dags/stackoverflow_migration_dag.py for tasks to queue
[2026-05-06T10:42:02.831+0000] {logging_mixin.py:188} INFO - [2026-05-06T10:42:02.830+0000] {dagbag.py:545} INFO - Filling up the DagBag from /opt/airflow/dags/stackoverflow_migration_dag.py
[2026-05-06T10:42:02.872+0000] {processor.py:840} INFO - DAG(s) 'stackoverflow_medallion_pipeline' retrieved from /opt/airflow/dags/stackoverflow_migration_dag.py
[2026-05-06T10:42:02.941+0000] {logging_mixin.py:188} INFO - [2026-05-06T10:42:02.940+0000] {dag.py:3096} INFO - Sync 1 DAGs
[2026-05-06T10:42:02.990+0000] {logging_mixin.py:188} INFO - [2026-05-06T10:42:02.989+0000] {dag.py:3954} INFO - Setting next_dagrun for stackoverflow_medallion_pipeline to 2026-05-06 00:00:00+00:00, run_after=2026-05-07 00:00:00+00:00
[2026-05-06T10:42:03.031+0000] {processor.py:183} INFO - Processing /opt/airflow/dags/stackoverflow_migration_dag.py took 0.213 seconds
[2026-05-06T10:42:33.112+0000] {processor.py:161} INFO - Started process (PID=361) to work on /opt/airflow/dags/stackoverflow_migration_dag.py
[2026-05-06T10:42:33.113+0000] {processor.py:830} INFO - Processing file /opt/airflow/dags/stackoverflow_migration_dag.py for tasks to queue
[2026-05-06T10:42:33.116+0000] {logging_mixin.py:188} INFO - [2026-05-06T10:42:33.115+0000] {dagbag.py:545} INFO - Filling up the DagBag from /opt/airflow/dags/stackoverflow_migration_dag.py
[2026-05-06T10:42:33.150+0000] {processor.py:840} INFO - DAG(s) 'stackoverflow_medallion_pipeline' retrieved from /opt/airflow/dags/stackoverflow_migration_dag.py
[2026-05-06T10:42:33.217+0000] {logging_mixin.py:188} INFO - [2026-05-06T10:42:33.216+0000] {dag.py:3096} INFO - Sync 1 DAGs
[2026-05-06T10:42:33.264+0000] {logging_mixin.py:188} INFO - [2026-05-06T10:42:33.264+0000] {dag.py:3954} INFO - Setting next_dagrun for stackoverflow_medallion_pipeline to 2026-05-06 00:00:00+00:00, run_after=2026-05-07 00:00:00+00:00
[2026-05-06T10:42:33.303+0000] {processor.py:183} INFO - Processing /opt/airflow/dags/stackoverflow_migration_dag.py took 0.199 seconds
[2026-05-06T10:43:03.534+0000] {processor.py:161} INFO - Started process (PID=366) to work on /opt/airflow/dags/stackoverflow_migration_dag.py
[2026-05-06T10:43:03.535+0000] {processor.py:830} INFO - Processing file /opt/airflow/dags/stackoverflow_migration_dag.py for tasks to queue
[2026-05-06T10:43:03.538+0000] {logging_mixin.py:188} INFO - [2026-05-06T10:43:03.537+0000] {dagbag.py:545} INFO - Filling up the DagBag from /opt/airflow/dags/stackoverflow_migration_dag.py
[2026-05-06T10:43:03.574+0000] {processor.py:840} INFO - DAG(s) 'stackoverflow_medallion_pipeline' retrieved from /opt/airflow/dags/stackoverflow_migration_dag.py
[2026-05-06T10:43:03.642+0000] {logging_mixin.py:188} INFO - [2026-05-06T10:43:03.642+0000] {dag.py:3096} INFO - Sync 1 DAGs
[2026-05-06T10:43:03.692+0000] {logging_mixin.py:188} INFO - [2026-05-06T10:43:03.692+0000] {dag.py:3954} INFO - Setting next_dagrun for stackoverflow_medallion_pipeline to 2026-05-06 00:00:00+00:00, run_after=2026-05-07 00:00:00+00:00
[2026-05-06T10:43:03.731+0000] {processor.py:183} INFO - Processing /opt/airflow/dags/stackoverflow_migration_dag.py took 0.204 seconds
[2026-05-06T10:43:33.981+0000] {processor.py:161} INFO - Started process (PID=371) to work on /opt/airflow/dags/stackoverflow_migration_dag.py
[2026-05-06T10:43:33.982+0000] {processor.py:830} INFO - Processing file /opt/airflow/dags/stackoverflow_migration_dag.py for tasks to queue
[2026-05-06T10:43:33.985+0000] {logging_mixin.py:188} INFO - [2026-05-06T10:43:33.985+0000] {dagbag.py:545} INFO - Filling up the DagBag from /opt/airflow/dags/stackoverflow_migration_dag.py
[2026-05-06T10:43:34.030+0000] {processor.py:840} INFO - DAG(s) 'stackoverflow_medallion_pipeline' retrieved from /opt/airflow/dags/stackoverflow_migration_dag.py
[2026-05-06T10:43:34.098+0000] {logging_mixin.py:188} INFO - [2026-05-06T10:43:34.098+0000] {dag.py:3096} INFO - Sync 1 DAGs
[2026-05-06T10:43:34.148+0000] {logging_mixin.py:188} INFO - [2026-05-06T10:43:34.148+0000] {dag.py:3954} INFO - Setting next_dagrun for stackoverflow_medallion_pipeline to 2026-05-06 00:00:00+00:00, run_after=2026-05-07 00:00:00+00:00
[2026-05-06T10:43:34.195+0000] {processor.py:183} INFO - Processing /opt/airflow/dags/stackoverflow_migration_dag.py took 0.221 seconds
[2026-05-06T10:44:04.519+0000] {processor.py:161} INFO - Started process (PID=376) to work on /opt/airflow/dags/stackoverflow_migration_dag.py
[2026-05-06T10:44:04.521+0000] {processor.py:830} INFO - Processing file /opt/airflow/dags/stackoverflow_migration_dag.py for tasks to queue
[2026-05-06T10:44:04.523+0000] {logging_mixin.py:188} INFO - [2026-05-06T10:44:04.523+0000] {dagbag.py:545} INFO - Filling up the DagBag from /opt/airflow/dags/stackoverflow_migration_dag.py
[2026-05-06T10:44:04.559+0000] {processor.py:840} INFO - DAG(s) 'stackoverflow_medallion_pipeline' retrieved from /opt/airflow/dags/stackoverflow_migration_dag.py
[2026-05-06T10:44:04.628+0000] {logging_mixin.py:188} INFO - [2026-05-06T10:44:04.628+0000] {dag.py:3096} INFO - Sync 1 DAGs
[2026-05-06T10:44:04.678+0000] {logging_mixin.py:188} INFO - [2026-05-06T10:44:04.678+0000] {dag.py:3954} INFO - Setting next_dagrun for stackoverflow_medallion_pipeline to 2026-05-06 00:00:00+00:00, run_after=2026-05-07 00:00:00+00:00
[2026-05-06T10:44:04.719+0000] {processor.py:183} INFO - Processing /opt/airflow/dags/stackoverflow_migration_dag.py took 0.207 seconds
[2026-05-06T10:44:34.986+0000] {processor.py:161} INFO - Started process (PID=381) to work on /opt/airflow/dags/stackoverflow_migration_dag.py
[2026-05-06T10:44:34.988+0000] {processor.py:830} INFO - Processing file /opt/airflow/dags/stackoverflow_migration_dag.py for tasks to queue
[2026-05-06T10:44:34.991+0000] {logging_mixin.py:188} INFO - [2026-05-06T10:44:34.990+0000] {dagbag.py:545} INFO - Filling up the DagBag from /opt/airflow/dags/stackoverflow_migration_dag.py
[2026-05-06T10:44:35.027+0000] {processor.py:840} INFO - DAG(s) 'stackoverflow_medallion_pipeline' retrieved from /opt/airflow/dags/stackoverflow_migration_dag.py
[2026-05-06T10:44:35.102+0000] {logging_mixin.py:188} INFO - [2026-05-06T10:44:35.102+0000] {dag.py:3096} INFO - Sync 1 DAGs
[2026-05-06T10:44:35.161+0000] {logging_mixin.py:188} INFO - [2026-05-06T10:44:35.160+0000] {dag.py:3954} INFO - Setting next_dagrun for stackoverflow_medallion_pipeline to 2026-05-06 00:00:00+00:00, run_after=2026-05-07 00:00:00+00:00
[2026-05-06T10:44:35.203+0000] {processor.py:183} INFO - Processing /opt/airflow/dags/stackoverflow_migration_dag.py took 0.224 seconds
[2026-05-06T10:45:05.484+0000] {processor.py:161} INFO - Started process (PID=386) to work on /opt/airflow/dags/stackoverflow_migration_dag.py
[2026-05-06T10:45:05.485+0000] {processor.py:830} INFO - Processing file /opt/airflow/dags/stackoverflow_migration_dag.py for tasks to queue
[2026-05-06T10:45:05.488+0000] {logging_mixin.py:188} INFO - [2026-05-06T10:45:05.487+0000] {dagbag.py:545} INFO - Filling up the DagBag from /opt/airflow/dags/stackoverflow_migration_dag.py
[2026-05-06T10:45:05.524+0000] {processor.py:840} INFO - DAG(s) 'stackoverflow_medallion_pipeline' retrieved from /opt/airflow/dags/stackoverflow_migration_dag.py
[2026-05-06T10:45:05.595+0000] {logging_mixin.py:188} INFO - [2026-05-06T10:45:05.595+0000] {dag.py:3096} INFO - Sync 1 DAGs
[2026-05-06T10:45:05.646+0000] {logging_mixin.py:188} INFO - [2026-05-06T10:45:05.645+0000] {dag.py:3954} INFO - Setting next_dagrun for stackoverflow_medallion_pipeline to 2026-05-06 00:00:00+00:00, run_after=2026-05-07 00:00:00+00:00
[2026-05-06T10:45:05.686+0000] {processor.py:183} INFO - Processing /opt/airflow/dags/stackoverflow_migration_dag.py took 0.209 seconds
[2026-05-06T10:45:35.763+0000] {processor.py:161} INFO - Started process (PID=391) to work on /opt/airflow/dags/stackoverflow_migration_dag.py
[2026-05-06T10:45:35.764+0000] {processor.py:830} INFO - Processing file /opt/airflow/dags/stackoverflow_migration_dag.py for tasks to queue
[2026-05-06T10:45:35.767+0000] {logging_mixin.py:188} INFO - [2026-05-06T10:45:35.766+0000] {dagbag.py:545} INFO - Filling up the DagBag from /opt/airflow/dags/stackoverflow_migration_dag.py
[2026-05-06T10:45:35.802+0000] {processor.py:840} INFO - DAG(s) 'stackoverflow_medallion_pipeline' retrieved from /opt/airflow/dags/stackoverflow_migration_dag.py
[2026-05-06T10:45:35.872+0000] {logging_mixin.py:188} INFO - [2026-05-06T10:45:35.872+0000] {dag.py:3096} INFO - Sync 1 DAGs
[2026-05-06T10:45:35.935+0000] {logging_mixin.py:188} INFO - [2026-05-06T10:45:35.934+0000] {dag.py:3954} INFO - Setting next_dagrun for stackoverflow_medallion_pipeline to 2026-05-06 00:00:00+00:00, run_after=2026-05-07 00:00:00+00:00
[2026-05-06T10:45:35.974+0000] {processor.py:183} INFO - Processing /opt/airflow/dags/stackoverflow_migration_dag.py took 0.219 seconds
[2026-05-06T10:46:06.127+0000] {processor.py:161} INFO - Started process (PID=396) to work on /opt/airflow/dags/stackoverflow_migration_dag.py
[2026-05-06T10:46:06.129+0000] {processor.py:830} INFO - Processing file /opt/airflow/dags/stackoverflow_migration_dag.py for tasks to queue
[2026-05-06T10:46:06.131+0000] {logging_mixin.py:188} INFO - [2026-05-06T10:46:06.131+0000] {dagbag.py:545} INFO - Filling up the DagBag from /opt/airflow/dags/stackoverflow_migration_dag.py
[2026-05-06T10:46:06.171+0000] {processor.py:840} INFO - DAG(s) 'stackoverflow_medallion_pipeline' retrieved from /opt/airflow/dags/stackoverflow_migration_dag.py
[2026-05-06T10:46:06.241+0000] {logging_mixin.py:188} INFO - [2026-05-06T10:46:06.241+0000] {dag.py:3096} INFO - Sync 1 DAGs
[2026-05-06T10:46:06.288+0000] {logging_mixin.py:188} INFO - [2026-05-06T10:46:06.288+0000] {dag.py:3954} INFO - Setting next_dagrun for stackoverflow_medallion_pipeline to 2026-05-06 00:00:00+00:00, run_after=2026-05-07 00:00:00+00:00
[2026-05-06T10:46:06.328+0000] {processor.py:183} INFO - Processing /opt/airflow/dags/stackoverflow_migration_dag.py took 0.208 seconds
[2026-05-06T10:46:36.580+0000] {processor.py:161} INFO - Started process (PID=401) to work on /opt/airflow/dags/stackoverflow_migration_dag.py
[2026-05-06T10:46:36.582+0000] {processor.py:830} INFO - Processing file /opt/airflow/dags/stackoverflow_migration_dag.py for tasks to queue
[2026-05-06T10:46:36.584+0000] {logging_mixin.py:188} INFO - [2026-05-06T10:46:36.584+0000] {dagbag.py:545} INFO - Filling up the DagBag from /opt/airflow/dags/stackoverflow_migration_dag.py
[2026-05-06T10:46:36.618+0000] {processor.py:840} INFO - DAG(s) 'stackoverflow_medallion_pipeline' retrieved from /opt/airflow/dags/stackoverflow_migration_dag.py
[2026-05-06T10:46:36.681+0000] {logging_mixin.py:188} INFO - [2026-05-06T10:46:36.681+0000] {dag.py:3096} INFO - Sync 1 DAGs
[2026-05-06T10:46:36.726+0000] {logging_mixin.py:188} INFO - [2026-05-06T10:46:36.726+0000] {dag.py:3954} INFO - Setting next_dagrun for stackoverflow_medallion_pipeline to 2026-05-06 00:00:00+00:00, run_after=2026-05-07 00:00:00+00:00
[2026-05-06T10:46:36.767+0000] {processor.py:183} INFO - Processing /opt/airflow/dags/stackoverflow_migration_dag.py took 0.194 seconds
[2026-05-06T10:47:07.007+0000] {processor.py:161} INFO - Started process (PID=406) to work on /opt/airflow/dags/stackoverflow_migration_dag.py
[2026-05-06T10:47:07.008+0000] {processor.py:830} INFO - Processing file /opt/airflow/dags/stackoverflow_migration_dag.py for tasks to queue
[2026-05-06T10:47:07.010+0000] {logging_mixin.py:188} INFO - [2026-05-06T10:47:07.010+0000] {dagbag.py:545} INFO - Filling up the DagBag from /opt/airflow/dags/stackoverflow_migration_dag.py
[2026-05-06T10:47:07.049+0000] {processor.py:840} INFO - DAG(s) 'stackoverflow_medallion_pipeline' retrieved from /opt/airflow/dags/stackoverflow_migration_dag.py
[2026-05-06T10:47:07.116+0000] {logging_mixin.py:188} INFO - [2026-05-06T10:47:07.116+0000] {dag.py:3096} INFO - Sync 1 DAGs
[2026-05-06T10:47:07.167+0000] {logging_mixin.py:188} INFO - [2026-05-06T10:47:07.166+0000] {dag.py:3954} INFO - Setting next_dagrun for stackoverflow_medallion_pipeline to 2026-05-06 00:00:00+00:00, run_after=2026-05-07 00:00:00+00:00
[2026-05-06T10:47:07.209+0000] {processor.py:183} INFO - Processing /opt/airflow/dags/stackoverflow_migration_dag.py took 0.209 seconds
[2026-05-06T10:47:37.377+0000] {processor.py:161} INFO - Started process (PID=411) to work on /opt/airflow/dags/stackoverflow_migration_dag.py
[2026-05-06T10:47:37.378+0000] {processor.py:830} INFO - Processing file /opt/airflow/dags/stackoverflow_migration_dag.py for tasks to queue
[2026-05-06T10:47:37.380+0000] {logging_mixin.py:188} INFO - [2026-05-06T10:47:37.380+0000] {dagbag.py:545} INFO - Filling up the DagBag from /opt/airflow/dags/stackoverflow_migration_dag.py
[2026-05-06T10:47:37.416+0000] {processor.py:840} INFO - DAG(s) 'stackoverflow_medallion_pipeline' retrieved from /opt/airflow/dags/stackoverflow_migration_dag.py
[2026-05-06T10:47:37.478+0000] {logging_mixin.py:188} INFO - [2026-05-06T10:47:37.478+0000] {dag.py:3096} INFO - Sync 1 DAGs
[2026-05-06T10:47:37.525+0000] {logging_mixin.py:188} INFO - [2026-05-06T10:47:37.525+0000] {dag.py:3954} INFO - Setting next_dagrun for stackoverflow_medallion_pipeline to 2026-05-06 00:00:00+00:00, run_after=2026-05-07 00:00:00+00:00
[2026-05-06T10:47:37.570+0000] {processor.py:183} INFO - Processing /opt/airflow/dags/stackoverflow_migration_dag.py took 0.200 seconds
[2026-05-06T10:48:07.801+0000] {processor.py:161} INFO - Started process (PID=416) to work on /opt/airflow/dags/stackoverflow_migration_dag.py
[2026-05-06T10:48:07.802+0000] {processor.py:830} INFO - Processing file /opt/airflow/dags/stackoverflow_migration_dag.py for tasks to queue
[2026-05-06T10:48:07.805+0000] {logging_mixin.py:188} INFO - [2026-05-06T10:48:07.804+0000] {dagbag.py:545} INFO - Filling up the DagBag from /opt/airflow/dags/stackoverflow_migration_dag.py
[2026-05-06T10:48:07.841+0000] {processor.py:840} INFO - DAG(s) 'stackoverflow_medallion_pipeline' retrieved from /opt/airflow/dags/stackoverflow_migration_dag.py
[2026-05-06T10:48:07.909+0000] {logging_mixin.py:188} INFO - [2026-05-06T10:48:07.908+0000] {dag.py:3096} INFO - Sync 1 DAGs
[2026-05-06T10:48:07.955+0000] {logging_mixin.py:188} INFO - [2026-05-06T10:48:07.955+0000] {dag.py:3954} INFO - Setting next_dagrun for stackoverflow_medallion_pipeline to 2026-05-06 00:00:00+00:00, run_after=2026-05-07 00:00:00+00:00
[2026-05-06T10:48:07.993+0000] {processor.py:183} INFO - Processing /opt/airflow/dags/stackoverflow_migration_dag.py took 0.199 seconds
[2026-05-06T10:48:38.136+0000] {processor.py:161} INFO - Started process (PID=421) to work on /opt/airflow/dags/stackoverflow_migration_dag.py
[2026-05-06T10:48:38.138+0000] {processor.py:830} INFO - Processing file /opt/airflow/dags/stackoverflow_migration_dag.py for tasks to queue
[2026-05-06T10:48:38.141+0000] {logging_mixin.py:188} INFO - [2026-05-06T10:48:38.140+0000] {dagbag.py:545} INFO - Filling up the DagBag from /opt/airflow/dags/stackoverflow_migration_dag.py
[2026-05-06T10:48:38.177+0000] {processor.py:840} INFO - DAG(s) 'stackoverflow_medallion_pipeline' retrieved from /opt/airflow/dags/stackoverflow_migration_dag.py
[2026-05-06T10:48:38.245+0000] {logging_mixin.py:188} INFO - [2026-05-06T10:48:38.245+0000] {dag.py:3096} INFO - Sync 1 DAGs
[2026-05-06T10:48:38.295+0000] {logging_mixin.py:188} INFO - [2026-05-06T10:48:38.295+0000] {dag.py:3954} INFO - Setting next_dagrun for stackoverflow_medallion_pipeline to 2026-05-06 00:00:00+00:00, run_after=2026-05-07 00:00:00+00:00
[2026-05-06T10:48:38.333+0000] {processor.py:183} INFO - Processing /opt/airflow/dags/stackoverflow_migration_dag.py took 0.205 seconds
[2026-05-06T10:49:08.627+0000] {processor.py:161} INFO - Started process (PID=426) to work on /opt/airflow/dags/stackoverflow_migration_dag.py
[2026-05-06T10:49:08.628+0000] {processor.py:830} INFO - Processing file /opt/airflow/dags/stackoverflow_migration_dag.py for tasks to queue
[2026-05-06T10:49:08.631+0000] {logging_mixin.py:188} INFO - [2026-05-06T10:49:08.630+0000] {dagbag.py:545} INFO - Filling up the DagBag from /opt/airflow/dags/stackoverflow_migration_dag.py
[2026-05-06T10:49:08.665+0000] {processor.py:840} INFO - DAG(s) 'stackoverflow_medallion_pipeline' retrieved from /opt/airflow/dags/stackoverflow_migration_dag.py
[2026-05-06T10:49:08.730+0000] {logging_mixin.py:188} INFO - [2026-05-06T10:49:08.729+0000] {dag.py:3096} INFO - Sync 1 DAGs
[2026-05-06T10:49:08.777+0000] {logging_mixin.py:188} INFO - [2026-05-06T10:49:08.776+0000] {dag.py:3954} INFO - Setting next_dagrun for stackoverflow_medallion_pipeline to 2026-05-06 00:00:00+00:00, run_after=2026-05-07 00:00:00+00:00
[2026-05-06T10:49:08.816+0000] {processor.py:183} INFO - Processing /opt/airflow/dags/stackoverflow_migration_dag.py took 0.197 seconds
[2026-05-06T10:49:39.089+0000] {processor.py:161} INFO - Started process (PID=431) to work on /opt/airflow/dags/stackoverflow_migration_dag.py
[2026-05-06T10:49:39.090+0000] {processor.py:830} INFO - Processing file /opt/airflow/dags/stackoverflow_migration_dag.py for tasks to queue
[2026-05-06T10:49:39.093+0000] {logging_mixin.py:188} INFO - [2026-05-06T10:49:39.092+0000] {dagbag.py:545} INFO - Filling up the DagBag from /opt/airflow/dags/stackoverflow_migration_dag.py
[2026-05-06T10:49:39.135+0000] {processor.py:840} INFO - DAG(s) 'stackoverflow_medallion_pipeline' retrieved from /opt/airflow/dags/stackoverflow_migration_dag.py
[2026-05-06T10:49:39.197+0000] {logging_mixin.py:188} INFO - [2026-05-06T10:49:39.197+0000] {dag.py:3096} INFO - Sync 1 DAGs
[2026-05-06T10:49:39.253+0000] {logging_mixin.py:188} INFO - [2026-05-06T10:49:39.253+0000] {dag.py:3954} INFO - Setting next_dagrun for stackoverflow_medallion_pipeline to 2026-05-06 00:00:00+00:00, run_after=2026-05-07 00:00:00+00:00
[2026-05-06T10:49:39.295+0000] {processor.py:183} INFO - Processing /opt/airflow/dags/stackoverflow_migration_dag.py took 0.214 seconds
[2026-05-06T10:50:09.457+0000] {processor.py:161} INFO - Started process (PID=436) to work on /opt/airflow/dags/stackoverflow_migration_dag.py
[2026-05-06T10:50:09.459+0000] {processor.py:830} INFO - Processing file /opt/airflow/dags/stackoverflow_migration_dag.py for tasks to queue
[2026-05-06T10:50:09.462+0000] {logging_mixin.py:188} INFO - [2026-05-06T10:50:09.461+0000] {dagbag.py:545} INFO - Filling up the DagBag from /opt/airflow/dags/stackoverflow_migration_dag.py
[2026-05-06T10:50:09.497+0000] {processor.py:840} INFO - DAG(s) 'stackoverflow_medallion_pipeline' retrieved from /opt/airflow/dags/stackoverflow_migration_dag.py
[2026-05-06T10:50:09.563+0000] {logging_mixin.py:188} INFO - [2026-05-06T10:50:09.562+0000] {dag.py:3096} INFO - Sync 1 DAGs
[2026-05-06T10:50:09.612+0000] {logging_mixin.py:188} INFO - [2026-05-06T10:50:09.612+0000] {dag.py:3954} INFO - Setting next_dagrun for stackoverflow_medallion_pipeline to 2026-05-06 00:00:00+00:00, run_after=2026-05-07 00:00:00+00:00
[2026-05-06T10:50:09.651+0000] {processor.py:183} INFO - Processing /opt/airflow/dags/stackoverflow_migration_dag.py took 0.202 seconds
[2026-05-06T10:50:39.943+0000] {processor.py:161} INFO - Started process (PID=441) to work on /opt/airflow/dags/stackoverflow_migration_dag.py
[2026-05-06T10:50:39.945+0000] {processor.py:830} INFO - Processing file /opt/airflow/dags/stackoverflow_migration_dag.py for tasks to queue
[2026-05-06T10:50:39.947+0000] {logging_mixin.py:188} INFO - [2026-05-06T10:50:39.946+0000] {dagbag.py:545} INFO - Filling up the DagBag from /opt/airflow/dags/stackoverflow_migration_dag.py
[2026-05-06T10:50:39.981+0000] {processor.py:840} INFO - DAG(s) 'stackoverflow_medallion_pipeline' retrieved from /opt/airflow/dags/stackoverflow_migration_dag.py
[2026-05-06T10:50:40.043+0000] {logging_mixin.py:188} INFO - [2026-05-06T10:50:40.042+0000] {dag.py:3096} INFO - Sync 1 DAGs
[2026-05-06T10:50:40.089+0000] {logging_mixin.py:188} INFO - [2026-05-06T10:50:40.089+0000] {dag.py:3954} INFO - Setting next_dagrun for stackoverflow_medallion_pipeline to 2026-05-06 00:00:00+00:00, run_after=2026-05-07 00:00:00+00:00
[2026-05-06T10:50:40.127+0000] {processor.py:183} INFO - Processing /opt/airflow/dags/stackoverflow_migration_dag.py took 0.191 seconds
[2026-05-06T10:51:10.353+0000] {processor.py:161} INFO - Started process (PID=446) to work on /opt/airflow/dags/stackoverflow_migration_dag.py
[2026-05-06T10:51:10.354+0000] {processor.py:830} INFO - Processing file /opt/airflow/dags/stackoverflow_migration_dag.py for tasks to queue
[2026-05-06T10:51:10.357+0000] {logging_mixin.py:188} INFO - [2026-05-06T10:51:10.356+0000] {dagbag.py:545} INFO - Filling up the DagBag from /opt/airflow/dags/stackoverflow_migration_dag.py
[2026-05-06T10:51:10.389+0000] {processor.py:840} INFO - DAG(s) 'stackoverflow_medallion_pipeline' retrieved from /opt/airflow/dags/stackoverflow_migration_dag.py
[2026-05-06T10:51:10.456+0000] {logging_mixin.py:188} INFO - [2026-05-06T10:51:10.456+0000] {dag.py:3096} INFO - Sync 1 DAGs
[2026-05-06T10:51:10.505+0000] {logging_mixin.py:188} INFO - [2026-05-06T10:51:10.504+0000] {dag.py:3954} INFO - Setting next_dagrun for stackoverflow_medallion_pipeline to 2026-05-06 00:00:00+00:00, run_after=2026-05-07 00:00:00+00:00
[2026-05-06T10:51:10.544+0000] {processor.py:183} INFO - Processing /opt/airflow/dags/stackoverflow_migration_dag.py took 0.198 seconds
[2026-05-06T10:51:40.839+0000] {processor.py:161} INFO - Started process (PID=451) to work on /opt/airflow/dags/stackoverflow_migration_dag.py
[2026-05-06T10:51:40.840+0000] {processor.py:830} INFO - Processing file /opt/airflow/dags/stackoverflow_migration_dag.py for tasks to queue
[2026-05-06T10:51:40.843+0000] {logging_mixin.py:188} INFO - [2026-05-06T10:51:40.842+0000] {dagbag.py:545} INFO - Filling up the DagBag from /opt/airflow/dags/stackoverflow_migration_dag.py
[2026-05-06T10:51:40.878+0000] {processor.py:840} INFO - DAG(s) 'stackoverflow_medallion_pipeline' retrieved from /opt/airflow/dags/stackoverflow_migration_dag.py
[2026-05-06T10:51:40.951+0000] {logging_mixin.py:188} INFO - [2026-05-06T10:51:40.951+0000] {dag.py:3096} INFO - Sync 1 DAGs
[2026-05-06T10:51:41.002+0000] {logging_mixin.py:188} INFO - [2026-05-06T10:51:41.001+0000] {dag.py:3954} INFO - Setting next_dagrun for stackoverflow_medallion_pipeline to 2026-05-06 00:00:00+00:00, run_after=2026-05-07 00:00:00+00:00
[2026-05-06T10:51:41.043+0000] {processor.py:183} INFO - Processing /opt/airflow/dags/stackoverflow_migration_dag.py took 0.210 seconds
[2026-05-06T10:52:11.233+0000] {processor.py:161} INFO - Started process (PID=456) to work on /opt/airflow/dags/stackoverflow_migration_dag.py
[2026-05-06T10:52:11.235+0000] {processor.py:830} INFO - Processing file /opt/airflow/dags/stackoverflow_migration_dag.py for tasks to queue
[2026-05-06T10:52:11.237+0000] {logging_mixin.py:188} INFO - [2026-05-06T10:52:11.237+0000] {dagbag.py:545} INFO - Filling up the DagBag from /opt/airflow/dags/stackoverflow_migration_dag.py
[2026-05-06T10:52:11.273+0000] {processor.py:840} INFO - DAG(s) 'stackoverflow_medallion_pipeline' retrieved from /opt/airflow/dags/stackoverflow_migration_dag.py
[2026-05-06T10:52:11.335+0000] {logging_mixin.py:188} INFO - [2026-05-06T10:52:11.335+0000] {dag.py:3096} INFO - Sync 1 DAGs
[2026-05-06T10:52:11.381+0000] {logging_mixin.py:188} INFO - [2026-05-06T10:52:11.381+0000] {dag.py:3954} INFO - Setting next_dagrun for stackoverflow_medallion_pipeline to 2026-05-06 00:00:00+00:00, run_after=2026-05-07 00:00:00+00:00
[2026-05-06T10:52:11.420+0000] {processor.py:183} INFO - Processing /opt/airflow/dags/stackoverflow_migration_dag.py took 0.194 seconds
[2026-05-06T10:52:41.680+0000] {processor.py:161} INFO - Started process (PID=461) to work on /opt/airflow/dags/stackoverflow_migration_dag.py
[2026-05-06T10:52:41.681+0000] {processor.py:830} INFO - Processing file /opt/airflow/dags/stackoverflow_migration_dag.py for tasks to queue
[2026-05-06T10:52:41.684+0000] {logging_mixin.py:188} INFO - [2026-05-06T10:52:41.683+0000] {dagbag.py:545} INFO - Filling up the DagBag from /opt/airflow/dags/stackoverflow_migration_dag.py
[2026-05-06T10:52:41.725+0000] {processor.py:840} INFO - DAG(s) 'stackoverflow_medallion_pipeline' retrieved from /opt/airflow/dags/stackoverflow_migration_dag.py
[2026-05-06T10:52:41.790+0000] {logging_mixin.py:188} INFO - [2026-05-06T10:52:41.790+0000] {dag.py:3096} INFO - Sync 1 DAGs
[2026-05-06T10:52:41.837+0000] {logging_mixin.py:188} INFO - [2026-05-06T10:52:41.837+0000] {dag.py:3954} INFO - Setting next_dagrun for stackoverflow_medallion_pipeline to 2026-05-06 00:00:00+00:00, run_after=2026-05-07 00:00:00+00:00
[2026-05-06T10:52:41.876+0000] {processor.py:183} INFO - Processing /opt/airflow/dags/stackoverflow_migration_dag.py took 0.204 seconds
[2026-05-06T10:53:12.038+0000] {processor.py:161} INFO - Started process (PID=466) to work on /opt/airflow/dags/stackoverflow_migration_dag.py
[2026-05-06T10:53:12.040+0000] {processor.py:830} INFO - Processing file /opt/airflow/dags/stackoverflow_migration_dag.py for tasks to queue
[2026-05-06T10:53:12.042+0000] {logging_mixin.py:188} INFO - [2026-05-06T10:53:12.042+0000] {dagbag.py:545} INFO - Filling up the DagBag from /opt/airflow/dags/stackoverflow_migration_dag.py
[2026-05-06T10:53:12.076+0000] {processor.py:840} INFO - DAG(s) 'stackoverflow_medallion_pipeline' retrieved from /opt/airflow/dags/stackoverflow_migration_dag.py
[2026-05-06T10:53:12.148+0000] {logging_mixin.py:188} INFO - [2026-05-06T10:53:12.148+0000] {dag.py:3096} INFO - Sync 1 DAGs
[2026-05-06T10:53:12.198+0000] {logging_mixin.py:188} INFO - [2026-05-06T10:53:12.198+0000] {dag.py:3954} INFO - Setting next_dagrun for stackoverflow_medallion_pipeline to 2026-05-06 00:00:00+00:00, run_after=2026-05-07 00:00:00+00:00
[2026-05-06T10:53:12.238+0000] {processor.py:183} INFO - Processing /opt/airflow/dags/stackoverflow_migration_dag.py took 0.208 seconds
[2026-05-06T10:53:42.596+0000] {processor.py:161} INFO - Started process (PID=471) to work on /opt/airflow/dags/stackoverflow_migration_dag.py
[2026-05-06T10:53:42.598+0000] {processor.py:830} INFO - Processing file /opt/airflow/dags/stackoverflow_migration_dag.py for tasks to queue
[2026-05-06T10:53:42.600+0000] {logging_mixin.py:188} INFO - [2026-05-06T10:53:42.600+0000] {dagbag.py:545} INFO - Filling up the DagBag from /opt/airflow/dags/stackoverflow_migration_dag.py
[2026-05-06T10:53:42.643+0000] {processor.py:840} INFO - DAG(s) 'stackoverflow_medallion_pipeline' retrieved from /opt/airflow/dags/stackoverflow_migration_dag.py
[2026-05-06T10:53:42.709+0000] {logging_mixin.py:188} INFO - [2026-05-06T10:53:42.708+0000] {dag.py:3096} INFO - Sync 1 DAGs
[2026-05-06T10:53:42.755+0000] {logging_mixin.py:188} INFO - [2026-05-06T10:53:42.755+0000] {dag.py:3954} INFO - Setting next_dagrun for stackoverflow_medallion_pipeline to 2026-05-06 00:00:00+00:00, run_after=2026-05-07 00:00:00+00:00
[2026-05-06T10:53:42.793+0000] {processor.py:183} INFO - Processing /opt/airflow/dags/stackoverflow_migration_dag.py took 0.205 seconds
[2026-05-06T10:54:12.954+0000] {processor.py:161} INFO - Started process (PID=476) to work on /opt/airflow/dags/stackoverflow_migration_dag.py
[2026-05-06T10:54:12.956+0000] {processor.py:830} INFO - Processing file /opt/airflow/dags/stackoverflow_migration_dag.py for tasks to queue
[2026-05-06T10:54:12.958+0000] {logging_mixin.py:188} INFO - [2026-05-06T10:54:12.958+0000] {dagbag.py:545} INFO - Filling up the DagBag from /opt/airflow/dags/stackoverflow_migration_dag.py
[2026-05-06T10:54:12.996+0000] {processor.py:840} INFO - DAG(s) 'stackoverflow_medallion_pipeline' retrieved from /opt/airflow/dags/stackoverflow_migration_dag.py
[2026-05-06T10:54:13.064+0000] {logging_mixin.py:188} INFO - [2026-05-06T10:54:13.063+0000] {dag.py:3096} INFO - Sync 1 DAGs
[2026-05-06T10:54:13.112+0000] {logging_mixin.py:188} INFO - [2026-05-06T10:54:13.112+0000] {dag.py:3954} INFO - Setting next_dagrun for stackoverflow_medallion_pipeline to 2026-05-06 00:00:00+00:00, run_after=2026-05-07 00:00:00+00:00
[2026-05-06T10:54:13.153+0000] {processor.py:183} INFO - Processing /opt/airflow/dags/stackoverflow_migration_dag.py took 0.207 seconds
[2026-05-06T10:54:43.481+0000] {processor.py:161} INFO - Started process (PID=481) to work on /opt/airflow/dags/stackoverflow_migration_dag.py
[2026-05-06T10:54:43.483+0000] {processor.py:830} INFO - Processing file /opt/airflow/dags/stackoverflow_migration_dag.py for tasks to queue
[2026-05-06T10:54:43.485+0000] {logging_mixin.py:188} INFO - [2026-05-06T10:54:43.485+0000] {dagbag.py:545} INFO - Filling up the DagBag from /opt/airflow/dags/stackoverflow_migration_dag.py
[2026-05-06T10:54:43.522+0000] {processor.py:840} INFO - DAG(s) 'stackoverflow_medallion_pipeline' retrieved from /opt/airflow/dags/stackoverflow_migration_dag.py
[2026-05-06T10:54:43.594+0000] {logging_mixin.py:188} INFO - [2026-05-06T10:54:43.593+0000] {dag.py:3096} INFO - Sync 1 DAGs
[2026-05-06T10:54:43.641+0000] {logging_mixin.py:188} INFO - [2026-05-06T10:54:43.641+0000] {dag.py:3954} INFO - Setting next_dagrun for stackoverflow_medallion_pipeline to 2026-05-06 00:00:00+00:00, run_after=2026-05-07 00:00:00+00:00
[2026-05-06T10:54:43.680+0000] {processor.py:183} INFO - Processing /opt/airflow/dags/stackoverflow_migration_dag.py took 0.205 seconds
[2026-05-06T10:55:13.832+0000] {processor.py:161} INFO - Started process (PID=486) to work on /opt/airflow/dags/stackoverflow_migration_dag.py
[2026-05-06T10:55:13.833+0000] {processor.py:830} INFO - Processing file /opt/airflow/dags/stackoverflow_migration_dag.py for tasks to queue
[2026-05-06T10:55:13.836+0000] {logging_mixin.py:188} INFO - [2026-05-06T10:55:13.836+0000] {dagbag.py:545} INFO - Filling up the DagBag from /opt/airflow/dags/stackoverflow_migration_dag.py
[2026-05-06T10:55:13.867+0000] {processor.py:840} INFO - DAG(s) 'stackoverflow_medallion_pipeline' retrieved from /opt/airflow/dags/stackoverflow_migration_dag.py
[2026-05-06T10:55:13.932+0000] {logging_mixin.py:188} INFO - [2026-05-06T10:55:13.932+0000] {dag.py:3096} INFO - Sync 1 DAGs
[2026-05-06T10:55:13.983+0000] {logging_mixin.py:188} INFO - [2026-05-06T10:55:13.982+0000] {dag.py:3954} INFO - Setting next_dagrun for stackoverflow_medallion_pipeline to 2026-05-06 00:00:00+00:00, run_after=2026-05-07 00:00:00+00:00
[2026-05-06T10:55:14.021+0000] {processor.py:183} INFO - Processing /opt/airflow/dags/stackoverflow_migration_dag.py took 0.196 seconds
[2026-05-06T10:55:44.376+0000] {processor.py:161} INFO - Started process (PID=491) to work on /opt/airflow/dags/stackoverflow_migration_dag.py
[2026-05-06T10:55:44.378+0000] {processor.py:830} INFO - Processing file /opt/airflow/dags/stackoverflow_migration_dag.py for tasks to queue
[2026-05-06T10:55:44.380+0000] {logging_mixin.py:188} INFO - [2026-05-06T10:55:44.380+0000] {dagbag.py:545} INFO - Filling up the DagBag from /opt/airflow/dags/stackoverflow_migration_dag.py
[2026-05-06T10:55:44.414+0000] {processor.py:840} INFO - DAG(s) 'stackoverflow_medallion_pipeline' retrieved from /opt/airflow/dags/stackoverflow_migration_dag.py
[2026-05-06T10:55:44.478+0000] {logging_mixin.py:188} INFO - [2026-05-06T10:55:44.477+0000] {dag.py:3096} INFO - Sync 1 DAGs
[2026-05-06T10:55:44.524+0000] {logging_mixin.py:188} INFO - [2026-05-06T10:55:44.523+0000] {dag.py:3954} INFO - Setting next_dagrun for stackoverflow_medallion_pipeline to 2026-05-06 00:00:00+00:00, run_after=2026-05-07 00:00:00+00:00
[2026-05-06T10:55:44.563+0000] {processor.py:183} INFO - Processing /opt/airflow/dags/stackoverflow_migration_dag.py took 0.195 seconds
[2026-05-06T10:56:14.634+0000] {processor.py:161} INFO - Started process (PID=496) to work on /opt/airflow/dags/stackoverflow_migration_dag.py
[2026-05-06T10:56:14.636+0000] {processor.py:830} INFO - Processing file /opt/airflow/dags/stackoverflow_migration_dag.py for tasks to queue
[2026-05-06T10:56:14.638+0000] {logging_mixin.py:188} INFO - [2026-05-06T10:56:14.638+0000] {dagbag.py:545} INFO - Filling up the DagBag from /opt/airflow/dags/stackoverflow_migration_dag.py
[2026-05-06T10:56:14.671+0000] {processor.py:840} INFO - DAG(s) 'stackoverflow_medallion_pipeline' retrieved from /opt/airflow/dags/stackoverflow_migration_dag.py
[2026-05-06T10:56:14.733+0000] {logging_mixin.py:188} INFO - [2026-05-06T10:56:14.733+0000] {dag.py:3096} INFO - Sync 1 DAGs
[2026-05-06T10:56:14.781+0000] {logging_mixin.py:188} INFO - [2026-05-06T10:56:14.781+0000] {dag.py:3954} INFO - Setting next_dagrun for stackoverflow_medallion_pipeline to 2026-05-06 00:00:00+00:00, run_after=2026-05-07 00:00:00+00:00
[2026-05-06T10:56:14.821+0000] {processor.py:183} INFO - Processing /opt/airflow/dags/stackoverflow_migration_dag.py took 0.194 seconds
[2026-05-06T10:56:44.955+0000] {processor.py:161} INFO - Started process (PID=501) to work on /opt/airflow/dags/stackoverflow_migration_dag.py
[2026-05-06T10:56:44.957+0000] {processor.py:830} INFO - Processing file /opt/airflow/dags/stackoverflow_migration_dag.py for tasks to queue
[2026-05-06T10:56:44.959+0000] {logging_mixin.py:188} INFO - [2026-05-06T10:56:44.959+0000] {dagbag.py:545} INFO - Filling up the DagBag from /opt/airflow/dags/stackoverflow_migration_dag.py
[2026-05-06T10:56:44.996+0000] {processor.py:840} INFO - DAG(s) 'stackoverflow_medallion_pipeline' retrieved from /opt/airflow/dags/stackoverflow_migration_dag.py
[2026-05-06T10:56:45.069+0000] {logging_mixin.py:188} INFO - [2026-05-06T10:56:45.069+0000] {dag.py:3096} INFO - Sync 1 DAGs
[2026-05-06T10:56:45.116+0000] {logging_mixin.py:188} INFO - [2026-05-06T10:56:45.116+0000] {dag.py:3954} INFO - Setting next_dagrun for stackoverflow_medallion_pipeline to 2026-05-06 00:00:00+00:00, run_after=2026-05-07 00:00:00+00:00
[2026-05-06T10:56:45.154+0000] {processor.py:183} INFO - Processing /opt/airflow/dags/stackoverflow_migration_dag.py took 0.208 seconds
[2026-05-06T10:57:15.453+0000] {processor.py:161} INFO - Started process (PID=506) to work on /opt/airflow/dags/stackoverflow_migration_dag.py
[2026-05-06T10:57:15.454+0000] {processor.py:830} INFO - Processing file /opt/airflow/dags/stackoverflow_migration_dag.py for tasks to queue
[2026-05-06T10:57:15.457+0000] {logging_mixin.py:188} INFO - [2026-05-06T10:57:15.456+0000] {dagbag.py:545} INFO - Filling up the DagBag from /opt/airflow/dags/stackoverflow_migration_dag.py
[2026-05-06T10:57:15.494+0000] {processor.py:840} INFO - DAG(s) 'stackoverflow_medallion_pipeline' retrieved from /opt/airflow/dags/stackoverflow_migration_dag.py
[2026-05-06T10:57:15.563+0000] {logging_mixin.py:188} INFO - [2026-05-06T10:57:15.563+0000] {dag.py:3096} INFO - Sync 1 DAGs
[2026-05-06T10:57:15.610+0000] {logging_mixin.py:188} INFO - [2026-05-06T10:57:15.610+0000] {dag.py:3954} INFO - Setting next_dagrun for stackoverflow_medallion_pipeline to 2026-05-06 00:00:00+00:00, run_after=2026-05-07 00:00:00+00:00
[2026-05-06T10:57:15.701+0000] {processor.py:183} INFO - Processing /opt/airflow/dags/stackoverflow_migration_dag.py took 0.254 seconds
[2026-05-06T10:57:45.790+0000] {processor.py:161} INFO - Started process (PID=511) to work on /opt/airflow/dags/stackoverflow_migration_dag.py
[2026-05-06T10:57:45.791+0000] {processor.py:830} INFO - Processing file /opt/airflow/dags/stackoverflow_migration_dag.py for tasks to queue
[2026-05-06T10:57:45.794+0000] {logging_mixin.py:188} INFO - [2026-05-06T10:57:45.793+0000] {dagbag.py:545} INFO - Filling up the DagBag from /opt/airflow/dags/stackoverflow_migration_dag.py
[2026-05-06T10:57:45.827+0000] {processor.py:840} INFO - DAG(s) 'stackoverflow_medallion_pipeline' retrieved from /opt/airflow/dags/stackoverflow_migration_dag.py
[2026-05-06T10:57:45.893+0000] {logging_mixin.py:188} INFO - [2026-05-06T10:57:45.892+0000] {dag.py:3096} INFO - Sync 1 DAGs
[2026-05-06T10:57:45.939+0000] {logging_mixin.py:188} INFO - [2026-05-06T10:57:45.938+0000] {dag.py:3954} INFO - Setting next_dagrun for stackoverflow_medallion_pipeline to 2026-05-06 00:00:00+00:00, run_after=2026-05-07 00:00:00+00:00
[2026-05-06T10:57:45.980+0000] {processor.py:183} INFO - Processing /opt/airflow/dags/stackoverflow_migration_dag.py took 0.196 seconds
[2026-05-06T10:58:16.326+0000] {processor.py:161} INFO - Started process (PID=516) to work on /opt/airflow/dags/stackoverflow_migration_dag.py
[2026-05-06T10:58:16.328+0000] {processor.py:830} INFO - Processing file /opt/airflow/dags/stackoverflow_migration_dag.py for tasks to queue
[2026-05-06T10:58:16.330+0000] {logging_mixin.py:188} INFO - [2026-05-06T10:58:16.329+0000] {dagbag.py:545} INFO - Filling up the DagBag from /opt/airflow/dags/stackoverflow_migration_dag.py
[2026-05-06T10:58:16.367+0000] {processor.py:840} INFO - DAG(s) 'stackoverflow_medallion_pipeline' retrieved from /opt/airflow/dags/stackoverflow_migration_dag.py
[2026-05-06T10:58:16.432+0000] {logging_mixin.py:188} INFO - [2026-05-06T10:58:16.432+0000] {dag.py:3096} INFO - Sync 1 DAGs
[2026-05-06T10:58:16.478+0000] {logging_mixin.py:188} INFO - [2026-05-06T10:58:16.478+0000] {dag.py:3954} INFO - Setting next_dagrun for stackoverflow_medallion_pipeline to 2026-05-06 00:00:00+00:00, run_after=2026-05-07 00:00:00+00:00
[2026-05-06T10:58:16.518+0000] {processor.py:183} INFO - Processing /opt/airflow/dags/stackoverflow_migration_dag.py took 0.198 seconds
[2026-05-06T10:58:46.732+0000] {processor.py:161} INFO - Started process (PID=521) to work on /opt/airflow/dags/stackoverflow_migration_dag.py
[2026-05-06T10:58:46.733+0000] {processor.py:830} INFO - Processing file /opt/airflow/dags/stackoverflow_migration_dag.py for tasks to queue
[2026-05-06T10:58:46.735+0000] {logging_mixin.py:188} INFO - [2026-05-06T10:58:46.735+0000] {dagbag.py:545} INFO - Filling up the DagBag from /opt/airflow/dags/stackoverflow_migration_dag.py
[2026-05-06T10:58:46.768+0000] {processor.py:840} INFO - DAG(s) 'stackoverflow_medallion_pipeline' retrieved from /opt/airflow/dags/stackoverflow_migration_dag.py
[2026-05-06T10:58:46.833+0000] {logging_mixin.py:188} INFO - [2026-05-06T10:58:46.832+0000] {dag.py:3096} INFO - Sync 1 DAGs
[2026-05-06T10:58:46.880+0000] {logging_mixin.py:188} INFO - [2026-05-06T10:58:46.880+0000] {dag.py:3954} INFO - Setting next_dagrun for stackoverflow_medallion_pipeline to 2026-05-06 00:00:00+00:00, run_after=2026-05-07 00:00:00+00:00
[2026-05-06T10:58:46.920+0000] {processor.py:183} INFO - Processing /opt/airflow/dags/stackoverflow_migration_dag.py took 0.196 seconds
[2026-05-06T10:59:17.173+0000] {processor.py:161} INFO - Started process (PID=526) to work on /opt/airflow/dags/stackoverflow_migration_dag.py
[2026-05-06T10:59:17.175+0000] {processor.py:830} INFO - Processing file /opt/airflow/dags/stackoverflow_migration_dag.py for tasks to queue
[2026-05-06T10:59:17.177+0000] {logging_mixin.py:188} INFO - [2026-05-06T10:59:17.177+0000] {dagbag.py:545} INFO - Filling up the DagBag from /opt/airflow/dags/stackoverflow_migration_dag.py
[2026-05-06T10:59:17.211+0000] {processor.py:840} INFO - DAG(s) 'stackoverflow_medallion_pipeline' retrieved from /opt/airflow/dags/stackoverflow_migration_dag.py
[2026-05-06T10:59:17.276+0000] {logging_mixin.py:188} INFO - [2026-05-06T10:59:17.275+0000] {dag.py:3096} INFO - Sync 1 DAGs
[2026-05-06T10:59:17.321+0000] {logging_mixin.py:188} INFO - [2026-05-06T10:59:17.321+0000] {dag.py:3954} INFO - Setting next_dagrun for stackoverflow_medallion_pipeline to 2026-05-06 00:00:00+00:00, run_after=2026-05-07 00:00:00+00:00
[2026-05-06T10:59:17.361+0000] {processor.py:183} INFO - Processing /opt/airflow/dags/stackoverflow_migration_dag.py took 0.194 seconds
[2026-05-06T10:59:47.507+0000] {processor.py:161} INFO - Started process (PID=531) to work on /opt/airflow/dags/stackoverflow_migration_dag.py
[2026-05-06T10:59:47.508+0000] {processor.py:830} INFO - Processing file /opt/airflow/dags/stackoverflow_migration_dag.py for tasks to queue
[2026-05-06T10:59:47.510+0000] {logging_mixin.py:188} INFO - [2026-05-06T10:59:47.510+0000] {dagbag.py:545} INFO - Filling up the DagBag from /opt/airflow/dags/stackoverflow_migration_dag.py
[2026-05-06T10:59:47.547+0000] {processor.py:840} INFO - DAG(s) 'stackoverflow_medallion_pipeline' retrieved from /opt/airflow/dags/stackoverflow_migration_dag.py
[2026-05-06T10:59:47.619+0000] {logging_mixin.py:188} INFO - [2026-05-06T10:59:47.619+0000] {dag.py:3096} INFO - Sync 1 DAGs
[2026-05-06T10:59:47.677+0000] {logging_mixin.py:188} INFO - [2026-05-06T10:59:47.677+0000] {dag.py:3954} INFO - Setting next_dagrun for stackoverflow_medallion_pipeline to 2026-05-06 00:00:00+00:00, run_after=2026-05-07 00:00:00+00:00
[2026-05-06T10:59:47.723+0000] {processor.py:183} INFO - Processing /opt/airflow/dags/stackoverflow_migration_dag.py took 0.224 seconds
[2026-05-06T11:00:18.004+0000] {processor.py:161} INFO - Started process (PID=536) to work on /opt/airflow/dags/stackoverflow_migration_dag.py
[2026-05-06T11:00:18.005+0000] {processor.py:830} INFO - Processing file /opt/airflow/dags/stackoverflow_migration_dag.py for tasks to queue
[2026-05-06T11:00:18.008+0000] {logging_mixin.py:188} INFO - [2026-05-06T11:00:18.008+0000] {dagbag.py:545} INFO - Filling up the DagBag from /opt/airflow/dags/stackoverflow_migration_dag.py
[2026-05-06T11:00:18.046+0000] {processor.py:840} INFO - DAG(s) 'stackoverflow_medallion_pipeline' retrieved from /opt/airflow/dags/stackoverflow_migration_dag.py
[2026-05-06T11:00:18.113+0000] {logging_mixin.py:188} INFO - [2026-05-06T11:00:18.112+0000] {dag.py:3096} INFO - Sync 1 DAGs
[2026-05-06T11:00:18.165+0000] {logging_mixin.py:188} INFO - [2026-05-06T11:00:18.165+0000] {dag.py:3954} INFO - Setting next_dagrun for stackoverflow_medallion_pipeline to 2026-05-06 00:00:00+00:00, run_after=2026-05-07 00:00:00+00:00
[2026-05-06T11:00:18.207+0000] {processor.py:183} INFO - Processing /opt/airflow/dags/stackoverflow_migration_dag.py took 0.210 seconds
[2026-05-06T11:00:48.320+0000] {processor.py:161} INFO - Started process (PID=541) to work on /opt/airflow/dags/stackoverflow_migration_dag.py
[2026-05-06T11:00:48.321+0000] {processor.py:830} INFO - Processing file /opt/airflow/dags/stackoverflow_migration_dag.py for tasks to queue
[2026-05-06T11:00:48.324+0000] {logging_mixin.py:188} INFO - [2026-05-06T11:00:48.323+0000] {dagbag.py:545} INFO - Filling up the DagBag from /opt/airflow/dags/stackoverflow_migration_dag.py
[2026-05-06T11:00:48.364+0000] {processor.py:840} INFO - DAG(s) 'stackoverflow_medallion_pipeline' retrieved from /opt/airflow/dags/stackoverflow_migration_dag.py
[2026-05-06T11:00:48.433+0000] {logging_mixin.py:188} INFO - [2026-05-06T11:00:48.433+0000] {dag.py:3096} INFO - Sync 1 DAGs
[2026-05-06T11:00:48.485+0000] {logging_mixin.py:188} INFO - [2026-05-06T11:00:48.485+0000] {dag.py:3954} INFO - Setting next_dagrun for stackoverflow_medallion_pipeline to 2026-05-06 00:00:00+00:00, run_after=2026-05-07 00:00:00+00:00
[2026-05-06T11:00:48.527+0000] {processor.py:183} INFO - Processing /opt/airflow/dags/stackoverflow_migration_dag.py took 0.216 seconds
[2026-05-06T11:01:18.871+0000] {processor.py:161} INFO - Started process (PID=546) to work on /opt/airflow/dags/stackoverflow_migration_dag.py
[2026-05-06T11:01:18.872+0000] {processor.py:830} INFO - Processing file /opt/airflow/dags/stackoverflow_migration_dag.py for tasks to queue
[2026-05-06T11:01:18.875+0000] {logging_mixin.py:188} INFO - [2026-05-06T11:01:18.874+0000] {dagbag.py:545} INFO - Filling up the DagBag from /opt/airflow/dags/stackoverflow_migration_dag.py
[2026-05-06T11:01:18.910+0000] {processor.py:840} INFO - DAG(s) 'stackoverflow_medallion_pipeline' retrieved from /opt/airflow/dags/stackoverflow_migration_dag.py
[2026-05-06T11:01:18.978+0000] {logging_mixin.py:188} INFO - [2026-05-06T11:01:18.978+0000] {dag.py:3096} INFO - Sync 1 DAGs
[2026-05-06T11:01:19.029+0000] {logging_mixin.py:188} INFO - [2026-05-06T11:01:19.028+0000] {dag.py:3954} INFO - Setting next_dagrun for stackoverflow_medallion_pipeline to 2026-05-06 00:00:00+00:00, run_after=2026-05-07 00:00:00+00:00
[2026-05-06T11:01:19.068+0000] {processor.py:183} INFO - Processing /opt/airflow/dags/stackoverflow_migration_dag.py took 0.205 seconds
[2026-05-06T11:01:49.237+0000] {processor.py:161} INFO - Started process (PID=551) to work on /opt/airflow/dags/stackoverflow_migration_dag.py
[2026-05-06T11:01:49.239+0000] {processor.py:830} INFO - Processing file /opt/airflow/dags/stackoverflow_migration_dag.py for tasks to queue
[2026-05-06T11:01:49.242+0000] {logging_mixin.py:188} INFO - [2026-05-06T11:01:49.241+0000] {dagbag.py:545} INFO - Filling up the DagBag from /opt/airflow/dags/stackoverflow_migration_dag.py
[2026-05-06T11:01:49.280+0000] {processor.py:840} INFO - DAG(s) 'stackoverflow_medallion_pipeline' retrieved from /opt/airflow/dags/stackoverflow_migration_dag.py
[2026-05-06T11:01:49.346+0000] {logging_mixin.py:188} INFO - [2026-05-06T11:01:49.345+0000] {dag.py:3096} INFO - Sync 1 DAGs
[2026-05-06T11:01:49.392+0000] {logging_mixin.py:188} INFO - [2026-05-06T11:01:49.391+0000] {dag.py:3954} INFO - Setting next_dagrun for stackoverflow_medallion_pipeline to 2026-05-06 00:00:00+00:00, run_after=2026-05-07 00:00:00+00:00
[2026-05-06T11:01:49.432+0000] {processor.py:183} INFO - Processing /opt/airflow/dags/stackoverflow_migration_dag.py took 0.204 seconds
[2026-05-06T11:02:19.742+0000] {processor.py:161} INFO - Started process (PID=556) to work on /opt/airflow/dags/stackoverflow_migration_dag.py
[2026-05-06T11:02:19.744+0000] {processor.py:830} INFO - Processing file /opt/airflow/dags/stackoverflow_migration_dag.py for tasks to queue
[2026-05-06T11:02:19.747+0000] {logging_mixin.py:188} INFO - [2026-05-06T11:02:19.746+0000] {dagbag.py:545} INFO - Filling up the DagBag from /opt/airflow/dags/stackoverflow_migration_dag.py
[2026-05-06T11:02:19.782+0000] {processor.py:840} INFO - DAG(s) 'stackoverflow_medallion_pipeline' retrieved from /opt/airflow/dags/stackoverflow_migration_dag.py
[2026-05-06T11:02:19.843+0000] {logging_mixin.py:188} INFO - [2026-05-06T11:02:19.842+0000] {dag.py:3096} INFO - Sync 1 DAGs
[2026-05-06T11:02:19.890+0000] {logging_mixin.py:188} INFO - [2026-05-06T11:02:19.890+0000] {dag.py:3954} INFO - Setting next_dagrun for stackoverflow_medallion_pipeline to 2026-05-06 00:00:00+00:00, run_after=2026-05-07 00:00:00+00:00
[2026-05-06T11:02:19.930+0000] {processor.py:183} INFO - Processing /opt/airflow/dags/stackoverflow_migration_dag.py took 0.196 seconds
[2026-05-06T11:02:50.083+0000] {processor.py:161} INFO - Started process (PID=561) to work on /opt/airflow/dags/stackoverflow_migration_dag.py
[2026-05-06T11:02:50.084+0000] {processor.py:830} INFO - Processing file /opt/airflow/dags/stackoverflow_migration_dag.py for tasks to queue
[2026-05-06T11:02:50.087+0000] {logging_mixin.py:188} INFO - [2026-05-06T11:02:50.086+0000] {dagbag.py:545} INFO - Filling up the DagBag from /opt/airflow/dags/stackoverflow_migration_dag.py
[2026-05-06T11:02:50.118+0000] {processor.py:840} INFO - DAG(s) 'stackoverflow_medallion_pipeline' retrieved from /opt/airflow/dags/stackoverflow_migration_dag.py
[2026-05-06T11:02:50.186+0000] {logging_mixin.py:188} INFO - [2026-05-06T11:02:50.186+0000] {dag.py:3096} INFO - Sync 1 DAGs
[2026-05-06T11:02:50.234+0000] {logging_mixin.py:188} INFO - [2026-05-06T11:02:50.233+0000] {dag.py:3954} INFO - Setting next_dagrun for stackoverflow_medallion_pipeline to 2026-05-06 00:00:00+00:00, run_after=2026-05-07 00:00:00+00:00
[2026-05-06T11:02:50.269+0000] {processor.py:183} INFO - Processing /opt/airflow/dags/stackoverflow_migration_dag.py took 0.194 seconds
[2026-05-06T11:03:20.602+0000] {processor.py:161} INFO - Started process (PID=566) to work on /opt/airflow/dags/stackoverflow_migration_dag.py
[2026-05-06T11:03:20.603+0000] {processor.py:830} INFO - Processing file /opt/airflow/dags/stackoverflow_migration_dag.py for tasks to queue
[2026-05-06T11:03:20.606+0000] {logging_mixin.py:188} INFO - [2026-05-06T11:03:20.606+0000] {dagbag.py:545} INFO - Filling up the DagBag from /opt/airflow/dags/stackoverflow_migration_dag.py
[2026-05-06T11:03:20.641+0000] {processor.py:840} INFO - DAG(s) 'stackoverflow_medallion_pipeline' retrieved from /opt/airflow/dags/stackoverflow_migration_dag.py
[2026-05-06T11:03:20.713+0000] {logging_mixin.py:188} INFO - [2026-05-06T11:03:20.713+0000] {dag.py:3096} INFO - Sync 1 DAGs
[2026-05-06T11:03:20.759+0000] {logging_mixin.py:188} INFO - [2026-05-06T11:03:20.759+0000] {dag.py:3954} INFO - Setting next_dagrun for stackoverflow_medallion_pipeline to 2026-05-06 00:00:00+00:00, run_after=2026-05-07 00:00:00+00:00
[2026-05-06T11:03:20.797+0000] {processor.py:183} INFO - Processing /opt/airflow/dags/stackoverflow_migration_dag.py took 0.203 seconds
[2026-05-06T11:03:50.986+0000] {processor.py:161} INFO - Started process (PID=571) to work on /opt/airflow/dags/stackoverflow_migration_dag.py
[2026-05-06T11:03:50.987+0000] {processor.py:830} INFO - Processing file /opt/airflow/dags/stackoverflow_migration_dag.py for tasks to queue
[2026-05-06T11:03:50.990+0000] {logging_mixin.py:188} INFO - [2026-05-06T11:03:50.990+0000] {dagbag.py:545} INFO - Filling up the DagBag from /opt/airflow/dags/stackoverflow_migration_dag.py
[2026-05-06T11:03:51.031+0000] {processor.py:840} INFO - DAG(s) 'stackoverflow_medallion_pipeline' retrieved from /opt/airflow/dags/stackoverflow_migration_dag.py
[2026-05-06T11:03:51.096+0000] {logging_mixin.py:188} INFO - [2026-05-06T11:03:51.096+0000] {dag.py:3096} INFO - Sync 1 DAGs
[2026-05-06T11:03:51.142+0000] {logging_mixin.py:188} INFO - [2026-05-06T11:03:51.142+0000] {dag.py:3954} INFO - Setting next_dagrun for stackoverflow_medallion_pipeline to 2026-05-06 00:00:00+00:00, run_after=2026-05-07 00:00:00+00:00
[2026-05-06T11:03:51.182+0000] {processor.py:183} INFO - Processing /opt/airflow/dags/stackoverflow_migration_dag.py took 0.203 seconds
[2026-05-06T11:04:21.396+0000] {processor.py:161} INFO - Started process (PID=576) to work on /opt/airflow/dags/stackoverflow_migration_dag.py
[2026-05-06T11:04:21.397+0000] {processor.py:830} INFO - Processing file /opt/airflow/dags/stackoverflow_migration_dag.py for tasks to queue
[2026-05-06T11:04:21.400+0000] {logging_mixin.py:188} INFO - [2026-05-06T11:04:21.399+0000] {dagbag.py:545} INFO - Filling up the DagBag from /opt/airflow/dags/stackoverflow_migration_dag.py
[2026-05-06T11:04:21.435+0000] {processor.py:840} INFO - DAG(s) 'stackoverflow_medallion_pipeline' retrieved from /opt/airflow/dags/stackoverflow_migration_dag.py
[2026-05-06T11:04:21.496+0000] {logging_mixin.py:188} INFO - [2026-05-06T11:04:21.496+0000] {dag.py:3096} INFO - Sync 1 DAGs
[2026-05-06T11:04:21.542+0000] {logging_mixin.py:188} INFO - [2026-05-06T11:04:21.542+0000] {dag.py:3954} INFO - Setting next_dagrun for stackoverflow_medallion_pipeline to 2026-05-06 00:00:00+00:00, run_after=2026-05-07 00:00:00+00:00
[2026-05-06T11:04:21.580+0000] {processor.py:183} INFO - Processing /opt/airflow/dags/stackoverflow_migration_dag.py took 0.191 seconds
[2026-05-06T11:04:51.784+0000] {processor.py:161} INFO - Started process (PID=581) to work on /opt/airflow/dags/stackoverflow_migration_dag.py
[2026-05-06T11:04:51.785+0000] {processor.py:830} INFO - Processing file /opt/airflow/dags/stackoverflow_migration_dag.py for tasks to queue
[2026-05-06T11:04:51.787+0000] {logging_mixin.py:188} INFO - [2026-05-06T11:04:51.787+0000] {dagbag.py:545} INFO - Filling up the DagBag from /opt/airflow/dags/stackoverflow_migration_dag.py
[2026-05-06T11:04:51.821+0000] {processor.py:840} INFO - DAG(s) 'stackoverflow_medallion_pipeline' retrieved from /opt/airflow/dags/stackoverflow_migration_dag.py
[2026-05-06T11:04:51.891+0000] {logging_mixin.py:188} INFO - [2026-05-06T11:04:51.891+0000] {dag.py:3096} INFO - Sync 1 DAGs
[2026-05-06T11:04:51.940+0000] {logging_mixin.py:188} INFO - [2026-05-06T11:04:51.940+0000] {dag.py:3954} INFO - Setting next_dagrun for stackoverflow_medallion_pipeline to 2026-05-06 00:00:00+00:00, run_after=2026-05-07 00:00:00+00:00
[2026-05-06T11:04:51.982+0000] {processor.py:183} INFO - Processing /opt/airflow/dags/stackoverflow_migration_dag.py took 0.205 seconds
[2026-05-06T11:05:22.369+0000] {processor.py:161} INFO - Started process (PID=586) to work on /opt/airflow/dags/stackoverflow_migration_dag.py
[2026-05-06T11:05:22.370+0000] {processor.py:830} INFO - Processing file /opt/airflow/dags/stackoverflow_migration_dag.py for tasks to queue
[2026-05-06T11:05:22.373+0000] {logging_mixin.py:188} INFO - [2026-05-06T11:05:22.372+0000] {dagbag.py:545} INFO - Filling up the DagBag from /opt/airflow/dags/stackoverflow_migration_dag.py
[2026-05-06T11:05:22.410+0000] {processor.py:840} INFO - DAG(s) 'stackoverflow_medallion_pipeline' retrieved from /opt/airflow/dags/stackoverflow_migration_dag.py
[2026-05-06T11:05:22.477+0000] {logging_mixin.py:188} INFO - [2026-05-06T11:05:22.477+0000] {dag.py:3096} INFO - Sync 1 DAGs
[2026-05-06T11:05:22.523+0000] {logging_mixin.py:188} INFO - [2026-05-06T11:05:22.523+0000] {dag.py:3954} INFO - Setting next_dagrun for stackoverflow_medallion_pipeline to 2026-05-06 00:00:00+00:00, run_after=2026-05-07 00:00:00+00:00
[2026-05-06T11:05:22.562+0000] {processor.py:183} INFO - Processing /opt/airflow/dags/stackoverflow_migration_dag.py took 0.200 seconds
[2026-05-06T11:05:52.844+0000] {processor.py:161} INFO - Started process (PID=591) to work on /opt/airflow/dags/stackoverflow_migration_dag.py
[2026-05-06T11:05:52.845+0000] {processor.py:830} INFO - Processing file /opt/airflow/dags/stackoverflow_migration_dag.py for tasks to queue
[2026-05-06T11:05:52.848+0000] {logging_mixin.py:188} INFO - [2026-05-06T11:05:52.848+0000] {dagbag.py:545} INFO - Filling up the DagBag from /opt/airflow/dags/stackoverflow_migration_dag.py
[2026-05-06T11:05:52.894+0000] {processor.py:840} INFO - DAG(s) 'stackoverflow_medallion_pipeline' retrieved from /opt/airflow/dags/stackoverflow_migration_dag.py
[2026-05-06T11:05:52.959+0000] {logging_mixin.py:188} INFO - [2026-05-06T11:05:52.958+0000] {dag.py:3096} INFO - Sync 1 DAGs
[2026-05-06T11:05:53.012+0000] {logging_mixin.py:188} INFO - [2026-05-06T11:05:53.011+0000] {dag.py:3954} INFO - Setting next_dagrun for stackoverflow_medallion_pipeline to 2026-05-06 00:00:00+00:00, run_after=2026-05-07 00:00:00+00:00
[2026-05-06T11:05:53.051+0000] {processor.py:183} INFO - Processing /opt/airflow/dags/stackoverflow_migration_dag.py took 0.216 seconds
[2026-05-06T11:06:23.271+0000] {processor.py:161} INFO - Started process (PID=596) to work on /opt/airflow/dags/stackoverflow_migration_dag.py
[2026-05-06T11:06:23.273+0000] {processor.py:830} INFO - Processing file /opt/airflow/dags/stackoverflow_migration_dag.py for tasks to queue
[2026-05-06T11:06:23.276+0000] {logging_mixin.py:188} INFO - [2026-05-06T11:06:23.275+0000] {dagbag.py:545} INFO - Filling up the DagBag from /opt/airflow/dags/stackoverflow_migration_dag.py
[2026-05-06T11:06:23.316+0000] {processor.py:840} INFO - DAG(s) 'stackoverflow_medallion_pipeline' retrieved from /opt/airflow/dags/stackoverflow_migration_dag.py
[2026-05-06T11:06:23.384+0000] {logging_mixin.py:188} INFO - [2026-05-06T11:06:23.383+0000] {dag.py:3096} INFO - Sync 1 DAGs
[2026-05-06T11:06:23.431+0000] {logging_mixin.py:188} INFO - [2026-05-06T11:06:23.431+0000] {dag.py:3954} INFO - Setting next_dagrun for stackoverflow_medallion_pipeline to 2026-05-06 00:00:00+00:00, run_after=2026-05-07 00:00:00+00:00
[2026-05-06T11:06:23.470+0000] {processor.py:183} INFO - Processing /opt/airflow/dags/stackoverflow_migration_dag.py took 0.205 seconds
[2026-05-06T11:06:53.720+0000] {processor.py:161} INFO - Started process (PID=601) to work on /opt/airflow/dags/stackoverflow_migration_dag.py
[2026-05-06T11:06:53.722+0000] {processor.py:830} INFO - Processing file /opt/airflow/dags/stackoverflow_migration_dag.py for tasks to queue
[2026-05-06T11:06:53.725+0000] {logging_mixin.py:188} INFO - [2026-05-06T11:06:53.724+0000] {dagbag.py:545} INFO - Filling up the DagBag from /opt/airflow/dags/stackoverflow_migration_dag.py
[2026-05-06T11:06:53.763+0000] {processor.py:840} INFO - DAG(s) 'stackoverflow_medallion_pipeline' retrieved from /opt/airflow/dags/stackoverflow_migration_dag.py
[2026-05-06T11:06:53.825+0000] {logging_mixin.py:188} INFO - [2026-05-06T11:06:53.825+0000] {dag.py:3096} INFO - Sync 1 DAGs
[2026-05-06T11:06:53.873+0000] {logging_mixin.py:188} INFO - [2026-05-06T11:06:53.873+0000] {dag.py:3954} INFO - Setting next_dagrun for stackoverflow_medallion_pipeline to 2026-05-06 00:00:00+00:00, run_after=2026-05-07 00:00:00+00:00
[2026-05-06T11:06:53.912+0000] {processor.py:183} INFO - Processing /opt/airflow/dags/stackoverflow_migration_dag.py took 0.202 seconds
[2026-05-06T11:07:24.113+0000] {processor.py:161} INFO - Started process (PID=606) to work on /opt/airflow/dags/stackoverflow_migration_dag.py
[2026-05-06T11:07:24.115+0000] {processor.py:830} INFO - Processing file /opt/airflow/dags/stackoverflow_migration_dag.py for tasks to queue
[2026-05-06T11:07:24.118+0000] {logging_mixin.py:188} INFO - [2026-05-06T11:07:24.117+0000] {dagbag.py:545} INFO - Filling up the DagBag from /opt/airflow/dags/stackoverflow_migration_dag.py
[2026-05-06T11:07:24.156+0000] {processor.py:840} INFO - DAG(s) 'stackoverflow_medallion_pipeline' retrieved from /opt/airflow/dags/stackoverflow_migration_dag.py
[2026-05-06T11:07:24.219+0000] {logging_mixin.py:188} INFO - [2026-05-06T11:07:24.219+0000] {dag.py:3096} INFO - Sync 1 DAGs
[2026-05-06T11:07:24.268+0000] {logging_mixin.py:188} INFO - [2026-05-06T11:07:24.267+0000] {dag.py:3954} INFO - Setting next_dagrun for stackoverflow_medallion_pipeline to 2026-05-06 00:00:00+00:00, run_after=2026-05-07 00:00:00+00:00
[2026-05-06T11:07:24.306+0000] {processor.py:183} INFO - Processing /opt/airflow/dags/stackoverflow_migration_dag.py took 0.201 seconds
[2026-05-06T11:07:54.556+0000] {processor.py:161} INFO - Started process (PID=611) to work on /opt/airflow/dags/stackoverflow_migration_dag.py
[2026-05-06T11:07:54.559+0000] {processor.py:830} INFO - Processing file /opt/airflow/dags/stackoverflow_migration_dag.py for tasks to queue
[2026-05-06T11:07:54.562+0000] {logging_mixin.py:188} INFO - [2026-05-06T11:07:54.561+0000] {dagbag.py:545} INFO - Filling up the DagBag from /opt/airflow/dags/stackoverflow_migration_dag.py
[2026-05-06T11:07:54.602+0000] {processor.py:840} INFO - DAG(s) 'stackoverflow_medallion_pipeline' retrieved from /opt/airflow/dags/stackoverflow_migration_dag.py
[2026-05-06T11:07:54.672+0000] {logging_mixin.py:188} INFO - [2026-05-06T11:07:54.671+0000] {dag.py:3096} INFO - Sync 1 DAGs
[2026-05-06T11:07:54.730+0000] {logging_mixin.py:188} INFO - [2026-05-06T11:07:54.730+0000] {dag.py:3954} INFO - Setting next_dagrun for stackoverflow_medallion_pipeline to 2026-05-06 00:00:00+00:00, run_after=2026-05-07 00:00:00+00:00
[2026-05-06T11:07:54.771+0000] {processor.py:183} INFO - Processing /opt/airflow/dags/stackoverflow_migration_dag.py took 0.226 seconds
[2026-05-06T11:08:24.939+0000] {processor.py:161} INFO - Started process (PID=616) to work on /opt/airflow/dags/stackoverflow_migration_dag.py
[2026-05-06T11:08:24.941+0000] {processor.py:830} INFO - Processing file /opt/airflow/dags/stackoverflow_migration_dag.py for tasks to queue
[2026-05-06T11:08:24.944+0000] {logging_mixin.py:188} INFO - [2026-05-06T11:08:24.944+0000] {dagbag.py:545} INFO - Filling up the DagBag from /opt/airflow/dags/stackoverflow_migration_dag.py
[2026-05-06T11:08:24.984+0000] {processor.py:840} INFO - DAG(s) 'stackoverflow_medallion_pipeline' retrieved from /opt/airflow/dags/stackoverflow_migration_dag.py
[2026-05-06T11:08:25.047+0000] {logging_mixin.py:188} INFO - [2026-05-06T11:08:25.047+0000] {dag.py:3096} INFO - Sync 1 DAGs
[2026-05-06T11:08:25.097+0000] {logging_mixin.py:188} INFO - [2026-05-06T11:08:25.097+0000] {dag.py:3954} INFO - Setting next_dagrun for stackoverflow_medallion_pipeline to 2026-05-06 00:00:00+00:00, run_after=2026-05-07 00:00:00+00:00
[2026-05-06T11:08:25.136+0000] {processor.py:183} INFO - Processing /opt/airflow/dags/stackoverflow_migration_dag.py took 0.205 seconds
[2026-05-06T11:08:55.340+0000] {processor.py:161} INFO - Started process (PID=621) to work on /opt/airflow/dags/stackoverflow_migration_dag.py
[2026-05-06T11:08:55.342+0000] {processor.py:830} INFO - Processing file /opt/airflow/dags/stackoverflow_migration_dag.py for tasks to queue
[2026-05-06T11:08:55.345+0000] {logging_mixin.py:188} INFO - [2026-05-06T11:08:55.345+0000] {dagbag.py:545} INFO - Filling up the DagBag from /opt/airflow/dags/stackoverflow_migration_dag.py
[2026-05-06T11:08:55.384+0000] {processor.py:840} INFO - DAG(s) 'stackoverflow_medallion_pipeline' retrieved from /opt/airflow/dags/stackoverflow_migration_dag.py
[2026-05-06T11:08:55.457+0000] {logging_mixin.py:188} INFO - [2026-05-06T11:08:55.457+0000] {dag.py:3096} INFO - Sync 1 DAGs
[2026-05-06T11:08:55.508+0000] {logging_mixin.py:188} INFO - [2026-05-06T11:08:55.507+0000] {dag.py:3954} INFO - Setting next_dagrun for stackoverflow_medallion_pipeline to 2026-05-06 00:00:00+00:00, run_after=2026-05-07 00:00:00+00:00
[2026-05-06T11:08:55.547+0000] {processor.py:183} INFO - Processing /opt/airflow/dags/stackoverflow_migration_dag.py took 0.215 seconds
[2026-05-06T11:09:25.690+0000] {processor.py:161} INFO - Started process (PID=626) to work on /opt/airflow/dags/stackoverflow_migration_dag.py
[2026-05-06T11:09:25.691+0000] {processor.py:830} INFO - Processing file /opt/airflow/dags/stackoverflow_migration_dag.py for tasks to queue
[2026-05-06T11:09:25.694+0000] {logging_mixin.py:188} INFO - [2026-05-06T11:09:25.693+0000] {dagbag.py:545} INFO - Filling up the DagBag from /opt/airflow/dags/stackoverflow_migration_dag.py
[2026-05-06T11:09:25.730+0000] {processor.py:840} INFO - DAG(s) 'stackoverflow_medallion_pipeline' retrieved from /opt/airflow/dags/stackoverflow_migration_dag.py
[2026-05-06T11:09:25.797+0000] {logging_mixin.py:188} INFO - [2026-05-06T11:09:25.797+0000] {dag.py:3096} INFO - Sync 1 DAGs
[2026-05-06T11:09:25.845+0000] {logging_mixin.py:188} INFO - [2026-05-06T11:09:25.845+0000] {dag.py:3954} INFO - Setting next_dagrun for stackoverflow_medallion_pipeline to 2026-05-06 00:00:00+00:00, run_after=2026-05-07 00:00:00+00:00
[2026-05-06T11:09:25.883+0000] {processor.py:183} INFO - Processing /opt/airflow/dags/stackoverflow_migration_dag.py took 0.200 seconds
[2026-05-06T11:09:56.207+0000] {processor.py:161} INFO - Started process (PID=631) to work on /opt/airflow/dags/stackoverflow_migration_dag.py
[2026-05-06T11:09:56.208+0000] {processor.py:830} INFO - Processing file /opt/airflow/dags/stackoverflow_migration_dag.py for tasks to queue
[2026-05-06T11:09:56.211+0000] {logging_mixin.py:188} INFO - [2026-05-06T11:09:56.210+0000] {dagbag.py:545} INFO - Filling up the DagBag from /opt/airflow/dags/stackoverflow_migration_dag.py
[2026-05-06T11:09:56.249+0000] {processor.py:840} INFO - DAG(s) 'stackoverflow_medallion_pipeline' retrieved from /opt/airflow/dags/stackoverflow_migration_dag.py
[2026-05-06T11:09:56.313+0000] {logging_mixin.py:188} INFO - [2026-05-06T11:09:56.313+0000] {dag.py:3096} INFO - Sync 1 DAGs
[2026-05-06T11:09:56.359+0000] {logging_mixin.py:188} INFO - [2026-05-06T11:09:56.358+0000] {dag.py:3954} INFO - Setting next_dagrun for stackoverflow_medallion_pipeline to 2026-05-06 00:00:00+00:00, run_after=2026-05-07 00:00:00+00:00
[2026-05-06T11:09:56.396+0000] {processor.py:183} INFO - Processing /opt/airflow/dags/stackoverflow_migration_dag.py took 0.196 seconds
[2026-05-06T11:10:26.597+0000] {processor.py:161} INFO - Started process (PID=636) to work on /opt/airflow/dags/stackoverflow_migration_dag.py
[2026-05-06T11:10:26.598+0000] {processor.py:830} INFO - Processing file /opt/airflow/dags/stackoverflow_migration_dag.py for tasks to queue
[2026-05-06T11:10:26.600+0000] {logging_mixin.py:188} INFO - [2026-05-06T11:10:26.600+0000] {dagbag.py:545} INFO - Filling up the DagBag from /opt/airflow/dags/stackoverflow_migration_dag.py
[2026-05-06T11:10:26.631+0000] {processor.py:840} INFO - DAG(s) 'stackoverflow_medallion_pipeline' retrieved from /opt/airflow/dags/stackoverflow_migration_dag.py
[2026-05-06T11:10:26.696+0000] {logging_mixin.py:188} INFO - [2026-05-06T11:10:26.696+0000] {dag.py:3096} INFO - Sync 1 DAGs
[2026-05-06T11:10:26.743+0000] {logging_mixin.py:188} INFO - [2026-05-06T11:10:26.743+0000] {dag.py:3954} INFO - Setting next_dagrun for stackoverflow_medallion_pipeline to 2026-05-06 00:00:00+00:00, run_after=2026-05-07 00:00:00+00:00
[2026-05-06T11:10:26.782+0000] {processor.py:183} INFO - Processing /opt/airflow/dags/stackoverflow_migration_dag.py took 0.193 seconds
[2026-05-06T11:10:57.127+0000] {processor.py:161} INFO - Started process (PID=641) to work on /opt/airflow/dags/stackoverflow_migration_dag.py
[2026-05-06T11:10:57.128+0000] {processor.py:830} INFO - Processing file /opt/airflow/dags/stackoverflow_migration_dag.py for tasks to queue
[2026-05-06T11:10:57.131+0000] {logging_mixin.py:188} INFO - [2026-05-06T11:10:57.130+0000] {dagbag.py:545} INFO - Filling up the DagBag from /opt/airflow/dags/stackoverflow_migration_dag.py
[2026-05-06T11:10:57.170+0000] {processor.py:840} INFO - DAG(s) 'stackoverflow_medallion_pipeline' retrieved from /opt/airflow/dags/stackoverflow_migration_dag.py
[2026-05-06T11:10:57.239+0000] {logging_mixin.py:188} INFO - [2026-05-06T11:10:57.238+0000] {dag.py:3096} INFO - Sync 1 DAGs
[2026-05-06T11:10:57.288+0000] {logging_mixin.py:188} INFO - [2026-05-06T11:10:57.288+0000] {dag.py:3954} INFO - Setting next_dagrun for stackoverflow_medallion_pipeline to 2026-05-06 00:00:00+00:00, run_after=2026-05-07 00:00:00+00:00
[2026-05-06T11:10:57.330+0000] {processor.py:183} INFO - Processing /opt/airflow/dags/stackoverflow_migration_dag.py took 0.211 seconds
[2026-05-06T11:11:27.557+0000] {processor.py:161} INFO - Started process (PID=646) to work on /opt/airflow/dags/stackoverflow_migration_dag.py
[2026-05-06T11:11:27.558+0000] {processor.py:830} INFO - Processing file /opt/airflow/dags/stackoverflow_migration_dag.py for tasks to queue
[2026-05-06T11:11:27.560+0000] {logging_mixin.py:188} INFO - [2026-05-06T11:11:27.560+0000] {dagbag.py:545} INFO - Filling up the DagBag from /opt/airflow/dags/stackoverflow_migration_dag.py
[2026-05-06T11:11:27.598+0000] {processor.py:840} INFO - DAG(s) 'stackoverflow_medallion_pipeline' retrieved from /opt/airflow/dags/stackoverflow_migration_dag.py
[2026-05-06T11:11:27.666+0000] {logging_mixin.py:188} INFO - [2026-05-06T11:11:27.666+0000] {dag.py:3096} INFO - Sync 1 DAGs
[2026-05-06T11:11:27.716+0000] {logging_mixin.py:188} INFO - [2026-05-06T11:11:27.716+0000] {dag.py:3954} INFO - Setting next_dagrun for stackoverflow_medallion_pipeline to 2026-05-06 00:00:00+00:00, run_after=2026-05-07 00:00:00+00:00
[2026-05-06T11:11:27.757+0000] {processor.py:183} INFO - Processing /opt/airflow/dags/stackoverflow_migration_dag.py took 0.208 seconds
[2026-05-06T11:11:57.895+0000] {processor.py:161} INFO - Started process (PID=651) to work on /opt/airflow/dags/stackoverflow_migration_dag.py
[2026-05-06T11:11:57.897+0000] {processor.py:830} INFO - Processing file /opt/airflow/dags/stackoverflow_migration_dag.py for tasks to queue
[2026-05-06T11:11:57.899+0000] {logging_mixin.py:188} INFO - [2026-05-06T11:11:57.899+0000] {dagbag.py:545} INFO - Filling up the DagBag from /opt/airflow/dags/stackoverflow_migration_dag.py
[2026-05-06T11:11:57.932+0000] {processor.py:840} INFO - DAG(s) 'stackoverflow_medallion_pipeline' retrieved from /opt/airflow/dags/stackoverflow_migration_dag.py
[2026-05-06T11:11:57.995+0000] {logging_mixin.py:188} INFO - [2026-05-06T11:11:57.995+0000] {dag.py:3096} INFO - Sync 1 DAGs
[2026-05-06T11:11:58.043+0000] {logging_mixin.py:188} INFO - [2026-05-06T11:11:58.043+0000] {dag.py:3954} INFO - Setting next_dagrun for stackoverflow_medallion_pipeline to 2026-05-06 00:00:00+00:00, run_after=2026-05-07 00:00:00+00:00
[2026-05-06T11:11:58.081+0000] {processor.py:183} INFO - Processing /opt/airflow/dags/stackoverflow_migration_dag.py took 0.193 seconds
[2026-05-06T11:12:28.387+0000] {processor.py:161} INFO - Started process (PID=656) to work on /opt/airflow/dags/stackoverflow_migration_dag.py
[2026-05-06T11:12:28.389+0000] {processor.py:830} INFO - Processing file /opt/airflow/dags/stackoverflow_migration_dag.py for tasks to queue
[2026-05-06T11:12:28.392+0000] {logging_mixin.py:188} INFO - [2026-05-06T11:12:28.391+0000] {dagbag.py:545} INFO - Filling up the DagBag from /opt/airflow/dags/stackoverflow_migration_dag.py
[2026-05-06T11:12:28.437+0000] {processor.py:840} INFO - DAG(s) 'stackoverflow_medallion_pipeline' retrieved from /opt/airflow/dags/stackoverflow_migration_dag.py
[2026-05-06T11:12:28.522+0000] {logging_mixin.py:188} INFO - [2026-05-06T11:12:28.522+0000] {dag.py:3096} INFO - Sync 1 DAGs
[2026-05-06T11:12:28.578+0000] {logging_mixin.py:188} INFO - [2026-05-06T11:12:28.578+0000] {dag.py:3954} INFO - Setting next_dagrun for stackoverflow_medallion_pipeline to 2026-05-06 00:00:00+00:00, run_after=2026-05-07 00:00:00+00:00
[2026-05-06T11:12:28.615+0000] {processor.py:183} INFO - Processing /opt/airflow/dags/stackoverflow_migration_dag.py took 0.238 seconds
[2026-05-06T11:12:58.711+0000] {processor.py:161} INFO - Started process (PID=661) to work on /opt/airflow/dags/stackoverflow_migration_dag.py
[2026-05-06T11:12:58.713+0000] {processor.py:830} INFO - Processing file /opt/airflow/dags/stackoverflow_migration_dag.py for tasks to queue
[2026-05-06T11:12:58.715+0000] {logging_mixin.py:188} INFO - [2026-05-06T11:12:58.715+0000] {dagbag.py:545} INFO - Filling up the DagBag from /opt/airflow/dags/stackoverflow_migration_dag.py
[2026-05-06T11:12:58.755+0000] {processor.py:840} INFO - DAG(s) 'stackoverflow_medallion_pipeline' retrieved from /opt/airflow/dags/stackoverflow_migration_dag.py
[2026-05-06T11:12:58.829+0000] {logging_mixin.py:188} INFO - [2026-05-06T11:12:58.829+0000] {dag.py:3096} INFO - Sync 1 DAGs
[2026-05-06T11:12:58.879+0000] {logging_mixin.py:188} INFO - [2026-05-06T11:12:58.879+0000] {dag.py:3954} INFO - Setting next_dagrun for stackoverflow_medallion_pipeline to 2026-05-06 00:00:00+00:00, run_after=2026-05-07 00:00:00+00:00
[2026-05-06T11:12:58.917+0000] {processor.py:183} INFO - Processing /opt/airflow/dags/stackoverflow_migration_dag.py took 0.213 seconds
[2026-05-06T11:13:29.247+0000] {processor.py:161} INFO - Started process (PID=666) to work on /opt/airflow/dags/stackoverflow_migration_dag.py
[2026-05-06T11:13:29.248+0000] {processor.py:830} INFO - Processing file /opt/airflow/dags/stackoverflow_migration_dag.py for tasks to queue
[2026-05-06T11:13:29.251+0000] {logging_mixin.py:188} INFO - [2026-05-06T11:13:29.251+0000] {dagbag.py:545} INFO - Filling up the DagBag from /opt/airflow/dags/stackoverflow_migration_dag.py
[2026-05-06T11:13:29.289+0000] {processor.py:840} INFO - DAG(s) 'stackoverflow_medallion_pipeline' retrieved from /opt/airflow/dags/stackoverflow_migration_dag.py
[2026-05-06T11:13:29.355+0000] {logging_mixin.py:188} INFO - [2026-05-06T11:13:29.355+0000] {dag.py:3096} INFO - Sync 1 DAGs
[2026-05-06T11:13:29.405+0000] {logging_mixin.py:188} INFO - [2026-05-06T11:13:29.405+0000] {dag.py:3954} INFO - Setting next_dagrun for stackoverflow_medallion_pipeline to 2026-05-06 00:00:00+00:00, run_after=2026-05-07 00:00:00+00:00
[2026-05-06T11:13:29.447+0000] {processor.py:183} INFO - Processing /opt/airflow/dags/stackoverflow_migration_dag.py took 0.208 seconds
[2026-05-06T11:13:59.596+0000] {processor.py:161} INFO - Started process (PID=671) to work on /opt/airflow/dags/stackoverflow_migration_dag.py
[2026-05-06T11:13:59.597+0000] {processor.py:830} INFO - Processing file /opt/airflow/dags/stackoverflow_migration_dag.py for tasks to queue
[2026-05-06T11:13:59.600+0000] {logging_mixin.py:188} INFO - [2026-05-06T11:13:59.599+0000] {dagbag.py:545} INFO - Filling up the DagBag from /opt/airflow/dags/stackoverflow_migration_dag.py
[2026-05-06T11:13:59.635+0000] {processor.py:840} INFO - DAG(s) 'stackoverflow_medallion_pipeline' retrieved from /opt/airflow/dags/stackoverflow_migration_dag.py
[2026-05-06T11:13:59.701+0000] {logging_mixin.py:188} INFO - [2026-05-06T11:13:59.701+0000] {dag.py:3096} INFO - Sync 1 DAGs
[2026-05-06T11:13:59.746+0000] {logging_mixin.py:188} INFO - [2026-05-06T11:13:59.746+0000] {dag.py:3954} INFO - Setting next_dagrun for stackoverflow_medallion_pipeline to 2026-05-06 00:00:00+00:00, run_after=2026-05-07 00:00:00+00:00
[2026-05-06T11:13:59.786+0000] {processor.py:183} INFO - Processing /opt/airflow/dags/stackoverflow_migration_dag.py took 0.198 seconds
[2026-05-06T11:14:30.108+0000] {processor.py:161} INFO - Started process (PID=676) to work on /opt/airflow/dags/stackoverflow_migration_dag.py
[2026-05-06T11:14:30.109+0000] {processor.py:830} INFO - Processing file /opt/airflow/dags/stackoverflow_migration_dag.py for tasks to queue
[2026-05-06T11:14:30.112+0000] {logging_mixin.py:188} INFO - [2026-05-06T11:14:30.111+0000] {dagbag.py:545} INFO - Filling up the DagBag from /opt/airflow/dags/stackoverflow_migration_dag.py
[2026-05-06T11:14:30.149+0000] {processor.py:840} INFO - DAG(s) 'stackoverflow_medallion_pipeline' retrieved from /opt/airflow/dags/stackoverflow_migration_dag.py
[2026-05-06T11:14:30.208+0000] {logging_mixin.py:188} INFO - [2026-05-06T11:14:30.208+0000] {dag.py:3096} INFO - Sync 1 DAGs
[2026-05-06T11:14:30.254+0000] {logging_mixin.py:188} INFO - [2026-05-06T11:14:30.254+0000] {dag.py:3954} INFO - Setting next_dagrun for stackoverflow_medallion_pipeline to 2026-05-06 00:00:00+00:00, run_after=2026-05-07 00:00:00+00:00
[2026-05-06T11:14:30.293+0000] {processor.py:183} INFO - Processing /opt/airflow/dags/stackoverflow_migration_dag.py took 0.191 seconds
[2026-05-06T11:15:00.441+0000] {processor.py:161} INFO - Started process (PID=681) to work on /opt/airflow/dags/stackoverflow_migration_dag.py
[2026-05-06T11:15:00.442+0000] {processor.py:830} INFO - Processing file /opt/airflow/dags/stackoverflow_migration_dag.py for tasks to queue
[2026-05-06T11:15:00.445+0000] {logging_mixin.py:188} INFO - [2026-05-06T11:15:00.444+0000] {dagbag.py:545} INFO - Filling up the DagBag from /opt/airflow/dags/stackoverflow_migration_dag.py
[2026-05-06T11:15:00.475+0000] {processor.py:840} INFO - DAG(s) 'stackoverflow_medallion_pipeline' retrieved from /opt/airflow/dags/stackoverflow_migration_dag.py
[2026-05-06T11:15:00.535+0000] {logging_mixin.py:188} INFO - [2026-05-06T11:15:00.535+0000] {dag.py:3096} INFO - Sync 1 DAGs
[2026-05-06T11:15:00.585+0000] {logging_mixin.py:188} INFO - [2026-05-06T11:15:00.584+0000] {dag.py:3954} INFO - Setting next_dagrun for stackoverflow_medallion_pipeline to 2026-05-06 00:00:00+00:00, run_after=2026-05-07 00:00:00+00:00
[2026-05-06T11:15:00.621+0000] {processor.py:183} INFO - Processing /opt/airflow/dags/stackoverflow_migration_dag.py took 0.187 seconds
[2026-05-06T11:15:30.954+0000] {processor.py:161} INFO - Started process (PID=686) to work on /opt/airflow/dags/stackoverflow_migration_dag.py
[2026-05-06T11:15:30.956+0000] {processor.py:830} INFO - Processing file /opt/airflow/dags/stackoverflow_migration_dag.py for tasks to queue
[2026-05-06T11:15:30.959+0000] {logging_mixin.py:188} INFO - [2026-05-06T11:15:30.959+0000] {dagbag.py:545} INFO - Filling up the DagBag from /opt/airflow/dags/stackoverflow_migration_dag.py
[2026-05-06T11:15:31.004+0000] {processor.py:840} INFO - DAG(s) 'stackoverflow_medallion_pipeline' retrieved from /opt/airflow/dags/stackoverflow_migration_dag.py
[2026-05-06T11:15:31.079+0000] {logging_mixin.py:188} INFO - [2026-05-06T11:15:31.079+0000] {dag.py:3096} INFO - Sync 1 DAGs
[2026-05-06T11:15:31.136+0000] {logging_mixin.py:188} INFO - [2026-05-06T11:15:31.135+0000] {dag.py:3954} INFO - Setting next_dagrun for stackoverflow_medallion_pipeline to 2026-05-06 00:00:00+00:00, run_after=2026-05-07 00:00:00+00:00
[2026-05-06T11:15:31.181+0000] {processor.py:183} INFO - Processing /opt/airflow/dags/stackoverflow_migration_dag.py took 0.237 seconds
[2026-05-06T11:16:01.287+0000] {processor.py:161} INFO - Started process (PID=691) to work on /opt/airflow/dags/stackoverflow_migration_dag.py
[2026-05-06T11:16:01.289+0000] {processor.py:830} INFO - Processing file /opt/airflow/dags/stackoverflow_migration_dag.py for tasks to queue
[2026-05-06T11:16:01.291+0000] {logging_mixin.py:188} INFO - [2026-05-06T11:16:01.291+0000] {dagbag.py:545} INFO - Filling up the DagBag from /opt/airflow/dags/stackoverflow_migration_dag.py
[2026-05-06T11:16:01.325+0000] {processor.py:840} INFO - DAG(s) 'stackoverflow_medallion_pipeline' retrieved from /opt/airflow/dags/stackoverflow_migration_dag.py
[2026-05-06T11:16:01.387+0000] {logging_mixin.py:188} INFO - [2026-05-06T11:16:01.386+0000] {dag.py:3096} INFO - Sync 1 DAGs
[2026-05-06T11:16:01.435+0000] {logging_mixin.py:188} INFO - [2026-05-06T11:16:01.435+0000] {dag.py:3954} INFO - Setting next_dagrun for stackoverflow_medallion_pipeline to 2026-05-06 00:00:00+00:00, run_after=2026-05-07 00:00:00+00:00
[2026-05-06T11:16:01.473+0000] {processor.py:183} INFO - Processing /opt/airflow/dags/stackoverflow_migration_dag.py took 0.193 seconds
[2026-05-06T11:16:31.881+0000] {processor.py:161} INFO - Started process (PID=696) to work on /opt/airflow/dags/stackoverflow_migration_dag.py
[2026-05-06T11:16:31.883+0000] {processor.py:830} INFO - Processing file /opt/airflow/dags/stackoverflow_migration_dag.py for tasks to queue
[2026-05-06T11:16:31.886+0000] {logging_mixin.py:188} INFO - [2026-05-06T11:16:31.885+0000] {dagbag.py:545} INFO - Filling up the DagBag from /opt/airflow/dags/stackoverflow_migration_dag.py
[2026-05-06T11:16:31.921+0000] {processor.py:840} INFO - DAG(s) 'stackoverflow_medallion_pipeline' retrieved from /opt/airflow/dags/stackoverflow_migration_dag.py
[2026-05-06T11:16:31.994+0000] {logging_mixin.py:188} INFO - [2026-05-06T11:16:31.993+0000] {dag.py:3096} INFO - Sync 1 DAGs
[2026-05-06T11:16:32.079+0000] {logging_mixin.py:188} INFO - [2026-05-06T11:16:32.078+0000] {dag.py:3954} INFO - Setting next_dagrun for stackoverflow_medallion_pipeline to 2026-05-06 00:00:00+00:00, run_after=2026-05-07 00:00:00+00:00
[2026-05-06T11:16:32.149+0000] {processor.py:183} INFO - Processing /opt/airflow/dags/stackoverflow_migration_dag.py took 0.275 seconds
[2026-05-06T11:17:02.265+0000] {processor.py:161} INFO - Started process (PID=701) to work on /opt/airflow/dags/stackoverflow_migration_dag.py
[2026-05-06T11:17:02.266+0000] {processor.py:830} INFO - Processing file /opt/airflow/dags/stackoverflow_migration_dag.py for tasks to queue
[2026-05-06T11:17:02.269+0000] {logging_mixin.py:188} INFO - [2026-05-06T11:17:02.268+0000] {dagbag.py:545} INFO - Filling up the DagBag from /opt/airflow/dags/stackoverflow_migration_dag.py
[2026-05-06T11:17:02.307+0000] {processor.py:840} INFO - DAG(s) 'stackoverflow_medallion_pipeline' retrieved from /opt/airflow/dags/stackoverflow_migration_dag.py
[2026-05-06T11:17:02.368+0000] {logging_mixin.py:188} INFO - [2026-05-06T11:17:02.368+0000] {dag.py:3096} INFO - Sync 1 DAGs
[2026-05-06T11:17:02.419+0000] {logging_mixin.py:188} INFO - [2026-05-06T11:17:02.419+0000] {dag.py:3954} INFO - Setting next_dagrun for stackoverflow_medallion_pipeline to 2026-05-06 00:00:00+00:00, run_after=2026-05-07 00:00:00+00:00
[2026-05-06T11:17:02.460+0000] {processor.py:183} INFO - Processing /opt/airflow/dags/stackoverflow_migration_dag.py took 0.203 seconds
[2026-05-06T11:17:32.781+0000] {processor.py:161} INFO - Started process (PID=706) to work on /opt/airflow/dags/stackoverflow_migration_dag.py
[2026-05-06T11:17:32.784+0000] {processor.py:830} INFO - Processing file /opt/airflow/dags/stackoverflow_migration_dag.py for tasks to queue
[2026-05-06T11:17:32.788+0000] {logging_mixin.py:188} INFO - [2026-05-06T11:17:32.788+0000] {dagbag.py:545} INFO - Filling up the DagBag from /opt/airflow/dags/stackoverflow_migration_dag.py
[2026-05-06T11:17:32.861+0000] {processor.py:840} INFO - DAG(s) 'stackoverflow_medallion_pipeline' retrieved from /opt/airflow/dags/stackoverflow_migration_dag.py
[2026-05-06T11:17:32.944+0000] {logging_mixin.py:188} INFO - [2026-05-06T11:17:32.944+0000] {dag.py:3096} INFO - Sync 1 DAGs
[2026-05-06T11:17:32.999+0000] {logging_mixin.py:188} INFO - [2026-05-06T11:17:32.998+0000] {dag.py:3954} INFO - Setting next_dagrun for stackoverflow_medallion_pipeline to 2026-05-06 00:00:00+00:00, run_after=2026-05-07 00:00:00+00:00
[2026-05-06T11:17:33.044+0000] {processor.py:183} INFO - Processing /opt/airflow/dags/stackoverflow_migration_dag.py took 0.271 seconds
[2026-05-06T11:18:03.365+0000] {processor.py:161} INFO - Started process (PID=711) to work on /opt/airflow/dags/stackoverflow_migration_dag.py
[2026-05-06T11:18:03.367+0000] {processor.py:830} INFO - Processing file /opt/airflow/dags/stackoverflow_migration_dag.py for tasks to queue
[2026-05-06T11:18:03.369+0000] {logging_mixin.py:188} INFO - [2026-05-06T11:18:03.369+0000] {dagbag.py:545} INFO - Filling up the DagBag from /opt/airflow/dags/stackoverflow_migration_dag.py
[2026-05-06T11:18:03.405+0000] {processor.py:840} INFO - DAG(s) 'stackoverflow_medallion_pipeline' retrieved from /opt/airflow/dags/stackoverflow_migration_dag.py
[2026-05-06T11:18:03.474+0000] {logging_mixin.py:188} INFO - [2026-05-06T11:18:03.473+0000] {dag.py:3096} INFO - Sync 1 DAGs
[2026-05-06T11:18:03.530+0000] {logging_mixin.py:188} INFO - [2026-05-06T11:18:03.530+0000] {dag.py:3954} INFO - Setting next_dagrun for stackoverflow_medallion_pipeline to 2026-05-06 00:00:00+00:00, run_after=2026-05-07 00:00:00+00:00
[2026-05-06T11:18:03.570+0000] {processor.py:183} INFO - Processing /opt/airflow/dags/stackoverflow_migration_dag.py took 0.212 seconds
[2026-05-06T11:18:33.649+0000] {processor.py:161} INFO - Started process (PID=716) to work on /opt/airflow/dags/stackoverflow_migration_dag.py
[2026-05-06T11:18:33.650+0000] {processor.py:830} INFO - Processing file /opt/airflow/dags/stackoverflow_migration_dag.py for tasks to queue
[2026-05-06T11:18:33.654+0000] {logging_mixin.py:188} INFO - [2026-05-06T11:18:33.653+0000] {dagbag.py:545} INFO - Filling up the DagBag from /opt/airflow/dags/stackoverflow_migration_dag.py
[2026-05-06T11:18:33.692+0000] {processor.py:840} INFO - DAG(s) 'stackoverflow_medallion_pipeline' retrieved from /opt/airflow/dags/stackoverflow_migration_dag.py
[2026-05-06T11:18:33.761+0000] {logging_mixin.py:188} INFO - [2026-05-06T11:18:33.761+0000] {dag.py:3096} INFO - Sync 1 DAGs
[2026-05-06T11:18:33.808+0000] {logging_mixin.py:188} INFO - [2026-05-06T11:18:33.808+0000] {dag.py:3954} INFO - Setting next_dagrun for stackoverflow_medallion_pipeline to 2026-05-06 00:00:00+00:00, run_after=2026-05-07 00:00:00+00:00
[2026-05-06T11:18:33.849+0000] {processor.py:183} INFO - Processing /opt/airflow/dags/stackoverflow_migration_dag.py took 0.208 seconds
[2026-05-06T11:42:53.718+0000] {processor.py:161} INFO - Started process (PID=164) to work on /opt/airflow/dags/stackoverflow_migration_dag.py
[2026-05-06T11:42:53.719+0000] {processor.py:830} INFO - Processing file /opt/airflow/dags/stackoverflow_migration_dag.py for tasks to queue
[2026-05-06T11:42:53.721+0000] {logging_mixin.py:188} INFO - [2026-05-06T11:42:53.720+0000] {dagbag.py:545} INFO - Filling up the DagBag from /opt/airflow/dags/stackoverflow_migration_dag.py
[2026-05-06T11:42:53.777+0000] {processor.py:840} INFO - DAG(s) 'stackoverflow_medallion_pipeline' retrieved from /opt/airflow/dags/stackoverflow_migration_dag.py
[2026-05-06T11:42:54.301+0000] {logging_mixin.py:188} INFO - [2026-05-06T11:42:54.301+0000] {dag.py:3096} INFO - Sync 1 DAGs
[2026-05-06T11:42:54.459+0000] {logging_mixin.py:188} INFO - [2026-05-06T11:42:54.458+0000] {dag.py:3954} INFO - Setting next_dagrun for stackoverflow_medallion_pipeline to 2026-05-06 00:00:00+00:00, run_after=2026-05-07 00:00:00+00:00
[2026-05-06T11:42:54.563+0000] {processor.py:183} INFO - Processing /opt/airflow/dags/stackoverflow_migration_dag.py took 0.865 seconds
[2026-05-06T11:43:25.092+0000] {processor.py:161} INFO - Started process (PID=169) to work on /opt/airflow/dags/stackoverflow_migration_dag.py
[2026-05-06T11:43:25.094+0000] {processor.py:830} INFO - Processing file /opt/airflow/dags/stackoverflow_migration_dag.py for tasks to queue
[2026-05-06T11:43:25.099+0000] {logging_mixin.py:188} INFO - [2026-05-06T11:43:25.098+0000] {dagbag.py:545} INFO - Filling up the DagBag from /opt/airflow/dags/stackoverflow_migration_dag.py
[2026-05-06T11:43:25.181+0000] {processor.py:840} INFO - DAG(s) 'stackoverflow_medallion_pipeline' retrieved from /opt/airflow/dags/stackoverflow_migration_dag.py
[2026-05-06T11:43:25.352+0000] {logging_mixin.py:188} INFO - [2026-05-06T11:43:25.351+0000] {dag.py:3096} INFO - Sync 1 DAGs
[2026-05-06T11:43:25.477+0000] {logging_mixin.py:188} INFO - [2026-05-06T11:43:25.477+0000] {dag.py:3954} INFO - Setting next_dagrun for stackoverflow_medallion_pipeline to 2026-05-06 00:00:00+00:00, run_after=2026-05-07 00:00:00+00:00
[2026-05-06T11:43:25.550+0000] {processor.py:183} INFO - Processing /opt/airflow/dags/stackoverflow_migration_dag.py took 0.469 seconds
[2026-05-06T11:43:56.054+0000] {processor.py:161} INFO - Started process (PID=174) to work on /opt/airflow/dags/stackoverflow_migration_dag.py
[2026-05-06T11:43:56.056+0000] {processor.py:830} INFO - Processing file /opt/airflow/dags/stackoverflow_migration_dag.py for tasks to queue
[2026-05-06T11:43:56.060+0000] {logging_mixin.py:188} INFO - [2026-05-06T11:43:56.060+0000] {dagbag.py:545} INFO - Filling up the DagBag from /opt/airflow/dags/stackoverflow_migration_dag.py
[2026-05-06T11:43:56.122+0000] {processor.py:840} INFO - DAG(s) 'stackoverflow_medallion_pipeline' retrieved from /opt/airflow/dags/stackoverflow_migration_dag.py
[2026-05-06T11:43:56.258+0000] {logging_mixin.py:188} INFO - [2026-05-06T11:43:56.258+0000] {dag.py:3096} INFO - Sync 1 DAGs
[2026-05-06T11:43:56.359+0000] {logging_mixin.py:188} INFO - [2026-05-06T11:43:56.359+0000] {dag.py:3954} INFO - Setting next_dagrun for stackoverflow_medallion_pipeline to 2026-05-06 00:00:00+00:00, run_after=2026-05-07 00:00:00+00:00
[2026-05-06T11:43:56.427+0000] {processor.py:183} INFO - Processing /opt/airflow/dags/stackoverflow_migration_dag.py took 0.387 seconds
[2026-05-06T11:44:26.979+0000] {processor.py:161} INFO - Started process (PID=179) to work on /opt/airflow/dags/stackoverflow_migration_dag.py
[2026-05-06T11:44:26.983+0000] {processor.py:830} INFO - Processing file /opt/airflow/dags/stackoverflow_migration_dag.py for tasks to queue
[2026-05-06T11:44:26.991+0000] {logging_mixin.py:188} INFO - [2026-05-06T11:44:26.989+0000] {dagbag.py:545} INFO - Filling up the DagBag from /opt/airflow/dags/stackoverflow_migration_dag.py
[2026-05-06T11:44:27.088+0000] {processor.py:840} INFO - DAG(s) 'stackoverflow_medallion_pipeline' retrieved from /opt/airflow/dags/stackoverflow_migration_dag.py
[2026-05-06T11:44:27.260+0000] {logging_mixin.py:188} INFO - [2026-05-06T11:44:27.260+0000] {dag.py:3096} INFO - Sync 1 DAGs
[2026-05-06T11:44:27.325+0000] {logging_mixin.py:188} INFO - [2026-05-06T11:44:27.324+0000] {dag.py:3954} INFO - Setting next_dagrun for stackoverflow_medallion_pipeline to 2026-05-06 00:00:00+00:00, run_after=2026-05-07 00:00:00+00:00
[2026-05-06T11:44:27.378+0000] {processor.py:183} INFO - Processing /opt/airflow/dags/stackoverflow_migration_dag.py took 0.426 seconds
[2026-05-06T11:44:57.944+0000] {processor.py:161} INFO - Started process (PID=184) to work on /opt/airflow/dags/stackoverflow_migration_dag.py
[2026-05-06T11:44:57.946+0000] {processor.py:830} INFO - Processing file /opt/airflow/dags/stackoverflow_migration_dag.py for tasks to queue
[2026-05-06T11:44:57.951+0000] {logging_mixin.py:188} INFO - [2026-05-06T11:44:57.950+0000] {dagbag.py:545} INFO - Filling up the DagBag from /opt/airflow/dags/stackoverflow_migration_dag.py
[2026-05-06T11:44:58.034+0000] {processor.py:840} INFO - DAG(s) 'stackoverflow_medallion_pipeline' retrieved from /opt/airflow/dags/stackoverflow_migration_dag.py
[2026-05-06T11:44:58.194+0000] {logging_mixin.py:188} INFO - [2026-05-06T11:44:58.193+0000] {dag.py:3096} INFO - Sync 1 DAGs
[2026-05-06T11:44:58.287+0000] {logging_mixin.py:188} INFO - [2026-05-06T11:44:58.286+0000] {dag.py:3954} INFO - Setting next_dagrun for stackoverflow_medallion_pipeline to 2026-05-06 00:00:00+00:00, run_after=2026-05-07 00:00:00+00:00
[2026-05-06T11:44:58.371+0000] {processor.py:183} INFO - Processing /opt/airflow/dags/stackoverflow_migration_dag.py took 0.440 seconds
[2026-05-06T11:45:28.882+0000] {processor.py:161} INFO - Started process (PID=189) to work on /opt/airflow/dags/stackoverflow_migration_dag.py
[2026-05-06T11:45:28.884+0000] {processor.py:830} INFO - Processing file /opt/airflow/dags/stackoverflow_migration_dag.py for tasks to queue
[2026-05-06T11:45:28.888+0000] {logging_mixin.py:188} INFO - [2026-05-06T11:45:28.888+0000] {dagbag.py:545} INFO - Filling up the DagBag from /opt/airflow/dags/stackoverflow_migration_dag.py
[2026-05-06T11:45:28.963+0000] {processor.py:840} INFO - DAG(s) 'stackoverflow_medallion_pipeline' retrieved from /opt/airflow/dags/stackoverflow_migration_dag.py
[2026-05-06T11:45:29.055+0000] {logging_mixin.py:188} INFO - [2026-05-06T11:45:29.055+0000] {dag.py:3096} INFO - Sync 1 DAGs
[2026-05-06T11:45:29.118+0000] {logging_mixin.py:188} INFO - [2026-05-06T11:45:29.118+0000] {dag.py:3954} INFO - Setting next_dagrun for stackoverflow_medallion_pipeline to 2026-05-06 00:00:00+00:00, run_after=2026-05-07 00:00:00+00:00
[2026-05-06T11:45:29.175+0000] {processor.py:183} INFO - Processing /opt/airflow/dags/stackoverflow_migration_dag.py took 0.304 seconds
[2026-05-06T11:45:59.338+0000] {processor.py:161} INFO - Started process (PID=194) to work on /opt/airflow/dags/stackoverflow_migration_dag.py
[2026-05-06T11:45:59.341+0000] {processor.py:830} INFO - Processing file /opt/airflow/dags/stackoverflow_migration_dag.py for tasks to queue
[2026-05-06T11:45:59.345+0000] {logging_mixin.py:188} INFO - [2026-05-06T11:45:59.345+0000] {dagbag.py:545} INFO - Filling up the DagBag from /opt/airflow/dags/stackoverflow_migration_dag.py
[2026-05-06T11:45:59.422+0000] {processor.py:840} INFO - DAG(s) 'stackoverflow_medallion_pipeline' retrieved from /opt/airflow/dags/stackoverflow_migration_dag.py
[2026-05-06T11:45:59.541+0000] {logging_mixin.py:188} INFO - [2026-05-06T11:45:59.540+0000] {dag.py:3096} INFO - Sync 1 DAGs
[2026-05-06T11:45:59.623+0000] {logging_mixin.py:188} INFO - [2026-05-06T11:45:59.623+0000] {dag.py:3954} INFO - Setting next_dagrun for stackoverflow_medallion_pipeline to 2026-05-06 00:00:00+00:00, run_after=2026-05-07 00:00:00+00:00
[2026-05-06T11:45:59.708+0000] {processor.py:183} INFO - Processing /opt/airflow/dags/stackoverflow_migration_dag.py took 0.384 seconds
[2026-05-06T11:46:30.032+0000] {processor.py:161} INFO - Started process (PID=199) to work on /opt/airflow/dags/stackoverflow_migration_dag.py
[2026-05-06T11:46:30.035+0000] {processor.py:830} INFO - Processing file /opt/airflow/dags/stackoverflow_migration_dag.py for tasks to queue
[2026-05-06T11:46:30.039+0000] {logging_mixin.py:188} INFO - [2026-05-06T11:46:30.039+0000] {dagbag.py:545} INFO - Filling up the DagBag from /opt/airflow/dags/stackoverflow_migration_dag.py
[2026-05-06T11:46:30.087+0000] {processor.py:840} INFO - DAG(s) 'stackoverflow_medallion_pipeline' retrieved from /opt/airflow/dags/stackoverflow_migration_dag.py
[2026-05-06T11:46:30.182+0000] {logging_mixin.py:188} INFO - [2026-05-06T11:46:30.182+0000] {dag.py:3096} INFO - Sync 1 DAGs
[2026-05-06T11:46:30.240+0000] {logging_mixin.py:188} INFO - [2026-05-06T11:46:30.239+0000] {dag.py:3954} INFO - Setting next_dagrun for stackoverflow_medallion_pipeline to 2026-05-06 00:00:00+00:00, run_after=2026-05-07 00:00:00+00:00
[2026-05-06T11:46:30.303+0000] {processor.py:183} INFO - Processing /opt/airflow/dags/stackoverflow_migration_dag.py took 0.285 seconds
[2026-05-06T11:47:00.557+0000] {processor.py:161} INFO - Started process (PID=204) to work on /opt/airflow/dags/stackoverflow_migration_dag.py
[2026-05-06T11:47:00.559+0000] {processor.py:830} INFO - Processing file /opt/airflow/dags/stackoverflow_migration_dag.py for tasks to queue
[2026-05-06T11:47:00.562+0000] {logging_mixin.py:188} INFO - [2026-05-06T11:47:00.561+0000] {dagbag.py:545} INFO - Filling up the DagBag from /opt/airflow/dags/stackoverflow_migration_dag.py
[2026-05-06T11:47:00.618+0000] {processor.py:840} INFO - DAG(s) 'stackoverflow_medallion_pipeline' retrieved from /opt/airflow/dags/stackoverflow_migration_dag.py
[2026-05-06T11:47:00.710+0000] {logging_mixin.py:188} INFO - [2026-05-06T11:47:00.710+0000] {dag.py:3096} INFO - Sync 1 DAGs
[2026-05-06T11:47:00.790+0000] {logging_mixin.py:188} INFO - [2026-05-06T11:47:00.790+0000] {dag.py:3954} INFO - Setting next_dagrun for stackoverflow_medallion_pipeline to 2026-05-06 00:00:00+00:00, run_after=2026-05-07 00:00:00+00:00
[2026-05-06T11:47:00.863+0000] {processor.py:183} INFO - Processing /opt/airflow/dags/stackoverflow_migration_dag.py took 0.314 seconds
[2026-05-06T11:47:31.262+0000] {processor.py:161} INFO - Started process (PID=209) to work on /opt/airflow/dags/stackoverflow_migration_dag.py
[2026-05-06T11:47:31.265+0000] {processor.py:830} INFO - Processing file /opt/airflow/dags/stackoverflow_migration_dag.py for tasks to queue
[2026-05-06T11:47:31.270+0000] {logging_mixin.py:188} INFO - [2026-05-06T11:47:31.269+0000] {dagbag.py:545} INFO - Filling up the DagBag from /opt/airflow/dags/stackoverflow_migration_dag.py
[2026-05-06T11:47:31.349+0000] {processor.py:840} INFO - DAG(s) 'stackoverflow_medallion_pipeline' retrieved from /opt/airflow/dags/stackoverflow_migration_dag.py
[2026-05-06T11:47:31.467+0000] {logging_mixin.py:188} INFO - [2026-05-06T11:47:31.466+0000] {dag.py:3096} INFO - Sync 1 DAGs
[2026-05-06T11:47:31.535+0000] {logging_mixin.py:188} INFO - [2026-05-06T11:47:31.535+0000] {dag.py:3954} INFO - Setting next_dagrun for stackoverflow_medallion_pipeline to 2026-05-06 00:00:00+00:00, run_after=2026-05-07 00:00:00+00:00
[2026-05-06T11:47:31.596+0000] {processor.py:183} INFO - Processing /opt/airflow/dags/stackoverflow_migration_dag.py took 0.352 seconds
[2026-05-06T11:48:01.947+0000] {processor.py:161} INFO - Started process (PID=214) to work on /opt/airflow/dags/stackoverflow_migration_dag.py
[2026-05-06T11:48:01.950+0000] {processor.py:830} INFO - Processing file /opt/airflow/dags/stackoverflow_migration_dag.py for tasks to queue
[2026-05-06T11:48:01.953+0000] {logging_mixin.py:188} INFO - [2026-05-06T11:48:01.953+0000] {dagbag.py:545} INFO - Filling up the DagBag from /opt/airflow/dags/stackoverflow_migration_dag.py
[2026-05-06T11:48:01.998+0000] {processor.py:840} INFO - DAG(s) 'stackoverflow_medallion_pipeline' retrieved from /opt/airflow/dags/stackoverflow_migration_dag.py
[2026-05-06T11:48:02.146+0000] {logging_mixin.py:188} INFO - [2026-05-06T11:48:02.146+0000] {dag.py:3096} INFO - Sync 1 DAGs
[2026-05-06T11:48:02.202+0000] {logging_mixin.py:188} INFO - [2026-05-06T11:48:02.202+0000] {dag.py:3954} INFO - Setting next_dagrun for stackoverflow_medallion_pipeline to 2026-05-06 00:00:00+00:00, run_after=2026-05-07 00:00:00+00:00
[2026-05-06T11:48:02.268+0000] {processor.py:183} INFO - Processing /opt/airflow/dags/stackoverflow_migration_dag.py took 0.337 seconds
[2026-05-06T11:48:32.513+0000] {processor.py:161} INFO - Started process (PID=219) to work on /opt/airflow/dags/stackoverflow_migration_dag.py
[2026-05-06T11:48:32.516+0000] {processor.py:830} INFO - Processing file /opt/airflow/dags/stackoverflow_migration_dag.py for tasks to queue
[2026-05-06T11:48:32.522+0000] {logging_mixin.py:188} INFO - [2026-05-06T11:48:32.521+0000] {dagbag.py:545} INFO - Filling up the DagBag from /opt/airflow/dags/stackoverflow_migration_dag.py
[2026-05-06T11:48:32.586+0000] {processor.py:840} INFO - DAG(s) 'stackoverflow_medallion_pipeline' retrieved from /opt/airflow/dags/stackoverflow_migration_dag.py
[2026-05-06T11:48:32.685+0000] {logging_mixin.py:188} INFO - [2026-05-06T11:48:32.685+0000] {dag.py:3096} INFO - Sync 1 DAGs
[2026-05-06T11:48:32.797+0000] {logging_mixin.py:188} INFO - [2026-05-06T11:48:32.797+0000] {dag.py:3954} INFO - Setting next_dagrun for stackoverflow_medallion_pipeline to 2026-05-06 00:00:00+00:00, run_after=2026-05-07 00:00:00+00:00
[2026-05-06T11:48:32.850+0000] {processor.py:183} INFO - Processing /opt/airflow/dags/stackoverflow_migration_dag.py took 0.356 seconds
[2026-05-06T11:48:39.066+0000] {processor.py:161} INFO - Started process (PID=224) to work on /opt/airflow/dags/stackoverflow_migration_dag.py
[2026-05-06T11:48:39.068+0000] {processor.py:830} INFO - Processing file /opt/airflow/dags/stackoverflow_migration_dag.py for tasks to queue
[2026-05-06T11:48:39.073+0000] {logging_mixin.py:188} INFO - [2026-05-06T11:48:39.072+0000] {dagbag.py:545} INFO - Filling up the DagBag from /opt/airflow/dags/stackoverflow_migration_dag.py
[2026-05-06T11:48:39.177+0000] {logging_mixin.py:188} INFO - [2026-05-06T11:48:39.160+0000] {dagbag.py:355} ERROR - Failed to import: /opt/airflow/dags/stackoverflow_migration_dag.py
Traceback (most recent call last):
  File "/home/airflow/.local/lib/python3.12/site-packages/airflow/models/dagbag.py", line 351, in parse
    loader.exec_module(new_module)
  File "<frozen importlib._bootstrap_external>", line 995, in exec_module
  File "<frozen importlib._bootstrap>", line 488, in _call_with_frames_removed
  File "/opt/airflow/dags/stackoverflow_migration_dag.py", line 3, in <module>
    import openai
ModuleNotFoundError: No module named 'openai'
[2026-05-06T11:48:39.183+0000] {processor.py:842} WARNING - No viable dags retrieved from /opt/airflow/dags/stackoverflow_migration_dag.py
[2026-05-06T11:48:39.367+0000] {processor.py:183} INFO - Processing /opt/airflow/dags/stackoverflow_migration_dag.py took 0.314 seconds
[2026-05-06T11:48:41.542+0000] {processor.py:161} INFO - Started process (PID=229) to work on /opt/airflow/dags/stackoverflow_migration_dag.py
[2026-05-06T11:48:41.545+0000] {processor.py:830} INFO - Processing file /opt/airflow/dags/stackoverflow_migration_dag.py for tasks to queue
[2026-05-06T11:48:41.551+0000] {logging_mixin.py:188} INFO - [2026-05-06T11:48:41.550+0000] {dagbag.py:545} INFO - Filling up the DagBag from /opt/airflow/dags/stackoverflow_migration_dag.py
[2026-05-06T11:48:41.658+0000] {logging_mixin.py:188} INFO - [2026-05-06T11:48:41.646+0000] {dagbag.py:355} ERROR - Failed to import: /opt/airflow/dags/stackoverflow_migration_dag.py
Traceback (most recent call last):
  File "/home/airflow/.local/lib/python3.12/site-packages/airflow/models/dagbag.py", line 351, in parse
    loader.exec_module(new_module)
  File "<frozen importlib._bootstrap_external>", line 995, in exec_module
  File "<frozen importlib._bootstrap>", line 488, in _call_with_frames_removed
  File "/opt/airflow/dags/stackoverflow_migration_dag.py", line 3, in <module>
    import openai
ModuleNotFoundError: No module named 'openai'
[2026-05-06T11:48:41.663+0000] {processor.py:842} WARNING - No viable dags retrieved from /opt/airflow/dags/stackoverflow_migration_dag.py
[2026-05-06T11:48:41.800+0000] {processor.py:183} INFO - Processing /opt/airflow/dags/stackoverflow_migration_dag.py took 0.274 seconds
[2026-05-06T11:50:12.041+0000] {processor.py:161} INFO - Started process (PID=165) to work on /opt/airflow/dags/stackoverflow_migration_dag.py
[2026-05-06T11:50:12.043+0000] {processor.py:830} INFO - Processing file /opt/airflow/dags/stackoverflow_migration_dag.py for tasks to queue
[2026-05-06T11:50:12.046+0000] {logging_mixin.py:188} INFO - [2026-05-06T11:50:12.045+0000] {dagbag.py:545} INFO - Filling up the DagBag from /opt/airflow/dags/stackoverflow_migration_dag.py
[2026-05-06T11:50:12.118+0000] {logging_mixin.py:188} INFO - [2026-05-06T11:50:12.107+0000] {dagbag.py:355} ERROR - Failed to import: /opt/airflow/dags/stackoverflow_migration_dag.py
Traceback (most recent call last):
  File "/home/airflow/.local/lib/python3.12/site-packages/airflow/models/dagbag.py", line 351, in parse
    loader.exec_module(new_module)
  File "<frozen importlib._bootstrap_external>", line 995, in exec_module
  File "<frozen importlib._bootstrap>", line 488, in _call_with_frames_removed
  File "/opt/airflow/dags/stackoverflow_migration_dag.py", line 3, in <module>
    import openai
ModuleNotFoundError: No module named 'openai'
[2026-05-06T11:50:12.122+0000] {processor.py:842} WARNING - No viable dags retrieved from /opt/airflow/dags/stackoverflow_migration_dag.py
[2026-05-06T11:50:12.223+0000] {processor.py:183} INFO - Processing /opt/airflow/dags/stackoverflow_migration_dag.py took 0.192 seconds
[2026-05-06T11:50:42.446+0000] {processor.py:161} INFO - Started process (PID=170) to work on /opt/airflow/dags/stackoverflow_migration_dag.py
[2026-05-06T11:50:42.449+0000] {processor.py:830} INFO - Processing file /opt/airflow/dags/stackoverflow_migration_dag.py for tasks to queue
[2026-05-06T11:50:42.453+0000] {logging_mixin.py:188} INFO - [2026-05-06T11:50:42.452+0000] {dagbag.py:545} INFO - Filling up the DagBag from /opt/airflow/dags/stackoverflow_migration_dag.py
[2026-05-06T11:50:42.499+0000] {logging_mixin.py:188} INFO - [2026-05-06T11:50:42.489+0000] {dagbag.py:355} ERROR - Failed to import: /opt/airflow/dags/stackoverflow_migration_dag.py
Traceback (most recent call last):
  File "/home/airflow/.local/lib/python3.12/site-packages/airflow/models/dagbag.py", line 351, in parse
    loader.exec_module(new_module)
  File "<frozen importlib._bootstrap_external>", line 995, in exec_module
  File "<frozen importlib._bootstrap>", line 488, in _call_with_frames_removed
  File "/opt/airflow/dags/stackoverflow_migration_dag.py", line 3, in <module>
    import openai
ModuleNotFoundError: No module named 'openai'
[2026-05-06T11:50:42.502+0000] {processor.py:842} WARNING - No viable dags retrieved from /opt/airflow/dags/stackoverflow_migration_dag.py
[2026-05-06T11:50:42.606+0000] {processor.py:183} INFO - Processing /opt/airflow/dags/stackoverflow_migration_dag.py took 0.176 seconds
[2026-05-06T11:51:13.002+0000] {processor.py:161} INFO - Started process (PID=175) to work on /opt/airflow/dags/stackoverflow_migration_dag.py
[2026-05-06T11:51:13.004+0000] {processor.py:830} INFO - Processing file /opt/airflow/dags/stackoverflow_migration_dag.py for tasks to queue
[2026-05-06T11:51:13.006+0000] {logging_mixin.py:188} INFO - [2026-05-06T11:51:13.005+0000] {dagbag.py:545} INFO - Filling up the DagBag from /opt/airflow/dags/stackoverflow_migration_dag.py
[2026-05-06T11:51:13.062+0000] {logging_mixin.py:188} INFO - [2026-05-06T11:51:13.049+0000] {dagbag.py:355} ERROR - Failed to import: /opt/airflow/dags/stackoverflow_migration_dag.py
Traceback (most recent call last):
  File "/home/airflow/.local/lib/python3.12/site-packages/airflow/models/dagbag.py", line 351, in parse
    loader.exec_module(new_module)
  File "<frozen importlib._bootstrap_external>", line 995, in exec_module
  File "<frozen importlib._bootstrap>", line 488, in _call_with_frames_removed
  File "/opt/airflow/dags/stackoverflow_migration_dag.py", line 3, in <module>
    import openai
ModuleNotFoundError: No module named 'openai'
[2026-05-06T11:51:13.066+0000] {processor.py:842} WARNING - No viable dags retrieved from /opt/airflow/dags/stackoverflow_migration_dag.py
[2026-05-06T11:51:13.190+0000] {processor.py:183} INFO - Processing /opt/airflow/dags/stackoverflow_migration_dag.py took 0.197 seconds
[2026-05-06T11:51:43.499+0000] {processor.py:161} INFO - Started process (PID=180) to work on /opt/airflow/dags/stackoverflow_migration_dag.py
[2026-05-06T11:51:43.501+0000] {processor.py:830} INFO - Processing file /opt/airflow/dags/stackoverflow_migration_dag.py for tasks to queue
[2026-05-06T11:51:43.503+0000] {logging_mixin.py:188} INFO - [2026-05-06T11:51:43.502+0000] {dagbag.py:545} INFO - Filling up the DagBag from /opt/airflow/dags/stackoverflow_migration_dag.py
[2026-05-06T11:51:43.552+0000] {logging_mixin.py:188} INFO - [2026-05-06T11:51:43.543+0000] {dagbag.py:355} ERROR - Failed to import: /opt/airflow/dags/stackoverflow_migration_dag.py
Traceback (most recent call last):
  File "/home/airflow/.local/lib/python3.12/site-packages/airflow/models/dagbag.py", line 351, in parse
    loader.exec_module(new_module)
  File "<frozen importlib._bootstrap_external>", line 995, in exec_module
  File "<frozen importlib._bootstrap>", line 488, in _call_with_frames_removed
  File "/opt/airflow/dags/stackoverflow_migration_dag.py", line 3, in <module>
    import openai
ModuleNotFoundError: No module named 'openai'
[2026-05-06T11:51:43.555+0000] {processor.py:842} WARNING - No viable dags retrieved from /opt/airflow/dags/stackoverflow_migration_dag.py
[2026-05-06T11:51:43.642+0000] {processor.py:183} INFO - Processing /opt/airflow/dags/stackoverflow_migration_dag.py took 0.161 seconds
[2026-05-06T11:52:14.133+0000] {processor.py:161} INFO - Started process (PID=185) to work on /opt/airflow/dags/stackoverflow_migration_dag.py
[2026-05-06T11:52:14.135+0000] {processor.py:830} INFO - Processing file /opt/airflow/dags/stackoverflow_migration_dag.py for tasks to queue
[2026-05-06T11:52:14.137+0000] {logging_mixin.py:188} INFO - [2026-05-06T11:52:14.137+0000] {dagbag.py:545} INFO - Filling up the DagBag from /opt/airflow/dags/stackoverflow_migration_dag.py
[2026-05-06T11:52:14.213+0000] {logging_mixin.py:188} INFO - [2026-05-06T11:52:14.195+0000] {dagbag.py:355} ERROR - Failed to import: /opt/airflow/dags/stackoverflow_migration_dag.py
Traceback (most recent call last):
  File "/home/airflow/.local/lib/python3.12/site-packages/airflow/models/dagbag.py", line 351, in parse
    loader.exec_module(new_module)
  File "<frozen importlib._bootstrap_external>", line 995, in exec_module
  File "<frozen importlib._bootstrap>", line 488, in _call_with_frames_removed
  File "/opt/airflow/dags/stackoverflow_migration_dag.py", line 3, in <module>
    import openai
ModuleNotFoundError: No module named 'openai'
[2026-05-06T11:52:14.219+0000] {processor.py:842} WARNING - No viable dags retrieved from /opt/airflow/dags/stackoverflow_migration_dag.py
[2026-05-06T11:52:14.325+0000] {processor.py:183} INFO - Processing /opt/airflow/dags/stackoverflow_migration_dag.py took 0.207 seconds
[2026-05-06T11:52:44.582+0000] {processor.py:161} INFO - Started process (PID=190) to work on /opt/airflow/dags/stackoverflow_migration_dag.py
[2026-05-06T11:52:44.584+0000] {processor.py:830} INFO - Processing file /opt/airflow/dags/stackoverflow_migration_dag.py for tasks to queue
[2026-05-06T11:52:44.588+0000] {logging_mixin.py:188} INFO - [2026-05-06T11:52:44.587+0000] {dagbag.py:545} INFO - Filling up the DagBag from /opt/airflow/dags/stackoverflow_migration_dag.py
[2026-05-06T11:52:44.667+0000] {logging_mixin.py:188} INFO - [2026-05-06T11:52:44.649+0000] {dagbag.py:355} ERROR - Failed to import: /opt/airflow/dags/stackoverflow_migration_dag.py
Traceback (most recent call last):
  File "/home/airflow/.local/lib/python3.12/site-packages/airflow/models/dagbag.py", line 351, in parse
    loader.exec_module(new_module)
  File "<frozen importlib._bootstrap_external>", line 995, in exec_module
  File "<frozen importlib._bootstrap>", line 488, in _call_with_frames_removed
  File "/opt/airflow/dags/stackoverflow_migration_dag.py", line 3, in <module>
    import openai
ModuleNotFoundError: No module named 'openai'
[2026-05-06T11:52:44.673+0000] {processor.py:842} WARNING - No viable dags retrieved from /opt/airflow/dags/stackoverflow_migration_dag.py
[2026-05-06T11:52:44.845+0000] {processor.py:183} INFO - Processing /opt/airflow/dags/stackoverflow_migration_dag.py took 0.282 seconds
[2026-05-06T11:53:15.195+0000] {processor.py:161} INFO - Started process (PID=195) to work on /opt/airflow/dags/stackoverflow_migration_dag.py
[2026-05-06T11:53:15.197+0000] {processor.py:830} INFO - Processing file /opt/airflow/dags/stackoverflow_migration_dag.py for tasks to queue
[2026-05-06T11:53:15.199+0000] {logging_mixin.py:188} INFO - [2026-05-06T11:53:15.198+0000] {dagbag.py:545} INFO - Filling up the DagBag from /opt/airflow/dags/stackoverflow_migration_dag.py
[2026-05-06T11:53:15.249+0000] {logging_mixin.py:188} INFO - [2026-05-06T11:53:15.238+0000] {dagbag.py:355} ERROR - Failed to import: /opt/airflow/dags/stackoverflow_migration_dag.py
Traceback (most recent call last):
  File "/home/airflow/.local/lib/python3.12/site-packages/airflow/models/dagbag.py", line 351, in parse
    loader.exec_module(new_module)
  File "<frozen importlib._bootstrap_external>", line 995, in exec_module
  File "<frozen importlib._bootstrap>", line 488, in _call_with_frames_removed
  File "/opt/airflow/dags/stackoverflow_migration_dag.py", line 3, in <module>
    import openai
ModuleNotFoundError: No module named 'openai'
[2026-05-06T11:53:15.253+0000] {processor.py:842} WARNING - No viable dags retrieved from /opt/airflow/dags/stackoverflow_migration_dag.py
[2026-05-06T11:53:15.355+0000] {processor.py:183} INFO - Processing /opt/airflow/dags/stackoverflow_migration_dag.py took 0.174 seconds
[2026-05-06T11:53:45.875+0000] {processor.py:161} INFO - Started process (PID=200) to work on /opt/airflow/dags/stackoverflow_migration_dag.py
[2026-05-06T11:53:45.878+0000] {processor.py:830} INFO - Processing file /opt/airflow/dags/stackoverflow_migration_dag.py for tasks to queue
[2026-05-06T11:53:45.882+0000] {logging_mixin.py:188} INFO - [2026-05-06T11:53:45.881+0000] {dagbag.py:545} INFO - Filling up the DagBag from /opt/airflow/dags/stackoverflow_migration_dag.py
[2026-05-06T11:53:45.962+0000] {logging_mixin.py:188} INFO - [2026-05-06T11:53:45.942+0000] {dagbag.py:355} ERROR - Failed to import: /opt/airflow/dags/stackoverflow_migration_dag.py
Traceback (most recent call last):
  File "/home/airflow/.local/lib/python3.12/site-packages/airflow/models/dagbag.py", line 351, in parse
    loader.exec_module(new_module)
  File "<frozen importlib._bootstrap_external>", line 995, in exec_module
  File "<frozen importlib._bootstrap>", line 488, in _call_with_frames_removed
  File "/opt/airflow/dags/stackoverflow_migration_dag.py", line 3, in <module>
    import openai
ModuleNotFoundError: No module named 'openai'
[2026-05-06T11:53:45.968+0000] {processor.py:842} WARNING - No viable dags retrieved from /opt/airflow/dags/stackoverflow_migration_dag.py
[2026-05-06T11:53:46.136+0000] {processor.py:183} INFO - Processing /opt/airflow/dags/stackoverflow_migration_dag.py took 0.300 seconds
[2026-05-06T11:54:16.728+0000] {processor.py:161} INFO - Started process (PID=205) to work on /opt/airflow/dags/stackoverflow_migration_dag.py
[2026-05-06T11:54:16.732+0000] {processor.py:830} INFO - Processing file /opt/airflow/dags/stackoverflow_migration_dag.py for tasks to queue
[2026-05-06T11:54:16.735+0000] {logging_mixin.py:188} INFO - [2026-05-06T11:54:16.734+0000] {dagbag.py:545} INFO - Filling up the DagBag from /opt/airflow/dags/stackoverflow_migration_dag.py
[2026-05-06T11:54:16.782+0000] {logging_mixin.py:188} INFO - [2026-05-06T11:54:16.774+0000] {dagbag.py:355} ERROR - Failed to import: /opt/airflow/dags/stackoverflow_migration_dag.py
Traceback (most recent call last):
  File "/home/airflow/.local/lib/python3.12/site-packages/airflow/models/dagbag.py", line 351, in parse
    loader.exec_module(new_module)
  File "<frozen importlib._bootstrap_external>", line 995, in exec_module
  File "<frozen importlib._bootstrap>", line 488, in _call_with_frames_removed
  File "/opt/airflow/dags/stackoverflow_migration_dag.py", line 3, in <module>
    import openai
ModuleNotFoundError: No module named 'openai'
[2026-05-06T11:54:16.785+0000] {processor.py:842} WARNING - No viable dags retrieved from /opt/airflow/dags/stackoverflow_migration_dag.py
[2026-05-06T11:54:16.897+0000] {processor.py:183} INFO - Processing /opt/airflow/dags/stackoverflow_migration_dag.py took 0.188 seconds
[2026-05-06T11:54:47.109+0000] {processor.py:161} INFO - Started process (PID=210) to work on /opt/airflow/dags/stackoverflow_migration_dag.py
[2026-05-06T11:54:47.116+0000] {processor.py:830} INFO - Processing file /opt/airflow/dags/stackoverflow_migration_dag.py for tasks to queue
[2026-05-06T11:54:47.119+0000] {logging_mixin.py:188} INFO - [2026-05-06T11:54:47.118+0000] {dagbag.py:545} INFO - Filling up the DagBag from /opt/airflow/dags/stackoverflow_migration_dag.py
[2026-05-06T11:54:47.186+0000] {logging_mixin.py:188} INFO - [2026-05-06T11:54:47.172+0000] {dagbag.py:355} ERROR - Failed to import: /opt/airflow/dags/stackoverflow_migration_dag.py
Traceback (most recent call last):
  File "/home/airflow/.local/lib/python3.12/site-packages/airflow/models/dagbag.py", line 351, in parse
    loader.exec_module(new_module)
  File "<frozen importlib._bootstrap_external>", line 995, in exec_module
  File "<frozen importlib._bootstrap>", line 488, in _call_with_frames_removed
  File "/opt/airflow/dags/stackoverflow_migration_dag.py", line 3, in <module>
    import openai
ModuleNotFoundError: No module named 'openai'
[2026-05-06T11:54:47.194+0000] {processor.py:842} WARNING - No viable dags retrieved from /opt/airflow/dags/stackoverflow_migration_dag.py
[2026-05-06T11:54:47.370+0000] {processor.py:183} INFO - Processing /opt/airflow/dags/stackoverflow_migration_dag.py took 0.282 seconds
[2026-05-06T11:55:17.880+0000] {processor.py:161} INFO - Started process (PID=215) to work on /opt/airflow/dags/stackoverflow_migration_dag.py
[2026-05-06T11:55:17.882+0000] {processor.py:830} INFO - Processing file /opt/airflow/dags/stackoverflow_migration_dag.py for tasks to queue
[2026-05-06T11:55:17.883+0000] {logging_mixin.py:188} INFO - [2026-05-06T11:55:17.883+0000] {dagbag.py:545} INFO - Filling up the DagBag from /opt/airflow/dags/stackoverflow_migration_dag.py
[2026-05-06T11:55:17.926+0000] {logging_mixin.py:188} INFO - [2026-05-06T11:55:17.916+0000] {dagbag.py:355} ERROR - Failed to import: /opt/airflow/dags/stackoverflow_migration_dag.py
Traceback (most recent call last):
  File "/home/airflow/.local/lib/python3.12/site-packages/airflow/models/dagbag.py", line 351, in parse
    loader.exec_module(new_module)
  File "<frozen importlib._bootstrap_external>", line 995, in exec_module
  File "<frozen importlib._bootstrap>", line 488, in _call_with_frames_removed
  File "/opt/airflow/dags/stackoverflow_migration_dag.py", line 3, in <module>
    import openai
ModuleNotFoundError: No module named 'openai'
[2026-05-06T11:55:17.929+0000] {processor.py:842} WARNING - No viable dags retrieved from /opt/airflow/dags/stackoverflow_migration_dag.py
[2026-05-06T11:55:18.030+0000] {processor.py:183} INFO - Processing /opt/airflow/dags/stackoverflow_migration_dag.py took 0.158 seconds
[2026-05-06T11:55:48.344+0000] {processor.py:161} INFO - Started process (PID=220) to work on /opt/airflow/dags/stackoverflow_migration_dag.py
[2026-05-06T11:55:48.348+0000] {processor.py:830} INFO - Processing file /opt/airflow/dags/stackoverflow_migration_dag.py for tasks to queue
[2026-05-06T11:55:48.351+0000] {logging_mixin.py:188} INFO - [2026-05-06T11:55:48.350+0000] {dagbag.py:545} INFO - Filling up the DagBag from /opt/airflow/dags/stackoverflow_migration_dag.py
[2026-05-06T11:55:48.433+0000] {logging_mixin.py:188} INFO - [2026-05-06T11:55:48.414+0000] {dagbag.py:355} ERROR - Failed to import: /opt/airflow/dags/stackoverflow_migration_dag.py
Traceback (most recent call last):
  File "/home/airflow/.local/lib/python3.12/site-packages/airflow/models/dagbag.py", line 351, in parse
    loader.exec_module(new_module)
  File "<frozen importlib._bootstrap_external>", line 995, in exec_module
  File "<frozen importlib._bootstrap>", line 488, in _call_with_frames_removed
  File "/opt/airflow/dags/stackoverflow_migration_dag.py", line 3, in <module>
    import openai
ModuleNotFoundError: No module named 'openai'
[2026-05-06T11:55:48.439+0000] {processor.py:842} WARNING - No viable dags retrieved from /opt/airflow/dags/stackoverflow_migration_dag.py
[2026-05-06T11:55:48.613+0000] {processor.py:183} INFO - Processing /opt/airflow/dags/stackoverflow_migration_dag.py took 0.287 seconds
[2026-05-06T11:56:18.879+0000] {processor.py:161} INFO - Started process (PID=225) to work on /opt/airflow/dags/stackoverflow_migration_dag.py
[2026-05-06T11:56:18.881+0000] {processor.py:830} INFO - Processing file /opt/airflow/dags/stackoverflow_migration_dag.py for tasks to queue
[2026-05-06T11:56:18.884+0000] {logging_mixin.py:188} INFO - [2026-05-06T11:56:18.883+0000] {dagbag.py:545} INFO - Filling up the DagBag from /opt/airflow/dags/stackoverflow_migration_dag.py
[2026-05-06T11:56:18.927+0000] {logging_mixin.py:188} INFO - [2026-05-06T11:56:18.917+0000] {dagbag.py:355} ERROR - Failed to import: /opt/airflow/dags/stackoverflow_migration_dag.py
Traceback (most recent call last):
  File "/home/airflow/.local/lib/python3.12/site-packages/airflow/models/dagbag.py", line 351, in parse
    loader.exec_module(new_module)
  File "<frozen importlib._bootstrap_external>", line 995, in exec_module
  File "<frozen importlib._bootstrap>", line 488, in _call_with_frames_removed
  File "/opt/airflow/dags/stackoverflow_migration_dag.py", line 3, in <module>
    import openai
ModuleNotFoundError: No module named 'openai'
[2026-05-06T11:56:18.930+0000] {processor.py:842} WARNING - No viable dags retrieved from /opt/airflow/dags/stackoverflow_migration_dag.py
[2026-05-06T11:56:19.015+0000] {processor.py:183} INFO - Processing /opt/airflow/dags/stackoverflow_migration_dag.py took 0.154 seconds
[2026-05-06T11:56:49.580+0000] {processor.py:161} INFO - Started process (PID=230) to work on /opt/airflow/dags/stackoverflow_migration_dag.py
[2026-05-06T11:56:49.584+0000] {processor.py:830} INFO - Processing file /opt/airflow/dags/stackoverflow_migration_dag.py for tasks to queue
[2026-05-06T11:56:49.587+0000] {logging_mixin.py:188} INFO - [2026-05-06T11:56:49.586+0000] {dagbag.py:545} INFO - Filling up the DagBag from /opt/airflow/dags/stackoverflow_migration_dag.py
[2026-05-06T11:56:49.660+0000] {logging_mixin.py:188} INFO - [2026-05-06T11:56:49.642+0000] {dagbag.py:355} ERROR - Failed to import: /opt/airflow/dags/stackoverflow_migration_dag.py
Traceback (most recent call last):
  File "/home/airflow/.local/lib/python3.12/site-packages/airflow/models/dagbag.py", line 351, in parse
    loader.exec_module(new_module)
  File "<frozen importlib._bootstrap_external>", line 995, in exec_module
  File "<frozen importlib._bootstrap>", line 488, in _call_with_frames_removed
  File "/opt/airflow/dags/stackoverflow_migration_dag.py", line 3, in <module>
    import openai
ModuleNotFoundError: No module named 'openai'
[2026-05-06T11:56:49.665+0000] {processor.py:842} WARNING - No viable dags retrieved from /opt/airflow/dags/stackoverflow_migration_dag.py
[2026-05-06T11:56:49.824+0000] {processor.py:183} INFO - Processing /opt/airflow/dags/stackoverflow_migration_dag.py took 0.262 seconds
[2026-05-06T11:57:20.033+0000] {processor.py:161} INFO - Started process (PID=235) to work on /opt/airflow/dags/stackoverflow_migration_dag.py
[2026-05-06T11:57:20.036+0000] {processor.py:830} INFO - Processing file /opt/airflow/dags/stackoverflow_migration_dag.py for tasks to queue
[2026-05-06T11:57:20.039+0000] {logging_mixin.py:188} INFO - [2026-05-06T11:57:20.038+0000] {dagbag.py:545} INFO - Filling up the DagBag from /opt/airflow/dags/stackoverflow_migration_dag.py
[2026-05-06T11:57:20.083+0000] {logging_mixin.py:188} INFO - [2026-05-06T11:57:20.074+0000] {dagbag.py:355} ERROR - Failed to import: /opt/airflow/dags/stackoverflow_migration_dag.py
Traceback (most recent call last):
  File "/home/airflow/.local/lib/python3.12/site-packages/airflow/models/dagbag.py", line 351, in parse
    loader.exec_module(new_module)
  File "<frozen importlib._bootstrap_external>", line 995, in exec_module
  File "<frozen importlib._bootstrap>", line 488, in _call_with_frames_removed
  File "/opt/airflow/dags/stackoverflow_migration_dag.py", line 3, in <module>
    import openai
ModuleNotFoundError: No module named 'openai'
[2026-05-06T11:57:20.086+0000] {processor.py:842} WARNING - No viable dags retrieved from /opt/airflow/dags/stackoverflow_migration_dag.py
[2026-05-06T11:57:20.190+0000] {processor.py:183} INFO - Processing /opt/airflow/dags/stackoverflow_migration_dag.py took 0.173 seconds
[2026-05-06T11:57:50.417+0000] {processor.py:161} INFO - Started process (PID=240) to work on /opt/airflow/dags/stackoverflow_migration_dag.py
[2026-05-06T11:57:50.419+0000] {processor.py:830} INFO - Processing file /opt/airflow/dags/stackoverflow_migration_dag.py for tasks to queue
[2026-05-06T11:57:50.420+0000] {logging_mixin.py:188} INFO - [2026-05-06T11:57:50.420+0000] {dagbag.py:545} INFO - Filling up the DagBag from /opt/airflow/dags/stackoverflow_migration_dag.py
[2026-05-06T11:57:50.468+0000] {logging_mixin.py:188} INFO - [2026-05-06T11:57:50.451+0000] {dagbag.py:355} ERROR - Failed to import: /opt/airflow/dags/stackoverflow_migration_dag.py
Traceback (most recent call last):
  File "/home/airflow/.local/lib/python3.12/site-packages/airflow/models/dagbag.py", line 351, in parse
    loader.exec_module(new_module)
  File "<frozen importlib._bootstrap_external>", line 995, in exec_module
  File "<frozen importlib._bootstrap>", line 488, in _call_with_frames_removed
  File "/opt/airflow/dags/stackoverflow_migration_dag.py", line 3, in <module>
    import openai
ModuleNotFoundError: No module named 'openai'
[2026-05-06T11:57:50.474+0000] {processor.py:842} WARNING - No viable dags retrieved from /opt/airflow/dags/stackoverflow_migration_dag.py
[2026-05-06T11:57:50.638+0000] {processor.py:183} INFO - Processing /opt/airflow/dags/stackoverflow_migration_dag.py took 0.232 seconds
[2026-05-06T11:58:21.155+0000] {processor.py:161} INFO - Started process (PID=245) to work on /opt/airflow/dags/stackoverflow_migration_dag.py
[2026-05-06T11:58:21.157+0000] {processor.py:830} INFO - Processing file /opt/airflow/dags/stackoverflow_migration_dag.py for tasks to queue
[2026-05-06T11:58:21.158+0000] {logging_mixin.py:188} INFO - [2026-05-06T11:58:21.158+0000] {dagbag.py:545} INFO - Filling up the DagBag from /opt/airflow/dags/stackoverflow_migration_dag.py
[2026-05-06T11:58:21.198+0000] {logging_mixin.py:188} INFO - [2026-05-06T11:58:21.188+0000] {dagbag.py:355} ERROR - Failed to import: /opt/airflow/dags/stackoverflow_migration_dag.py
Traceback (most recent call last):
  File "/home/airflow/.local/lib/python3.12/site-packages/airflow/models/dagbag.py", line 351, in parse
    loader.exec_module(new_module)
  File "<frozen importlib._bootstrap_external>", line 995, in exec_module
  File "<frozen importlib._bootstrap>", line 488, in _call_with_frames_removed
  File "/opt/airflow/dags/stackoverflow_migration_dag.py", line 3, in <module>
    import openai
ModuleNotFoundError: No module named 'openai'
[2026-05-06T11:58:21.201+0000] {processor.py:842} WARNING - No viable dags retrieved from /opt/airflow/dags/stackoverflow_migration_dag.py
[2026-05-06T11:58:21.287+0000] {processor.py:183} INFO - Processing /opt/airflow/dags/stackoverflow_migration_dag.py took 0.139 seconds
[2026-05-06T11:58:51.692+0000] {processor.py:161} INFO - Started process (PID=250) to work on /opt/airflow/dags/stackoverflow_migration_dag.py
[2026-05-06T11:58:51.694+0000] {processor.py:830} INFO - Processing file /opt/airflow/dags/stackoverflow_migration_dag.py for tasks to queue
[2026-05-06T11:58:51.696+0000] {logging_mixin.py:188} INFO - [2026-05-06T11:58:51.696+0000] {dagbag.py:545} INFO - Filling up the DagBag from /opt/airflow/dags/stackoverflow_migration_dag.py
[2026-05-06T11:58:51.734+0000] {logging_mixin.py:188} INFO - [2026-05-06T11:58:51.725+0000] {dagbag.py:355} ERROR - Failed to import: /opt/airflow/dags/stackoverflow_migration_dag.py
Traceback (most recent call last):
  File "/home/airflow/.local/lib/python3.12/site-packages/airflow/models/dagbag.py", line 351, in parse
    loader.exec_module(new_module)
  File "<frozen importlib._bootstrap_external>", line 995, in exec_module
  File "<frozen importlib._bootstrap>", line 488, in _call_with_frames_removed
  File "/opt/airflow/dags/stackoverflow_migration_dag.py", line 3, in <module>
    import openai
ModuleNotFoundError: No module named 'openai'
[2026-05-06T11:58:51.737+0000] {processor.py:842} WARNING - No viable dags retrieved from /opt/airflow/dags/stackoverflow_migration_dag.py
[2026-05-06T11:58:51.811+0000] {processor.py:183} INFO - Processing /opt/airflow/dags/stackoverflow_migration_dag.py took 0.134 seconds
[2026-05-06T11:59:22.249+0000] {processor.py:161} INFO - Started process (PID=255) to work on /opt/airflow/dags/stackoverflow_migration_dag.py
[2026-05-06T11:59:22.251+0000] {processor.py:830} INFO - Processing file /opt/airflow/dags/stackoverflow_migration_dag.py for tasks to queue
[2026-05-06T11:59:22.254+0000] {logging_mixin.py:188} INFO - [2026-05-06T11:59:22.253+0000] {dagbag.py:545} INFO - Filling up the DagBag from /opt/airflow/dags/stackoverflow_migration_dag.py
[2026-05-06T11:59:22.297+0000] {logging_mixin.py:188} INFO - [2026-05-06T11:59:22.288+0000] {dagbag.py:355} ERROR - Failed to import: /opt/airflow/dags/stackoverflow_migration_dag.py
Traceback (most recent call last):
  File "/home/airflow/.local/lib/python3.12/site-packages/airflow/models/dagbag.py", line 351, in parse
    loader.exec_module(new_module)
  File "<frozen importlib._bootstrap_external>", line 995, in exec_module
  File "<frozen importlib._bootstrap>", line 488, in _call_with_frames_removed
  File "/opt/airflow/dags/stackoverflow_migration_dag.py", line 3, in <module>
    import openai
ModuleNotFoundError: No module named 'openai'
[2026-05-06T11:59:22.300+0000] {processor.py:842} WARNING - No viable dags retrieved from /opt/airflow/dags/stackoverflow_migration_dag.py
[2026-05-06T11:59:22.451+0000] {processor.py:183} INFO - Processing /opt/airflow/dags/stackoverflow_migration_dag.py took 0.218 seconds
[2026-05-06T11:59:52.675+0000] {processor.py:161} INFO - Started process (PID=260) to work on /opt/airflow/dags/stackoverflow_migration_dag.py
[2026-05-06T11:59:52.677+0000] {processor.py:830} INFO - Processing file /opt/airflow/dags/stackoverflow_migration_dag.py for tasks to queue
[2026-05-06T11:59:52.679+0000] {logging_mixin.py:188} INFO - [2026-05-06T11:59:52.678+0000] {dagbag.py:545} INFO - Filling up the DagBag from /opt/airflow/dags/stackoverflow_migration_dag.py
[2026-05-06T11:59:52.719+0000] {logging_mixin.py:188} INFO - [2026-05-06T11:59:52.711+0000] {dagbag.py:355} ERROR - Failed to import: /opt/airflow/dags/stackoverflow_migration_dag.py
Traceback (most recent call last):
  File "/home/airflow/.local/lib/python3.12/site-packages/airflow/models/dagbag.py", line 351, in parse
    loader.exec_module(new_module)
  File "<frozen importlib._bootstrap_external>", line 995, in exec_module
  File "<frozen importlib._bootstrap>", line 488, in _call_with_frames_removed
  File "/opt/airflow/dags/stackoverflow_migration_dag.py", line 3, in <module>
    import openai
ModuleNotFoundError: No module named 'openai'
[2026-05-06T11:59:52.722+0000] {processor.py:842} WARNING - No viable dags retrieved from /opt/airflow/dags/stackoverflow_migration_dag.py
[2026-05-06T11:59:52.803+0000] {processor.py:183} INFO - Processing /opt/airflow/dags/stackoverflow_migration_dag.py took 0.136 seconds
[2026-05-06T12:00:23.244+0000] {processor.py:161} INFO - Started process (PID=265) to work on /opt/airflow/dags/stackoverflow_migration_dag.py
[2026-05-06T12:00:23.246+0000] {processor.py:830} INFO - Processing file /opt/airflow/dags/stackoverflow_migration_dag.py for tasks to queue
[2026-05-06T12:00:23.247+0000] {logging_mixin.py:188} INFO - [2026-05-06T12:00:23.247+0000] {dagbag.py:545} INFO - Filling up the DagBag from /opt/airflow/dags/stackoverflow_migration_dag.py
[2026-05-06T12:00:23.290+0000] {logging_mixin.py:188} INFO - [2026-05-06T12:00:23.281+0000] {dagbag.py:355} ERROR - Failed to import: /opt/airflow/dags/stackoverflow_migration_dag.py
Traceback (most recent call last):
  File "/home/airflow/.local/lib/python3.12/site-packages/airflow/models/dagbag.py", line 351, in parse
    loader.exec_module(new_module)
  File "<frozen importlib._bootstrap_external>", line 995, in exec_module
  File "<frozen importlib._bootstrap>", line 488, in _call_with_frames_removed
  File "/opt/airflow/dags/stackoverflow_migration_dag.py", line 3, in <module>
    import openai
ModuleNotFoundError: No module named 'openai'
[2026-05-06T12:00:23.293+0000] {processor.py:842} WARNING - No viable dags retrieved from /opt/airflow/dags/stackoverflow_migration_dag.py
[2026-05-06T12:00:23.366+0000] {processor.py:183} INFO - Processing /opt/airflow/dags/stackoverflow_migration_dag.py took 0.130 seconds
[2026-05-06T12:00:53.749+0000] {processor.py:161} INFO - Started process (PID=270) to work on /opt/airflow/dags/stackoverflow_migration_dag.py
[2026-05-06T12:00:53.751+0000] {processor.py:830} INFO - Processing file /opt/airflow/dags/stackoverflow_migration_dag.py for tasks to queue
[2026-05-06T12:00:53.753+0000] {logging_mixin.py:188} INFO - [2026-05-06T12:00:53.752+0000] {dagbag.py:545} INFO - Filling up the DagBag from /opt/airflow/dags/stackoverflow_migration_dag.py
[2026-05-06T12:00:53.814+0000] {logging_mixin.py:188} INFO - [2026-05-06T12:00:53.797+0000] {dagbag.py:355} ERROR - Failed to import: /opt/airflow/dags/stackoverflow_migration_dag.py
Traceback (most recent call last):
  File "/home/airflow/.local/lib/python3.12/site-packages/airflow/models/dagbag.py", line 351, in parse
    loader.exec_module(new_module)
  File "<frozen importlib._bootstrap_external>", line 995, in exec_module
  File "<frozen importlib._bootstrap>", line 488, in _call_with_frames_removed
  File "/opt/airflow/dags/stackoverflow_migration_dag.py", line 3, in <module>
    import openai
ModuleNotFoundError: No module named 'openai'
[2026-05-06T12:00:53.819+0000] {processor.py:842} WARNING - No viable dags retrieved from /opt/airflow/dags/stackoverflow_migration_dag.py
[2026-05-06T12:00:53.979+0000] {processor.py:183} INFO - Processing /opt/airflow/dags/stackoverflow_migration_dag.py took 0.243 seconds
[2026-05-06T12:01:24.203+0000] {processor.py:161} INFO - Started process (PID=275) to work on /opt/airflow/dags/stackoverflow_migration_dag.py
[2026-05-06T12:01:24.205+0000] {processor.py:830} INFO - Processing file /opt/airflow/dags/stackoverflow_migration_dag.py for tasks to queue
[2026-05-06T12:01:24.207+0000] {logging_mixin.py:188} INFO - [2026-05-06T12:01:24.206+0000] {dagbag.py:545} INFO - Filling up the DagBag from /opt/airflow/dags/stackoverflow_migration_dag.py
[2026-05-06T12:01:24.278+0000] {logging_mixin.py:188} INFO - [2026-05-06T12:01:24.262+0000] {dagbag.py:355} ERROR - Failed to import: /opt/airflow/dags/stackoverflow_migration_dag.py
Traceback (most recent call last):
  File "/home/airflow/.local/lib/python3.12/site-packages/airflow/models/dagbag.py", line 351, in parse
    loader.exec_module(new_module)
  File "<frozen importlib._bootstrap_external>", line 995, in exec_module
  File "<frozen importlib._bootstrap>", line 488, in _call_with_frames_removed
  File "/opt/airflow/dags/stackoverflow_migration_dag.py", line 3, in <module>
    import openai
ModuleNotFoundError: No module named 'openai'
[2026-05-06T12:01:24.282+0000] {processor.py:842} WARNING - No viable dags retrieved from /opt/airflow/dags/stackoverflow_migration_dag.py
[2026-05-06T12:01:24.364+0000] {processor.py:183} INFO - Processing /opt/airflow/dags/stackoverflow_migration_dag.py took 0.169 seconds
[2026-05-06T12:01:54.659+0000] {processor.py:161} INFO - Started process (PID=280) to work on /opt/airflow/dags/stackoverflow_migration_dag.py
[2026-05-06T12:01:54.660+0000] {processor.py:830} INFO - Processing file /opt/airflow/dags/stackoverflow_migration_dag.py for tasks to queue
[2026-05-06T12:01:54.662+0000] {logging_mixin.py:188} INFO - [2026-05-06T12:01:54.662+0000] {dagbag.py:545} INFO - Filling up the DagBag from /opt/airflow/dags/stackoverflow_migration_dag.py
[2026-05-06T12:01:54.704+0000] {logging_mixin.py:188} INFO - [2026-05-06T12:01:54.694+0000] {dagbag.py:355} ERROR - Failed to import: /opt/airflow/dags/stackoverflow_migration_dag.py
Traceback (most recent call last):
  File "/home/airflow/.local/lib/python3.12/site-packages/airflow/models/dagbag.py", line 351, in parse
    loader.exec_module(new_module)
  File "<frozen importlib._bootstrap_external>", line 995, in exec_module
  File "<frozen importlib._bootstrap>", line 488, in _call_with_frames_removed
  File "/opt/airflow/dags/stackoverflow_migration_dag.py", line 3, in <module>
    import openai
ModuleNotFoundError: No module named 'openai'
[2026-05-06T12:01:54.707+0000] {processor.py:842} WARNING - No viable dags retrieved from /opt/airflow/dags/stackoverflow_migration_dag.py
[2026-05-06T12:01:54.808+0000] {processor.py:183} INFO - Processing /opt/airflow/dags/stackoverflow_migration_dag.py took 0.161 seconds
[2026-05-06T12:02:25.306+0000] {processor.py:161} INFO - Started process (PID=285) to work on /opt/airflow/dags/stackoverflow_migration_dag.py
[2026-05-06T12:02:25.308+0000] {processor.py:830} INFO - Processing file /opt/airflow/dags/stackoverflow_migration_dag.py for tasks to queue
[2026-05-06T12:02:25.310+0000] {logging_mixin.py:188} INFO - [2026-05-06T12:02:25.309+0000] {dagbag.py:545} INFO - Filling up the DagBag from /opt/airflow/dags/stackoverflow_migration_dag.py
[2026-05-06T12:02:25.352+0000] {logging_mixin.py:188} INFO - [2026-05-06T12:02:25.343+0000] {dagbag.py:355} ERROR - Failed to import: /opt/airflow/dags/stackoverflow_migration_dag.py
Traceback (most recent call last):
  File "/home/airflow/.local/lib/python3.12/site-packages/airflow/models/dagbag.py", line 351, in parse
    loader.exec_module(new_module)
  File "<frozen importlib._bootstrap_external>", line 995, in exec_module
  File "<frozen importlib._bootstrap>", line 488, in _call_with_frames_removed
  File "/opt/airflow/dags/stackoverflow_migration_dag.py", line 3, in <module>
    import openai
ModuleNotFoundError: No module named 'openai'
[2026-05-06T12:02:25.355+0000] {processor.py:842} WARNING - No viable dags retrieved from /opt/airflow/dags/stackoverflow_migration_dag.py
[2026-05-06T12:02:25.448+0000] {processor.py:183} INFO - Processing /opt/airflow/dags/stackoverflow_migration_dag.py took 0.150 seconds
[2026-05-06T12:02:55.848+0000] {processor.py:161} INFO - Started process (PID=290) to work on /opt/airflow/dags/stackoverflow_migration_dag.py
[2026-05-06T12:02:55.851+0000] {processor.py:830} INFO - Processing file /opt/airflow/dags/stackoverflow_migration_dag.py for tasks to queue
[2026-05-06T12:02:55.854+0000] {logging_mixin.py:188} INFO - [2026-05-06T12:02:55.853+0000] {dagbag.py:545} INFO - Filling up the DagBag from /opt/airflow/dags/stackoverflow_migration_dag.py
[2026-05-06T12:02:55.901+0000] {logging_mixin.py:188} INFO - [2026-05-06T12:02:55.892+0000] {dagbag.py:355} ERROR - Failed to import: /opt/airflow/dags/stackoverflow_migration_dag.py
Traceback (most recent call last):
  File "/home/airflow/.local/lib/python3.12/site-packages/airflow/models/dagbag.py", line 351, in parse
    loader.exec_module(new_module)
  File "<frozen importlib._bootstrap_external>", line 995, in exec_module
  File "<frozen importlib._bootstrap>", line 488, in _call_with_frames_removed
  File "/opt/airflow/dags/stackoverflow_migration_dag.py", line 3, in <module>
    import openai
ModuleNotFoundError: No module named 'openai'
[2026-05-06T12:02:55.904+0000] {processor.py:842} WARNING - No viable dags retrieved from /opt/airflow/dags/stackoverflow_migration_dag.py
[2026-05-06T12:02:55.999+0000] {processor.py:183} INFO - Processing /opt/airflow/dags/stackoverflow_migration_dag.py took 0.168 seconds
[2026-05-06T12:03:26.369+0000] {processor.py:161} INFO - Started process (PID=295) to work on /opt/airflow/dags/stackoverflow_migration_dag.py
[2026-05-06T12:03:26.370+0000] {processor.py:830} INFO - Processing file /opt/airflow/dags/stackoverflow_migration_dag.py for tasks to queue
[2026-05-06T12:03:26.373+0000] {logging_mixin.py:188} INFO - [2026-05-06T12:03:26.372+0000] {dagbag.py:545} INFO - Filling up the DagBag from /opt/airflow/dags/stackoverflow_migration_dag.py
[2026-05-06T12:03:26.420+0000] {logging_mixin.py:188} INFO - [2026-05-06T12:03:26.408+0000] {dagbag.py:355} ERROR - Failed to import: /opt/airflow/dags/stackoverflow_migration_dag.py
Traceback (most recent call last):
  File "/home/airflow/.local/lib/python3.12/site-packages/airflow/models/dagbag.py", line 351, in parse
    loader.exec_module(new_module)
  File "<frozen importlib._bootstrap_external>", line 995, in exec_module
  File "<frozen importlib._bootstrap>", line 488, in _call_with_frames_removed
  File "/opt/airflow/dags/stackoverflow_migration_dag.py", line 3, in <module>
    import openai
ModuleNotFoundError: No module named 'openai'
[2026-05-06T12:03:26.423+0000] {processor.py:842} WARNING - No viable dags retrieved from /opt/airflow/dags/stackoverflow_migration_dag.py
[2026-05-06T12:03:26.529+0000] {processor.py:183} INFO - Processing /opt/airflow/dags/stackoverflow_migration_dag.py took 0.169 seconds
[2026-05-06T12:03:56.957+0000] {processor.py:161} INFO - Started process (PID=300) to work on /opt/airflow/dags/stackoverflow_migration_dag.py
[2026-05-06T12:03:56.959+0000] {processor.py:830} INFO - Processing file /opt/airflow/dags/stackoverflow_migration_dag.py for tasks to queue
[2026-05-06T12:03:56.961+0000] {logging_mixin.py:188} INFO - [2026-05-06T12:03:56.960+0000] {dagbag.py:545} INFO - Filling up the DagBag from /opt/airflow/dags/stackoverflow_migration_dag.py
[2026-05-06T12:03:57.005+0000] {logging_mixin.py:188} INFO - [2026-05-06T12:03:56.995+0000] {dagbag.py:355} ERROR - Failed to import: /opt/airflow/dags/stackoverflow_migration_dag.py
Traceback (most recent call last):
  File "/home/airflow/.local/lib/python3.12/site-packages/airflow/models/dagbag.py", line 351, in parse
    loader.exec_module(new_module)
  File "<frozen importlib._bootstrap_external>", line 995, in exec_module
  File "<frozen importlib._bootstrap>", line 488, in _call_with_frames_removed
  File "/opt/airflow/dags/stackoverflow_migration_dag.py", line 3, in <module>
    import openai
ModuleNotFoundError: No module named 'openai'
[2026-05-06T12:03:57.009+0000] {processor.py:842} WARNING - No viable dags retrieved from /opt/airflow/dags/stackoverflow_migration_dag.py
[2026-05-06T12:03:57.111+0000] {processor.py:183} INFO - Processing /opt/airflow/dags/stackoverflow_migration_dag.py took 0.162 seconds
[2026-05-06T12:04:27.329+0000] {processor.py:161} INFO - Started process (PID=305) to work on /opt/airflow/dags/stackoverflow_migration_dag.py
[2026-05-06T12:04:27.331+0000] {processor.py:830} INFO - Processing file /opt/airflow/dags/stackoverflow_migration_dag.py for tasks to queue
[2026-05-06T12:04:27.333+0000] {logging_mixin.py:188} INFO - [2026-05-06T12:04:27.332+0000] {dagbag.py:545} INFO - Filling up the DagBag from /opt/airflow/dags/stackoverflow_migration_dag.py
[2026-05-06T12:04:27.406+0000] {logging_mixin.py:188} INFO - [2026-05-06T12:04:27.389+0000] {dagbag.py:355} ERROR - Failed to import: /opt/airflow/dags/stackoverflow_migration_dag.py
Traceback (most recent call last):
  File "/home/airflow/.local/lib/python3.12/site-packages/airflow/models/dagbag.py", line 351, in parse
    loader.exec_module(new_module)
  File "<frozen importlib._bootstrap_external>", line 995, in exec_module
  File "<frozen importlib._bootstrap>", line 488, in _call_with_frames_removed
  File "/opt/airflow/dags/stackoverflow_migration_dag.py", line 3, in <module>
    import openai
ModuleNotFoundError: No module named 'openai'
[2026-05-06T12:04:27.416+0000] {processor.py:842} WARNING - No viable dags retrieved from /opt/airflow/dags/stackoverflow_migration_dag.py
[2026-05-06T12:04:27.508+0000] {processor.py:183} INFO - Processing /opt/airflow/dags/stackoverflow_migration_dag.py took 0.188 seconds
[2026-05-06T12:04:58.019+0000] {processor.py:161} INFO - Started process (PID=310) to work on /opt/airflow/dags/stackoverflow_migration_dag.py
[2026-05-06T12:04:58.023+0000] {processor.py:830} INFO - Processing file /opt/airflow/dags/stackoverflow_migration_dag.py for tasks to queue
[2026-05-06T12:04:58.026+0000] {logging_mixin.py:188} INFO - [2026-05-06T12:04:58.025+0000] {dagbag.py:545} INFO - Filling up the DagBag from /opt/airflow/dags/stackoverflow_migration_dag.py
[2026-05-06T12:04:58.101+0000] {logging_mixin.py:188} INFO - [2026-05-06T12:04:58.087+0000] {dagbag.py:355} ERROR - Failed to import: /opt/airflow/dags/stackoverflow_migration_dag.py
Traceback (most recent call last):
  File "/home/airflow/.local/lib/python3.12/site-packages/airflow/models/dagbag.py", line 351, in parse
    loader.exec_module(new_module)
  File "<frozen importlib._bootstrap_external>", line 995, in exec_module
  File "<frozen importlib._bootstrap>", line 488, in _call_with_frames_removed
  File "/opt/airflow/dags/stackoverflow_migration_dag.py", line 3, in <module>
    import openai
ModuleNotFoundError: No module named 'openai'
[2026-05-06T12:04:58.106+0000] {processor.py:842} WARNING - No viable dags retrieved from /opt/airflow/dags/stackoverflow_migration_dag.py
[2026-05-06T12:04:58.217+0000] {processor.py:183} INFO - Processing /opt/airflow/dags/stackoverflow_migration_dag.py took 0.218 seconds
[2026-05-06T12:05:28.749+0000] {processor.py:161} INFO - Started process (PID=315) to work on /opt/airflow/dags/stackoverflow_migration_dag.py
[2026-05-06T12:05:28.751+0000] {processor.py:830} INFO - Processing file /opt/airflow/dags/stackoverflow_migration_dag.py for tasks to queue
[2026-05-06T12:05:28.753+0000] {logging_mixin.py:188} INFO - [2026-05-06T12:05:28.753+0000] {dagbag.py:545} INFO - Filling up the DagBag from /opt/airflow/dags/stackoverflow_migration_dag.py
[2026-05-06T12:05:28.797+0000] {logging_mixin.py:188} INFO - [2026-05-06T12:05:28.787+0000] {dagbag.py:355} ERROR - Failed to import: /opt/airflow/dags/stackoverflow_migration_dag.py
Traceback (most recent call last):
  File "/home/airflow/.local/lib/python3.12/site-packages/airflow/models/dagbag.py", line 351, in parse
    loader.exec_module(new_module)
  File "<frozen importlib._bootstrap_external>", line 995, in exec_module
  File "<frozen importlib._bootstrap>", line 488, in _call_with_frames_removed
  File "/opt/airflow/dags/stackoverflow_migration_dag.py", line 3, in <module>
    import openai
ModuleNotFoundError: No module named 'openai'
[2026-05-06T12:05:28.801+0000] {processor.py:842} WARNING - No viable dags retrieved from /opt/airflow/dags/stackoverflow_migration_dag.py
[2026-05-06T12:05:28.920+0000] {processor.py:183} INFO - Processing /opt/airflow/dags/stackoverflow_migration_dag.py took 0.180 seconds
[2026-05-06T12:05:59.220+0000] {processor.py:161} INFO - Started process (PID=320) to work on /opt/airflow/dags/stackoverflow_migration_dag.py
[2026-05-06T12:05:59.223+0000] {processor.py:830} INFO - Processing file /opt/airflow/dags/stackoverflow_migration_dag.py for tasks to queue
[2026-05-06T12:05:59.226+0000] {logging_mixin.py:188} INFO - [2026-05-06T12:05:59.225+0000] {dagbag.py:545} INFO - Filling up the DagBag from /opt/airflow/dags/stackoverflow_migration_dag.py
[2026-05-06T12:05:59.281+0000] {logging_mixin.py:188} INFO - [2026-05-06T12:05:59.266+0000] {dagbag.py:355} ERROR - Failed to import: /opt/airflow/dags/stackoverflow_migration_dag.py
Traceback (most recent call last):
  File "/home/airflow/.local/lib/python3.12/site-packages/airflow/models/dagbag.py", line 351, in parse
    loader.exec_module(new_module)
  File "<frozen importlib._bootstrap_external>", line 995, in exec_module
  File "<frozen importlib._bootstrap>", line 488, in _call_with_frames_removed
  File "/opt/airflow/dags/stackoverflow_migration_dag.py", line 3, in <module>
    import openai
ModuleNotFoundError: No module named 'openai'
[2026-05-06T12:05:59.286+0000] {processor.py:842} WARNING - No viable dags retrieved from /opt/airflow/dags/stackoverflow_migration_dag.py
[2026-05-06T12:05:59.399+0000] {processor.py:183} INFO - Processing /opt/airflow/dags/stackoverflow_migration_dag.py took 0.197 seconds
[2026-05-06T12:06:29.784+0000] {processor.py:161} INFO - Started process (PID=325) to work on /opt/airflow/dags/stackoverflow_migration_dag.py
[2026-05-06T12:06:29.788+0000] {processor.py:830} INFO - Processing file /opt/airflow/dags/stackoverflow_migration_dag.py for tasks to queue
[2026-05-06T12:06:29.791+0000] {logging_mixin.py:188} INFO - [2026-05-06T12:06:29.790+0000] {dagbag.py:545} INFO - Filling up the DagBag from /opt/airflow/dags/stackoverflow_migration_dag.py
[2026-05-06T12:06:29.866+0000] {logging_mixin.py:188} INFO - [2026-05-06T12:06:29.849+0000] {dagbag.py:355} ERROR - Failed to import: /opt/airflow/dags/stackoverflow_migration_dag.py
Traceback (most recent call last):
  File "/home/airflow/.local/lib/python3.12/site-packages/airflow/models/dagbag.py", line 351, in parse
    loader.exec_module(new_module)
  File "<frozen importlib._bootstrap_external>", line 995, in exec_module
  File "<frozen importlib._bootstrap>", line 488, in _call_with_frames_removed
  File "/opt/airflow/dags/stackoverflow_migration_dag.py", line 3, in <module>
    import openai
ModuleNotFoundError: No module named 'openai'
[2026-05-06T12:06:29.872+0000] {processor.py:842} WARNING - No viable dags retrieved from /opt/airflow/dags/stackoverflow_migration_dag.py
[2026-05-06T12:06:29.999+0000] {processor.py:183} INFO - Processing /opt/airflow/dags/stackoverflow_migration_dag.py took 0.232 seconds
[2026-05-06T12:07:00.336+0000] {processor.py:161} INFO - Started process (PID=330) to work on /opt/airflow/dags/stackoverflow_migration_dag.py
[2026-05-06T12:07:00.338+0000] {processor.py:830} INFO - Processing file /opt/airflow/dags/stackoverflow_migration_dag.py for tasks to queue
[2026-05-06T12:07:00.340+0000] {logging_mixin.py:188} INFO - [2026-05-06T12:07:00.339+0000] {dagbag.py:545} INFO - Filling up the DagBag from /opt/airflow/dags/stackoverflow_migration_dag.py
[2026-05-06T12:07:00.384+0000] {logging_mixin.py:188} INFO - [2026-05-06T12:07:00.374+0000] {dagbag.py:355} ERROR - Failed to import: /opt/airflow/dags/stackoverflow_migration_dag.py
Traceback (most recent call last):
  File "/home/airflow/.local/lib/python3.12/site-packages/airflow/models/dagbag.py", line 351, in parse
    loader.exec_module(new_module)
  File "<frozen importlib._bootstrap_external>", line 995, in exec_module
  File "<frozen importlib._bootstrap>", line 488, in _call_with_frames_removed
  File "/opt/airflow/dags/stackoverflow_migration_dag.py", line 3, in <module>
    import openai
ModuleNotFoundError: No module named 'openai'
[2026-05-06T12:07:00.388+0000] {processor.py:842} WARNING - No viable dags retrieved from /opt/airflow/dags/stackoverflow_migration_dag.py
[2026-05-06T12:07:00.478+0000] {processor.py:183} INFO - Processing /opt/airflow/dags/stackoverflow_migration_dag.py took 0.151 seconds
[2026-05-06T12:07:30.867+0000] {processor.py:161} INFO - Started process (PID=335) to work on /opt/airflow/dags/stackoverflow_migration_dag.py
[2026-05-06T12:07:30.869+0000] {processor.py:830} INFO - Processing file /opt/airflow/dags/stackoverflow_migration_dag.py for tasks to queue
[2026-05-06T12:07:30.871+0000] {logging_mixin.py:188} INFO - [2026-05-06T12:07:30.870+0000] {dagbag.py:545} INFO - Filling up the DagBag from /opt/airflow/dags/stackoverflow_migration_dag.py
[2026-05-06T12:07:30.914+0000] {logging_mixin.py:188} INFO - [2026-05-06T12:07:30.904+0000] {dagbag.py:355} ERROR - Failed to import: /opt/airflow/dags/stackoverflow_migration_dag.py
Traceback (most recent call last):
  File "/home/airflow/.local/lib/python3.12/site-packages/airflow/models/dagbag.py", line 351, in parse
    loader.exec_module(new_module)
  File "<frozen importlib._bootstrap_external>", line 995, in exec_module
  File "<frozen importlib._bootstrap>", line 488, in _call_with_frames_removed
  File "/opt/airflow/dags/stackoverflow_migration_dag.py", line 3, in <module>
    import openai
ModuleNotFoundError: No module named 'openai'
[2026-05-06T12:07:30.918+0000] {processor.py:842} WARNING - No viable dags retrieved from /opt/airflow/dags/stackoverflow_migration_dag.py
[2026-05-06T12:07:31.015+0000] {processor.py:183} INFO - Processing /opt/airflow/dags/stackoverflow_migration_dag.py took 0.164 seconds
[2026-05-06T12:08:01.359+0000] {processor.py:161} INFO - Started process (PID=340) to work on /opt/airflow/dags/stackoverflow_migration_dag.py
[2026-05-06T12:08:01.361+0000] {processor.py:830} INFO - Processing file /opt/airflow/dags/stackoverflow_migration_dag.py for tasks to queue
[2026-05-06T12:08:01.363+0000] {logging_mixin.py:188} INFO - [2026-05-06T12:08:01.362+0000] {dagbag.py:545} INFO - Filling up the DagBag from /opt/airflow/dags/stackoverflow_migration_dag.py
[2026-05-06T12:08:01.426+0000] {logging_mixin.py:188} INFO - [2026-05-06T12:08:01.406+0000] {dagbag.py:355} ERROR - Failed to import: /opt/airflow/dags/stackoverflow_migration_dag.py
Traceback (most recent call last):
  File "/home/airflow/.local/lib/python3.12/site-packages/airflow/models/dagbag.py", line 351, in parse
    loader.exec_module(new_module)
  File "<frozen importlib._bootstrap_external>", line 995, in exec_module
  File "<frozen importlib._bootstrap>", line 488, in _call_with_frames_removed
  File "/opt/airflow/dags/stackoverflow_migration_dag.py", line 3, in <module>
    import openai
ModuleNotFoundError: No module named 'openai'
[2026-05-06T12:08:01.432+0000] {processor.py:842} WARNING - No viable dags retrieved from /opt/airflow/dags/stackoverflow_migration_dag.py
[2026-05-06T12:08:01.585+0000] {processor.py:183} INFO - Processing /opt/airflow/dags/stackoverflow_migration_dag.py took 0.239 seconds
[2026-05-06T12:08:27.778+0000] {processor.py:161} INFO - Started process (PID=345) to work on /opt/airflow/dags/stackoverflow_migration_dag.py
[2026-05-06T12:08:27.779+0000] {processor.py:830} INFO - Processing file /opt/airflow/dags/stackoverflow_migration_dag.py for tasks to queue
[2026-05-06T12:08:27.781+0000] {logging_mixin.py:188} INFO - [2026-05-06T12:08:27.781+0000] {dagbag.py:545} INFO - Filling up the DagBag from /opt/airflow/dags/stackoverflow_migration_dag.py
[2026-05-06T12:08:27.849+0000] {logging_mixin.py:188} INFO - [2026-05-06T12:08:27.839+0000] {dagbag.py:355} ERROR - Failed to import: /opt/airflow/dags/stackoverflow_migration_dag.py
Traceback (most recent call last):
  File "/home/airflow/.local/lib/python3.12/site-packages/airflow/models/dagbag.py", line 351, in parse
    loader.exec_module(new_module)
  File "<frozen importlib._bootstrap_external>", line 995, in exec_module
  File "<frozen importlib._bootstrap>", line 488, in _call_with_frames_removed
  File "/opt/airflow/dags/stackoverflow_migration_dag.py", line 3, in <module>
    import openai
ModuleNotFoundError: No module named 'openai'
[2026-05-06T12:08:27.853+0000] {processor.py:842} WARNING - No viable dags retrieved from /opt/airflow/dags/stackoverflow_migration_dag.py
[2026-05-06T12:08:28.001+0000] {processor.py:183} INFO - Processing /opt/airflow/dags/stackoverflow_migration_dag.py took 0.234 seconds
[2026-05-06T12:08:58.494+0000] {processor.py:161} INFO - Started process (PID=350) to work on /opt/airflow/dags/stackoverflow_migration_dag.py
[2026-05-06T12:08:58.496+0000] {processor.py:830} INFO - Processing file /opt/airflow/dags/stackoverflow_migration_dag.py for tasks to queue
[2026-05-06T12:08:58.498+0000] {logging_mixin.py:188} INFO - [2026-05-06T12:08:58.497+0000] {dagbag.py:545} INFO - Filling up the DagBag from /opt/airflow/dags/stackoverflow_migration_dag.py
[2026-05-06T12:08:58.550+0000] {logging_mixin.py:188} INFO - [2026-05-06T12:08:58.536+0000] {dagbag.py:355} ERROR - Failed to import: /opt/airflow/dags/stackoverflow_migration_dag.py
Traceback (most recent call last):
  File "/home/airflow/.local/lib/python3.12/site-packages/airflow/models/dagbag.py", line 351, in parse
    loader.exec_module(new_module)
  File "<frozen importlib._bootstrap_external>", line 995, in exec_module
  File "<frozen importlib._bootstrap>", line 488, in _call_with_frames_removed
  File "/opt/airflow/dags/stackoverflow_migration_dag.py", line 3, in <module>
    import openai
ModuleNotFoundError: No module named 'openai'
[2026-05-06T12:08:58.554+0000] {processor.py:842} WARNING - No viable dags retrieved from /opt/airflow/dags/stackoverflow_migration_dag.py
[2026-05-06T12:08:58.652+0000] {processor.py:183} INFO - Processing /opt/airflow/dags/stackoverflow_migration_dag.py took 0.173 seconds
[2026-05-06T12:09:28.956+0000] {processor.py:161} INFO - Started process (PID=355) to work on /opt/airflow/dags/stackoverflow_migration_dag.py
[2026-05-06T12:09:28.960+0000] {processor.py:830} INFO - Processing file /opt/airflow/dags/stackoverflow_migration_dag.py for tasks to queue
[2026-05-06T12:09:28.964+0000] {logging_mixin.py:188} INFO - [2026-05-06T12:09:28.963+0000] {dagbag.py:545} INFO - Filling up the DagBag from /opt/airflow/dags/stackoverflow_migration_dag.py
[2026-05-06T12:09:29.061+0000] {logging_mixin.py:188} INFO - [2026-05-06T12:09:29.039+0000] {dagbag.py:355} ERROR - Failed to import: /opt/airflow/dags/stackoverflow_migration_dag.py
Traceback (most recent call last):
  File "/home/airflow/.local/lib/python3.12/site-packages/airflow/models/dagbag.py", line 351, in parse
    loader.exec_module(new_module)
  File "<frozen importlib._bootstrap_external>", line 995, in exec_module
  File "<frozen importlib._bootstrap>", line 488, in _call_with_frames_removed
  File "/opt/airflow/dags/stackoverflow_migration_dag.py", line 3, in <module>
    import openai
ModuleNotFoundError: No module named 'openai'
[2026-05-06T12:09:29.070+0000] {processor.py:842} WARNING - No viable dags retrieved from /opt/airflow/dags/stackoverflow_migration_dag.py
[2026-05-06T12:09:29.243+0000] {processor.py:183} INFO - Processing /opt/airflow/dags/stackoverflow_migration_dag.py took 0.315 seconds
[2026-05-06T12:09:59.566+0000] {processor.py:161} INFO - Started process (PID=360) to work on /opt/airflow/dags/stackoverflow_migration_dag.py
[2026-05-06T12:09:59.568+0000] {processor.py:830} INFO - Processing file /opt/airflow/dags/stackoverflow_migration_dag.py for tasks to queue
[2026-05-06T12:09:59.570+0000] {logging_mixin.py:188} INFO - [2026-05-06T12:09:59.569+0000] {dagbag.py:545} INFO - Filling up the DagBag from /opt/airflow/dags/stackoverflow_migration_dag.py
[2026-05-06T12:09:59.632+0000] {logging_mixin.py:188} INFO - [2026-05-06T12:09:59.615+0000] {dagbag.py:355} ERROR - Failed to import: /opt/airflow/dags/stackoverflow_migration_dag.py
Traceback (most recent call last):
  File "/home/airflow/.local/lib/python3.12/site-packages/airflow/models/dagbag.py", line 351, in parse
    loader.exec_module(new_module)
  File "<frozen importlib._bootstrap_external>", line 995, in exec_module
  File "<frozen importlib._bootstrap>", line 488, in _call_with_frames_removed
  File "/opt/airflow/dags/stackoverflow_migration_dag.py", line 3, in <module>
    import openai
ModuleNotFoundError: No module named 'openai'
[2026-05-06T12:09:59.636+0000] {processor.py:842} WARNING - No viable dags retrieved from /opt/airflow/dags/stackoverflow_migration_dag.py
[2026-05-06T12:09:59.746+0000] {processor.py:183} INFO - Processing /opt/airflow/dags/stackoverflow_migration_dag.py took 0.190 seconds
[2026-05-06T12:10:30.233+0000] {processor.py:161} INFO - Started process (PID=365) to work on /opt/airflow/dags/stackoverflow_migration_dag.py
[2026-05-06T12:10:30.235+0000] {processor.py:830} INFO - Processing file /opt/airflow/dags/stackoverflow_migration_dag.py for tasks to queue
[2026-05-06T12:10:30.238+0000] {logging_mixin.py:188} INFO - [2026-05-06T12:10:30.237+0000] {dagbag.py:545} INFO - Filling up the DagBag from /opt/airflow/dags/stackoverflow_migration_dag.py
[2026-05-06T12:10:30.311+0000] {logging_mixin.py:188} INFO - [2026-05-06T12:10:30.291+0000] {dagbag.py:355} ERROR - Failed to import: /opt/airflow/dags/stackoverflow_migration_dag.py
Traceback (most recent call last):
  File "/home/airflow/.local/lib/python3.12/site-packages/airflow/models/dagbag.py", line 351, in parse
    loader.exec_module(new_module)
  File "<frozen importlib._bootstrap_external>", line 995, in exec_module
  File "<frozen importlib._bootstrap>", line 488, in _call_with_frames_removed
  File "/opt/airflow/dags/stackoverflow_migration_dag.py", line 3, in <module>
    import openai
ModuleNotFoundError: No module named 'openai'
[2026-05-06T12:10:30.317+0000] {processor.py:842} WARNING - No viable dags retrieved from /opt/airflow/dags/stackoverflow_migration_dag.py
[2026-05-06T12:10:30.481+0000] {processor.py:183} INFO - Processing /opt/airflow/dags/stackoverflow_migration_dag.py took 0.261 seconds
[2026-05-06T12:11:00.667+0000] {processor.py:161} INFO - Started process (PID=370) to work on /opt/airflow/dags/stackoverflow_migration_dag.py
[2026-05-06T12:11:00.669+0000] {processor.py:830} INFO - Processing file /opt/airflow/dags/stackoverflow_migration_dag.py for tasks to queue
[2026-05-06T12:11:00.671+0000] {logging_mixin.py:188} INFO - [2026-05-06T12:11:00.671+0000] {dagbag.py:545} INFO - Filling up the DagBag from /opt/airflow/dags/stackoverflow_migration_dag.py
[2026-05-06T12:11:00.713+0000] {logging_mixin.py:188} INFO - [2026-05-06T12:11:00.704+0000] {dagbag.py:355} ERROR - Failed to import: /opt/airflow/dags/stackoverflow_migration_dag.py
Traceback (most recent call last):
  File "/home/airflow/.local/lib/python3.12/site-packages/airflow/models/dagbag.py", line 351, in parse
    loader.exec_module(new_module)
  File "<frozen importlib._bootstrap_external>", line 995, in exec_module
  File "<frozen importlib._bootstrap>", line 488, in _call_with_frames_removed
  File "/opt/airflow/dags/stackoverflow_migration_dag.py", line 3, in <module>
    import openai
ModuleNotFoundError: No module named 'openai'
[2026-05-06T12:11:00.717+0000] {processor.py:842} WARNING - No viable dags retrieved from /opt/airflow/dags/stackoverflow_migration_dag.py
[2026-05-06T12:11:00.817+0000] {processor.py:183} INFO - Processing /opt/airflow/dags/stackoverflow_migration_dag.py took 0.161 seconds
[2026-05-06T12:11:31.128+0000] {processor.py:161} INFO - Started process (PID=375) to work on /opt/airflow/dags/stackoverflow_migration_dag.py
[2026-05-06T12:11:31.131+0000] {processor.py:830} INFO - Processing file /opt/airflow/dags/stackoverflow_migration_dag.py for tasks to queue
[2026-05-06T12:11:31.133+0000] {logging_mixin.py:188} INFO - [2026-05-06T12:11:31.132+0000] {dagbag.py:545} INFO - Filling up the DagBag from /opt/airflow/dags/stackoverflow_migration_dag.py
[2026-05-06T12:11:31.179+0000] {logging_mixin.py:188} INFO - [2026-05-06T12:11:31.169+0000] {dagbag.py:355} ERROR - Failed to import: /opt/airflow/dags/stackoverflow_migration_dag.py
Traceback (most recent call last):
  File "/home/airflow/.local/lib/python3.12/site-packages/airflow/models/dagbag.py", line 351, in parse
    loader.exec_module(new_module)
  File "<frozen importlib._bootstrap_external>", line 995, in exec_module
  File "<frozen importlib._bootstrap>", line 488, in _call_with_frames_removed
  File "/opt/airflow/dags/stackoverflow_migration_dag.py", line 3, in <module>
    import openai
ModuleNotFoundError: No module named 'openai'
[2026-05-06T12:11:31.183+0000] {processor.py:842} WARNING - No viable dags retrieved from /opt/airflow/dags/stackoverflow_migration_dag.py
[2026-05-06T12:11:31.283+0000] {processor.py:183} INFO - Processing /opt/airflow/dags/stackoverflow_migration_dag.py took 0.169 seconds
[2026-05-06T12:12:01.784+0000] {processor.py:161} INFO - Started process (PID=380) to work on /opt/airflow/dags/stackoverflow_migration_dag.py
[2026-05-06T12:12:01.786+0000] {processor.py:830} INFO - Processing file /opt/airflow/dags/stackoverflow_migration_dag.py for tasks to queue
[2026-05-06T12:12:01.788+0000] {logging_mixin.py:188} INFO - [2026-05-06T12:12:01.788+0000] {dagbag.py:545} INFO - Filling up the DagBag from /opt/airflow/dags/stackoverflow_migration_dag.py
[2026-05-06T12:12:01.834+0000] {logging_mixin.py:188} INFO - [2026-05-06T12:12:01.822+0000] {dagbag.py:355} ERROR - Failed to import: /opt/airflow/dags/stackoverflow_migration_dag.py
Traceback (most recent call last):
  File "/home/airflow/.local/lib/python3.12/site-packages/airflow/models/dagbag.py", line 351, in parse
    loader.exec_module(new_module)
  File "<frozen importlib._bootstrap_external>", line 995, in exec_module
  File "<frozen importlib._bootstrap>", line 488, in _call_with_frames_removed
  File "/opt/airflow/dags/stackoverflow_migration_dag.py", line 3, in <module>
    import openai
ModuleNotFoundError: No module named 'openai'
[2026-05-06T12:12:01.838+0000] {processor.py:842} WARNING - No viable dags retrieved from /opt/airflow/dags/stackoverflow_migration_dag.py
[2026-05-06T12:12:01.960+0000] {processor.py:183} INFO - Processing /opt/airflow/dags/stackoverflow_migration_dag.py took 0.189 seconds
[2026-05-06T12:12:32.223+0000] {processor.py:161} INFO - Started process (PID=385) to work on /opt/airflow/dags/stackoverflow_migration_dag.py
[2026-05-06T12:12:32.226+0000] {processor.py:830} INFO - Processing file /opt/airflow/dags/stackoverflow_migration_dag.py for tasks to queue
[2026-05-06T12:12:32.229+0000] {logging_mixin.py:188} INFO - [2026-05-06T12:12:32.227+0000] {dagbag.py:545} INFO - Filling up the DagBag from /opt/airflow/dags/stackoverflow_migration_dag.py
[2026-05-06T12:12:32.272+0000] {logging_mixin.py:188} INFO - [2026-05-06T12:12:32.262+0000] {dagbag.py:355} ERROR - Failed to import: /opt/airflow/dags/stackoverflow_migration_dag.py
Traceback (most recent call last):
  File "/home/airflow/.local/lib/python3.12/site-packages/airflow/models/dagbag.py", line 351, in parse
    loader.exec_module(new_module)
  File "<frozen importlib._bootstrap_external>", line 995, in exec_module
  File "<frozen importlib._bootstrap>", line 488, in _call_with_frames_removed
  File "/opt/airflow/dags/stackoverflow_migration_dag.py", line 3, in <module>
    import openai
ModuleNotFoundError: No module named 'openai'
[2026-05-06T12:12:32.275+0000] {processor.py:842} WARNING - No viable dags retrieved from /opt/airflow/dags/stackoverflow_migration_dag.py
[2026-05-06T12:12:32.389+0000] {processor.py:183} INFO - Processing /opt/airflow/dags/stackoverflow_migration_dag.py took 0.178 seconds
[2026-05-06T12:13:02.692+0000] {processor.py:161} INFO - Started process (PID=390) to work on /opt/airflow/dags/stackoverflow_migration_dag.py
[2026-05-06T12:13:02.694+0000] {processor.py:830} INFO - Processing file /opt/airflow/dags/stackoverflow_migration_dag.py for tasks to queue
[2026-05-06T12:13:02.696+0000] {logging_mixin.py:188} INFO - [2026-05-06T12:13:02.696+0000] {dagbag.py:545} INFO - Filling up the DagBag from /opt/airflow/dags/stackoverflow_migration_dag.py
[2026-05-06T12:13:02.751+0000] {logging_mixin.py:188} INFO - [2026-05-06T12:13:02.739+0000] {dagbag.py:355} ERROR - Failed to import: /opt/airflow/dags/stackoverflow_migration_dag.py
Traceback (most recent call last):
  File "/home/airflow/.local/lib/python3.12/site-packages/airflow/models/dagbag.py", line 351, in parse
    loader.exec_module(new_module)
  File "<frozen importlib._bootstrap_external>", line 995, in exec_module
  File "<frozen importlib._bootstrap>", line 488, in _call_with_frames_removed
  File "/opt/airflow/dags/stackoverflow_migration_dag.py", line 3, in <module>
    import openai
ModuleNotFoundError: No module named 'openai'
[2026-05-06T12:13:02.756+0000] {processor.py:842} WARNING - No viable dags retrieved from /opt/airflow/dags/stackoverflow_migration_dag.py
[2026-05-06T12:13:02.875+0000] {processor.py:183} INFO - Processing /opt/airflow/dags/stackoverflow_migration_dag.py took 0.195 seconds
[2026-05-06T12:13:33.240+0000] {processor.py:161} INFO - Started process (PID=395) to work on /opt/airflow/dags/stackoverflow_migration_dag.py
[2026-05-06T12:13:33.243+0000] {processor.py:830} INFO - Processing file /opt/airflow/dags/stackoverflow_migration_dag.py for tasks to queue
[2026-05-06T12:13:33.245+0000] {logging_mixin.py:188} INFO - [2026-05-06T12:13:33.244+0000] {dagbag.py:545} INFO - Filling up the DagBag from /opt/airflow/dags/stackoverflow_migration_dag.py
[2026-05-06T12:13:33.289+0000] {logging_mixin.py:188} INFO - [2026-05-06T12:13:33.279+0000] {dagbag.py:355} ERROR - Failed to import: /opt/airflow/dags/stackoverflow_migration_dag.py
Traceback (most recent call last):
  File "/home/airflow/.local/lib/python3.12/site-packages/airflow/models/dagbag.py", line 351, in parse
    loader.exec_module(new_module)
  File "<frozen importlib._bootstrap_external>", line 995, in exec_module
  File "<frozen importlib._bootstrap>", line 488, in _call_with_frames_removed
  File "/opt/airflow/dags/stackoverflow_migration_dag.py", line 3, in <module>
    import openai
ModuleNotFoundError: No module named 'openai'
[2026-05-06T12:13:33.292+0000] {processor.py:842} WARNING - No viable dags retrieved from /opt/airflow/dags/stackoverflow_migration_dag.py
[2026-05-06T12:13:33.381+0000] {processor.py:183} INFO - Processing /opt/airflow/dags/stackoverflow_migration_dag.py took 0.151 seconds
[2026-05-06T12:14:03.737+0000] {processor.py:161} INFO - Started process (PID=400) to work on /opt/airflow/dags/stackoverflow_migration_dag.py
[2026-05-06T12:14:03.740+0000] {processor.py:830} INFO - Processing file /opt/airflow/dags/stackoverflow_migration_dag.py for tasks to queue
[2026-05-06T12:14:03.742+0000] {logging_mixin.py:188} INFO - [2026-05-06T12:14:03.741+0000] {dagbag.py:545} INFO - Filling up the DagBag from /opt/airflow/dags/stackoverflow_migration_dag.py
[2026-05-06T12:14:03.795+0000] {logging_mixin.py:188} INFO - [2026-05-06T12:14:03.783+0000] {dagbag.py:355} ERROR - Failed to import: /opt/airflow/dags/stackoverflow_migration_dag.py
Traceback (most recent call last):
  File "/home/airflow/.local/lib/python3.12/site-packages/airflow/models/dagbag.py", line 351, in parse
    loader.exec_module(new_module)
  File "<frozen importlib._bootstrap_external>", line 995, in exec_module
  File "<frozen importlib._bootstrap>", line 488, in _call_with_frames_removed
  File "/opt/airflow/dags/stackoverflow_migration_dag.py", line 3, in <module>
    import openai
ModuleNotFoundError: No module named 'openai'
[2026-05-06T12:14:03.800+0000] {processor.py:842} WARNING - No viable dags retrieved from /opt/airflow/dags/stackoverflow_migration_dag.py
[2026-05-06T12:14:03.917+0000] {processor.py:183} INFO - Processing /opt/airflow/dags/stackoverflow_migration_dag.py took 0.192 seconds
[2026-05-06T12:14:34.250+0000] {processor.py:161} INFO - Started process (PID=405) to work on /opt/airflow/dags/stackoverflow_migration_dag.py
[2026-05-06T12:14:34.252+0000] {processor.py:830} INFO - Processing file /opt/airflow/dags/stackoverflow_migration_dag.py for tasks to queue
[2026-05-06T12:14:34.254+0000] {logging_mixin.py:188} INFO - [2026-05-06T12:14:34.253+0000] {dagbag.py:545} INFO - Filling up the DagBag from /opt/airflow/dags/stackoverflow_migration_dag.py
[2026-05-06T12:14:34.316+0000] {logging_mixin.py:188} INFO - [2026-05-06T12:14:34.299+0000] {dagbag.py:355} ERROR - Failed to import: /opt/airflow/dags/stackoverflow_migration_dag.py
Traceback (most recent call last):
  File "/home/airflow/.local/lib/python3.12/site-packages/airflow/models/dagbag.py", line 351, in parse
    loader.exec_module(new_module)
  File "<frozen importlib._bootstrap_external>", line 995, in exec_module
  File "<frozen importlib._bootstrap>", line 488, in _call_with_frames_removed
  File "/opt/airflow/dags/stackoverflow_migration_dag.py", line 3, in <module>
    import openai
ModuleNotFoundError: No module named 'openai'
[2026-05-06T12:14:34.322+0000] {processor.py:842} WARNING - No viable dags retrieved from /opt/airflow/dags/stackoverflow_migration_dag.py
[2026-05-06T12:14:34.473+0000] {processor.py:183} INFO - Processing /opt/airflow/dags/stackoverflow_migration_dag.py took 0.236 seconds
[2026-05-06T12:15:04.748+0000] {processor.py:161} INFO - Started process (PID=410) to work on /opt/airflow/dags/stackoverflow_migration_dag.py
[2026-05-06T12:15:04.750+0000] {processor.py:830} INFO - Processing file /opt/airflow/dags/stackoverflow_migration_dag.py for tasks to queue
[2026-05-06T12:15:04.752+0000] {logging_mixin.py:188} INFO - [2026-05-06T12:15:04.751+0000] {dagbag.py:545} INFO - Filling up the DagBag from /opt/airflow/dags/stackoverflow_migration_dag.py
[2026-05-06T12:15:04.797+0000] {logging_mixin.py:188} INFO - [2026-05-06T12:15:04.788+0000] {dagbag.py:355} ERROR - Failed to import: /opt/airflow/dags/stackoverflow_migration_dag.py
Traceback (most recent call last):
  File "/home/airflow/.local/lib/python3.12/site-packages/airflow/models/dagbag.py", line 351, in parse
    loader.exec_module(new_module)
  File "<frozen importlib._bootstrap_external>", line 995, in exec_module
  File "<frozen importlib._bootstrap>", line 488, in _call_with_frames_removed
  File "/opt/airflow/dags/stackoverflow_migration_dag.py", line 3, in <module>
    import openai
ModuleNotFoundError: No module named 'openai'
[2026-05-06T12:15:04.801+0000] {processor.py:842} WARNING - No viable dags retrieved from /opt/airflow/dags/stackoverflow_migration_dag.py
[2026-05-06T12:15:04.887+0000] {processor.py:183} INFO - Processing /opt/airflow/dags/stackoverflow_migration_dag.py took 0.151 seconds
[2026-05-06T12:15:35.521+0000] {processor.py:161} INFO - Started process (PID=415) to work on /opt/airflow/dags/stackoverflow_migration_dag.py
[2026-05-06T12:15:35.524+0000] {processor.py:830} INFO - Processing file /opt/airflow/dags/stackoverflow_migration_dag.py for tasks to queue
[2026-05-06T12:15:35.527+0000] {logging_mixin.py:188} INFO - [2026-05-06T12:15:35.525+0000] {dagbag.py:545} INFO - Filling up the DagBag from /opt/airflow/dags/stackoverflow_migration_dag.py
[2026-05-06T12:15:35.585+0000] {logging_mixin.py:188} INFO - [2026-05-06T12:15:35.573+0000] {dagbag.py:355} ERROR - Failed to import: /opt/airflow/dags/stackoverflow_migration_dag.py
Traceback (most recent call last):
  File "/home/airflow/.local/lib/python3.12/site-packages/airflow/models/dagbag.py", line 351, in parse
    loader.exec_module(new_module)
  File "<frozen importlib._bootstrap_external>", line 995, in exec_module
  File "<frozen importlib._bootstrap>", line 488, in _call_with_frames_removed
  File "/opt/airflow/dags/stackoverflow_migration_dag.py", line 3, in <module>
    import openai
ModuleNotFoundError: No module named 'openai'
[2026-05-06T12:15:35.589+0000] {processor.py:842} WARNING - No viable dags retrieved from /opt/airflow/dags/stackoverflow_migration_dag.py
[2026-05-06T12:15:35.697+0000] {processor.py:183} INFO - Processing /opt/airflow/dags/stackoverflow_migration_dag.py took 0.195 seconds
[2026-05-06T12:16:05.970+0000] {processor.py:161} INFO - Started process (PID=420) to work on /opt/airflow/dags/stackoverflow_migration_dag.py
[2026-05-06T12:16:05.972+0000] {processor.py:830} INFO - Processing file /opt/airflow/dags/stackoverflow_migration_dag.py for tasks to queue
[2026-05-06T12:16:05.974+0000] {logging_mixin.py:188} INFO - [2026-05-06T12:16:05.973+0000] {dagbag.py:545} INFO - Filling up the DagBag from /opt/airflow/dags/stackoverflow_migration_dag.py
[2026-05-06T12:16:06.024+0000] {logging_mixin.py:188} INFO - [2026-05-06T12:16:06.008+0000] {dagbag.py:355} ERROR - Failed to import: /opt/airflow/dags/stackoverflow_migration_dag.py
Traceback (most recent call last):
  File "/home/airflow/.local/lib/python3.12/site-packages/airflow/models/dagbag.py", line 351, in parse
    loader.exec_module(new_module)
  File "<frozen importlib._bootstrap_external>", line 995, in exec_module
  File "<frozen importlib._bootstrap>", line 488, in _call_with_frames_removed
  File "/opt/airflow/dags/stackoverflow_migration_dag.py", line 3, in <module>
    import openai
ModuleNotFoundError: No module named 'openai'
[2026-05-06T12:16:06.030+0000] {processor.py:842} WARNING - No viable dags retrieved from /opt/airflow/dags/stackoverflow_migration_dag.py
[2026-05-06T12:16:06.152+0000] {processor.py:183} INFO - Processing /opt/airflow/dags/stackoverflow_migration_dag.py took 0.194 seconds
[2026-05-06T12:16:36.726+0000] {processor.py:161} INFO - Started process (PID=425) to work on /opt/airflow/dags/stackoverflow_migration_dag.py
[2026-05-06T12:16:36.733+0000] {processor.py:830} INFO - Processing file /opt/airflow/dags/stackoverflow_migration_dag.py for tasks to queue
[2026-05-06T12:16:36.739+0000] {logging_mixin.py:188} INFO - [2026-05-06T12:16:36.737+0000] {dagbag.py:545} INFO - Filling up the DagBag from /opt/airflow/dags/stackoverflow_migration_dag.py
[2026-05-06T12:16:36.867+0000] {logging_mixin.py:188} INFO - [2026-05-06T12:16:36.836+0000] {dagbag.py:355} ERROR - Failed to import: /opt/airflow/dags/stackoverflow_migration_dag.py
Traceback (most recent call last):
  File "/home/airflow/.local/lib/python3.12/site-packages/airflow/models/dagbag.py", line 351, in parse
    loader.exec_module(new_module)
  File "<frozen importlib._bootstrap_external>", line 995, in exec_module
  File "<frozen importlib._bootstrap>", line 488, in _call_with_frames_removed
  File "/opt/airflow/dags/stackoverflow_migration_dag.py", line 3, in <module>
    import openai
ModuleNotFoundError: No module named 'openai'
[2026-05-06T12:16:36.877+0000] {processor.py:842} WARNING - No viable dags retrieved from /opt/airflow/dags/stackoverflow_migration_dag.py
[2026-05-06T12:16:37.164+0000] {processor.py:183} INFO - Processing /opt/airflow/dags/stackoverflow_migration_dag.py took 0.475 seconds
[2026-05-06T12:17:07.633+0000] {processor.py:161} INFO - Started process (PID=430) to work on /opt/airflow/dags/stackoverflow_migration_dag.py
[2026-05-06T12:17:07.636+0000] {processor.py:830} INFO - Processing file /opt/airflow/dags/stackoverflow_migration_dag.py for tasks to queue
[2026-05-06T12:17:07.638+0000] {logging_mixin.py:188} INFO - [2026-05-06T12:17:07.637+0000] {dagbag.py:545} INFO - Filling up the DagBag from /opt/airflow/dags/stackoverflow_migration_dag.py
[2026-05-06T12:17:07.682+0000] {logging_mixin.py:188} INFO - [2026-05-06T12:17:07.672+0000] {dagbag.py:355} ERROR - Failed to import: /opt/airflow/dags/stackoverflow_migration_dag.py
Traceback (most recent call last):
  File "/home/airflow/.local/lib/python3.12/site-packages/airflow/models/dagbag.py", line 351, in parse
    loader.exec_module(new_module)
  File "<frozen importlib._bootstrap_external>", line 995, in exec_module
  File "<frozen importlib._bootstrap>", line 488, in _call_with_frames_removed
  File "/opt/airflow/dags/stackoverflow_migration_dag.py", line 3, in <module>
    import openai
ModuleNotFoundError: No module named 'openai'
[2026-05-06T12:17:07.686+0000] {processor.py:842} WARNING - No viable dags retrieved from /opt/airflow/dags/stackoverflow_migration_dag.py
[2026-05-06T12:17:07.791+0000] {processor.py:183} INFO - Processing /opt/airflow/dags/stackoverflow_migration_dag.py took 0.168 seconds
[2026-05-06T12:17:38.054+0000] {processor.py:161} INFO - Started process (PID=435) to work on /opt/airflow/dags/stackoverflow_migration_dag.py
[2026-05-06T12:17:38.056+0000] {processor.py:830} INFO - Processing file /opt/airflow/dags/stackoverflow_migration_dag.py for tasks to queue
[2026-05-06T12:17:38.058+0000] {logging_mixin.py:188} INFO - [2026-05-06T12:17:38.058+0000] {dagbag.py:545} INFO - Filling up the DagBag from /opt/airflow/dags/stackoverflow_migration_dag.py
[2026-05-06T12:17:38.102+0000] {logging_mixin.py:188} INFO - [2026-05-06T12:17:38.092+0000] {dagbag.py:355} ERROR - Failed to import: /opt/airflow/dags/stackoverflow_migration_dag.py
Traceback (most recent call last):
  File "/home/airflow/.local/lib/python3.12/site-packages/airflow/models/dagbag.py", line 351, in parse
    loader.exec_module(new_module)
  File "<frozen importlib._bootstrap_external>", line 995, in exec_module
  File "<frozen importlib._bootstrap>", line 488, in _call_with_frames_removed
  File "/opt/airflow/dags/stackoverflow_migration_dag.py", line 3, in <module>
    import openai
ModuleNotFoundError: No module named 'openai'
[2026-05-06T12:17:38.106+0000] {processor.py:842} WARNING - No viable dags retrieved from /opt/airflow/dags/stackoverflow_migration_dag.py
[2026-05-06T12:17:38.220+0000] {processor.py:183} INFO - Processing /opt/airflow/dags/stackoverflow_migration_dag.py took 0.180 seconds
[2026-05-06T12:18:08.834+0000] {processor.py:161} INFO - Started process (PID=440) to work on /opt/airflow/dags/stackoverflow_migration_dag.py
[2026-05-06T12:18:08.836+0000] {processor.py:830} INFO - Processing file /opt/airflow/dags/stackoverflow_migration_dag.py for tasks to queue
[2026-05-06T12:18:08.838+0000] {logging_mixin.py:188} INFO - [2026-05-06T12:18:08.838+0000] {dagbag.py:545} INFO - Filling up the DagBag from /opt/airflow/dags/stackoverflow_migration_dag.py
[2026-05-06T12:18:08.899+0000] {logging_mixin.py:188} INFO - [2026-05-06T12:18:08.883+0000] {dagbag.py:355} ERROR - Failed to import: /opt/airflow/dags/stackoverflow_migration_dag.py
Traceback (most recent call last):
  File "/home/airflow/.local/lib/python3.12/site-packages/airflow/models/dagbag.py", line 351, in parse
    loader.exec_module(new_module)
  File "<frozen importlib._bootstrap_external>", line 995, in exec_module
  File "<frozen importlib._bootstrap>", line 488, in _call_with_frames_removed
  File "/opt/airflow/dags/stackoverflow_migration_dag.py", line 3, in <module>
    import openai
ModuleNotFoundError: No module named 'openai'
[2026-05-06T12:18:08.906+0000] {processor.py:842} WARNING - No viable dags retrieved from /opt/airflow/dags/stackoverflow_migration_dag.py
[2026-05-06T12:18:09.010+0000] {processor.py:183} INFO - Processing /opt/airflow/dags/stackoverflow_migration_dag.py took 0.186 seconds
[2026-05-06T12:18:39.409+0000] {processor.py:161} INFO - Started process (PID=445) to work on /opt/airflow/dags/stackoverflow_migration_dag.py
[2026-05-06T12:18:39.411+0000] {processor.py:830} INFO - Processing file /opt/airflow/dags/stackoverflow_migration_dag.py for tasks to queue
[2026-05-06T12:18:39.412+0000] {logging_mixin.py:188} INFO - [2026-05-06T12:18:39.412+0000] {dagbag.py:545} INFO - Filling up the DagBag from /opt/airflow/dags/stackoverflow_migration_dag.py
[2026-05-06T12:18:39.454+0000] {logging_mixin.py:188} INFO - [2026-05-06T12:18:39.444+0000] {dagbag.py:355} ERROR - Failed to import: /opt/airflow/dags/stackoverflow_migration_dag.py
Traceback (most recent call last):
  File "/home/airflow/.local/lib/python3.12/site-packages/airflow/models/dagbag.py", line 351, in parse
    loader.exec_module(new_module)
  File "<frozen importlib._bootstrap_external>", line 995, in exec_module
  File "<frozen importlib._bootstrap>", line 488, in _call_with_frames_removed
  File "/opt/airflow/dags/stackoverflow_migration_dag.py", line 3, in <module>
    import openai
ModuleNotFoundError: No module named 'openai'
[2026-05-06T12:18:39.457+0000] {processor.py:842} WARNING - No viable dags retrieved from /opt/airflow/dags/stackoverflow_migration_dag.py
[2026-05-06T12:18:39.577+0000] {processor.py:183} INFO - Processing /opt/airflow/dags/stackoverflow_migration_dag.py took 0.177 seconds
[2026-05-06T12:19:09.990+0000] {processor.py:161} INFO - Started process (PID=450) to work on /opt/airflow/dags/stackoverflow_migration_dag.py
[2026-05-06T12:19:09.993+0000] {processor.py:830} INFO - Processing file /opt/airflow/dags/stackoverflow_migration_dag.py for tasks to queue
[2026-05-06T12:19:09.997+0000] {logging_mixin.py:188} INFO - [2026-05-06T12:19:09.996+0000] {dagbag.py:545} INFO - Filling up the DagBag from /opt/airflow/dags/stackoverflow_migration_dag.py
[2026-05-06T12:19:10.057+0000] {logging_mixin.py:188} INFO - [2026-05-06T12:19:10.045+0000] {dagbag.py:355} ERROR - Failed to import: /opt/airflow/dags/stackoverflow_migration_dag.py
Traceback (most recent call last):
  File "/home/airflow/.local/lib/python3.12/site-packages/airflow/models/dagbag.py", line 351, in parse
    loader.exec_module(new_module)
  File "<frozen importlib._bootstrap_external>", line 995, in exec_module
  File "<frozen importlib._bootstrap>", line 488, in _call_with_frames_removed
  File "/opt/airflow/dags/stackoverflow_migration_dag.py", line 3, in <module>
    import openai
ModuleNotFoundError: No module named 'openai'
[2026-05-06T12:19:10.061+0000] {processor.py:842} WARNING - No viable dags retrieved from /opt/airflow/dags/stackoverflow_migration_dag.py
[2026-05-06T12:19:10.217+0000] {processor.py:183} INFO - Processing /opt/airflow/dags/stackoverflow_migration_dag.py took 0.248 seconds
[2026-05-06T12:19:40.592+0000] {processor.py:161} INFO - Started process (PID=455) to work on /opt/airflow/dags/stackoverflow_migration_dag.py
[2026-05-06T12:19:40.596+0000] {processor.py:830} INFO - Processing file /opt/airflow/dags/stackoverflow_migration_dag.py for tasks to queue
[2026-05-06T12:19:40.599+0000] {logging_mixin.py:188} INFO - [2026-05-06T12:19:40.598+0000] {dagbag.py:545} INFO - Filling up the DagBag from /opt/airflow/dags/stackoverflow_migration_dag.py
[2026-05-06T12:19:40.683+0000] {logging_mixin.py:188} INFO - [2026-05-06T12:19:40.663+0000] {dagbag.py:355} ERROR - Failed to import: /opt/airflow/dags/stackoverflow_migration_dag.py
Traceback (most recent call last):
  File "/home/airflow/.local/lib/python3.12/site-packages/airflow/models/dagbag.py", line 351, in parse
    loader.exec_module(new_module)
  File "<frozen importlib._bootstrap_external>", line 995, in exec_module
  File "<frozen importlib._bootstrap>", line 488, in _call_with_frames_removed
  File "/opt/airflow/dags/stackoverflow_migration_dag.py", line 3, in <module>
    import openai
ModuleNotFoundError: No module named 'openai'
[2026-05-06T12:19:40.689+0000] {processor.py:842} WARNING - No viable dags retrieved from /opt/airflow/dags/stackoverflow_migration_dag.py
[2026-05-06T12:19:40.855+0000] {processor.py:183} INFO - Processing /opt/airflow/dags/stackoverflow_migration_dag.py took 0.282 seconds
[2026-05-06T12:20:11.132+0000] {processor.py:161} INFO - Started process (PID=460) to work on /opt/airflow/dags/stackoverflow_migration_dag.py
[2026-05-06T12:20:11.134+0000] {processor.py:830} INFO - Processing file /opt/airflow/dags/stackoverflow_migration_dag.py for tasks to queue
[2026-05-06T12:20:11.135+0000] {logging_mixin.py:188} INFO - [2026-05-06T12:20:11.135+0000] {dagbag.py:545} INFO - Filling up the DagBag from /opt/airflow/dags/stackoverflow_migration_dag.py
[2026-05-06T12:20:11.178+0000] {logging_mixin.py:188} INFO - [2026-05-06T12:20:11.168+0000] {dagbag.py:355} ERROR - Failed to import: /opt/airflow/dags/stackoverflow_migration_dag.py
Traceback (most recent call last):
  File "/home/airflow/.local/lib/python3.12/site-packages/airflow/models/dagbag.py", line 351, in parse
    loader.exec_module(new_module)
  File "<frozen importlib._bootstrap_external>", line 995, in exec_module
  File "<frozen importlib._bootstrap>", line 488, in _call_with_frames_removed
  File "/opt/airflow/dags/stackoverflow_migration_dag.py", line 3, in <module>
    import openai
ModuleNotFoundError: No module named 'openai'
[2026-05-06T12:20:11.181+0000] {processor.py:842} WARNING - No viable dags retrieved from /opt/airflow/dags/stackoverflow_migration_dag.py
[2026-05-06T12:20:11.286+0000] {processor.py:183} INFO - Processing /opt/airflow/dags/stackoverflow_migration_dag.py took 0.164 seconds
[2026-05-06T12:20:41.835+0000] {processor.py:161} INFO - Started process (PID=465) to work on /opt/airflow/dags/stackoverflow_migration_dag.py
[2026-05-06T12:20:41.837+0000] {processor.py:830} INFO - Processing file /opt/airflow/dags/stackoverflow_migration_dag.py for tasks to queue
[2026-05-06T12:20:41.839+0000] {logging_mixin.py:188} INFO - [2026-05-06T12:20:41.838+0000] {dagbag.py:545} INFO - Filling up the DagBag from /opt/airflow/dags/stackoverflow_migration_dag.py
[2026-05-06T12:20:41.886+0000] {logging_mixin.py:188} INFO - [2026-05-06T12:20:41.875+0000] {dagbag.py:355} ERROR - Failed to import: /opt/airflow/dags/stackoverflow_migration_dag.py
Traceback (most recent call last):
  File "/home/airflow/.local/lib/python3.12/site-packages/airflow/models/dagbag.py", line 351, in parse
    loader.exec_module(new_module)
  File "<frozen importlib._bootstrap_external>", line 995, in exec_module
  File "<frozen importlib._bootstrap>", line 488, in _call_with_frames_removed
  File "/opt/airflow/dags/stackoverflow_migration_dag.py", line 3, in <module>
    import openai
ModuleNotFoundError: No module named 'openai'
[2026-05-06T12:20:41.890+0000] {processor.py:842} WARNING - No viable dags retrieved from /opt/airflow/dags/stackoverflow_migration_dag.py
[2026-05-06T12:20:42.039+0000] {processor.py:183} INFO - Processing /opt/airflow/dags/stackoverflow_migration_dag.py took 0.215 seconds
[2026-05-06T12:21:12.244+0000] {processor.py:161} INFO - Started process (PID=470) to work on /opt/airflow/dags/stackoverflow_migration_dag.py
[2026-05-06T12:21:12.246+0000] {processor.py:830} INFO - Processing file /opt/airflow/dags/stackoverflow_migration_dag.py for tasks to queue
[2026-05-06T12:21:12.248+0000] {logging_mixin.py:188} INFO - [2026-05-06T12:21:12.247+0000] {dagbag.py:545} INFO - Filling up the DagBag from /opt/airflow/dags/stackoverflow_migration_dag.py
[2026-05-06T12:21:12.290+0000] {logging_mixin.py:188} INFO - [2026-05-06T12:21:12.279+0000] {dagbag.py:355} ERROR - Failed to import: /opt/airflow/dags/stackoverflow_migration_dag.py
Traceback (most recent call last):
  File "/home/airflow/.local/lib/python3.12/site-packages/airflow/models/dagbag.py", line 351, in parse
    loader.exec_module(new_module)
  File "<frozen importlib._bootstrap_external>", line 995, in exec_module
  File "<frozen importlib._bootstrap>", line 488, in _call_with_frames_removed
  File "/opt/airflow/dags/stackoverflow_migration_dag.py", line 3, in <module>
    import openai
ModuleNotFoundError: No module named 'openai'
[2026-05-06T12:21:12.294+0000] {processor.py:842} WARNING - No viable dags retrieved from /opt/airflow/dags/stackoverflow_migration_dag.py
[2026-05-06T12:21:12.382+0000] {processor.py:183} INFO - Processing /opt/airflow/dags/stackoverflow_migration_dag.py took 0.151 seconds
[2026-05-06T12:21:42.636+0000] {processor.py:161} INFO - Started process (PID=475) to work on /opt/airflow/dags/stackoverflow_migration_dag.py
[2026-05-06T12:21:42.637+0000] {processor.py:830} INFO - Processing file /opt/airflow/dags/stackoverflow_migration_dag.py for tasks to queue
[2026-05-06T12:21:42.639+0000] {logging_mixin.py:188} INFO - [2026-05-06T12:21:42.638+0000] {dagbag.py:545} INFO - Filling up the DagBag from /opt/airflow/dags/stackoverflow_migration_dag.py
[2026-05-06T12:21:42.678+0000] {logging_mixin.py:188} INFO - [2026-05-06T12:21:42.669+0000] {dagbag.py:355} ERROR - Failed to import: /opt/airflow/dags/stackoverflow_migration_dag.py
Traceback (most recent call last):
  File "/home/airflow/.local/lib/python3.12/site-packages/airflow/models/dagbag.py", line 351, in parse
    loader.exec_module(new_module)
  File "<frozen importlib._bootstrap_external>", line 995, in exec_module
  File "<frozen importlib._bootstrap>", line 488, in _call_with_frames_removed
  File "/opt/airflow/dags/stackoverflow_migration_dag.py", line 3, in <module>
    import openai
ModuleNotFoundError: No module named 'openai'
[2026-05-06T12:21:42.682+0000] {processor.py:842} WARNING - No viable dags retrieved from /opt/airflow/dags/stackoverflow_migration_dag.py
[2026-05-06T12:21:42.817+0000] {processor.py:183} INFO - Processing /opt/airflow/dags/stackoverflow_migration_dag.py took 0.191 seconds
[2026-05-06T12:22:13.208+0000] {processor.py:161} INFO - Started process (PID=480) to work on /opt/airflow/dags/stackoverflow_migration_dag.py
[2026-05-06T12:22:13.210+0000] {processor.py:830} INFO - Processing file /opt/airflow/dags/stackoverflow_migration_dag.py for tasks to queue
[2026-05-06T12:22:13.212+0000] {logging_mixin.py:188} INFO - [2026-05-06T12:22:13.212+0000] {dagbag.py:545} INFO - Filling up the DagBag from /opt/airflow/dags/stackoverflow_migration_dag.py
[2026-05-06T12:22:13.255+0000] {logging_mixin.py:188} INFO - [2026-05-06T12:22:13.246+0000] {dagbag.py:355} ERROR - Failed to import: /opt/airflow/dags/stackoverflow_migration_dag.py
Traceback (most recent call last):
  File "/home/airflow/.local/lib/python3.12/site-packages/airflow/models/dagbag.py", line 351, in parse
    loader.exec_module(new_module)
  File "<frozen importlib._bootstrap_external>", line 995, in exec_module
  File "<frozen importlib._bootstrap>", line 488, in _call_with_frames_removed
  File "/opt/airflow/dags/stackoverflow_migration_dag.py", line 3, in <module>
    import openai
ModuleNotFoundError: No module named 'openai'
[2026-05-06T12:22:13.258+0000] {processor.py:842} WARNING - No viable dags retrieved from /opt/airflow/dags/stackoverflow_migration_dag.py
[2026-05-06T12:22:13.370+0000] {processor.py:183} INFO - Processing /opt/airflow/dags/stackoverflow_migration_dag.py took 0.177 seconds
[2026-05-06T12:22:43.668+0000] {processor.py:161} INFO - Started process (PID=485) to work on /opt/airflow/dags/stackoverflow_migration_dag.py
[2026-05-06T12:22:43.670+0000] {processor.py:830} INFO - Processing file /opt/airflow/dags/stackoverflow_migration_dag.py for tasks to queue
[2026-05-06T12:22:43.672+0000] {logging_mixin.py:188} INFO - [2026-05-06T12:22:43.672+0000] {dagbag.py:545} INFO - Filling up the DagBag from /opt/airflow/dags/stackoverflow_migration_dag.py
[2026-05-06T12:22:43.716+0000] {logging_mixin.py:188} INFO - [2026-05-06T12:22:43.706+0000] {dagbag.py:355} ERROR - Failed to import: /opt/airflow/dags/stackoverflow_migration_dag.py
Traceback (most recent call last):
  File "/home/airflow/.local/lib/python3.12/site-packages/airflow/models/dagbag.py", line 351, in parse
    loader.exec_module(new_module)
  File "<frozen importlib._bootstrap_external>", line 995, in exec_module
  File "<frozen importlib._bootstrap>", line 488, in _call_with_frames_removed
  File "/opt/airflow/dags/stackoverflow_migration_dag.py", line 3, in <module>
    import openai
ModuleNotFoundError: No module named 'openai'
[2026-05-06T12:22:43.720+0000] {processor.py:842} WARNING - No viable dags retrieved from /opt/airflow/dags/stackoverflow_migration_dag.py
[2026-05-06T12:22:43.809+0000] {processor.py:183} INFO - Processing /opt/airflow/dags/stackoverflow_migration_dag.py took 0.153 seconds
[2026-05-06T12:23:14.214+0000] {processor.py:161} INFO - Started process (PID=490) to work on /opt/airflow/dags/stackoverflow_migration_dag.py
[2026-05-06T12:23:14.216+0000] {processor.py:830} INFO - Processing file /opt/airflow/dags/stackoverflow_migration_dag.py for tasks to queue
[2026-05-06T12:23:14.218+0000] {logging_mixin.py:188} INFO - [2026-05-06T12:23:14.218+0000] {dagbag.py:545} INFO - Filling up the DagBag from /opt/airflow/dags/stackoverflow_migration_dag.py
[2026-05-06T12:23:14.265+0000] {logging_mixin.py:188} INFO - [2026-05-06T12:23:14.254+0000] {dagbag.py:355} ERROR - Failed to import: /opt/airflow/dags/stackoverflow_migration_dag.py
Traceback (most recent call last):
  File "/home/airflow/.local/lib/python3.12/site-packages/airflow/models/dagbag.py", line 351, in parse
    loader.exec_module(new_module)
  File "<frozen importlib._bootstrap_external>", line 995, in exec_module
  File "<frozen importlib._bootstrap>", line 488, in _call_with_frames_removed
  File "/opt/airflow/dags/stackoverflow_migration_dag.py", line 3, in <module>
    import openai
ModuleNotFoundError: No module named 'openai'
[2026-05-06T12:23:14.269+0000] {processor.py:842} WARNING - No viable dags retrieved from /opt/airflow/dags/stackoverflow_migration_dag.py
[2026-05-06T12:23:14.377+0000] {processor.py:183} INFO - Processing /opt/airflow/dags/stackoverflow_migration_dag.py took 0.171 seconds
[2026-05-06T12:23:44.652+0000] {processor.py:161} INFO - Started process (PID=495) to work on /opt/airflow/dags/stackoverflow_migration_dag.py
[2026-05-06T12:23:44.654+0000] {processor.py:830} INFO - Processing file /opt/airflow/dags/stackoverflow_migration_dag.py for tasks to queue
[2026-05-06T12:23:44.655+0000] {logging_mixin.py:188} INFO - [2026-05-06T12:23:44.655+0000] {dagbag.py:545} INFO - Filling up the DagBag from /opt/airflow/dags/stackoverflow_migration_dag.py
[2026-05-06T12:23:44.693+0000] {logging_mixin.py:188} INFO - [2026-05-06T12:23:44.684+0000] {dagbag.py:355} ERROR - Failed to import: /opt/airflow/dags/stackoverflow_migration_dag.py
Traceback (most recent call last):
  File "/home/airflow/.local/lib/python3.12/site-packages/airflow/models/dagbag.py", line 351, in parse
    loader.exec_module(new_module)
  File "<frozen importlib._bootstrap_external>", line 995, in exec_module
  File "<frozen importlib._bootstrap>", line 488, in _call_with_frames_removed
  File "/opt/airflow/dags/stackoverflow_migration_dag.py", line 3, in <module>
    import openai
ModuleNotFoundError: No module named 'openai'
[2026-05-06T12:23:44.697+0000] {processor.py:842} WARNING - No viable dags retrieved from /opt/airflow/dags/stackoverflow_migration_dag.py
[2026-05-06T12:23:44.802+0000] {processor.py:183} INFO - Processing /opt/airflow/dags/stackoverflow_migration_dag.py took 0.161 seconds
[2026-05-06T12:24:15.247+0000] {processor.py:161} INFO - Started process (PID=500) to work on /opt/airflow/dags/stackoverflow_migration_dag.py
[2026-05-06T12:24:15.249+0000] {processor.py:830} INFO - Processing file /opt/airflow/dags/stackoverflow_migration_dag.py for tasks to queue
[2026-05-06T12:24:15.251+0000] {logging_mixin.py:188} INFO - [2026-05-06T12:24:15.251+0000] {dagbag.py:545} INFO - Filling up the DagBag from /opt/airflow/dags/stackoverflow_migration_dag.py
[2026-05-06T12:24:15.319+0000] {logging_mixin.py:188} INFO - [2026-05-06T12:24:15.303+0000] {dagbag.py:355} ERROR - Failed to import: /opt/airflow/dags/stackoverflow_migration_dag.py
Traceback (most recent call last):
  File "/home/airflow/.local/lib/python3.12/site-packages/airflow/models/dagbag.py", line 351, in parse
    loader.exec_module(new_module)
  File "<frozen importlib._bootstrap_external>", line 995, in exec_module
  File "<frozen importlib._bootstrap>", line 488, in _call_with_frames_removed
  File "/opt/airflow/dags/stackoverflow_migration_dag.py", line 3, in <module>
    import openai
ModuleNotFoundError: No module named 'openai'
[2026-05-06T12:24:15.324+0000] {processor.py:842} WARNING - No viable dags retrieved from /opt/airflow/dags/stackoverflow_migration_dag.py
[2026-05-06T12:24:15.495+0000] {processor.py:183} INFO - Processing /opt/airflow/dags/stackoverflow_migration_dag.py took 0.257 seconds
[2026-05-06T12:24:45.692+0000] {processor.py:161} INFO - Started process (PID=505) to work on /opt/airflow/dags/stackoverflow_migration_dag.py
[2026-05-06T12:24:45.694+0000] {processor.py:830} INFO - Processing file /opt/airflow/dags/stackoverflow_migration_dag.py for tasks to queue
[2026-05-06T12:24:45.696+0000] {logging_mixin.py:188} INFO - [2026-05-06T12:24:45.696+0000] {dagbag.py:545} INFO - Filling up the DagBag from /opt/airflow/dags/stackoverflow_migration_dag.py
[2026-05-06T12:24:45.762+0000] {logging_mixin.py:188} INFO - [2026-05-06T12:24:45.744+0000] {dagbag.py:355} ERROR - Failed to import: /opt/airflow/dags/stackoverflow_migration_dag.py
Traceback (most recent call last):
  File "/home/airflow/.local/lib/python3.12/site-packages/airflow/models/dagbag.py", line 351, in parse
    loader.exec_module(new_module)
  File "<frozen importlib._bootstrap_external>", line 995, in exec_module
  File "<frozen importlib._bootstrap>", line 488, in _call_with_frames_removed
  File "/opt/airflow/dags/stackoverflow_migration_dag.py", line 3, in <module>
    import openai
ModuleNotFoundError: No module named 'openai'
[2026-05-06T12:24:45.768+0000] {processor.py:842} WARNING - No viable dags retrieved from /opt/airflow/dags/stackoverflow_migration_dag.py
[2026-05-06T12:24:45.938+0000] {processor.py:183} INFO - Processing /opt/airflow/dags/stackoverflow_migration_dag.py took 0.257 seconds
[2026-05-06T12:25:16.548+0000] {processor.py:161} INFO - Started process (PID=510) to work on /opt/airflow/dags/stackoverflow_migration_dag.py
[2026-05-06T12:25:16.550+0000] {processor.py:830} INFO - Processing file /opt/airflow/dags/stackoverflow_migration_dag.py for tasks to queue
[2026-05-06T12:25:16.552+0000] {logging_mixin.py:188} INFO - [2026-05-06T12:25:16.551+0000] {dagbag.py:545} INFO - Filling up the DagBag from /opt/airflow/dags/stackoverflow_migration_dag.py
[2026-05-06T12:25:16.596+0000] {logging_mixin.py:188} INFO - [2026-05-06T12:25:16.586+0000] {dagbag.py:355} ERROR - Failed to import: /opt/airflow/dags/stackoverflow_migration_dag.py
Traceback (most recent call last):
  File "/home/airflow/.local/lib/python3.12/site-packages/airflow/models/dagbag.py", line 351, in parse
    loader.exec_module(new_module)
  File "<frozen importlib._bootstrap_external>", line 995, in exec_module
  File "<frozen importlib._bootstrap>", line 488, in _call_with_frames_removed
  File "/opt/airflow/dags/stackoverflow_migration_dag.py", line 3, in <module>
    import openai
ModuleNotFoundError: No module named 'openai'
[2026-05-06T12:25:16.599+0000] {processor.py:842} WARNING - No viable dags retrieved from /opt/airflow/dags/stackoverflow_migration_dag.py
[2026-05-06T12:25:16.695+0000] {processor.py:183} INFO - Processing /opt/airflow/dags/stackoverflow_migration_dag.py took 0.155 seconds
[2026-05-06T12:25:47.038+0000] {processor.py:161} INFO - Started process (PID=515) to work on /opt/airflow/dags/stackoverflow_migration_dag.py
[2026-05-06T12:25:47.040+0000] {processor.py:830} INFO - Processing file /opt/airflow/dags/stackoverflow_migration_dag.py for tasks to queue
[2026-05-06T12:25:47.042+0000] {logging_mixin.py:188} INFO - [2026-05-06T12:25:47.041+0000] {dagbag.py:545} INFO - Filling up the DagBag from /opt/airflow/dags/stackoverflow_migration_dag.py
[2026-05-06T12:25:47.085+0000] {logging_mixin.py:188} INFO - [2026-05-06T12:25:47.075+0000] {dagbag.py:355} ERROR - Failed to import: /opt/airflow/dags/stackoverflow_migration_dag.py
Traceback (most recent call last):
  File "/home/airflow/.local/lib/python3.12/site-packages/airflow/models/dagbag.py", line 351, in parse
    loader.exec_module(new_module)
  File "<frozen importlib._bootstrap_external>", line 995, in exec_module
  File "<frozen importlib._bootstrap>", line 488, in _call_with_frames_removed
  File "/opt/airflow/dags/stackoverflow_migration_dag.py", line 3, in <module>
    import openai
ModuleNotFoundError: No module named 'openai'
[2026-05-06T12:25:47.088+0000] {processor.py:842} WARNING - No viable dags retrieved from /opt/airflow/dags/stackoverflow_migration_dag.py
[2026-05-06T12:25:47.177+0000] {processor.py:183} INFO - Processing /opt/airflow/dags/stackoverflow_migration_dag.py took 0.150 seconds
[2026-05-06T12:26:17.581+0000] {processor.py:161} INFO - Started process (PID=520) to work on /opt/airflow/dags/stackoverflow_migration_dag.py
[2026-05-06T12:26:17.583+0000] {processor.py:830} INFO - Processing file /opt/airflow/dags/stackoverflow_migration_dag.py for tasks to queue
[2026-05-06T12:26:17.585+0000] {logging_mixin.py:188} INFO - [2026-05-06T12:26:17.584+0000] {dagbag.py:545} INFO - Filling up the DagBag from /opt/airflow/dags/stackoverflow_migration_dag.py
[2026-05-06T12:26:17.625+0000] {logging_mixin.py:188} INFO - [2026-05-06T12:26:17.616+0000] {dagbag.py:355} ERROR - Failed to import: /opt/airflow/dags/stackoverflow_migration_dag.py
Traceback (most recent call last):
  File "/home/airflow/.local/lib/python3.12/site-packages/airflow/models/dagbag.py", line 351, in parse
    loader.exec_module(new_module)
  File "<frozen importlib._bootstrap_external>", line 995, in exec_module
  File "<frozen importlib._bootstrap>", line 488, in _call_with_frames_removed
  File "/opt/airflow/dags/stackoverflow_migration_dag.py", line 3, in <module>
    import openai
ModuleNotFoundError: No module named 'openai'
[2026-05-06T12:26:17.629+0000] {processor.py:842} WARNING - No viable dags retrieved from /opt/airflow/dags/stackoverflow_migration_dag.py
[2026-05-06T12:26:17.720+0000] {processor.py:183} INFO - Processing /opt/airflow/dags/stackoverflow_migration_dag.py took 0.150 seconds
[2026-05-06T12:26:48.014+0000] {processor.py:161} INFO - Started process (PID=525) to work on /opt/airflow/dags/stackoverflow_migration_dag.py
[2026-05-06T12:26:48.016+0000] {processor.py:830} INFO - Processing file /opt/airflow/dags/stackoverflow_migration_dag.py for tasks to queue
[2026-05-06T12:26:48.018+0000] {logging_mixin.py:188} INFO - [2026-05-06T12:26:48.018+0000] {dagbag.py:545} INFO - Filling up the DagBag from /opt/airflow/dags/stackoverflow_migration_dag.py
[2026-05-06T12:26:48.061+0000] {logging_mixin.py:188} INFO - [2026-05-06T12:26:48.052+0000] {dagbag.py:355} ERROR - Failed to import: /opt/airflow/dags/stackoverflow_migration_dag.py
Traceback (most recent call last):
  File "/home/airflow/.local/lib/python3.12/site-packages/airflow/models/dagbag.py", line 351, in parse
    loader.exec_module(new_module)
  File "<frozen importlib._bootstrap_external>", line 995, in exec_module
  File "<frozen importlib._bootstrap>", line 488, in _call_with_frames_removed
  File "/opt/airflow/dags/stackoverflow_migration_dag.py", line 3, in <module>
    import openai
ModuleNotFoundError: No module named 'openai'
[2026-05-06T12:26:48.065+0000] {processor.py:842} WARNING - No viable dags retrieved from /opt/airflow/dags/stackoverflow_migration_dag.py
[2026-05-06T12:26:48.173+0000] {processor.py:183} INFO - Processing /opt/airflow/dags/stackoverflow_migration_dag.py took 0.169 seconds
[2026-05-06T12:27:18.554+0000] {processor.py:161} INFO - Started process (PID=530) to work on /opt/airflow/dags/stackoverflow_migration_dag.py
[2026-05-06T12:27:18.556+0000] {processor.py:830} INFO - Processing file /opt/airflow/dags/stackoverflow_migration_dag.py for tasks to queue
[2026-05-06T12:27:18.557+0000] {logging_mixin.py:188} INFO - [2026-05-06T12:27:18.557+0000] {dagbag.py:545} INFO - Filling up the DagBag from /opt/airflow/dags/stackoverflow_migration_dag.py
[2026-05-06T12:27:18.630+0000] {logging_mixin.py:188} INFO - [2026-05-06T12:27:18.612+0000] {dagbag.py:355} ERROR - Failed to import: /opt/airflow/dags/stackoverflow_migration_dag.py
Traceback (most recent call last):
  File "/home/airflow/.local/lib/python3.12/site-packages/airflow/models/dagbag.py", line 351, in parse
    loader.exec_module(new_module)
  File "<frozen importlib._bootstrap_external>", line 995, in exec_module
  File "<frozen importlib._bootstrap>", line 488, in _call_with_frames_removed
  File "/opt/airflow/dags/stackoverflow_migration_dag.py", line 3, in <module>
    import openai
ModuleNotFoundError: No module named 'openai'
[2026-05-06T12:27:18.636+0000] {processor.py:842} WARNING - No viable dags retrieved from /opt/airflow/dags/stackoverflow_migration_dag.py
[2026-05-06T12:27:18.791+0000] {processor.py:183} INFO - Processing /opt/airflow/dags/stackoverflow_migration_dag.py took 0.246 seconds
[2026-05-06T12:27:49.033+0000] {processor.py:161} INFO - Started process (PID=535) to work on /opt/airflow/dags/stackoverflow_migration_dag.py
[2026-05-06T12:27:49.035+0000] {processor.py:830} INFO - Processing file /opt/airflow/dags/stackoverflow_migration_dag.py for tasks to queue
[2026-05-06T12:27:49.036+0000] {logging_mixin.py:188} INFO - [2026-05-06T12:27:49.035+0000] {dagbag.py:545} INFO - Filling up the DagBag from /opt/airflow/dags/stackoverflow_migration_dag.py
[2026-05-06T12:27:49.079+0000] {logging_mixin.py:188} INFO - [2026-05-06T12:27:49.069+0000] {dagbag.py:355} ERROR - Failed to import: /opt/airflow/dags/stackoverflow_migration_dag.py
Traceback (most recent call last):
  File "/home/airflow/.local/lib/python3.12/site-packages/airflow/models/dagbag.py", line 351, in parse
    loader.exec_module(new_module)
  File "<frozen importlib._bootstrap_external>", line 995, in exec_module
  File "<frozen importlib._bootstrap>", line 488, in _call_with_frames_removed
  File "/opt/airflow/dags/stackoverflow_migration_dag.py", line 3, in <module>
    import openai
ModuleNotFoundError: No module named 'openai'
[2026-05-06T12:27:49.083+0000] {processor.py:842} WARNING - No viable dags retrieved from /opt/airflow/dags/stackoverflow_migration_dag.py
[2026-05-06T12:27:49.203+0000] {processor.py:183} INFO - Processing /opt/airflow/dags/stackoverflow_migration_dag.py took 0.179 seconds
[2026-05-06T12:28:19.732+0000] {processor.py:161} INFO - Started process (PID=540) to work on /opt/airflow/dags/stackoverflow_migration_dag.py
[2026-05-06T12:28:19.735+0000] {processor.py:830} INFO - Processing file /opt/airflow/dags/stackoverflow_migration_dag.py for tasks to queue
[2026-05-06T12:28:19.738+0000] {logging_mixin.py:188} INFO - [2026-05-06T12:28:19.737+0000] {dagbag.py:545} INFO - Filling up the DagBag from /opt/airflow/dags/stackoverflow_migration_dag.py
[2026-05-06T12:28:19.804+0000] {logging_mixin.py:188} INFO - [2026-05-06T12:28:19.789+0000] {dagbag.py:355} ERROR - Failed to import: /opt/airflow/dags/stackoverflow_migration_dag.py
Traceback (most recent call last):
  File "/home/airflow/.local/lib/python3.12/site-packages/airflow/models/dagbag.py", line 351, in parse
    loader.exec_module(new_module)
  File "<frozen importlib._bootstrap_external>", line 995, in exec_module
  File "<frozen importlib._bootstrap>", line 488, in _call_with_frames_removed
  File "/opt/airflow/dags/stackoverflow_migration_dag.py", line 3, in <module>
    import openai
ModuleNotFoundError: No module named 'openai'
[2026-05-06T12:28:19.809+0000] {processor.py:842} WARNING - No viable dags retrieved from /opt/airflow/dags/stackoverflow_migration_dag.py
[2026-05-06T12:28:19.954+0000] {processor.py:183} INFO - Processing /opt/airflow/dags/stackoverflow_migration_dag.py took 0.242 seconds
[2026-05-06T12:28:50.145+0000] {processor.py:161} INFO - Started process (PID=545) to work on /opt/airflow/dags/stackoverflow_migration_dag.py
[2026-05-06T12:28:50.148+0000] {processor.py:830} INFO - Processing file /opt/airflow/dags/stackoverflow_migration_dag.py for tasks to queue
[2026-05-06T12:28:50.150+0000] {logging_mixin.py:188} INFO - [2026-05-06T12:28:50.149+0000] {dagbag.py:545} INFO - Filling up the DagBag from /opt/airflow/dags/stackoverflow_migration_dag.py
[2026-05-06T12:28:50.206+0000] {logging_mixin.py:188} INFO - [2026-05-06T12:28:50.188+0000] {dagbag.py:355} ERROR - Failed to import: /opt/airflow/dags/stackoverflow_migration_dag.py
Traceback (most recent call last):
  File "/home/airflow/.local/lib/python3.12/site-packages/airflow/models/dagbag.py", line 351, in parse
    loader.exec_module(new_module)
  File "<frozen importlib._bootstrap_external>", line 995, in exec_module
  File "<frozen importlib._bootstrap>", line 488, in _call_with_frames_removed
  File "/opt/airflow/dags/stackoverflow_migration_dag.py", line 3, in <module>
    import openai
ModuleNotFoundError: No module named 'openai'
[2026-05-06T12:28:50.212+0000] {processor.py:842} WARNING - No viable dags retrieved from /opt/airflow/dags/stackoverflow_migration_dag.py
[2026-05-06T12:28:50.359+0000] {processor.py:183} INFO - Processing /opt/airflow/dags/stackoverflow_migration_dag.py took 0.228 seconds
[2026-05-06T12:29:20.814+0000] {processor.py:161} INFO - Started process (PID=550) to work on /opt/airflow/dags/stackoverflow_migration_dag.py
[2026-05-06T12:29:20.817+0000] {processor.py:830} INFO - Processing file /opt/airflow/dags/stackoverflow_migration_dag.py for tasks to queue
[2026-05-06T12:29:20.820+0000] {logging_mixin.py:188} INFO - [2026-05-06T12:29:20.819+0000] {dagbag.py:545} INFO - Filling up the DagBag from /opt/airflow/dags/stackoverflow_migration_dag.py
[2026-05-06T12:29:20.878+0000] {logging_mixin.py:188} INFO - [2026-05-06T12:29:20.865+0000] {dagbag.py:355} ERROR - Failed to import: /opt/airflow/dags/stackoverflow_migration_dag.py
Traceback (most recent call last):
  File "/home/airflow/.local/lib/python3.12/site-packages/airflow/models/dagbag.py", line 351, in parse
    loader.exec_module(new_module)
  File "<frozen importlib._bootstrap_external>", line 995, in exec_module
  File "<frozen importlib._bootstrap>", line 488, in _call_with_frames_removed
  File "/opt/airflow/dags/stackoverflow_migration_dag.py", line 3, in <module>
    import openai
ModuleNotFoundError: No module named 'openai'
[2026-05-06T12:29:20.883+0000] {processor.py:842} WARNING - No viable dags retrieved from /opt/airflow/dags/stackoverflow_migration_dag.py
[2026-05-06T12:29:21.006+0000] {processor.py:183} INFO - Processing /opt/airflow/dags/stackoverflow_migration_dag.py took 0.206 seconds
[2026-05-06T12:29:51.299+0000] {processor.py:161} INFO - Started process (PID=555) to work on /opt/airflow/dags/stackoverflow_migration_dag.py
[2026-05-06T12:29:51.303+0000] {processor.py:830} INFO - Processing file /opt/airflow/dags/stackoverflow_migration_dag.py for tasks to queue
[2026-05-06T12:29:51.314+0000] {logging_mixin.py:188} INFO - [2026-05-06T12:29:51.313+0000] {dagbag.py:545} INFO - Filling up the DagBag from /opt/airflow/dags/stackoverflow_migration_dag.py
[2026-05-06T12:29:51.368+0000] {logging_mixin.py:188} INFO - [2026-05-06T12:29:51.357+0000] {dagbag.py:355} ERROR - Failed to import: /opt/airflow/dags/stackoverflow_migration_dag.py
Traceback (most recent call last):
  File "/home/airflow/.local/lib/python3.12/site-packages/airflow/models/dagbag.py", line 351, in parse
    loader.exec_module(new_module)
  File "<frozen importlib._bootstrap_external>", line 995, in exec_module
  File "<frozen importlib._bootstrap>", line 488, in _call_with_frames_removed
  File "/opt/airflow/dags/stackoverflow_migration_dag.py", line 3, in <module>
    import openai
ModuleNotFoundError: No module named 'openai'
[2026-05-06T12:29:51.372+0000] {processor.py:842} WARNING - No viable dags retrieved from /opt/airflow/dags/stackoverflow_migration_dag.py
[2026-05-06T12:29:51.485+0000] {processor.py:183} INFO - Processing /opt/airflow/dags/stackoverflow_migration_dag.py took 0.226 seconds
[2026-05-06T12:30:21.981+0000] {processor.py:161} INFO - Started process (PID=560) to work on /opt/airflow/dags/stackoverflow_migration_dag.py
[2026-05-06T12:30:21.984+0000] {processor.py:830} INFO - Processing file /opt/airflow/dags/stackoverflow_migration_dag.py for tasks to queue
[2026-05-06T12:30:21.986+0000] {logging_mixin.py:188} INFO - [2026-05-06T12:30:21.985+0000] {dagbag.py:545} INFO - Filling up the DagBag from /opt/airflow/dags/stackoverflow_migration_dag.py
[2026-05-06T12:30:22.027+0000] {logging_mixin.py:188} INFO - [2026-05-06T12:30:22.017+0000] {dagbag.py:355} ERROR - Failed to import: /opt/airflow/dags/stackoverflow_migration_dag.py
Traceback (most recent call last):
  File "/home/airflow/.local/lib/python3.12/site-packages/airflow/models/dagbag.py", line 351, in parse
    loader.exec_module(new_module)
  File "<frozen importlib._bootstrap_external>", line 995, in exec_module
  File "<frozen importlib._bootstrap>", line 488, in _call_with_frames_removed
  File "/opt/airflow/dags/stackoverflow_migration_dag.py", line 3, in <module>
    import openai
ModuleNotFoundError: No module named 'openai'
[2026-05-06T12:30:22.031+0000] {processor.py:842} WARNING - No viable dags retrieved from /opt/airflow/dags/stackoverflow_migration_dag.py
[2026-05-06T12:30:22.146+0000] {processor.py:183} INFO - Processing /opt/airflow/dags/stackoverflow_migration_dag.py took 0.194 seconds
[2026-05-06T12:30:52.476+0000] {processor.py:161} INFO - Started process (PID=565) to work on /opt/airflow/dags/stackoverflow_migration_dag.py
[2026-05-06T12:30:52.479+0000] {processor.py:830} INFO - Processing file /opt/airflow/dags/stackoverflow_migration_dag.py for tasks to queue
[2026-05-06T12:30:52.483+0000] {logging_mixin.py:188} INFO - [2026-05-06T12:30:52.482+0000] {dagbag.py:545} INFO - Filling up the DagBag from /opt/airflow/dags/stackoverflow_migration_dag.py
[2026-05-06T12:30:52.560+0000] {logging_mixin.py:188} INFO - [2026-05-06T12:30:52.543+0000] {dagbag.py:355} ERROR - Failed to import: /opt/airflow/dags/stackoverflow_migration_dag.py
Traceback (most recent call last):
  File "/home/airflow/.local/lib/python3.12/site-packages/airflow/models/dagbag.py", line 351, in parse
    loader.exec_module(new_module)
  File "<frozen importlib._bootstrap_external>", line 995, in exec_module
  File "<frozen importlib._bootstrap>", line 488, in _call_with_frames_removed
  File "/opt/airflow/dags/stackoverflow_migration_dag.py", line 3, in <module>
    import openai
ModuleNotFoundError: No module named 'openai'
[2026-05-06T12:30:52.567+0000] {processor.py:842} WARNING - No viable dags retrieved from /opt/airflow/dags/stackoverflow_migration_dag.py
[2026-05-06T12:30:52.733+0000] {processor.py:183} INFO - Processing /opt/airflow/dags/stackoverflow_migration_dag.py took 0.277 seconds
[2026-05-06T12:31:23.149+0000] {processor.py:161} INFO - Started process (PID=570) to work on /opt/airflow/dags/stackoverflow_migration_dag.py
[2026-05-06T12:31:23.151+0000] {processor.py:830} INFO - Processing file /opt/airflow/dags/stackoverflow_migration_dag.py for tasks to queue
[2026-05-06T12:31:23.153+0000] {logging_mixin.py:188} INFO - [2026-05-06T12:31:23.152+0000] {dagbag.py:545} INFO - Filling up the DagBag from /opt/airflow/dags/stackoverflow_migration_dag.py
[2026-05-06T12:31:23.211+0000] {logging_mixin.py:188} INFO - [2026-05-06T12:31:23.194+0000] {dagbag.py:355} ERROR - Failed to import: /opt/airflow/dags/stackoverflow_migration_dag.py
Traceback (most recent call last):
  File "/home/airflow/.local/lib/python3.12/site-packages/airflow/models/dagbag.py", line 351, in parse
    loader.exec_module(new_module)
  File "<frozen importlib._bootstrap_external>", line 995, in exec_module
  File "<frozen importlib._bootstrap>", line 488, in _call_with_frames_removed
  File "/opt/airflow/dags/stackoverflow_migration_dag.py", line 3, in <module>
    import openai
ModuleNotFoundError: No module named 'openai'
[2026-05-06T12:31:23.217+0000] {processor.py:842} WARNING - No viable dags retrieved from /opt/airflow/dags/stackoverflow_migration_dag.py
[2026-05-06T12:31:23.368+0000] {processor.py:183} INFO - Processing /opt/airflow/dags/stackoverflow_migration_dag.py took 0.233 seconds
[2026-05-06T12:31:53.679+0000] {processor.py:161} INFO - Started process (PID=575) to work on /opt/airflow/dags/stackoverflow_migration_dag.py
[2026-05-06T12:31:53.680+0000] {processor.py:830} INFO - Processing file /opt/airflow/dags/stackoverflow_migration_dag.py for tasks to queue
[2026-05-06T12:31:53.682+0000] {logging_mixin.py:188} INFO - [2026-05-06T12:31:53.681+0000] {dagbag.py:545} INFO - Filling up the DagBag from /opt/airflow/dags/stackoverflow_migration_dag.py
[2026-05-06T12:31:53.736+0000] {logging_mixin.py:188} INFO - [2026-05-06T12:31:53.719+0000] {dagbag.py:355} ERROR - Failed to import: /opt/airflow/dags/stackoverflow_migration_dag.py
Traceback (most recent call last):
  File "/home/airflow/.local/lib/python3.12/site-packages/airflow/models/dagbag.py", line 351, in parse
    loader.exec_module(new_module)
  File "<frozen importlib._bootstrap_external>", line 995, in exec_module
  File "<frozen importlib._bootstrap>", line 488, in _call_with_frames_removed
  File "/opt/airflow/dags/stackoverflow_migration_dag.py", line 3, in <module>
    import openai
ModuleNotFoundError: No module named 'openai'
[2026-05-06T12:31:53.742+0000] {processor.py:842} WARNING - No viable dags retrieved from /opt/airflow/dags/stackoverflow_migration_dag.py
[2026-05-06T12:31:53.905+0000] {processor.py:183} INFO - Processing /opt/airflow/dags/stackoverflow_migration_dag.py took 0.235 seconds
[2026-05-06T12:32:24.298+0000] {processor.py:161} INFO - Started process (PID=580) to work on /opt/airflow/dags/stackoverflow_migration_dag.py
[2026-05-06T12:32:24.300+0000] {processor.py:830} INFO - Processing file /opt/airflow/dags/stackoverflow_migration_dag.py for tasks to queue
[2026-05-06T12:32:24.304+0000] {logging_mixin.py:188} INFO - [2026-05-06T12:32:24.304+0000] {dagbag.py:545} INFO - Filling up the DagBag from /opt/airflow/dags/stackoverflow_migration_dag.py
[2026-05-06T12:32:24.376+0000] {logging_mixin.py:188} INFO - [2026-05-06T12:32:24.359+0000] {dagbag.py:355} ERROR - Failed to import: /opt/airflow/dags/stackoverflow_migration_dag.py
Traceback (most recent call last):
  File "/home/airflow/.local/lib/python3.12/site-packages/airflow/models/dagbag.py", line 351, in parse
    loader.exec_module(new_module)
  File "<frozen importlib._bootstrap_external>", line 995, in exec_module
  File "<frozen importlib._bootstrap>", line 488, in _call_with_frames_removed
  File "/opt/airflow/dags/stackoverflow_migration_dag.py", line 3, in <module>
    import openai
ModuleNotFoundError: No module named 'openai'
[2026-05-06T12:32:24.381+0000] {processor.py:842} WARNING - No viable dags retrieved from /opt/airflow/dags/stackoverflow_migration_dag.py
[2026-05-06T12:32:24.496+0000] {processor.py:183} INFO - Processing /opt/airflow/dags/stackoverflow_migration_dag.py took 0.208 seconds
[2026-05-06T12:32:54.886+0000] {processor.py:161} INFO - Started process (PID=585) to work on /opt/airflow/dags/stackoverflow_migration_dag.py
[2026-05-06T12:32:54.888+0000] {processor.py:830} INFO - Processing file /opt/airflow/dags/stackoverflow_migration_dag.py for tasks to queue
[2026-05-06T12:32:54.891+0000] {logging_mixin.py:188} INFO - [2026-05-06T12:32:54.890+0000] {dagbag.py:545} INFO - Filling up the DagBag from /opt/airflow/dags/stackoverflow_migration_dag.py
[2026-05-06T12:32:54.952+0000] {logging_mixin.py:188} INFO - [2026-05-06T12:32:54.937+0000] {dagbag.py:355} ERROR - Failed to import: /opt/airflow/dags/stackoverflow_migration_dag.py
Traceback (most recent call last):
  File "/home/airflow/.local/lib/python3.12/site-packages/airflow/models/dagbag.py", line 351, in parse
    loader.exec_module(new_module)
  File "<frozen importlib._bootstrap_external>", line 995, in exec_module
  File "<frozen importlib._bootstrap>", line 488, in _call_with_frames_removed
  File "/opt/airflow/dags/stackoverflow_migration_dag.py", line 3, in <module>
    import openai
ModuleNotFoundError: No module named 'openai'
[2026-05-06T12:32:54.957+0000] {processor.py:842} WARNING - No viable dags retrieved from /opt/airflow/dags/stackoverflow_migration_dag.py
[2026-05-06T12:32:55.106+0000] {processor.py:183} INFO - Processing /opt/airflow/dags/stackoverflow_migration_dag.py took 0.235 seconds
[2026-05-06T12:33:25.409+0000] {processor.py:161} INFO - Started process (PID=590) to work on /opt/airflow/dags/stackoverflow_migration_dag.py
[2026-05-06T12:33:25.411+0000] {processor.py:830} INFO - Processing file /opt/airflow/dags/stackoverflow_migration_dag.py for tasks to queue
[2026-05-06T12:33:25.413+0000] {logging_mixin.py:188} INFO - [2026-05-06T12:33:25.412+0000] {dagbag.py:545} INFO - Filling up the DagBag from /opt/airflow/dags/stackoverflow_migration_dag.py
[2026-05-06T12:33:25.454+0000] {logging_mixin.py:188} INFO - [2026-05-06T12:33:25.444+0000] {dagbag.py:355} ERROR - Failed to import: /opt/airflow/dags/stackoverflow_migration_dag.py
Traceback (most recent call last):
  File "/home/airflow/.local/lib/python3.12/site-packages/airflow/models/dagbag.py", line 351, in parse
    loader.exec_module(new_module)
  File "<frozen importlib._bootstrap_external>", line 995, in exec_module
  File "<frozen importlib._bootstrap>", line 488, in _call_with_frames_removed
  File "/opt/airflow/dags/stackoverflow_migration_dag.py", line 3, in <module>
    import openai
ModuleNotFoundError: No module named 'openai'
[2026-05-06T12:33:25.457+0000] {processor.py:842} WARNING - No viable dags retrieved from /opt/airflow/dags/stackoverflow_migration_dag.py
[2026-05-06T12:33:25.552+0000] {processor.py:183} INFO - Processing /opt/airflow/dags/stackoverflow_migration_dag.py took 0.154 seconds
[2026-05-06T12:33:55.986+0000] {processor.py:161} INFO - Started process (PID=595) to work on /opt/airflow/dags/stackoverflow_migration_dag.py
[2026-05-06T12:33:55.989+0000] {processor.py:830} INFO - Processing file /opt/airflow/dags/stackoverflow_migration_dag.py for tasks to queue
[2026-05-06T12:33:55.991+0000] {logging_mixin.py:188} INFO - [2026-05-06T12:33:55.990+0000] {dagbag.py:545} INFO - Filling up the DagBag from /opt/airflow/dags/stackoverflow_migration_dag.py
[2026-05-06T12:33:56.064+0000] {logging_mixin.py:188} INFO - [2026-05-06T12:33:56.050+0000] {dagbag.py:355} ERROR - Failed to import: /opt/airflow/dags/stackoverflow_migration_dag.py
Traceback (most recent call last):
  File "/home/airflow/.local/lib/python3.12/site-packages/airflow/models/dagbag.py", line 351, in parse
    loader.exec_module(new_module)
  File "<frozen importlib._bootstrap_external>", line 995, in exec_module
  File "<frozen importlib._bootstrap>", line 488, in _call_with_frames_removed
  File "/opt/airflow/dags/stackoverflow_migration_dag.py", line 3, in <module>
    import openai
ModuleNotFoundError: No module named 'openai'
[2026-05-06T12:33:56.069+0000] {processor.py:842} WARNING - No viable dags retrieved from /opt/airflow/dags/stackoverflow_migration_dag.py
[2026-05-06T12:33:56.207+0000] {processor.py:183} INFO - Processing /opt/airflow/dags/stackoverflow_migration_dag.py took 0.232 seconds
[2026-05-06T12:34:26.520+0000] {processor.py:161} INFO - Started process (PID=600) to work on /opt/airflow/dags/stackoverflow_migration_dag.py
[2026-05-06T12:34:26.523+0000] {processor.py:830} INFO - Processing file /opt/airflow/dags/stackoverflow_migration_dag.py for tasks to queue
[2026-05-06T12:34:26.526+0000] {logging_mixin.py:188} INFO - [2026-05-06T12:34:26.525+0000] {dagbag.py:545} INFO - Filling up the DagBag from /opt/airflow/dags/stackoverflow_migration_dag.py
[2026-05-06T12:34:26.599+0000] {logging_mixin.py:188} INFO - [2026-05-06T12:34:26.582+0000] {dagbag.py:355} ERROR - Failed to import: /opt/airflow/dags/stackoverflow_migration_dag.py
Traceback (most recent call last):
  File "/home/airflow/.local/lib/python3.12/site-packages/airflow/models/dagbag.py", line 351, in parse
    loader.exec_module(new_module)
  File "<frozen importlib._bootstrap_external>", line 995, in exec_module
  File "<frozen importlib._bootstrap>", line 488, in _call_with_frames_removed
  File "/opt/airflow/dags/stackoverflow_migration_dag.py", line 3, in <module>
    import openai
ModuleNotFoundError: No module named 'openai'
[2026-05-06T12:34:26.605+0000] {processor.py:842} WARNING - No viable dags retrieved from /opt/airflow/dags/stackoverflow_migration_dag.py
[2026-05-06T12:34:26.760+0000] {processor.py:183} INFO - Processing /opt/airflow/dags/stackoverflow_migration_dag.py took 0.257 seconds
[2026-05-06T12:34:57.167+0000] {processor.py:161} INFO - Started process (PID=605) to work on /opt/airflow/dags/stackoverflow_migration_dag.py
[2026-05-06T12:34:57.170+0000] {processor.py:830} INFO - Processing file /opt/airflow/dags/stackoverflow_migration_dag.py for tasks to queue
[2026-05-06T12:34:57.172+0000] {logging_mixin.py:188} INFO - [2026-05-06T12:34:57.172+0000] {dagbag.py:545} INFO - Filling up the DagBag from /opt/airflow/dags/stackoverflow_migration_dag.py
[2026-05-06T12:34:57.239+0000] {logging_mixin.py:188} INFO - [2026-05-06T12:34:57.221+0000] {dagbag.py:355} ERROR - Failed to import: /opt/airflow/dags/stackoverflow_migration_dag.py
Traceback (most recent call last):
  File "/home/airflow/.local/lib/python3.12/site-packages/airflow/models/dagbag.py", line 351, in parse
    loader.exec_module(new_module)
  File "<frozen importlib._bootstrap_external>", line 995, in exec_module
  File "<frozen importlib._bootstrap>", line 488, in _call_with_frames_removed
  File "/opt/airflow/dags/stackoverflow_migration_dag.py", line 3, in <module>
    import openai
ModuleNotFoundError: No module named 'openai'
[2026-05-06T12:34:57.245+0000] {processor.py:842} WARNING - No viable dags retrieved from /opt/airflow/dags/stackoverflow_migration_dag.py
[2026-05-06T12:34:57.406+0000] {processor.py:183} INFO - Processing /opt/airflow/dags/stackoverflow_migration_dag.py took 0.254 seconds
[2026-05-06T12:35:27.915+0000] {processor.py:161} INFO - Started process (PID=610) to work on /opt/airflow/dags/stackoverflow_migration_dag.py
[2026-05-06T12:35:27.918+0000] {processor.py:830} INFO - Processing file /opt/airflow/dags/stackoverflow_migration_dag.py for tasks to queue
[2026-05-06T12:35:27.920+0000] {logging_mixin.py:188} INFO - [2026-05-06T12:35:27.920+0000] {dagbag.py:545} INFO - Filling up the DagBag from /opt/airflow/dags/stackoverflow_migration_dag.py
[2026-05-06T12:35:27.986+0000] {logging_mixin.py:188} INFO - [2026-05-06T12:35:27.969+0000] {dagbag.py:355} ERROR - Failed to import: /opt/airflow/dags/stackoverflow_migration_dag.py
Traceback (most recent call last):
  File "/home/airflow/.local/lib/python3.12/site-packages/airflow/models/dagbag.py", line 351, in parse
    loader.exec_module(new_module)
  File "<frozen importlib._bootstrap_external>", line 995, in exec_module
  File "<frozen importlib._bootstrap>", line 488, in _call_with_frames_removed
  File "/opt/airflow/dags/stackoverflow_migration_dag.py", line 3, in <module>
    import openai
ModuleNotFoundError: No module named 'openai'
[2026-05-06T12:35:27.992+0000] {processor.py:842} WARNING - No viable dags retrieved from /opt/airflow/dags/stackoverflow_migration_dag.py
[2026-05-06T12:35:28.157+0000] {processor.py:183} INFO - Processing /opt/airflow/dags/stackoverflow_migration_dag.py took 0.257 seconds
[2026-05-06T12:35:58.386+0000] {processor.py:161} INFO - Started process (PID=615) to work on /opt/airflow/dags/stackoverflow_migration_dag.py
[2026-05-06T12:35:58.388+0000] {processor.py:830} INFO - Processing file /opt/airflow/dags/stackoverflow_migration_dag.py for tasks to queue
[2026-05-06T12:35:58.390+0000] {logging_mixin.py:188} INFO - [2026-05-06T12:35:58.389+0000] {dagbag.py:545} INFO - Filling up the DagBag from /opt/airflow/dags/stackoverflow_migration_dag.py
[2026-05-06T12:35:58.447+0000] {logging_mixin.py:188} INFO - [2026-05-06T12:35:58.434+0000] {dagbag.py:355} ERROR - Failed to import: /opt/airflow/dags/stackoverflow_migration_dag.py
Traceback (most recent call last):
  File "/home/airflow/.local/lib/python3.12/site-packages/airflow/models/dagbag.py", line 351, in parse
    loader.exec_module(new_module)
  File "<frozen importlib._bootstrap_external>", line 995, in exec_module
  File "<frozen importlib._bootstrap>", line 488, in _call_with_frames_removed
  File "/opt/airflow/dags/stackoverflow_migration_dag.py", line 3, in <module>
    import openai
ModuleNotFoundError: No module named 'openai'
[2026-05-06T12:35:58.456+0000] {processor.py:842} WARNING - No viable dags retrieved from /opt/airflow/dags/stackoverflow_migration_dag.py
[2026-05-06T12:35:58.720+0000] {processor.py:183} INFO - Processing /opt/airflow/dags/stackoverflow_migration_dag.py took 0.345 seconds
[2026-05-06T12:36:29.527+0000] {processor.py:161} INFO - Started process (PID=620) to work on /opt/airflow/dags/stackoverflow_migration_dag.py
[2026-05-06T12:36:29.536+0000] {processor.py:830} INFO - Processing file /opt/airflow/dags/stackoverflow_migration_dag.py for tasks to queue
[2026-05-06T12:36:29.544+0000] {logging_mixin.py:188} INFO - [2026-05-06T12:36:29.541+0000] {dagbag.py:545} INFO - Filling up the DagBag from /opt/airflow/dags/stackoverflow_migration_dag.py
[2026-05-06T12:36:29.688+0000] {logging_mixin.py:188} INFO - [2026-05-06T12:36:29.658+0000] {dagbag.py:355} ERROR - Failed to import: /opt/airflow/dags/stackoverflow_migration_dag.py
Traceback (most recent call last):
  File "/home/airflow/.local/lib/python3.12/site-packages/airflow/models/dagbag.py", line 351, in parse
    loader.exec_module(new_module)
  File "<frozen importlib._bootstrap_external>", line 995, in exec_module
  File "<frozen importlib._bootstrap>", line 488, in _call_with_frames_removed
  File "/opt/airflow/dags/stackoverflow_migration_dag.py", line 3, in <module>
    import openai
ModuleNotFoundError: No module named 'openai'
[2026-05-06T12:36:29.698+0000] {processor.py:842} WARNING - No viable dags retrieved from /opt/airflow/dags/stackoverflow_migration_dag.py
[2026-05-06T12:36:29.965+0000] {processor.py:183} INFO - Processing /opt/airflow/dags/stackoverflow_migration_dag.py took 0.489 seconds
[2026-05-06T12:37:00.593+0000] {processor.py:161} INFO - Started process (PID=625) to work on /opt/airflow/dags/stackoverflow_migration_dag.py
[2026-05-06T12:37:00.596+0000] {processor.py:830} INFO - Processing file /opt/airflow/dags/stackoverflow_migration_dag.py for tasks to queue
[2026-05-06T12:37:00.598+0000] {logging_mixin.py:188} INFO - [2026-05-06T12:37:00.598+0000] {dagbag.py:545} INFO - Filling up the DagBag from /opt/airflow/dags/stackoverflow_migration_dag.py
[2026-05-06T12:37:00.659+0000] {logging_mixin.py:188} INFO - [2026-05-06T12:37:00.643+0000] {dagbag.py:355} ERROR - Failed to import: /opt/airflow/dags/stackoverflow_migration_dag.py
Traceback (most recent call last):
  File "/home/airflow/.local/lib/python3.12/site-packages/airflow/models/dagbag.py", line 351, in parse
    loader.exec_module(new_module)
  File "<frozen importlib._bootstrap_external>", line 995, in exec_module
  File "<frozen importlib._bootstrap>", line 488, in _call_with_frames_removed
  File "/opt/airflow/dags/stackoverflow_migration_dag.py", line 3, in <module>
    import openai
ModuleNotFoundError: No module named 'openai'
[2026-05-06T12:37:00.664+0000] {processor.py:842} WARNING - No viable dags retrieved from /opt/airflow/dags/stackoverflow_migration_dag.py
[2026-05-06T12:37:00.820+0000] {processor.py:183} INFO - Processing /opt/airflow/dags/stackoverflow_migration_dag.py took 0.246 seconds
[2026-05-06T12:37:31.220+0000] {processor.py:161} INFO - Started process (PID=630) to work on /opt/airflow/dags/stackoverflow_migration_dag.py
[2026-05-06T12:37:31.223+0000] {processor.py:830} INFO - Processing file /opt/airflow/dags/stackoverflow_migration_dag.py for tasks to queue
[2026-05-06T12:37:31.225+0000] {logging_mixin.py:188} INFO - [2026-05-06T12:37:31.224+0000] {dagbag.py:545} INFO - Filling up the DagBag from /opt/airflow/dags/stackoverflow_migration_dag.py
[2026-05-06T12:37:31.266+0000] {logging_mixin.py:188} INFO - [2026-05-06T12:37:31.256+0000] {dagbag.py:355} ERROR - Failed to import: /opt/airflow/dags/stackoverflow_migration_dag.py
Traceback (most recent call last):
  File "/home/airflow/.local/lib/python3.12/site-packages/airflow/models/dagbag.py", line 351, in parse
    loader.exec_module(new_module)
  File "<frozen importlib._bootstrap_external>", line 995, in exec_module
  File "<frozen importlib._bootstrap>", line 488, in _call_with_frames_removed
  File "/opt/airflow/dags/stackoverflow_migration_dag.py", line 3, in <module>
    import openai
ModuleNotFoundError: No module named 'openai'
[2026-05-06T12:37:31.269+0000] {processor.py:842} WARNING - No viable dags retrieved from /opt/airflow/dags/stackoverflow_migration_dag.py
[2026-05-06T12:37:31.438+0000] {processor.py:183} INFO - Processing /opt/airflow/dags/stackoverflow_migration_dag.py took 0.231 seconds
[2026-05-06T12:38:01.713+0000] {processor.py:161} INFO - Started process (PID=635) to work on /opt/airflow/dags/stackoverflow_migration_dag.py
[2026-05-06T12:38:01.716+0000] {processor.py:830} INFO - Processing file /opt/airflow/dags/stackoverflow_migration_dag.py for tasks to queue
[2026-05-06T12:38:01.719+0000] {logging_mixin.py:188} INFO - [2026-05-06T12:38:01.718+0000] {dagbag.py:545} INFO - Filling up the DagBag from /opt/airflow/dags/stackoverflow_migration_dag.py
[2026-05-06T12:38:01.791+0000] {logging_mixin.py:188} INFO - [2026-05-06T12:38:01.774+0000] {dagbag.py:355} ERROR - Failed to import: /opt/airflow/dags/stackoverflow_migration_dag.py
Traceback (most recent call last):
  File "/home/airflow/.local/lib/python3.12/site-packages/airflow/models/dagbag.py", line 351, in parse
    loader.exec_module(new_module)
  File "<frozen importlib._bootstrap_external>", line 995, in exec_module
  File "<frozen importlib._bootstrap>", line 488, in _call_with_frames_removed
  File "/opt/airflow/dags/stackoverflow_migration_dag.py", line 3, in <module>
    import openai
ModuleNotFoundError: No module named 'openai'
[2026-05-06T12:38:01.797+0000] {processor.py:842} WARNING - No viable dags retrieved from /opt/airflow/dags/stackoverflow_migration_dag.py
[2026-05-06T12:38:01.954+0000] {processor.py:183} INFO - Processing /opt/airflow/dags/stackoverflow_migration_dag.py took 0.259 seconds
[2026-05-06T12:38:32.316+0000] {processor.py:161} INFO - Started process (PID=640) to work on /opt/airflow/dags/stackoverflow_migration_dag.py
[2026-05-06T12:38:32.318+0000] {processor.py:830} INFO - Processing file /opt/airflow/dags/stackoverflow_migration_dag.py for tasks to queue
[2026-05-06T12:38:32.320+0000] {logging_mixin.py:188} INFO - [2026-05-06T12:38:32.319+0000] {dagbag.py:545} INFO - Filling up the DagBag from /opt/airflow/dags/stackoverflow_migration_dag.py
[2026-05-06T12:38:32.369+0000] {logging_mixin.py:188} INFO - [2026-05-06T12:38:32.360+0000] {dagbag.py:355} ERROR - Failed to import: /opt/airflow/dags/stackoverflow_migration_dag.py
Traceback (most recent call last):
  File "/home/airflow/.local/lib/python3.12/site-packages/airflow/models/dagbag.py", line 351, in parse
    loader.exec_module(new_module)
  File "<frozen importlib._bootstrap_external>", line 995, in exec_module
  File "<frozen importlib._bootstrap>", line 488, in _call_with_frames_removed
  File "/opt/airflow/dags/stackoverflow_migration_dag.py", line 3, in <module>
    import openai
ModuleNotFoundError: No module named 'openai'
[2026-05-06T12:38:32.373+0000] {processor.py:842} WARNING - No viable dags retrieved from /opt/airflow/dags/stackoverflow_migration_dag.py
[2026-05-06T12:38:32.475+0000] {processor.py:183} INFO - Processing /opt/airflow/dags/stackoverflow_migration_dag.py took 0.168 seconds
[2026-05-06T12:39:02.835+0000] {processor.py:161} INFO - Started process (PID=645) to work on /opt/airflow/dags/stackoverflow_migration_dag.py
[2026-05-06T12:39:02.836+0000] {processor.py:830} INFO - Processing file /opt/airflow/dags/stackoverflow_migration_dag.py for tasks to queue
[2026-05-06T12:39:02.838+0000] {logging_mixin.py:188} INFO - [2026-05-06T12:39:02.837+0000] {dagbag.py:545} INFO - Filling up the DagBag from /opt/airflow/dags/stackoverflow_migration_dag.py
[2026-05-06T12:39:02.879+0000] {logging_mixin.py:188} INFO - [2026-05-06T12:39:02.869+0000] {dagbag.py:355} ERROR - Failed to import: /opt/airflow/dags/stackoverflow_migration_dag.py
Traceback (most recent call last):
  File "/home/airflow/.local/lib/python3.12/site-packages/airflow/models/dagbag.py", line 351, in parse
    loader.exec_module(new_module)
  File "<frozen importlib._bootstrap_external>", line 995, in exec_module
  File "<frozen importlib._bootstrap>", line 488, in _call_with_frames_removed
  File "/opt/airflow/dags/stackoverflow_migration_dag.py", line 3, in <module>
    import openai
ModuleNotFoundError: No module named 'openai'
[2026-05-06T12:39:02.882+0000] {processor.py:842} WARNING - No viable dags retrieved from /opt/airflow/dags/stackoverflow_migration_dag.py
[2026-05-06T12:39:02.986+0000] {processor.py:183} INFO - Processing /opt/airflow/dags/stackoverflow_migration_dag.py took 0.160 seconds
[2026-05-06T12:39:33.229+0000] {processor.py:161} INFO - Started process (PID=650) to work on /opt/airflow/dags/stackoverflow_migration_dag.py
[2026-05-06T12:39:33.231+0000] {processor.py:830} INFO - Processing file /opt/airflow/dags/stackoverflow_migration_dag.py for tasks to queue
[2026-05-06T12:39:33.233+0000] {logging_mixin.py:188} INFO - [2026-05-06T12:39:33.233+0000] {dagbag.py:545} INFO - Filling up the DagBag from /opt/airflow/dags/stackoverflow_migration_dag.py
[2026-05-06T12:39:33.294+0000] {logging_mixin.py:188} INFO - [2026-05-06T12:39:33.276+0000] {dagbag.py:355} ERROR - Failed to import: /opt/airflow/dags/stackoverflow_migration_dag.py
Traceback (most recent call last):
  File "/home/airflow/.local/lib/python3.12/site-packages/airflow/models/dagbag.py", line 351, in parse
    loader.exec_module(new_module)
  File "<frozen importlib._bootstrap_external>", line 995, in exec_module
  File "<frozen importlib._bootstrap>", line 488, in _call_with_frames_removed
  File "/opt/airflow/dags/stackoverflow_migration_dag.py", line 3, in <module>
    import openai
ModuleNotFoundError: No module named 'openai'
[2026-05-06T12:39:33.301+0000] {processor.py:842} WARNING - No viable dags retrieved from /opt/airflow/dags/stackoverflow_migration_dag.py
[2026-05-06T12:39:33.469+0000] {processor.py:183} INFO - Processing /opt/airflow/dags/stackoverflow_migration_dag.py took 0.248 seconds
[2026-05-06T12:40:03.807+0000] {processor.py:161} INFO - Started process (PID=655) to work on /opt/airflow/dags/stackoverflow_migration_dag.py
[2026-05-06T12:40:03.810+0000] {processor.py:830} INFO - Processing file /opt/airflow/dags/stackoverflow_migration_dag.py for tasks to queue
[2026-05-06T12:40:03.811+0000] {logging_mixin.py:188} INFO - [2026-05-06T12:40:03.811+0000] {dagbag.py:545} INFO - Filling up the DagBag from /opt/airflow/dags/stackoverflow_migration_dag.py
[2026-05-06T12:40:03.861+0000] {logging_mixin.py:188} INFO - [2026-05-06T12:40:03.849+0000] {dagbag.py:355} ERROR - Failed to import: /opt/airflow/dags/stackoverflow_migration_dag.py
Traceback (most recent call last):
  File "/home/airflow/.local/lib/python3.12/site-packages/airflow/models/dagbag.py", line 351, in parse
    loader.exec_module(new_module)
  File "<frozen importlib._bootstrap_external>", line 995, in exec_module
  File "<frozen importlib._bootstrap>", line 488, in _call_with_frames_removed
  File "/opt/airflow/dags/stackoverflow_migration_dag.py", line 3, in <module>
    import openai
ModuleNotFoundError: No module named 'openai'
[2026-05-06T12:40:03.866+0000] {processor.py:842} WARNING - No viable dags retrieved from /opt/airflow/dags/stackoverflow_migration_dag.py
[2026-05-06T12:40:03.997+0000] {processor.py:183} INFO - Processing /opt/airflow/dags/stackoverflow_migration_dag.py took 0.205 seconds
[2026-05-06T12:40:34.419+0000] {processor.py:161} INFO - Started process (PID=660) to work on /opt/airflow/dags/stackoverflow_migration_dag.py
[2026-05-06T12:40:34.422+0000] {processor.py:830} INFO - Processing file /opt/airflow/dags/stackoverflow_migration_dag.py for tasks to queue
[2026-05-06T12:40:34.425+0000] {logging_mixin.py:188} INFO - [2026-05-06T12:40:34.424+0000] {dagbag.py:545} INFO - Filling up the DagBag from /opt/airflow/dags/stackoverflow_migration_dag.py
[2026-05-06T12:40:34.483+0000] {logging_mixin.py:188} INFO - [2026-05-06T12:40:34.470+0000] {dagbag.py:355} ERROR - Failed to import: /opt/airflow/dags/stackoverflow_migration_dag.py
Traceback (most recent call last):
  File "/home/airflow/.local/lib/python3.12/site-packages/airflow/models/dagbag.py", line 351, in parse
    loader.exec_module(new_module)
  File "<frozen importlib._bootstrap_external>", line 995, in exec_module
  File "<frozen importlib._bootstrap>", line 488, in _call_with_frames_removed
  File "/opt/airflow/dags/stackoverflow_migration_dag.py", line 3, in <module>
    import openai
ModuleNotFoundError: No module named 'openai'
[2026-05-06T12:40:34.487+0000] {processor.py:842} WARNING - No viable dags retrieved from /opt/airflow/dags/stackoverflow_migration_dag.py
[2026-05-06T12:40:34.605+0000] {processor.py:183} INFO - Processing /opt/airflow/dags/stackoverflow_migration_dag.py took 0.207 seconds
[2026-05-06T12:41:05.043+0000] {processor.py:161} INFO - Started process (PID=665) to work on /opt/airflow/dags/stackoverflow_migration_dag.py
[2026-05-06T12:41:05.047+0000] {processor.py:830} INFO - Processing file /opt/airflow/dags/stackoverflow_migration_dag.py for tasks to queue
[2026-05-06T12:41:05.050+0000] {logging_mixin.py:188} INFO - [2026-05-06T12:41:05.049+0000] {dagbag.py:545} INFO - Filling up the DagBag from /opt/airflow/dags/stackoverflow_migration_dag.py
[2026-05-06T12:41:05.129+0000] {logging_mixin.py:188} INFO - [2026-05-06T12:41:05.110+0000] {dagbag.py:355} ERROR - Failed to import: /opt/airflow/dags/stackoverflow_migration_dag.py
Traceback (most recent call last):
  File "/home/airflow/.local/lib/python3.12/site-packages/airflow/models/dagbag.py", line 351, in parse
    loader.exec_module(new_module)
  File "<frozen importlib._bootstrap_external>", line 995, in exec_module
  File "<frozen importlib._bootstrap>", line 488, in _call_with_frames_removed
  File "/opt/airflow/dags/stackoverflow_migration_dag.py", line 3, in <module>
    import openai
ModuleNotFoundError: No module named 'openai'
[2026-05-06T12:41:05.135+0000] {processor.py:842} WARNING - No viable dags retrieved from /opt/airflow/dags/stackoverflow_migration_dag.py
[2026-05-06T12:41:05.299+0000] {processor.py:183} INFO - Processing /opt/airflow/dags/stackoverflow_migration_dag.py took 0.271 seconds
[2026-05-06T12:41:35.585+0000] {processor.py:161} INFO - Started process (PID=670) to work on /opt/airflow/dags/stackoverflow_migration_dag.py
[2026-05-06T12:41:35.588+0000] {processor.py:830} INFO - Processing file /opt/airflow/dags/stackoverflow_migration_dag.py for tasks to queue
[2026-05-06T12:41:35.591+0000] {logging_mixin.py:188} INFO - [2026-05-06T12:41:35.590+0000] {dagbag.py:545} INFO - Filling up the DagBag from /opt/airflow/dags/stackoverflow_migration_dag.py
[2026-05-06T12:41:35.657+0000] {logging_mixin.py:188} INFO - [2026-05-06T12:41:35.646+0000] {dagbag.py:355} ERROR - Failed to import: /opt/airflow/dags/stackoverflow_migration_dag.py
Traceback (most recent call last):
  File "/home/airflow/.local/lib/python3.12/site-packages/airflow/models/dagbag.py", line 351, in parse
    loader.exec_module(new_module)
  File "<frozen importlib._bootstrap_external>", line 995, in exec_module
  File "<frozen importlib._bootstrap>", line 488, in _call_with_frames_removed
  File "/opt/airflow/dags/stackoverflow_migration_dag.py", line 3, in <module>
    import openai
ModuleNotFoundError: No module named 'openai'
[2026-05-06T12:41:35.662+0000] {processor.py:842} WARNING - No viable dags retrieved from /opt/airflow/dags/stackoverflow_migration_dag.py
[2026-05-06T12:41:35.767+0000] {processor.py:183} INFO - Processing /opt/airflow/dags/stackoverflow_migration_dag.py took 0.205 seconds
[2026-05-06T12:42:06.218+0000] {processor.py:161} INFO - Started process (PID=675) to work on /opt/airflow/dags/stackoverflow_migration_dag.py
[2026-05-06T12:42:06.220+0000] {processor.py:830} INFO - Processing file /opt/airflow/dags/stackoverflow_migration_dag.py for tasks to queue
[2026-05-06T12:42:06.221+0000] {logging_mixin.py:188} INFO - [2026-05-06T12:42:06.221+0000] {dagbag.py:545} INFO - Filling up the DagBag from /opt/airflow/dags/stackoverflow_migration_dag.py
[2026-05-06T12:42:06.264+0000] {logging_mixin.py:188} INFO - [2026-05-06T12:42:06.253+0000] {dagbag.py:355} ERROR - Failed to import: /opt/airflow/dags/stackoverflow_migration_dag.py
Traceback (most recent call last):
  File "/home/airflow/.local/lib/python3.12/site-packages/airflow/models/dagbag.py", line 351, in parse
    loader.exec_module(new_module)
  File "<frozen importlib._bootstrap_external>", line 995, in exec_module
  File "<frozen importlib._bootstrap>", line 488, in _call_with_frames_removed
  File "/opt/airflow/dags/stackoverflow_migration_dag.py", line 3, in <module>
    import openai
ModuleNotFoundError: No module named 'openai'
[2026-05-06T12:42:06.269+0000] {processor.py:842} WARNING - No viable dags retrieved from /opt/airflow/dags/stackoverflow_migration_dag.py
[2026-05-06T12:42:06.420+0000] {processor.py:183} INFO - Processing /opt/airflow/dags/stackoverflow_migration_dag.py took 0.210 seconds
[2026-05-06T12:42:36.626+0000] {processor.py:161} INFO - Started process (PID=680) to work on /opt/airflow/dags/stackoverflow_migration_dag.py
[2026-05-06T12:42:36.628+0000] {processor.py:830} INFO - Processing file /opt/airflow/dags/stackoverflow_migration_dag.py for tasks to queue
[2026-05-06T12:42:36.629+0000] {logging_mixin.py:188} INFO - [2026-05-06T12:42:36.629+0000] {dagbag.py:545} INFO - Filling up the DagBag from /opt/airflow/dags/stackoverflow_migration_dag.py
[2026-05-06T12:42:36.671+0000] {logging_mixin.py:188} INFO - [2026-05-06T12:42:36.661+0000] {dagbag.py:355} ERROR - Failed to import: /opt/airflow/dags/stackoverflow_migration_dag.py
Traceback (most recent call last):
  File "/home/airflow/.local/lib/python3.12/site-packages/airflow/models/dagbag.py", line 351, in parse
    loader.exec_module(new_module)
  File "<frozen importlib._bootstrap_external>", line 995, in exec_module
  File "<frozen importlib._bootstrap>", line 488, in _call_with_frames_removed
  File "/opt/airflow/dags/stackoverflow_migration_dag.py", line 3, in <module>
    import openai
ModuleNotFoundError: No module named 'openai'
[2026-05-06T12:42:36.675+0000] {processor.py:842} WARNING - No viable dags retrieved from /opt/airflow/dags/stackoverflow_migration_dag.py
[2026-05-06T12:42:36.761+0000] {processor.py:183} INFO - Processing /opt/airflow/dags/stackoverflow_migration_dag.py took 0.145 seconds
[2026-05-06T12:43:07.156+0000] {processor.py:161} INFO - Started process (PID=685) to work on /opt/airflow/dags/stackoverflow_migration_dag.py
[2026-05-06T12:43:07.158+0000] {processor.py:830} INFO - Processing file /opt/airflow/dags/stackoverflow_migration_dag.py for tasks to queue
[2026-05-06T12:43:07.160+0000] {logging_mixin.py:188} INFO - [2026-05-06T12:43:07.159+0000] {dagbag.py:545} INFO - Filling up the DagBag from /opt/airflow/dags/stackoverflow_migration_dag.py
[2026-05-06T12:43:07.206+0000] {logging_mixin.py:188} INFO - [2026-05-06T12:43:07.196+0000] {dagbag.py:355} ERROR - Failed to import: /opt/airflow/dags/stackoverflow_migration_dag.py
Traceback (most recent call last):
  File "/home/airflow/.local/lib/python3.12/site-packages/airflow/models/dagbag.py", line 351, in parse
    loader.exec_module(new_module)
  File "<frozen importlib._bootstrap_external>", line 995, in exec_module
  File "<frozen importlib._bootstrap>", line 488, in _call_with_frames_removed
  File "/opt/airflow/dags/stackoverflow_migration_dag.py", line 3, in <module>
    import openai
ModuleNotFoundError: No module named 'openai'
[2026-05-06T12:43:07.210+0000] {processor.py:842} WARNING - No viable dags retrieved from /opt/airflow/dags/stackoverflow_migration_dag.py
[2026-05-06T12:43:07.307+0000] {processor.py:183} INFO - Processing /opt/airflow/dags/stackoverflow_migration_dag.py took 0.163 seconds
[2026-05-06T12:43:37.720+0000] {processor.py:161} INFO - Started process (PID=690) to work on /opt/airflow/dags/stackoverflow_migration_dag.py
[2026-05-06T12:43:37.722+0000] {processor.py:830} INFO - Processing file /opt/airflow/dags/stackoverflow_migration_dag.py for tasks to queue
[2026-05-06T12:43:37.725+0000] {logging_mixin.py:188} INFO - [2026-05-06T12:43:37.724+0000] {dagbag.py:545} INFO - Filling up the DagBag from /opt/airflow/dags/stackoverflow_migration_dag.py
[2026-05-06T12:43:37.767+0000] {logging_mixin.py:188} INFO - [2026-05-06T12:43:37.757+0000] {dagbag.py:355} ERROR - Failed to import: /opt/airflow/dags/stackoverflow_migration_dag.py
Traceback (most recent call last):
  File "/home/airflow/.local/lib/python3.12/site-packages/airflow/models/dagbag.py", line 351, in parse
    loader.exec_module(new_module)
  File "<frozen importlib._bootstrap_external>", line 995, in exec_module
  File "<frozen importlib._bootstrap>", line 488, in _call_with_frames_removed
  File "/opt/airflow/dags/stackoverflow_migration_dag.py", line 3, in <module>
    import openai
ModuleNotFoundError: No module named 'openai'
[2026-05-06T12:43:37.770+0000] {processor.py:842} WARNING - No viable dags retrieved from /opt/airflow/dags/stackoverflow_migration_dag.py
[2026-05-06T12:43:37.877+0000] {processor.py:183} INFO - Processing /opt/airflow/dags/stackoverflow_migration_dag.py took 0.173 seconds
[2026-05-06T12:44:08.224+0000] {processor.py:161} INFO - Started process (PID=695) to work on /opt/airflow/dags/stackoverflow_migration_dag.py
[2026-05-06T12:44:08.226+0000] {processor.py:830} INFO - Processing file /opt/airflow/dags/stackoverflow_migration_dag.py for tasks to queue
[2026-05-06T12:44:08.229+0000] {logging_mixin.py:188} INFO - [2026-05-06T12:44:08.228+0000] {dagbag.py:545} INFO - Filling up the DagBag from /opt/airflow/dags/stackoverflow_migration_dag.py
[2026-05-06T12:44:08.273+0000] {logging_mixin.py:188} INFO - [2026-05-06T12:44:08.263+0000] {dagbag.py:355} ERROR - Failed to import: /opt/airflow/dags/stackoverflow_migration_dag.py
Traceback (most recent call last):
  File "/home/airflow/.local/lib/python3.12/site-packages/airflow/models/dagbag.py", line 351, in parse
    loader.exec_module(new_module)
  File "<frozen importlib._bootstrap_external>", line 995, in exec_module
  File "<frozen importlib._bootstrap>", line 488, in _call_with_frames_removed
  File "/opt/airflow/dags/stackoverflow_migration_dag.py", line 3, in <module>
    import openai
ModuleNotFoundError: No module named 'openai'
[2026-05-06T12:44:08.276+0000] {processor.py:842} WARNING - No viable dags retrieved from /opt/airflow/dags/stackoverflow_migration_dag.py
[2026-05-06T12:44:08.429+0000] {processor.py:183} INFO - Processing /opt/airflow/dags/stackoverflow_migration_dag.py took 0.220 seconds
[2026-05-06T12:44:38.807+0000] {processor.py:161} INFO - Started process (PID=700) to work on /opt/airflow/dags/stackoverflow_migration_dag.py
[2026-05-06T12:44:38.810+0000] {processor.py:830} INFO - Processing file /opt/airflow/dags/stackoverflow_migration_dag.py for tasks to queue
[2026-05-06T12:44:38.813+0000] {logging_mixin.py:188} INFO - [2026-05-06T12:44:38.812+0000] {dagbag.py:545} INFO - Filling up the DagBag from /opt/airflow/dags/stackoverflow_migration_dag.py
[2026-05-06T12:44:38.887+0000] {logging_mixin.py:188} INFO - [2026-05-06T12:44:38.870+0000] {dagbag.py:355} ERROR - Failed to import: /opt/airflow/dags/stackoverflow_migration_dag.py
Traceback (most recent call last):
  File "/home/airflow/.local/lib/python3.12/site-packages/airflow/models/dagbag.py", line 351, in parse
    loader.exec_module(new_module)
  File "<frozen importlib._bootstrap_external>", line 995, in exec_module
  File "<frozen importlib._bootstrap>", line 488, in _call_with_frames_removed
  File "/opt/airflow/dags/stackoverflow_migration_dag.py", line 3, in <module>
    import openai
ModuleNotFoundError: No module named 'openai'
[2026-05-06T12:44:38.893+0000] {processor.py:842} WARNING - No viable dags retrieved from /opt/airflow/dags/stackoverflow_migration_dag.py
[2026-05-06T12:44:39.049+0000] {processor.py:183} INFO - Processing /opt/airflow/dags/stackoverflow_migration_dag.py took 0.258 seconds
[2026-05-06T12:45:09.302+0000] {processor.py:161} INFO - Started process (PID=705) to work on /opt/airflow/dags/stackoverflow_migration_dag.py
[2026-05-06T12:45:09.304+0000] {processor.py:830} INFO - Processing file /opt/airflow/dags/stackoverflow_migration_dag.py for tasks to queue
[2026-05-06T12:45:09.307+0000] {logging_mixin.py:188} INFO - [2026-05-06T12:45:09.306+0000] {dagbag.py:545} INFO - Filling up the DagBag from /opt/airflow/dags/stackoverflow_migration_dag.py
[2026-05-06T12:45:09.369+0000] {logging_mixin.py:188} INFO - [2026-05-06T12:45:09.353+0000] {dagbag.py:355} ERROR - Failed to import: /opt/airflow/dags/stackoverflow_migration_dag.py
Traceback (most recent call last):
  File "/home/airflow/.local/lib/python3.12/site-packages/airflow/models/dagbag.py", line 351, in parse
    loader.exec_module(new_module)
  File "<frozen importlib._bootstrap_external>", line 995, in exec_module
  File "<frozen importlib._bootstrap>", line 488, in _call_with_frames_removed
  File "/opt/airflow/dags/stackoverflow_migration_dag.py", line 3, in <module>
    import openai
ModuleNotFoundError: No module named 'openai'
[2026-05-06T12:45:09.375+0000] {processor.py:842} WARNING - No viable dags retrieved from /opt/airflow/dags/stackoverflow_migration_dag.py
[2026-05-06T12:45:09.531+0000] {processor.py:183} INFO - Processing /opt/airflow/dags/stackoverflow_migration_dag.py took 0.247 seconds
[2026-05-06T12:45:40.067+0000] {processor.py:161} INFO - Started process (PID=710) to work on /opt/airflow/dags/stackoverflow_migration_dag.py
[2026-05-06T12:45:40.069+0000] {processor.py:830} INFO - Processing file /opt/airflow/dags/stackoverflow_migration_dag.py for tasks to queue
[2026-05-06T12:45:40.070+0000] {logging_mixin.py:188} INFO - [2026-05-06T12:45:40.070+0000] {dagbag.py:545} INFO - Filling up the DagBag from /opt/airflow/dags/stackoverflow_migration_dag.py
[2026-05-06T12:45:40.114+0000] {logging_mixin.py:188} INFO - [2026-05-06T12:45:40.103+0000] {dagbag.py:355} ERROR - Failed to import: /opt/airflow/dags/stackoverflow_migration_dag.py
Traceback (most recent call last):
  File "/home/airflow/.local/lib/python3.12/site-packages/airflow/models/dagbag.py", line 351, in parse
    loader.exec_module(new_module)
  File "<frozen importlib._bootstrap_external>", line 995, in exec_module
  File "<frozen importlib._bootstrap>", line 488, in _call_with_frames_removed
  File "/opt/airflow/dags/stackoverflow_migration_dag.py", line 3, in <module>
    import openai
ModuleNotFoundError: No module named 'openai'
[2026-05-06T12:45:40.118+0000] {processor.py:842} WARNING - No viable dags retrieved from /opt/airflow/dags/stackoverflow_migration_dag.py
[2026-05-06T12:45:40.245+0000] {processor.py:183} INFO - Processing /opt/airflow/dags/stackoverflow_migration_dag.py took 0.187 seconds
[2026-05-06T12:46:10.508+0000] {processor.py:161} INFO - Started process (PID=715) to work on /opt/airflow/dags/stackoverflow_migration_dag.py
[2026-05-06T12:46:10.510+0000] {processor.py:830} INFO - Processing file /opt/airflow/dags/stackoverflow_migration_dag.py for tasks to queue
[2026-05-06T12:46:10.513+0000] {logging_mixin.py:188} INFO - [2026-05-06T12:46:10.512+0000] {dagbag.py:545} INFO - Filling up the DagBag from /opt/airflow/dags/stackoverflow_migration_dag.py
[2026-05-06T12:46:10.572+0000] {logging_mixin.py:188} INFO - [2026-05-06T12:46:10.559+0000] {dagbag.py:355} ERROR - Failed to import: /opt/airflow/dags/stackoverflow_migration_dag.py
Traceback (most recent call last):
  File "/home/airflow/.local/lib/python3.12/site-packages/airflow/models/dagbag.py", line 351, in parse
    loader.exec_module(new_module)
  File "<frozen importlib._bootstrap_external>", line 995, in exec_module
  File "<frozen importlib._bootstrap>", line 488, in _call_with_frames_removed
  File "/opt/airflow/dags/stackoverflow_migration_dag.py", line 3, in <module>
    import openai
ModuleNotFoundError: No module named 'openai'
[2026-05-06T12:46:10.577+0000] {processor.py:842} WARNING - No viable dags retrieved from /opt/airflow/dags/stackoverflow_migration_dag.py
[2026-05-06T12:46:10.730+0000] {processor.py:183} INFO - Processing /opt/airflow/dags/stackoverflow_migration_dag.py took 0.236 seconds
[2026-05-06T12:46:41.189+0000] {processor.py:161} INFO - Started process (PID=720) to work on /opt/airflow/dags/stackoverflow_migration_dag.py
[2026-05-06T12:46:41.191+0000] {processor.py:830} INFO - Processing file /opt/airflow/dags/stackoverflow_migration_dag.py for tasks to queue
[2026-05-06T12:46:41.193+0000] {logging_mixin.py:188} INFO - [2026-05-06T12:46:41.193+0000] {dagbag.py:545} INFO - Filling up the DagBag from /opt/airflow/dags/stackoverflow_migration_dag.py
[2026-05-06T12:46:41.237+0000] {logging_mixin.py:188} INFO - [2026-05-06T12:46:41.227+0000] {dagbag.py:355} ERROR - Failed to import: /opt/airflow/dags/stackoverflow_migration_dag.py
Traceback (most recent call last):
  File "/home/airflow/.local/lib/python3.12/site-packages/airflow/models/dagbag.py", line 351, in parse
    loader.exec_module(new_module)
  File "<frozen importlib._bootstrap_external>", line 995, in exec_module
  File "<frozen importlib._bootstrap>", line 488, in _call_with_frames_removed
  File "/opt/airflow/dags/stackoverflow_migration_dag.py", line 3, in <module>
    import openai
ModuleNotFoundError: No module named 'openai'
[2026-05-06T12:46:41.241+0000] {processor.py:842} WARNING - No viable dags retrieved from /opt/airflow/dags/stackoverflow_migration_dag.py
[2026-05-06T12:46:41.370+0000] {processor.py:183} INFO - Processing /opt/airflow/dags/stackoverflow_migration_dag.py took 0.192 seconds
[2026-05-06T12:47:11.695+0000] {processor.py:161} INFO - Started process (PID=725) to work on /opt/airflow/dags/stackoverflow_migration_dag.py
[2026-05-06T12:47:11.699+0000] {processor.py:830} INFO - Processing file /opt/airflow/dags/stackoverflow_migration_dag.py for tasks to queue
[2026-05-06T12:47:11.703+0000] {logging_mixin.py:188} INFO - [2026-05-06T12:47:11.702+0000] {dagbag.py:545} INFO - Filling up the DagBag from /opt/airflow/dags/stackoverflow_migration_dag.py
[2026-05-06T12:47:11.784+0000] {logging_mixin.py:188} INFO - [2026-05-06T12:47:11.765+0000] {dagbag.py:355} ERROR - Failed to import: /opt/airflow/dags/stackoverflow_migration_dag.py
Traceback (most recent call last):
  File "/home/airflow/.local/lib/python3.12/site-packages/airflow/models/dagbag.py", line 351, in parse
    loader.exec_module(new_module)
  File "<frozen importlib._bootstrap_external>", line 995, in exec_module
  File "<frozen importlib._bootstrap>", line 488, in _call_with_frames_removed
  File "/opt/airflow/dags/stackoverflow_migration_dag.py", line 3, in <module>
    import openai
ModuleNotFoundError: No module named 'openai'
[2026-05-06T12:47:11.790+0000] {processor.py:842} WARNING - No viable dags retrieved from /opt/airflow/dags/stackoverflow_migration_dag.py
[2026-05-06T12:47:11.960+0000] {processor.py:183} INFO - Processing /opt/airflow/dags/stackoverflow_migration_dag.py took 0.282 seconds
[2026-05-06T12:47:42.221+0000] {processor.py:161} INFO - Started process (PID=730) to work on /opt/airflow/dags/stackoverflow_migration_dag.py
[2026-05-06T12:47:42.223+0000] {processor.py:830} INFO - Processing file /opt/airflow/dags/stackoverflow_migration_dag.py for tasks to queue
[2026-05-06T12:47:42.225+0000] {logging_mixin.py:188} INFO - [2026-05-06T12:47:42.224+0000] {dagbag.py:545} INFO - Filling up the DagBag from /opt/airflow/dags/stackoverflow_migration_dag.py
[2026-05-06T12:47:42.270+0000] {logging_mixin.py:188} INFO - [2026-05-06T12:47:42.260+0000] {dagbag.py:355} ERROR - Failed to import: /opt/airflow/dags/stackoverflow_migration_dag.py
Traceback (most recent call last):
  File "/home/airflow/.local/lib/python3.12/site-packages/airflow/models/dagbag.py", line 351, in parse
    loader.exec_module(new_module)
  File "<frozen importlib._bootstrap_external>", line 995, in exec_module
  File "<frozen importlib._bootstrap>", line 488, in _call_with_frames_removed
  File "/opt/airflow/dags/stackoverflow_migration_dag.py", line 3, in <module>
    import openai
ModuleNotFoundError: No module named 'openai'
[2026-05-06T12:47:42.274+0000] {processor.py:842} WARNING - No viable dags retrieved from /opt/airflow/dags/stackoverflow_migration_dag.py
[2026-05-06T12:47:42.372+0000] {processor.py:183} INFO - Processing /opt/airflow/dags/stackoverflow_migration_dag.py took 0.160 seconds
[2026-05-06T12:48:12.661+0000] {processor.py:161} INFO - Started process (PID=735) to work on /opt/airflow/dags/stackoverflow_migration_dag.py
[2026-05-06T12:48:12.663+0000] {processor.py:830} INFO - Processing file /opt/airflow/dags/stackoverflow_migration_dag.py for tasks to queue
[2026-05-06T12:48:12.665+0000] {logging_mixin.py:188} INFO - [2026-05-06T12:48:12.664+0000] {dagbag.py:545} INFO - Filling up the DagBag from /opt/airflow/dags/stackoverflow_migration_dag.py
[2026-05-06T12:48:12.708+0000] {logging_mixin.py:188} INFO - [2026-05-06T12:48:12.698+0000] {dagbag.py:355} ERROR - Failed to import: /opt/airflow/dags/stackoverflow_migration_dag.py
Traceback (most recent call last):
  File "/home/airflow/.local/lib/python3.12/site-packages/airflow/models/dagbag.py", line 351, in parse
    loader.exec_module(new_module)
  File "<frozen importlib._bootstrap_external>", line 995, in exec_module
  File "<frozen importlib._bootstrap>", line 488, in _call_with_frames_removed
  File "/opt/airflow/dags/stackoverflow_migration_dag.py", line 3, in <module>
    import openai
ModuleNotFoundError: No module named 'openai'
[2026-05-06T12:48:12.712+0000] {processor.py:842} WARNING - No viable dags retrieved from /opt/airflow/dags/stackoverflow_migration_dag.py
[2026-05-06T12:48:12.809+0000] {processor.py:183} INFO - Processing /opt/airflow/dags/stackoverflow_migration_dag.py took 0.159 seconds
[2026-05-06T12:48:43.266+0000] {processor.py:161} INFO - Started process (PID=740) to work on /opt/airflow/dags/stackoverflow_migration_dag.py
[2026-05-06T12:48:43.268+0000] {processor.py:830} INFO - Processing file /opt/airflow/dags/stackoverflow_migration_dag.py for tasks to queue
[2026-05-06T12:48:43.270+0000] {logging_mixin.py:188} INFO - [2026-05-06T12:48:43.270+0000] {dagbag.py:545} INFO - Filling up the DagBag from /opt/airflow/dags/stackoverflow_migration_dag.py
[2026-05-06T12:48:43.317+0000] {logging_mixin.py:188} INFO - [2026-05-06T12:48:43.307+0000] {dagbag.py:355} ERROR - Failed to import: /opt/airflow/dags/stackoverflow_migration_dag.py
Traceback (most recent call last):
  File "/home/airflow/.local/lib/python3.12/site-packages/airflow/models/dagbag.py", line 351, in parse
    loader.exec_module(new_module)
  File "<frozen importlib._bootstrap_external>", line 995, in exec_module
  File "<frozen importlib._bootstrap>", line 488, in _call_with_frames_removed
  File "/opt/airflow/dags/stackoverflow_migration_dag.py", line 3, in <module>
    import openai
ModuleNotFoundError: No module named 'openai'
[2026-05-06T12:48:43.321+0000] {processor.py:842} WARNING - No viable dags retrieved from /opt/airflow/dags/stackoverflow_migration_dag.py
[2026-05-06T12:48:43.413+0000] {processor.py:183} INFO - Processing /opt/airflow/dags/stackoverflow_migration_dag.py took 0.161 seconds
[2026-05-06T12:49:13.749+0000] {processor.py:161} INFO - Started process (PID=745) to work on /opt/airflow/dags/stackoverflow_migration_dag.py
[2026-05-06T12:49:13.751+0000] {processor.py:830} INFO - Processing file /opt/airflow/dags/stackoverflow_migration_dag.py for tasks to queue
[2026-05-06T12:49:13.753+0000] {logging_mixin.py:188} INFO - [2026-05-06T12:49:13.752+0000] {dagbag.py:545} INFO - Filling up the DagBag from /opt/airflow/dags/stackoverflow_migration_dag.py
[2026-05-06T12:49:13.793+0000] {logging_mixin.py:188} INFO - [2026-05-06T12:49:13.784+0000] {dagbag.py:355} ERROR - Failed to import: /opt/airflow/dags/stackoverflow_migration_dag.py
Traceback (most recent call last):
  File "/home/airflow/.local/lib/python3.12/site-packages/airflow/models/dagbag.py", line 351, in parse
    loader.exec_module(new_module)
  File "<frozen importlib._bootstrap_external>", line 995, in exec_module
  File "<frozen importlib._bootstrap>", line 488, in _call_with_frames_removed
  File "/opt/airflow/dags/stackoverflow_migration_dag.py", line 3, in <module>
    import openai
ModuleNotFoundError: No module named 'openai'
[2026-05-06T12:49:13.796+0000] {processor.py:842} WARNING - No viable dags retrieved from /opt/airflow/dags/stackoverflow_migration_dag.py
[2026-05-06T12:49:13.889+0000] {processor.py:183} INFO - Processing /opt/airflow/dags/stackoverflow_migration_dag.py took 0.148 seconds
[2026-05-06T12:49:44.389+0000] {processor.py:161} INFO - Started process (PID=750) to work on /opt/airflow/dags/stackoverflow_migration_dag.py
[2026-05-06T12:49:44.391+0000] {processor.py:830} INFO - Processing file /opt/airflow/dags/stackoverflow_migration_dag.py for tasks to queue
[2026-05-06T12:49:44.394+0000] {logging_mixin.py:188} INFO - [2026-05-06T12:49:44.392+0000] {dagbag.py:545} INFO - Filling up the DagBag from /opt/airflow/dags/stackoverflow_migration_dag.py
[2026-05-06T12:49:44.439+0000] {logging_mixin.py:188} INFO - [2026-05-06T12:49:44.429+0000] {dagbag.py:355} ERROR - Failed to import: /opt/airflow/dags/stackoverflow_migration_dag.py
Traceback (most recent call last):
  File "/home/airflow/.local/lib/python3.12/site-packages/airflow/models/dagbag.py", line 351, in parse
    loader.exec_module(new_module)
  File "<frozen importlib._bootstrap_external>", line 995, in exec_module
  File "<frozen importlib._bootstrap>", line 488, in _call_with_frames_removed
  File "/opt/airflow/dags/stackoverflow_migration_dag.py", line 3, in <module>
    import openai
ModuleNotFoundError: No module named 'openai'
[2026-05-06T12:49:44.442+0000] {processor.py:842} WARNING - No viable dags retrieved from /opt/airflow/dags/stackoverflow_migration_dag.py
[2026-05-06T12:49:44.533+0000] {processor.py:183} INFO - Processing /opt/airflow/dags/stackoverflow_migration_dag.py took 0.157 seconds
[2026-05-06T12:50:14.887+0000] {processor.py:161} INFO - Started process (PID=755) to work on /opt/airflow/dags/stackoverflow_migration_dag.py
[2026-05-06T12:50:14.889+0000] {processor.py:830} INFO - Processing file /opt/airflow/dags/stackoverflow_migration_dag.py for tasks to queue
[2026-05-06T12:50:14.891+0000] {logging_mixin.py:188} INFO - [2026-05-06T12:50:14.890+0000] {dagbag.py:545} INFO - Filling up the DagBag from /opt/airflow/dags/stackoverflow_migration_dag.py
[2026-05-06T12:50:14.935+0000] {logging_mixin.py:188} INFO - [2026-05-06T12:50:14.925+0000] {dagbag.py:355} ERROR - Failed to import: /opt/airflow/dags/stackoverflow_migration_dag.py
Traceback (most recent call last):
  File "/home/airflow/.local/lib/python3.12/site-packages/airflow/models/dagbag.py", line 351, in parse
    loader.exec_module(new_module)
  File "<frozen importlib._bootstrap_external>", line 995, in exec_module
  File "<frozen importlib._bootstrap>", line 488, in _call_with_frames_removed
  File "/opt/airflow/dags/stackoverflow_migration_dag.py", line 3, in <module>
    import openai
ModuleNotFoundError: No module named 'openai'
[2026-05-06T12:50:14.938+0000] {processor.py:842} WARNING - No viable dags retrieved from /opt/airflow/dags/stackoverflow_migration_dag.py
[2026-05-06T12:50:15.031+0000] {processor.py:183} INFO - Processing /opt/airflow/dags/stackoverflow_migration_dag.py took 0.155 seconds
[2026-05-06T12:50:45.391+0000] {processor.py:161} INFO - Started process (PID=760) to work on /opt/airflow/dags/stackoverflow_migration_dag.py
[2026-05-06T12:50:45.394+0000] {processor.py:830} INFO - Processing file /opt/airflow/dags/stackoverflow_migration_dag.py for tasks to queue
[2026-05-06T12:50:45.396+0000] {logging_mixin.py:188} INFO - [2026-05-06T12:50:45.395+0000] {dagbag.py:545} INFO - Filling up the DagBag from /opt/airflow/dags/stackoverflow_migration_dag.py
[2026-05-06T12:50:45.443+0000] {logging_mixin.py:188} INFO - [2026-05-06T12:50:45.432+0000] {dagbag.py:355} ERROR - Failed to import: /opt/airflow/dags/stackoverflow_migration_dag.py
Traceback (most recent call last):
  File "/home/airflow/.local/lib/python3.12/site-packages/airflow/models/dagbag.py", line 351, in parse
    loader.exec_module(new_module)
  File "<frozen importlib._bootstrap_external>", line 995, in exec_module
  File "<frozen importlib._bootstrap>", line 488, in _call_with_frames_removed
  File "/opt/airflow/dags/stackoverflow_migration_dag.py", line 3, in <module>
    import openai
ModuleNotFoundError: No module named 'openai'
[2026-05-06T12:50:45.446+0000] {processor.py:842} WARNING - No viable dags retrieved from /opt/airflow/dags/stackoverflow_migration_dag.py
[2026-05-06T12:50:45.543+0000] {processor.py:183} INFO - Processing /opt/airflow/dags/stackoverflow_migration_dag.py took 0.164 seconds
[2026-05-06T12:51:47.006+0000] {processor.py:161} INFO - Started process (PID=163) to work on /opt/airflow/dags/stackoverflow_migration_dag.py
[2026-05-06T12:51:47.008+0000] {processor.py:830} INFO - Processing file /opt/airflow/dags/stackoverflow_migration_dag.py for tasks to queue
[2026-05-06T12:51:47.012+0000] {logging_mixin.py:188} INFO - [2026-05-06T12:51:47.011+0000] {dagbag.py:545} INFO - Filling up the DagBag from /opt/airflow/dags/stackoverflow_migration_dag.py
[2026-05-06T12:51:49.741+0000] {logging_mixin.py:188} INFO - [2026-05-06T12:51:49.731+0000] {dagbag.py:355} ERROR - Failed to import: /opt/airflow/dags/stackoverflow_migration_dag.py
Traceback (most recent call last):
  File "/home/airflow/.local/lib/python3.12/site-packages/airflow/models/dagbag.py", line 351, in parse
    loader.exec_module(new_module)
  File "<frozen importlib._bootstrap_external>", line 995, in exec_module
  File "<frozen importlib._bootstrap>", line 488, in _call_with_frames_removed
  File "/opt/airflow/dags/stackoverflow_migration_dag.py", line 17, in <module>
    OPENAI_KEY = Variable.get("openai_test_key")
                 ^^^^^^^^^^^^^^^^^^^^^^^^^^^^^^^
  File "/home/airflow/.local/lib/python3.12/site-packages/airflow/models/variable.py", line 143, in get
    raise KeyError(f"Variable {key} does not exist")
KeyError: 'Variable openai_test_key does not exist'
[2026-05-06T12:51:49.745+0000] {processor.py:842} WARNING - No viable dags retrieved from /opt/airflow/dags/stackoverflow_migration_dag.py
[2026-05-06T12:51:49.773+0000] {processor.py:183} INFO - Processing /opt/airflow/dags/stackoverflow_migration_dag.py took 2.779 seconds
[2026-05-06T12:52:20.299+0000] {processor.py:161} INFO - Started process (PID=168) to work on /opt/airflow/dags/stackoverflow_migration_dag.py
[2026-05-06T12:52:20.302+0000] {processor.py:830} INFO - Processing file /opt/airflow/dags/stackoverflow_migration_dag.py for tasks to queue
[2026-05-06T12:52:20.307+0000] {logging_mixin.py:188} INFO - [2026-05-06T12:52:20.306+0000] {dagbag.py:545} INFO - Filling up the DagBag from /opt/airflow/dags/stackoverflow_migration_dag.py
[2026-05-06T12:52:21.971+0000] {logging_mixin.py:188} INFO - [2026-05-06T12:52:21.958+0000] {dagbag.py:355} ERROR - Failed to import: /opt/airflow/dags/stackoverflow_migration_dag.py
Traceback (most recent call last):
  File "/home/airflow/.local/lib/python3.12/site-packages/airflow/models/dagbag.py", line 351, in parse
    loader.exec_module(new_module)
  File "<frozen importlib._bootstrap_external>", line 995, in exec_module
  File "<frozen importlib._bootstrap>", line 488, in _call_with_frames_removed
  File "/opt/airflow/dags/stackoverflow_migration_dag.py", line 17, in <module>
    OPENAI_KEY = Variable.get("openai_test_key")
                 ^^^^^^^^^^^^^^^^^^^^^^^^^^^^^^^
  File "/home/airflow/.local/lib/python3.12/site-packages/airflow/models/variable.py", line 143, in get
    raise KeyError(f"Variable {key} does not exist")
KeyError: 'Variable openai_test_key does not exist'
[2026-05-06T12:52:21.976+0000] {processor.py:842} WARNING - No viable dags retrieved from /opt/airflow/dags/stackoverflow_migration_dag.py
[2026-05-06T12:52:22.011+0000] {processor.py:183} INFO - Processing /opt/airflow/dags/stackoverflow_migration_dag.py took 1.733 seconds
[2026-05-06T12:52:52.702+0000] {processor.py:161} INFO - Started process (PID=173) to work on /opt/airflow/dags/stackoverflow_migration_dag.py
[2026-05-06T12:52:52.706+0000] {processor.py:830} INFO - Processing file /opt/airflow/dags/stackoverflow_migration_dag.py for tasks to queue
[2026-05-06T12:52:52.711+0000] {logging_mixin.py:188} INFO - [2026-05-06T12:52:52.710+0000] {dagbag.py:545} INFO - Filling up the DagBag from /opt/airflow/dags/stackoverflow_migration_dag.py
[2026-05-06T12:52:54.703+0000] {logging_mixin.py:188} INFO - [2026-05-06T12:52:54.691+0000] {dagbag.py:355} ERROR - Failed to import: /opt/airflow/dags/stackoverflow_migration_dag.py
Traceback (most recent call last):
  File "/home/airflow/.local/lib/python3.12/site-packages/airflow/models/dagbag.py", line 351, in parse
    loader.exec_module(new_module)
  File "<frozen importlib._bootstrap_external>", line 995, in exec_module
  File "<frozen importlib._bootstrap>", line 488, in _call_with_frames_removed
  File "/opt/airflow/dags/stackoverflow_migration_dag.py", line 17, in <module>
    OPENAI_KEY = Variable.get("openai_test_key")
                 ^^^^^^^^^^^^^^^^^^^^^^^^^^^^^^^
  File "/home/airflow/.local/lib/python3.12/site-packages/airflow/models/variable.py", line 143, in get
    raise KeyError(f"Variable {key} does not exist")
KeyError: 'Variable openai_test_key does not exist'
[2026-05-06T12:52:54.710+0000] {processor.py:842} WARNING - No viable dags retrieved from /opt/airflow/dags/stackoverflow_migration_dag.py
[2026-05-06T12:52:54.750+0000] {processor.py:183} INFO - Processing /opt/airflow/dags/stackoverflow_migration_dag.py took 2.080 seconds
[2026-05-06T12:53:25.121+0000] {processor.py:161} INFO - Started process (PID=178) to work on /opt/airflow/dags/stackoverflow_migration_dag.py
[2026-05-06T12:53:25.125+0000] {processor.py:830} INFO - Processing file /opt/airflow/dags/stackoverflow_migration_dag.py for tasks to queue
[2026-05-06T12:53:25.132+0000] {logging_mixin.py:188} INFO - [2026-05-06T12:53:25.131+0000] {dagbag.py:545} INFO - Filling up the DagBag from /opt/airflow/dags/stackoverflow_migration_dag.py
[2026-05-06T12:53:26.753+0000] {logging_mixin.py:188} INFO - [2026-05-06T12:53:26.734+0000] {dagbag.py:355} ERROR - Failed to import: /opt/airflow/dags/stackoverflow_migration_dag.py
Traceback (most recent call last):
  File "/home/airflow/.local/lib/python3.12/site-packages/airflow/models/dagbag.py", line 351, in parse
    loader.exec_module(new_module)
  File "<frozen importlib._bootstrap_external>", line 995, in exec_module
  File "<frozen importlib._bootstrap>", line 488, in _call_with_frames_removed
  File "/opt/airflow/dags/stackoverflow_migration_dag.py", line 17, in <module>
    OPENAI_KEY = Variable.get("openai_test_key")
                 ^^^^^^^^^^^^^^^^^^^^^^^^^^^^^^^
  File "/home/airflow/.local/lib/python3.12/site-packages/airflow/models/variable.py", line 143, in get
    raise KeyError(f"Variable {key} does not exist")
KeyError: 'Variable openai_test_key does not exist'
[2026-05-06T12:53:26.756+0000] {processor.py:842} WARNING - No viable dags retrieved from /opt/airflow/dags/stackoverflow_migration_dag.py
[2026-05-06T12:53:26.783+0000] {processor.py:183} INFO - Processing /opt/airflow/dags/stackoverflow_migration_dag.py took 1.682 seconds
[2026-05-06T12:53:57.351+0000] {processor.py:161} INFO - Started process (PID=183) to work on /opt/airflow/dags/stackoverflow_migration_dag.py
[2026-05-06T12:53:57.355+0000] {processor.py:830} INFO - Processing file /opt/airflow/dags/stackoverflow_migration_dag.py for tasks to queue
[2026-05-06T12:53:57.360+0000] {logging_mixin.py:188} INFO - [2026-05-06T12:53:57.359+0000] {dagbag.py:545} INFO - Filling up the DagBag from /opt/airflow/dags/stackoverflow_migration_dag.py
[2026-05-06T12:53:58.896+0000] {logging_mixin.py:188} INFO - [2026-05-06T12:53:58.887+0000] {dagbag.py:355} ERROR - Failed to import: /opt/airflow/dags/stackoverflow_migration_dag.py
Traceback (most recent call last):
  File "/home/airflow/.local/lib/python3.12/site-packages/airflow/models/dagbag.py", line 351, in parse
    loader.exec_module(new_module)
  File "<frozen importlib._bootstrap_external>", line 995, in exec_module
  File "<frozen importlib._bootstrap>", line 488, in _call_with_frames_removed
  File "/opt/airflow/dags/stackoverflow_migration_dag.py", line 17, in <module>
    OPENAI_KEY = Variable.get("openai_test_key")
                 ^^^^^^^^^^^^^^^^^^^^^^^^^^^^^^^
  File "/home/airflow/.local/lib/python3.12/site-packages/airflow/models/variable.py", line 143, in get
    raise KeyError(f"Variable {key} does not exist")
KeyError: 'Variable openai_test_key does not exist'
[2026-05-06T12:53:58.899+0000] {processor.py:842} WARNING - No viable dags retrieved from /opt/airflow/dags/stackoverflow_migration_dag.py
[2026-05-06T12:53:58.921+0000] {processor.py:183} INFO - Processing /opt/airflow/dags/stackoverflow_migration_dag.py took 1.591 seconds
[2026-05-06T12:54:29.522+0000] {processor.py:161} INFO - Started process (PID=188) to work on /opt/airflow/dags/stackoverflow_migration_dag.py
[2026-05-06T12:54:29.524+0000] {processor.py:830} INFO - Processing file /opt/airflow/dags/stackoverflow_migration_dag.py for tasks to queue
[2026-05-06T12:54:29.528+0000] {logging_mixin.py:188} INFO - [2026-05-06T12:54:29.528+0000] {dagbag.py:545} INFO - Filling up the DagBag from /opt/airflow/dags/stackoverflow_migration_dag.py
[2026-05-06T12:54:31.192+0000] {logging_mixin.py:188} INFO - [2026-05-06T12:54:31.175+0000] {dagbag.py:355} ERROR - Failed to import: /opt/airflow/dags/stackoverflow_migration_dag.py
Traceback (most recent call last):
  File "/home/airflow/.local/lib/python3.12/site-packages/airflow/models/dagbag.py", line 351, in parse
    loader.exec_module(new_module)
  File "<frozen importlib._bootstrap_external>", line 995, in exec_module
  File "<frozen importlib._bootstrap>", line 488, in _call_with_frames_removed
  File "/opt/airflow/dags/stackoverflow_migration_dag.py", line 17, in <module>
    OPENAI_KEY = Variable.get("openai_test_key")
                 ^^^^^^^^^^^^^^^^^^^^^^^^^^^^^^^
  File "/home/airflow/.local/lib/python3.12/site-packages/airflow/models/variable.py", line 143, in get
    raise KeyError(f"Variable {key} does not exist")
KeyError: 'Variable openai_test_key does not exist'
[2026-05-06T12:54:31.198+0000] {processor.py:842} WARNING - No viable dags retrieved from /opt/airflow/dags/stackoverflow_migration_dag.py
[2026-05-06T12:54:31.238+0000] {processor.py:183} INFO - Processing /opt/airflow/dags/stackoverflow_migration_dag.py took 1.736 seconds
[2026-05-06T12:55:01.523+0000] {processor.py:161} INFO - Started process (PID=193) to work on /opt/airflow/dags/stackoverflow_migration_dag.py
[2026-05-06T12:55:01.527+0000] {processor.py:830} INFO - Processing file /opt/airflow/dags/stackoverflow_migration_dag.py for tasks to queue
[2026-05-06T12:55:01.534+0000] {logging_mixin.py:188} INFO - [2026-05-06T12:55:01.532+0000] {dagbag.py:545} INFO - Filling up the DagBag from /opt/airflow/dags/stackoverflow_migration_dag.py
[2026-05-06T12:55:03.830+0000] {logging_mixin.py:188} INFO - [2026-05-06T12:55:03.815+0000] {dagbag.py:355} ERROR - Failed to import: /opt/airflow/dags/stackoverflow_migration_dag.py
Traceback (most recent call last):
  File "/home/airflow/.local/lib/python3.12/site-packages/airflow/models/dagbag.py", line 351, in parse
    loader.exec_module(new_module)
  File "<frozen importlib._bootstrap_external>", line 995, in exec_module
  File "<frozen importlib._bootstrap>", line 488, in _call_with_frames_removed
  File "/opt/airflow/dags/stackoverflow_migration_dag.py", line 17, in <module>
    OPENAI_KEY = Variable.get("openai_test_key")
                 ^^^^^^^^^^^^^^^^^^^^^^^^^^^^^^^
  File "/home/airflow/.local/lib/python3.12/site-packages/airflow/models/variable.py", line 143, in get
    raise KeyError(f"Variable {key} does not exist")
KeyError: 'Variable openai_test_key does not exist'
[2026-05-06T12:55:03.833+0000] {processor.py:842} WARNING - No viable dags retrieved from /opt/airflow/dags/stackoverflow_migration_dag.py
[2026-05-06T12:55:03.873+0000] {processor.py:183} INFO - Processing /opt/airflow/dags/stackoverflow_migration_dag.py took 2.392 seconds
[2026-05-06T12:55:34.276+0000] {processor.py:161} INFO - Started process (PID=198) to work on /opt/airflow/dags/stackoverflow_migration_dag.py
[2026-05-06T12:55:34.278+0000] {processor.py:830} INFO - Processing file /opt/airflow/dags/stackoverflow_migration_dag.py for tasks to queue
[2026-05-06T12:55:34.283+0000] {logging_mixin.py:188} INFO - [2026-05-06T12:55:34.283+0000] {dagbag.py:545} INFO - Filling up the DagBag from /opt/airflow/dags/stackoverflow_migration_dag.py
[2026-05-06T12:55:36.317+0000] {logging_mixin.py:188} INFO - [2026-05-06T12:55:36.301+0000] {dagbag.py:355} ERROR - Failed to import: /opt/airflow/dags/stackoverflow_migration_dag.py
Traceback (most recent call last):
  File "/home/airflow/.local/lib/python3.12/site-packages/airflow/models/dagbag.py", line 351, in parse
    loader.exec_module(new_module)
  File "<frozen importlib._bootstrap_external>", line 995, in exec_module
  File "<frozen importlib._bootstrap>", line 488, in _call_with_frames_removed
  File "/opt/airflow/dags/stackoverflow_migration_dag.py", line 17, in <module>
    OPENAI_KEY = Variable.get("openai_test_key")
                 ^^^^^^^^^^^^^^^^^^^^^^^^^^^^^^^
  File "/home/airflow/.local/lib/python3.12/site-packages/airflow/models/variable.py", line 143, in get
    raise KeyError(f"Variable {key} does not exist")
KeyError: 'Variable openai_test_key does not exist'
[2026-05-06T12:55:36.322+0000] {processor.py:842} WARNING - No viable dags retrieved from /opt/airflow/dags/stackoverflow_migration_dag.py
[2026-05-06T12:55:36.358+0000] {processor.py:183} INFO - Processing /opt/airflow/dags/stackoverflow_migration_dag.py took 2.093 seconds
[2026-05-06T12:56:06.815+0000] {processor.py:161} INFO - Started process (PID=203) to work on /opt/airflow/dags/stackoverflow_migration_dag.py
[2026-05-06T12:56:06.817+0000] {processor.py:830} INFO - Processing file /opt/airflow/dags/stackoverflow_migration_dag.py for tasks to queue
[2026-05-06T12:56:06.821+0000] {logging_mixin.py:188} INFO - [2026-05-06T12:56:06.820+0000] {dagbag.py:545} INFO - Filling up the DagBag from /opt/airflow/dags/stackoverflow_migration_dag.py
[2026-05-06T12:56:08.459+0000] {logging_mixin.py:188} INFO - [2026-05-06T12:56:08.443+0000] {dagbag.py:355} ERROR - Failed to import: /opt/airflow/dags/stackoverflow_migration_dag.py
Traceback (most recent call last):
  File "/home/airflow/.local/lib/python3.12/site-packages/airflow/models/dagbag.py", line 351, in parse
    loader.exec_module(new_module)
  File "<frozen importlib._bootstrap_external>", line 995, in exec_module
  File "<frozen importlib._bootstrap>", line 488, in _call_with_frames_removed
  File "/opt/airflow/dags/stackoverflow_migration_dag.py", line 17, in <module>
    OPENAI_KEY = Variable.get("openai_test_key")
                 ^^^^^^^^^^^^^^^^^^^^^^^^^^^^^^^
  File "/home/airflow/.local/lib/python3.12/site-packages/airflow/models/variable.py", line 143, in get
    raise KeyError(f"Variable {key} does not exist")
KeyError: 'Variable openai_test_key does not exist'
[2026-05-06T12:56:08.465+0000] {processor.py:842} WARNING - No viable dags retrieved from /opt/airflow/dags/stackoverflow_migration_dag.py
[2026-05-06T12:56:08.500+0000] {processor.py:183} INFO - Processing /opt/airflow/dags/stackoverflow_migration_dag.py took 1.693 seconds
[2026-05-06T12:56:39.041+0000] {processor.py:161} INFO - Started process (PID=208) to work on /opt/airflow/dags/stackoverflow_migration_dag.py
[2026-05-06T12:56:39.043+0000] {processor.py:830} INFO - Processing file /opt/airflow/dags/stackoverflow_migration_dag.py for tasks to queue
[2026-05-06T12:56:39.049+0000] {logging_mixin.py:188} INFO - [2026-05-06T12:56:39.048+0000] {dagbag.py:545} INFO - Filling up the DagBag from /opt/airflow/dags/stackoverflow_migration_dag.py
[2026-05-06T12:56:40.662+0000] {logging_mixin.py:188} INFO - [2026-05-06T12:56:40.645+0000] {dagbag.py:355} ERROR - Failed to import: /opt/airflow/dags/stackoverflow_migration_dag.py
Traceback (most recent call last):
  File "/home/airflow/.local/lib/python3.12/site-packages/airflow/models/dagbag.py", line 351, in parse
    loader.exec_module(new_module)
  File "<frozen importlib._bootstrap_external>", line 995, in exec_module
  File "<frozen importlib._bootstrap>", line 488, in _call_with_frames_removed
  File "/opt/airflow/dags/stackoverflow_migration_dag.py", line 17, in <module>
    OPENAI_KEY = Variable.get("openai_test_key")
                 ^^^^^^^^^^^^^^^^^^^^^^^^^^^^^^^
  File "/home/airflow/.local/lib/python3.12/site-packages/airflow/models/variable.py", line 143, in get
    raise KeyError(f"Variable {key} does not exist")
KeyError: 'Variable openai_test_key does not exist'
[2026-05-06T12:56:40.668+0000] {processor.py:842} WARNING - No viable dags retrieved from /opt/airflow/dags/stackoverflow_migration_dag.py
[2026-05-06T12:56:40.713+0000] {processor.py:183} INFO - Processing /opt/airflow/dags/stackoverflow_migration_dag.py took 1.689 seconds
[2026-05-06T12:57:11.272+0000] {processor.py:161} INFO - Started process (PID=213) to work on /opt/airflow/dags/stackoverflow_migration_dag.py
[2026-05-06T12:57:11.276+0000] {processor.py:830} INFO - Processing file /opt/airflow/dags/stackoverflow_migration_dag.py for tasks to queue
[2026-05-06T12:57:11.282+0000] {logging_mixin.py:188} INFO - [2026-05-06T12:57:11.281+0000] {dagbag.py:545} INFO - Filling up the DagBag from /opt/airflow/dags/stackoverflow_migration_dag.py
[2026-05-06T12:57:12.830+0000] {logging_mixin.py:188} INFO - [2026-05-06T12:57:12.818+0000] {dagbag.py:355} ERROR - Failed to import: /opt/airflow/dags/stackoverflow_migration_dag.py
Traceback (most recent call last):
  File "/home/airflow/.local/lib/python3.12/site-packages/airflow/models/dagbag.py", line 351, in parse
    loader.exec_module(new_module)
  File "<frozen importlib._bootstrap_external>", line 995, in exec_module
  File "<frozen importlib._bootstrap>", line 488, in _call_with_frames_removed
  File "/opt/airflow/dags/stackoverflow_migration_dag.py", line 17, in <module>
    OPENAI_KEY = Variable.get("openai_test_key")
                 ^^^^^^^^^^^^^^^^^^^^^^^^^^^^^^^
  File "/home/airflow/.local/lib/python3.12/site-packages/airflow/models/variable.py", line 143, in get
    raise KeyError(f"Variable {key} does not exist")
KeyError: 'Variable openai_test_key does not exist'
[2026-05-06T12:57:12.834+0000] {processor.py:842} WARNING - No viable dags retrieved from /opt/airflow/dags/stackoverflow_migration_dag.py
[2026-05-06T12:57:12.864+0000] {processor.py:183} INFO - Processing /opt/airflow/dags/stackoverflow_migration_dag.py took 1.612 seconds
[2026-05-06T12:57:43.234+0000] {processor.py:161} INFO - Started process (PID=218) to work on /opt/airflow/dags/stackoverflow_migration_dag.py
[2026-05-06T12:57:43.236+0000] {processor.py:830} INFO - Processing file /opt/airflow/dags/stackoverflow_migration_dag.py for tasks to queue
[2026-05-06T12:57:43.243+0000] {logging_mixin.py:188} INFO - [2026-05-06T12:57:43.241+0000] {dagbag.py:545} INFO - Filling up the DagBag from /opt/airflow/dags/stackoverflow_migration_dag.py
[2026-05-06T12:57:46.134+0000] {logging_mixin.py:188} INFO - [2026-05-06T12:57:46.119+0000] {dagbag.py:355} ERROR - Failed to import: /opt/airflow/dags/stackoverflow_migration_dag.py
Traceback (most recent call last):
  File "/home/airflow/.local/lib/python3.12/site-packages/airflow/models/dagbag.py", line 351, in parse
    loader.exec_module(new_module)
  File "<frozen importlib._bootstrap_external>", line 995, in exec_module
  File "<frozen importlib._bootstrap>", line 488, in _call_with_frames_removed
  File "/opt/airflow/dags/stackoverflow_migration_dag.py", line 17, in <module>
    OPENAI_KEY = Variable.get("openai_test_key")
                 ^^^^^^^^^^^^^^^^^^^^^^^^^^^^^^^
  File "/home/airflow/.local/lib/python3.12/site-packages/airflow/models/variable.py", line 143, in get
    raise KeyError(f"Variable {key} does not exist")
KeyError: 'Variable openai_test_key does not exist'
[2026-05-06T12:57:46.138+0000] {processor.py:842} WARNING - No viable dags retrieved from /opt/airflow/dags/stackoverflow_migration_dag.py
[2026-05-06T12:57:46.175+0000] {processor.py:183} INFO - Processing /opt/airflow/dags/stackoverflow_migration_dag.py took 2.964 seconds
[2026-05-06T12:58:16.790+0000] {processor.py:161} INFO - Started process (PID=223) to work on /opt/airflow/dags/stackoverflow_migration_dag.py
[2026-05-06T12:58:16.794+0000] {processor.py:830} INFO - Processing file /opt/airflow/dags/stackoverflow_migration_dag.py for tasks to queue
[2026-05-06T12:58:16.799+0000] {logging_mixin.py:188} INFO - [2026-05-06T12:58:16.798+0000] {dagbag.py:545} INFO - Filling up the DagBag from /opt/airflow/dags/stackoverflow_migration_dag.py
[2026-05-06T12:58:18.516+0000] {logging_mixin.py:188} INFO - [2026-05-06T12:58:18.501+0000] {dagbag.py:355} ERROR - Failed to import: /opt/airflow/dags/stackoverflow_migration_dag.py
Traceback (most recent call last):
  File "/home/airflow/.local/lib/python3.12/site-packages/airflow/models/dagbag.py", line 351, in parse
    loader.exec_module(new_module)
  File "<frozen importlib._bootstrap_external>", line 995, in exec_module
  File "<frozen importlib._bootstrap>", line 488, in _call_with_frames_removed
  File "/opt/airflow/dags/stackoverflow_migration_dag.py", line 17, in <module>
    OPENAI_KEY = Variable.get("openai_test_key")
                 ^^^^^^^^^^^^^^^^^^^^^^^^^^^^^^^
  File "/home/airflow/.local/lib/python3.12/site-packages/airflow/models/variable.py", line 143, in get
    raise KeyError(f"Variable {key} does not exist")
KeyError: 'Variable openai_test_key does not exist'
[2026-05-06T12:58:18.521+0000] {processor.py:842} WARNING - No viable dags retrieved from /opt/airflow/dags/stackoverflow_migration_dag.py
[2026-05-06T12:58:18.545+0000] {processor.py:183} INFO - Processing /opt/airflow/dags/stackoverflow_migration_dag.py took 1.771 seconds
[2026-05-06T12:58:49.071+0000] {processor.py:161} INFO - Started process (PID=228) to work on /opt/airflow/dags/stackoverflow_migration_dag.py
[2026-05-06T12:58:49.074+0000] {processor.py:830} INFO - Processing file /opt/airflow/dags/stackoverflow_migration_dag.py for tasks to queue
[2026-05-06T12:58:49.077+0000] {logging_mixin.py:188} INFO - [2026-05-06T12:58:49.077+0000] {dagbag.py:545} INFO - Filling up the DagBag from /opt/airflow/dags/stackoverflow_migration_dag.py
[2026-05-06T12:58:50.851+0000] {logging_mixin.py:188} INFO - [2026-05-06T12:58:50.842+0000] {dagbag.py:355} ERROR - Failed to import: /opt/airflow/dags/stackoverflow_migration_dag.py
Traceback (most recent call last):
  File "/home/airflow/.local/lib/python3.12/site-packages/airflow/models/dagbag.py", line 351, in parse
    loader.exec_module(new_module)
  File "<frozen importlib._bootstrap_external>", line 995, in exec_module
  File "<frozen importlib._bootstrap>", line 488, in _call_with_frames_removed
  File "/opt/airflow/dags/stackoverflow_migration_dag.py", line 17, in <module>
    OPENAI_KEY = Variable.get("openai_test_key")
                 ^^^^^^^^^^^^^^^^^^^^^^^^^^^^^^^
  File "/home/airflow/.local/lib/python3.12/site-packages/airflow/models/variable.py", line 143, in get
    raise KeyError(f"Variable {key} does not exist")
KeyError: 'Variable openai_test_key does not exist'
[2026-05-06T12:58:50.855+0000] {processor.py:842} WARNING - No viable dags retrieved from /opt/airflow/dags/stackoverflow_migration_dag.py
[2026-05-06T12:58:50.881+0000] {processor.py:183} INFO - Processing /opt/airflow/dags/stackoverflow_migration_dag.py took 1.820 seconds
[2026-05-06T12:59:21.499+0000] {processor.py:161} INFO - Started process (PID=233) to work on /opt/airflow/dags/stackoverflow_migration_dag.py
[2026-05-06T12:59:21.501+0000] {processor.py:830} INFO - Processing file /opt/airflow/dags/stackoverflow_migration_dag.py for tasks to queue
[2026-05-06T12:59:21.505+0000] {logging_mixin.py:188} INFO - [2026-05-06T12:59:21.505+0000] {dagbag.py:545} INFO - Filling up the DagBag from /opt/airflow/dags/stackoverflow_migration_dag.py
[2026-05-06T12:59:23.179+0000] {logging_mixin.py:188} INFO - [2026-05-06T12:59:23.167+0000] {dagbag.py:355} ERROR - Failed to import: /opt/airflow/dags/stackoverflow_migration_dag.py
Traceback (most recent call last):
  File "/home/airflow/.local/lib/python3.12/site-packages/airflow/models/dagbag.py", line 351, in parse
    loader.exec_module(new_module)
  File "<frozen importlib._bootstrap_external>", line 995, in exec_module
  File "<frozen importlib._bootstrap>", line 488, in _call_with_frames_removed
  File "/opt/airflow/dags/stackoverflow_migration_dag.py", line 17, in <module>
    OPENAI_KEY = Variable.get("openai_test_key")
                 ^^^^^^^^^^^^^^^^^^^^^^^^^^^^^^^
  File "/home/airflow/.local/lib/python3.12/site-packages/airflow/models/variable.py", line 143, in get
    raise KeyError(f"Variable {key} does not exist")
KeyError: 'Variable openai_test_key does not exist'
[2026-05-06T12:59:23.183+0000] {processor.py:842} WARNING - No viable dags retrieved from /opt/airflow/dags/stackoverflow_migration_dag.py
[2026-05-06T12:59:23.222+0000] {processor.py:183} INFO - Processing /opt/airflow/dags/stackoverflow_migration_dag.py took 1.735 seconds
[2026-05-06T12:59:53.776+0000] {processor.py:161} INFO - Started process (PID=238) to work on /opt/airflow/dags/stackoverflow_migration_dag.py
[2026-05-06T12:59:53.778+0000] {processor.py:830} INFO - Processing file /opt/airflow/dags/stackoverflow_migration_dag.py for tasks to queue
[2026-05-06T12:59:53.782+0000] {logging_mixin.py:188} INFO - [2026-05-06T12:59:53.782+0000] {dagbag.py:545} INFO - Filling up the DagBag from /opt/airflow/dags/stackoverflow_migration_dag.py
[2026-05-06T12:59:55.546+0000] {logging_mixin.py:188} INFO - [2026-05-06T12:59:55.529+0000] {dagbag.py:355} ERROR - Failed to import: /opt/airflow/dags/stackoverflow_migration_dag.py
Traceback (most recent call last):
  File "/home/airflow/.local/lib/python3.12/site-packages/airflow/models/dagbag.py", line 351, in parse
    loader.exec_module(new_module)
  File "<frozen importlib._bootstrap_external>", line 995, in exec_module
  File "<frozen importlib._bootstrap>", line 488, in _call_with_frames_removed
  File "/opt/airflow/dags/stackoverflow_migration_dag.py", line 17, in <module>
    OPENAI_KEY = Variable.get("openai_test_key")
                 ^^^^^^^^^^^^^^^^^^^^^^^^^^^^^^^
  File "/home/airflow/.local/lib/python3.12/site-packages/airflow/models/variable.py", line 143, in get
    raise KeyError(f"Variable {key} does not exist")
KeyError: 'Variable openai_test_key does not exist'
[2026-05-06T12:59:55.551+0000] {processor.py:842} WARNING - No viable dags retrieved from /opt/airflow/dags/stackoverflow_migration_dag.py
[2026-05-06T12:59:55.591+0000] {processor.py:183} INFO - Processing /opt/airflow/dags/stackoverflow_migration_dag.py took 1.831 seconds
[2026-05-06T13:00:26.186+0000] {processor.py:161} INFO - Started process (PID=243) to work on /opt/airflow/dags/stackoverflow_migration_dag.py
[2026-05-06T13:00:26.189+0000] {processor.py:830} INFO - Processing file /opt/airflow/dags/stackoverflow_migration_dag.py for tasks to queue
[2026-05-06T13:00:26.195+0000] {logging_mixin.py:188} INFO - [2026-05-06T13:00:26.194+0000] {dagbag.py:545} INFO - Filling up the DagBag from /opt/airflow/dags/stackoverflow_migration_dag.py
[2026-05-06T13:00:27.951+0000] {logging_mixin.py:188} INFO - [2026-05-06T13:00:27.933+0000] {dagbag.py:355} ERROR - Failed to import: /opt/airflow/dags/stackoverflow_migration_dag.py
Traceback (most recent call last):
  File "/home/airflow/.local/lib/python3.12/site-packages/airflow/models/dagbag.py", line 351, in parse
    loader.exec_module(new_module)
  File "<frozen importlib._bootstrap_external>", line 995, in exec_module
  File "<frozen importlib._bootstrap>", line 488, in _call_with_frames_removed
  File "/opt/airflow/dags/stackoverflow_migration_dag.py", line 17, in <module>
    OPENAI_KEY = Variable.get("openai_test_key")
                 ^^^^^^^^^^^^^^^^^^^^^^^^^^^^^^^
  File "/home/airflow/.local/lib/python3.12/site-packages/airflow/models/variable.py", line 143, in get
    raise KeyError(f"Variable {key} does not exist")
KeyError: 'Variable openai_test_key does not exist'
[2026-05-06T13:00:27.956+0000] {processor.py:842} WARNING - No viable dags retrieved from /opt/airflow/dags/stackoverflow_migration_dag.py
[2026-05-06T13:00:27.998+0000] {processor.py:183} INFO - Processing /opt/airflow/dags/stackoverflow_migration_dag.py took 1.824 seconds
[2026-05-06T13:02:02.164+0000] {processor.py:161} INFO - Started process (PID=164) to work on /opt/airflow/dags/stackoverflow_migration_dag.py
[2026-05-06T13:02:02.166+0000] {processor.py:830} INFO - Processing file /opt/airflow/dags/stackoverflow_migration_dag.py for tasks to queue
[2026-05-06T13:02:02.170+0000] {logging_mixin.py:188} INFO - [2026-05-06T13:02:02.169+0000] {dagbag.py:545} INFO - Filling up the DagBag from /opt/airflow/dags/stackoverflow_migration_dag.py
[2026-05-06T13:02:04.612+0000] {logging_mixin.py:188} INFO - [2026-05-06T13:02:04.603+0000] {dagbag.py:355} ERROR - Failed to import: /opt/airflow/dags/stackoverflow_migration_dag.py
Traceback (most recent call last):
  File "/home/airflow/.local/lib/python3.12/site-packages/airflow/models/dagbag.py", line 351, in parse
    loader.exec_module(new_module)
  File "<frozen importlib._bootstrap_external>", line 995, in exec_module
  File "<frozen importlib._bootstrap>", line 488, in _call_with_frames_removed
  File "/opt/airflow/dags/stackoverflow_migration_dag.py", line 17, in <module>
    OPENAI_KEY = Variable.get("openai_test_key")
                 ^^^^^^^^^^^^^^^^^^^^^^^^^^^^^^^
  File "/home/airflow/.local/lib/python3.12/site-packages/airflow/models/variable.py", line 143, in get
    raise KeyError(f"Variable {key} does not exist")
KeyError: 'Variable openai_test_key does not exist'
[2026-05-06T13:02:04.614+0000] {processor.py:842} WARNING - No viable dags retrieved from /opt/airflow/dags/stackoverflow_migration_dag.py
[2026-05-06T13:02:04.640+0000] {processor.py:183} INFO - Processing /opt/airflow/dags/stackoverflow_migration_dag.py took 2.493 seconds
[2026-05-06T13:02:35.032+0000] {processor.py:161} INFO - Started process (PID=169) to work on /opt/airflow/dags/stackoverflow_migration_dag.py
[2026-05-06T13:02:35.035+0000] {processor.py:830} INFO - Processing file /opt/airflow/dags/stackoverflow_migration_dag.py for tasks to queue
[2026-05-06T13:02:35.039+0000] {logging_mixin.py:188} INFO - [2026-05-06T13:02:35.038+0000] {dagbag.py:545} INFO - Filling up the DagBag from /opt/airflow/dags/stackoverflow_migration_dag.py
[2026-05-06T13:02:36.715+0000] {logging_mixin.py:188} INFO - [2026-05-06T13:02:36.703+0000] {dagbag.py:355} ERROR - Failed to import: /opt/airflow/dags/stackoverflow_migration_dag.py
Traceback (most recent call last):
  File "/home/airflow/.local/lib/python3.12/site-packages/airflow/models/dagbag.py", line 351, in parse
    loader.exec_module(new_module)
  File "<frozen importlib._bootstrap_external>", line 995, in exec_module
  File "<frozen importlib._bootstrap>", line 488, in _call_with_frames_removed
  File "/opt/airflow/dags/stackoverflow_migration_dag.py", line 17, in <module>
    OPENAI_KEY = Variable.get("openai_test_key")
                 ^^^^^^^^^^^^^^^^^^^^^^^^^^^^^^^
  File "/home/airflow/.local/lib/python3.12/site-packages/airflow/models/variable.py", line 143, in get
    raise KeyError(f"Variable {key} does not exist")
KeyError: 'Variable openai_test_key does not exist'
[2026-05-06T13:02:36.719+0000] {processor.py:842} WARNING - No viable dags retrieved from /opt/airflow/dags/stackoverflow_migration_dag.py
[2026-05-06T13:02:36.751+0000] {processor.py:183} INFO - Processing /opt/airflow/dags/stackoverflow_migration_dag.py took 1.734 seconds
[2026-05-06T13:03:07.208+0000] {processor.py:161} INFO - Started process (PID=174) to work on /opt/airflow/dags/stackoverflow_migration_dag.py
[2026-05-06T13:03:07.211+0000] {processor.py:830} INFO - Processing file /opt/airflow/dags/stackoverflow_migration_dag.py for tasks to queue
[2026-05-06T13:03:07.217+0000] {logging_mixin.py:188} INFO - [2026-05-06T13:03:07.216+0000] {dagbag.py:545} INFO - Filling up the DagBag from /opt/airflow/dags/stackoverflow_migration_dag.py
[2026-05-06T13:03:09.181+0000] {logging_mixin.py:188} INFO - [2026-05-06T13:03:09.162+0000] {dagbag.py:355} ERROR - Failed to import: /opt/airflow/dags/stackoverflow_migration_dag.py
Traceback (most recent call last):
  File "/home/airflow/.local/lib/python3.12/site-packages/airflow/models/dagbag.py", line 351, in parse
    loader.exec_module(new_module)
  File "<frozen importlib._bootstrap_external>", line 995, in exec_module
  File "<frozen importlib._bootstrap>", line 488, in _call_with_frames_removed
  File "/opt/airflow/dags/stackoverflow_migration_dag.py", line 17, in <module>
    OPENAI_KEY = Variable.get("openai_test_key")
                 ^^^^^^^^^^^^^^^^^^^^^^^^^^^^^^^
  File "/home/airflow/.local/lib/python3.12/site-packages/airflow/models/variable.py", line 143, in get
    raise KeyError(f"Variable {key} does not exist")
KeyError: 'Variable openai_test_key does not exist'
[2026-05-06T13:03:09.187+0000] {processor.py:842} WARNING - No viable dags retrieved from /opt/airflow/dags/stackoverflow_migration_dag.py
[2026-05-06T13:03:09.225+0000] {processor.py:183} INFO - Processing /opt/airflow/dags/stackoverflow_migration_dag.py took 2.035 seconds
[2026-05-06T13:03:39.697+0000] {processor.py:161} INFO - Started process (PID=179) to work on /opt/airflow/dags/stackoverflow_migration_dag.py
[2026-05-06T13:03:39.700+0000] {processor.py:830} INFO - Processing file /opt/airflow/dags/stackoverflow_migration_dag.py for tasks to queue
[2026-05-06T13:03:39.705+0000] {logging_mixin.py:188} INFO - [2026-05-06T13:03:39.704+0000] {dagbag.py:545} INFO - Filling up the DagBag from /opt/airflow/dags/stackoverflow_migration_dag.py
[2026-05-06T13:03:41.399+0000] {logging_mixin.py:188} INFO - [2026-05-06T13:03:41.384+0000] {dagbag.py:355} ERROR - Failed to import: /opt/airflow/dags/stackoverflow_migration_dag.py
Traceback (most recent call last):
  File "/home/airflow/.local/lib/python3.12/site-packages/airflow/models/dagbag.py", line 351, in parse
    loader.exec_module(new_module)
  File "<frozen importlib._bootstrap_external>", line 995, in exec_module
  File "<frozen importlib._bootstrap>", line 488, in _call_with_frames_removed
  File "/opt/airflow/dags/stackoverflow_migration_dag.py", line 17, in <module>
    OPENAI_KEY = Variable.get("openai_test_key")
                 ^^^^^^^^^^^^^^^^^^^^^^^^^^^^^^^
  File "/home/airflow/.local/lib/python3.12/site-packages/airflow/models/variable.py", line 143, in get
    raise KeyError(f"Variable {key} does not exist")
KeyError: 'Variable openai_test_key does not exist'
[2026-05-06T13:03:41.405+0000] {processor.py:842} WARNING - No viable dags retrieved from /opt/airflow/dags/stackoverflow_migration_dag.py
[2026-05-06T13:03:41.443+0000] {processor.py:183} INFO - Processing /opt/airflow/dags/stackoverflow_migration_dag.py took 1.763 seconds
[2026-05-06T13:04:11.930+0000] {processor.py:161} INFO - Started process (PID=184) to work on /opt/airflow/dags/stackoverflow_migration_dag.py
[2026-05-06T13:04:11.933+0000] {processor.py:830} INFO - Processing file /opt/airflow/dags/stackoverflow_migration_dag.py for tasks to queue
[2026-05-06T13:04:11.937+0000] {logging_mixin.py:188} INFO - [2026-05-06T13:04:11.937+0000] {dagbag.py:545} INFO - Filling up the DagBag from /opt/airflow/dags/stackoverflow_migration_dag.py
[2026-05-06T13:04:13.540+0000] {logging_mixin.py:188} INFO - [2026-05-06T13:04:13.520+0000] {dagbag.py:355} ERROR - Failed to import: /opt/airflow/dags/stackoverflow_migration_dag.py
Traceback (most recent call last):
  File "/home/airflow/.local/lib/python3.12/site-packages/airflow/models/dagbag.py", line 351, in parse
    loader.exec_module(new_module)
  File "<frozen importlib._bootstrap_external>", line 995, in exec_module
  File "<frozen importlib._bootstrap>", line 488, in _call_with_frames_removed
  File "/opt/airflow/dags/stackoverflow_migration_dag.py", line 17, in <module>
    OPENAI_KEY = Variable.get("openai_test_key")
                 ^^^^^^^^^^^^^^^^^^^^^^^^^^^^^^^
  File "/home/airflow/.local/lib/python3.12/site-packages/airflow/models/variable.py", line 143, in get
    raise KeyError(f"Variable {key} does not exist")
KeyError: 'Variable openai_test_key does not exist'
[2026-05-06T13:04:13.546+0000] {processor.py:842} WARNING - No viable dags retrieved from /opt/airflow/dags/stackoverflow_migration_dag.py
[2026-05-06T13:04:13.582+0000] {processor.py:183} INFO - Processing /opt/airflow/dags/stackoverflow_migration_dag.py took 1.665 seconds
[2026-05-06T13:04:44.119+0000] {processor.py:161} INFO - Started process (PID=189) to work on /opt/airflow/dags/stackoverflow_migration_dag.py
[2026-05-06T13:04:44.121+0000] {processor.py:830} INFO - Processing file /opt/airflow/dags/stackoverflow_migration_dag.py for tasks to queue
[2026-05-06T13:04:44.124+0000] {logging_mixin.py:188} INFO - [2026-05-06T13:04:44.124+0000] {dagbag.py:545} INFO - Filling up the DagBag from /opt/airflow/dags/stackoverflow_migration_dag.py
[2026-05-06T13:04:45.847+0000] {logging_mixin.py:188} INFO - [2026-05-06T13:04:45.832+0000] {dagbag.py:355} ERROR - Failed to import: /opt/airflow/dags/stackoverflow_migration_dag.py
Traceback (most recent call last):
  File "/home/airflow/.local/lib/python3.12/site-packages/airflow/models/dagbag.py", line 351, in parse
    loader.exec_module(new_module)
  File "<frozen importlib._bootstrap_external>", line 995, in exec_module
  File "<frozen importlib._bootstrap>", line 488, in _call_with_frames_removed
  File "/opt/airflow/dags/stackoverflow_migration_dag.py", line 17, in <module>
    OPENAI_KEY = Variable.get("openai_test_key")
                 ^^^^^^^^^^^^^^^^^^^^^^^^^^^^^^^
  File "/home/airflow/.local/lib/python3.12/site-packages/airflow/models/variable.py", line 143, in get
    raise KeyError(f"Variable {key} does not exist")
KeyError: 'Variable openai_test_key does not exist'
[2026-05-06T13:04:45.853+0000] {processor.py:842} WARNING - No viable dags retrieved from /opt/airflow/dags/stackoverflow_migration_dag.py
[2026-05-06T13:04:45.885+0000] {processor.py:183} INFO - Processing /opt/airflow/dags/stackoverflow_migration_dag.py took 1.776 seconds
[2026-05-06T13:05:16.354+0000] {processor.py:161} INFO - Started process (PID=194) to work on /opt/airflow/dags/stackoverflow_migration_dag.py
[2026-05-06T13:05:16.356+0000] {processor.py:830} INFO - Processing file /opt/airflow/dags/stackoverflow_migration_dag.py for tasks to queue
[2026-05-06T13:05:16.359+0000] {logging_mixin.py:188} INFO - [2026-05-06T13:05:16.359+0000] {dagbag.py:545} INFO - Filling up the DagBag from /opt/airflow/dags/stackoverflow_migration_dag.py
[2026-05-06T13:05:18.293+0000] {logging_mixin.py:188} INFO - [2026-05-06T13:05:18.282+0000] {dagbag.py:355} ERROR - Failed to import: /opt/airflow/dags/stackoverflow_migration_dag.py
Traceback (most recent call last):
  File "/home/airflow/.local/lib/python3.12/site-packages/airflow/models/dagbag.py", line 351, in parse
    loader.exec_module(new_module)
  File "<frozen importlib._bootstrap_external>", line 995, in exec_module
  File "<frozen importlib._bootstrap>", line 488, in _call_with_frames_removed
  File "/opt/airflow/dags/stackoverflow_migration_dag.py", line 17, in <module>
    OPENAI_KEY = Variable.get("openai_test_key")
                 ^^^^^^^^^^^^^^^^^^^^^^^^^^^^^^^
  File "/home/airflow/.local/lib/python3.12/site-packages/airflow/models/variable.py", line 143, in get
    raise KeyError(f"Variable {key} does not exist")
KeyError: 'Variable openai_test_key does not exist'
[2026-05-06T13:05:18.297+0000] {processor.py:842} WARNING - No viable dags retrieved from /opt/airflow/dags/stackoverflow_migration_dag.py
[2026-05-06T13:05:18.323+0000] {processor.py:183} INFO - Processing /opt/airflow/dags/stackoverflow_migration_dag.py took 1.979 seconds
[2026-05-06T13:05:48.810+0000] {processor.py:161} INFO - Started process (PID=199) to work on /opt/airflow/dags/stackoverflow_migration_dag.py
[2026-05-06T13:05:48.813+0000] {processor.py:830} INFO - Processing file /opt/airflow/dags/stackoverflow_migration_dag.py for tasks to queue
[2026-05-06T13:05:48.822+0000] {logging_mixin.py:188} INFO - [2026-05-06T13:05:48.821+0000] {dagbag.py:545} INFO - Filling up the DagBag from /opt/airflow/dags/stackoverflow_migration_dag.py
[2026-05-06T13:05:51.415+0000] {logging_mixin.py:188} INFO - [2026-05-06T13:05:51.409+0000] {dagbag.py:355} ERROR - Failed to import: /opt/airflow/dags/stackoverflow_migration_dag.py
Traceback (most recent call last):
  File "/home/airflow/.local/lib/python3.12/site-packages/airflow/models/dagbag.py", line 351, in parse
    loader.exec_module(new_module)
  File "<frozen importlib._bootstrap_external>", line 995, in exec_module
  File "<frozen importlib._bootstrap>", line 488, in _call_with_frames_removed
  File "/opt/airflow/dags/stackoverflow_migration_dag.py", line 17, in <module>
    OPENAI_KEY = Variable.get("openai_test_key")
                 ^^^^^^^^^^^^^^^^^^^^^^^^^^^^^^^
  File "/home/airflow/.local/lib/python3.12/site-packages/airflow/models/variable.py", line 143, in get
    raise KeyError(f"Variable {key} does not exist")
KeyError: 'Variable openai_test_key does not exist'
[2026-05-06T13:05:51.418+0000] {processor.py:842} WARNING - No viable dags retrieved from /opt/airflow/dags/stackoverflow_migration_dag.py
[2026-05-06T13:05:51.442+0000] {processor.py:183} INFO - Processing /opt/airflow/dags/stackoverflow_migration_dag.py took 2.649 seconds
[2026-05-06T13:06:22.032+0000] {processor.py:161} INFO - Started process (PID=204) to work on /opt/airflow/dags/stackoverflow_migration_dag.py
[2026-05-06T13:06:22.035+0000] {processor.py:830} INFO - Processing file /opt/airflow/dags/stackoverflow_migration_dag.py for tasks to queue
[2026-05-06T13:06:22.041+0000] {logging_mixin.py:188} INFO - [2026-05-06T13:06:22.040+0000] {dagbag.py:545} INFO - Filling up the DagBag from /opt/airflow/dags/stackoverflow_migration_dag.py
[2026-05-06T13:06:23.895+0000] {logging_mixin.py:188} INFO - [2026-05-06T13:06:23.879+0000] {dagbag.py:355} ERROR - Failed to import: /opt/airflow/dags/stackoverflow_migration_dag.py
Traceback (most recent call last):
  File "/home/airflow/.local/lib/python3.12/site-packages/airflow/models/dagbag.py", line 351, in parse
    loader.exec_module(new_module)
  File "<frozen importlib._bootstrap_external>", line 995, in exec_module
  File "<frozen importlib._bootstrap>", line 488, in _call_with_frames_removed
  File "/opt/airflow/dags/stackoverflow_migration_dag.py", line 17, in <module>
    OPENAI_KEY = Variable.get("openai_test_key")
                 ^^^^^^^^^^^^^^^^^^^^^^^^^^^^^^^
  File "/home/airflow/.local/lib/python3.12/site-packages/airflow/models/variable.py", line 143, in get
    raise KeyError(f"Variable {key} does not exist")
KeyError: 'Variable openai_test_key does not exist'
[2026-05-06T13:06:23.902+0000] {processor.py:842} WARNING - No viable dags retrieved from /opt/airflow/dags/stackoverflow_migration_dag.py
[2026-05-06T13:06:23.942+0000] {processor.py:183} INFO - Processing /opt/airflow/dags/stackoverflow_migration_dag.py took 1.928 seconds
[2026-05-06T13:07:51.825+0000] {processor.py:161} INFO - Started process (PID=164) to work on /opt/airflow/dags/stackoverflow_migration_dag.py
[2026-05-06T13:07:51.826+0000] {processor.py:830} INFO - Processing file /opt/airflow/dags/stackoverflow_migration_dag.py for tasks to queue
[2026-05-06T13:07:51.829+0000] {logging_mixin.py:188} INFO - [2026-05-06T13:07:51.828+0000] {dagbag.py:545} INFO - Filling up the DagBag from /opt/airflow/dags/stackoverflow_migration_dag.py
[2026-05-06T13:07:54.095+0000] {logging_mixin.py:188} INFO - [2026-05-06T13:07:54.074+0000] {dagbag.py:355} ERROR - Failed to import: /opt/airflow/dags/stackoverflow_migration_dag.py
Traceback (most recent call last):
  File "/home/airflow/.local/lib/python3.12/site-packages/airflow/models/dagbag.py", line 351, in parse
    loader.exec_module(new_module)
  File "<frozen importlib._bootstrap_external>", line 995, in exec_module
  File "<frozen importlib._bootstrap>", line 488, in _call_with_frames_removed
  File "/opt/airflow/dags/stackoverflow_migration_dag.py", line 17, in <module>
    OPENAI_KEY = Variable.get("openai_test_key")
                 ^^^^^^^^^^^^^^^^^^^^^^^^^^^^^^^
  File "/home/airflow/.local/lib/python3.12/site-packages/airflow/models/variable.py", line 143, in get
    raise KeyError(f"Variable {key} does not exist")
KeyError: 'Variable openai_test_key does not exist'
[2026-05-06T13:07:54.102+0000] {processor.py:842} WARNING - No viable dags retrieved from /opt/airflow/dags/stackoverflow_migration_dag.py
[2026-05-06T13:07:54.144+0000] {processor.py:183} INFO - Processing /opt/airflow/dags/stackoverflow_migration_dag.py took 2.328 seconds
[2026-05-06T13:08:24.341+0000] {processor.py:161} INFO - Started process (PID=169) to work on /opt/airflow/dags/stackoverflow_migration_dag.py
[2026-05-06T13:08:24.343+0000] {processor.py:830} INFO - Processing file /opt/airflow/dags/stackoverflow_migration_dag.py for tasks to queue
[2026-05-06T13:08:24.349+0000] {logging_mixin.py:188} INFO - [2026-05-06T13:08:24.348+0000] {dagbag.py:545} INFO - Filling up the DagBag from /opt/airflow/dags/stackoverflow_migration_dag.py
[2026-05-06T13:08:26.734+0000] {logging_mixin.py:188} INFO - [2026-05-06T13:08:26.721+0000] {dagbag.py:355} ERROR - Failed to import: /opt/airflow/dags/stackoverflow_migration_dag.py
Traceback (most recent call last):
  File "/home/airflow/.local/lib/python3.12/site-packages/airflow/models/dagbag.py", line 351, in parse
    loader.exec_module(new_module)
  File "<frozen importlib._bootstrap_external>", line 995, in exec_module
  File "<frozen importlib._bootstrap>", line 488, in _call_with_frames_removed
  File "/opt/airflow/dags/stackoverflow_migration_dag.py", line 17, in <module>
    OPENAI_KEY = Variable.get("openai_test_key")
                 ^^^^^^^^^^^^^^^^^^^^^^^^^^^^^^^
  File "/home/airflow/.local/lib/python3.12/site-packages/airflow/models/variable.py", line 143, in get
    raise KeyError(f"Variable {key} does not exist")
KeyError: 'Variable openai_test_key does not exist'
[2026-05-06T13:08:26.738+0000] {processor.py:842} WARNING - No viable dags retrieved from /opt/airflow/dags/stackoverflow_migration_dag.py
[2026-05-06T13:08:26.764+0000] {processor.py:183} INFO - Processing /opt/airflow/dags/stackoverflow_migration_dag.py took 2.445 seconds
[2026-05-06T13:08:57.070+0000] {processor.py:161} INFO - Started process (PID=174) to work on /opt/airflow/dags/stackoverflow_migration_dag.py
[2026-05-06T13:08:57.072+0000] {processor.py:830} INFO - Processing file /opt/airflow/dags/stackoverflow_migration_dag.py for tasks to queue
[2026-05-06T13:08:57.077+0000] {logging_mixin.py:188} INFO - [2026-05-06T13:08:57.077+0000] {dagbag.py:545} INFO - Filling up the DagBag from /opt/airflow/dags/stackoverflow_migration_dag.py
[2026-05-06T13:08:58.892+0000] {logging_mixin.py:188} INFO - [2026-05-06T13:08:58.870+0000] {dagbag.py:355} ERROR - Failed to import: /opt/airflow/dags/stackoverflow_migration_dag.py
Traceback (most recent call last):
  File "/home/airflow/.local/lib/python3.12/site-packages/airflow/models/dagbag.py", line 351, in parse
    loader.exec_module(new_module)
  File "<frozen importlib._bootstrap_external>", line 995, in exec_module
  File "<frozen importlib._bootstrap>", line 488, in _call_with_frames_removed
  File "/opt/airflow/dags/stackoverflow_migration_dag.py", line 17, in <module>
    OPENAI_KEY = Variable.get("openai_test_key")
                 ^^^^^^^^^^^^^^^^^^^^^^^^^^^^^^^
  File "/home/airflow/.local/lib/python3.12/site-packages/airflow/models/variable.py", line 143, in get
    raise KeyError(f"Variable {key} does not exist")
KeyError: 'Variable openai_test_key does not exist'
[2026-05-06T13:08:58.899+0000] {processor.py:842} WARNING - No viable dags retrieved from /opt/airflow/dags/stackoverflow_migration_dag.py
[2026-05-06T13:08:58.942+0000] {processor.py:183} INFO - Processing /opt/airflow/dags/stackoverflow_migration_dag.py took 1.883 seconds
[2026-05-06T13:09:29.460+0000] {processor.py:161} INFO - Started process (PID=179) to work on /opt/airflow/dags/stackoverflow_migration_dag.py
[2026-05-06T13:09:29.463+0000] {processor.py:830} INFO - Processing file /opt/airflow/dags/stackoverflow_migration_dag.py for tasks to queue
[2026-05-06T13:09:29.468+0000] {logging_mixin.py:188} INFO - [2026-05-06T13:09:29.467+0000] {dagbag.py:545} INFO - Filling up the DagBag from /opt/airflow/dags/stackoverflow_migration_dag.py
[2026-05-06T13:09:31.245+0000] {logging_mixin.py:188} INFO - [2026-05-06T13:09:31.226+0000] {dagbag.py:355} ERROR - Failed to import: /opt/airflow/dags/stackoverflow_migration_dag.py
Traceback (most recent call last):
  File "/home/airflow/.local/lib/python3.12/site-packages/airflow/models/dagbag.py", line 351, in parse
    loader.exec_module(new_module)
  File "<frozen importlib._bootstrap_external>", line 995, in exec_module
  File "<frozen importlib._bootstrap>", line 488, in _call_with_frames_removed
  File "/opt/airflow/dags/stackoverflow_migration_dag.py", line 17, in <module>
    OPENAI_KEY = Variable.get("openai_test_key")
                 ^^^^^^^^^^^^^^^^^^^^^^^^^^^^^^^
  File "/home/airflow/.local/lib/python3.12/site-packages/airflow/models/variable.py", line 143, in get
    raise KeyError(f"Variable {key} does not exist")
KeyError: 'Variable openai_test_key does not exist'
[2026-05-06T13:09:31.251+0000] {processor.py:842} WARNING - No viable dags retrieved from /opt/airflow/dags/stackoverflow_migration_dag.py
[2026-05-06T13:09:31.285+0000] {processor.py:183} INFO - Processing /opt/airflow/dags/stackoverflow_migration_dag.py took 1.834 seconds
[2026-05-06T13:10:01.821+0000] {processor.py:161} INFO - Started process (PID=184) to work on /opt/airflow/dags/stackoverflow_migration_dag.py
[2026-05-06T13:10:01.823+0000] {processor.py:830} INFO - Processing file /opt/airflow/dags/stackoverflow_migration_dag.py for tasks to queue
[2026-05-06T13:10:01.826+0000] {logging_mixin.py:188} INFO - [2026-05-06T13:10:01.825+0000] {dagbag.py:545} INFO - Filling up the DagBag from /opt/airflow/dags/stackoverflow_migration_dag.py
[2026-05-06T13:10:03.631+0000] {logging_mixin.py:188} INFO - [2026-05-06T13:10:03.612+0000] {dagbag.py:355} ERROR - Failed to import: /opt/airflow/dags/stackoverflow_migration_dag.py
Traceback (most recent call last):
  File "/home/airflow/.local/lib/python3.12/site-packages/airflow/models/dagbag.py", line 351, in parse
    loader.exec_module(new_module)
  File "<frozen importlib._bootstrap_external>", line 995, in exec_module
  File "<frozen importlib._bootstrap>", line 488, in _call_with_frames_removed
  File "/opt/airflow/dags/stackoverflow_migration_dag.py", line 17, in <module>
    OPENAI_KEY = Variable.get("openai_test_key")
                 ^^^^^^^^^^^^^^^^^^^^^^^^^^^^^^^
  File "/home/airflow/.local/lib/python3.12/site-packages/airflow/models/variable.py", line 143, in get
    raise KeyError(f"Variable {key} does not exist")
KeyError: 'Variable openai_test_key does not exist'
[2026-05-06T13:10:03.636+0000] {processor.py:842} WARNING - No viable dags retrieved from /opt/airflow/dags/stackoverflow_migration_dag.py
[2026-05-06T13:10:03.672+0000] {processor.py:183} INFO - Processing /opt/airflow/dags/stackoverflow_migration_dag.py took 1.859 seconds
[2026-05-06T13:10:34.199+0000] {processor.py:161} INFO - Started process (PID=189) to work on /opt/airflow/dags/stackoverflow_migration_dag.py
[2026-05-06T13:10:34.207+0000] {processor.py:830} INFO - Processing file /opt/airflow/dags/stackoverflow_migration_dag.py for tasks to queue
[2026-05-06T13:10:34.216+0000] {logging_mixin.py:188} INFO - [2026-05-06T13:10:34.215+0000] {dagbag.py:545} INFO - Filling up the DagBag from /opt/airflow/dags/stackoverflow_migration_dag.py
[2026-05-06T13:10:36.358+0000] {logging_mixin.py:188} INFO - [2026-05-06T13:10:36.346+0000] {dagbag.py:355} ERROR - Failed to import: /opt/airflow/dags/stackoverflow_migration_dag.py
Traceback (most recent call last):
  File "/home/airflow/.local/lib/python3.12/site-packages/airflow/models/dagbag.py", line 351, in parse
    loader.exec_module(new_module)
  File "<frozen importlib._bootstrap_external>", line 995, in exec_module
  File "<frozen importlib._bootstrap>", line 488, in _call_with_frames_removed
  File "/opt/airflow/dags/stackoverflow_migration_dag.py", line 17, in <module>
    OPENAI_KEY = Variable.get("openai_test_key")
                 ^^^^^^^^^^^^^^^^^^^^^^^^^^^^^^^
  File "/home/airflow/.local/lib/python3.12/site-packages/airflow/models/variable.py", line 143, in get
    raise KeyError(f"Variable {key} does not exist")
KeyError: 'Variable openai_test_key does not exist'
[2026-05-06T13:10:36.363+0000] {processor.py:842} WARNING - No viable dags retrieved from /opt/airflow/dags/stackoverflow_migration_dag.py
[2026-05-06T13:10:36.408+0000] {processor.py:183} INFO - Processing /opt/airflow/dags/stackoverflow_migration_dag.py took 2.229 seconds
[2026-05-06T13:13:43.025+0000] {processor.py:161} INFO - Started process (PID=164) to work on /opt/airflow/dags/stackoverflow_migration_dag.py
[2026-05-06T13:13:43.027+0000] {processor.py:830} INFO - Processing file /opt/airflow/dags/stackoverflow_migration_dag.py for tasks to queue
[2026-05-06T13:13:43.031+0000] {logging_mixin.py:188} INFO - [2026-05-06T13:13:43.030+0000] {dagbag.py:545} INFO - Filling up the DagBag from /opt/airflow/dags/stackoverflow_migration_dag.py
[2026-05-06T13:13:45.596+0000] {logging_mixin.py:188} INFO - [2026-05-06T13:13:45.581+0000] {dagbag.py:355} ERROR - Failed to import: /opt/airflow/dags/stackoverflow_migration_dag.py
Traceback (most recent call last):
  File "/home/airflow/.local/lib/python3.12/site-packages/airflow/models/dagbag.py", line 351, in parse
    loader.exec_module(new_module)
  File "<frozen importlib._bootstrap_external>", line 995, in exec_module
  File "<frozen importlib._bootstrap>", line 488, in _call_with_frames_removed
  File "/opt/airflow/dags/stackoverflow_migration_dag.py", line 17, in <module>
    OPENAI_KEY = Variable.get("openai_test_key")
                 ^^^^^^^^^^^^^^^^^^^^^^^^^^^^^^^
  File "/home/airflow/.local/lib/python3.12/site-packages/airflow/models/variable.py", line 143, in get
    raise KeyError(f"Variable {key} does not exist")
KeyError: 'Variable openai_test_key does not exist'
[2026-05-06T13:13:45.601+0000] {processor.py:842} WARNING - No viable dags retrieved from /opt/airflow/dags/stackoverflow_migration_dag.py
[2026-05-06T13:13:45.635+0000] {processor.py:183} INFO - Processing /opt/airflow/dags/stackoverflow_migration_dag.py took 2.631 seconds
[2026-05-06T13:14:16.105+0000] {processor.py:161} INFO - Started process (PID=169) to work on /opt/airflow/dags/stackoverflow_migration_dag.py
[2026-05-06T13:14:16.107+0000] {processor.py:830} INFO - Processing file /opt/airflow/dags/stackoverflow_migration_dag.py for tasks to queue
[2026-05-06T13:14:16.111+0000] {logging_mixin.py:188} INFO - [2026-05-06T13:14:16.110+0000] {dagbag.py:545} INFO - Filling up the DagBag from /opt/airflow/dags/stackoverflow_migration_dag.py
[2026-05-06T13:14:18.345+0000] {logging_mixin.py:188} INFO - [2026-05-06T13:14:18.328+0000] {dagbag.py:355} ERROR - Failed to import: /opt/airflow/dags/stackoverflow_migration_dag.py
Traceback (most recent call last):
  File "/home/airflow/.local/lib/python3.12/site-packages/airflow/models/dagbag.py", line 351, in parse
    loader.exec_module(new_module)
  File "<frozen importlib._bootstrap_external>", line 995, in exec_module
  File "<frozen importlib._bootstrap>", line 488, in _call_with_frames_removed
  File "/opt/airflow/dags/stackoverflow_migration_dag.py", line 17, in <module>
    OPENAI_KEY = Variable.get("openai_test_key")
                 ^^^^^^^^^^^^^^^^^^^^^^^^^^^^^^^
  File "/home/airflow/.local/lib/python3.12/site-packages/airflow/models/variable.py", line 143, in get
    raise KeyError(f"Variable {key} does not exist")
KeyError: 'Variable openai_test_key does not exist'
[2026-05-06T13:14:18.351+0000] {processor.py:842} WARNING - No viable dags retrieved from /opt/airflow/dags/stackoverflow_migration_dag.py
[2026-05-06T13:14:18.395+0000] {processor.py:183} INFO - Processing /opt/airflow/dags/stackoverflow_migration_dag.py took 2.301 seconds
[2026-05-06T13:14:49.050+0000] {processor.py:161} INFO - Started process (PID=174) to work on /opt/airflow/dags/stackoverflow_migration_dag.py
[2026-05-06T13:14:49.054+0000] {processor.py:830} INFO - Processing file /opt/airflow/dags/stackoverflow_migration_dag.py for tasks to queue
[2026-05-06T13:14:49.062+0000] {logging_mixin.py:188} INFO - [2026-05-06T13:14:49.061+0000] {dagbag.py:545} INFO - Filling up the DagBag from /opt/airflow/dags/stackoverflow_migration_dag.py
[2026-05-06T13:14:51.291+0000] {logging_mixin.py:188} INFO - [2026-05-06T13:14:51.272+0000] {dagbag.py:355} ERROR - Failed to import: /opt/airflow/dags/stackoverflow_migration_dag.py
Traceback (most recent call last):
  File "/home/airflow/.local/lib/python3.12/site-packages/airflow/models/dagbag.py", line 351, in parse
    loader.exec_module(new_module)
  File "<frozen importlib._bootstrap_external>", line 995, in exec_module
  File "<frozen importlib._bootstrap>", line 488, in _call_with_frames_removed
  File "/opt/airflow/dags/stackoverflow_migration_dag.py", line 17, in <module>
    OPENAI_KEY = Variable.get("openai_test_key")
                 ^^^^^^^^^^^^^^^^^^^^^^^^^^^^^^^
  File "/home/airflow/.local/lib/python3.12/site-packages/airflow/models/variable.py", line 143, in get
    raise KeyError(f"Variable {key} does not exist")
KeyError: 'Variable openai_test_key does not exist'
[2026-05-06T13:14:51.298+0000] {processor.py:842} WARNING - No viable dags retrieved from /opt/airflow/dags/stackoverflow_migration_dag.py
[2026-05-06T13:14:51.338+0000] {processor.py:183} INFO - Processing /opt/airflow/dags/stackoverflow_migration_dag.py took 2.309 seconds
[2026-05-06T13:22:27.053+0000] {processor.py:161} INFO - Started process (PID=164) to work on /opt/airflow/dags/stackoverflow_migration_dag.py
[2026-05-06T13:22:27.055+0000] {processor.py:830} INFO - Processing file /opt/airflow/dags/stackoverflow_migration_dag.py for tasks to queue
[2026-05-06T13:22:27.057+0000] {logging_mixin.py:188} INFO - [2026-05-06T13:22:27.057+0000] {dagbag.py:545} INFO - Filling up the DagBag from /opt/airflow/dags/stackoverflow_migration_dag.py
[2026-05-06T13:22:29.278+0000] {logging_mixin.py:188} INFO - [2026-05-06T13:22:29.266+0000] {dagbag.py:355} ERROR - Failed to import: /opt/airflow/dags/stackoverflow_migration_dag.py
Traceback (most recent call last):
  File "/home/airflow/.local/lib/python3.12/site-packages/airflow/models/dagbag.py", line 351, in parse
    loader.exec_module(new_module)
  File "<frozen importlib._bootstrap_external>", line 995, in exec_module
  File "<frozen importlib._bootstrap>", line 488, in _call_with_frames_removed
  File "/opt/airflow/dags/stackoverflow_migration_dag.py", line 18, in <module>
    OPENAI_KEY = Variable.get("openai_test_key")
                 ^^^^^^^^^^^^^^^^^^^^^^^^^^^^^^^
  File "/home/airflow/.local/lib/python3.12/site-packages/airflow/models/variable.py", line 143, in get
    raise KeyError(f"Variable {key} does not exist")
KeyError: 'Variable openai_test_key does not exist'
[2026-05-06T13:22:29.282+0000] {processor.py:842} WARNING - No viable dags retrieved from /opt/airflow/dags/stackoverflow_migration_dag.py
[2026-05-06T13:22:29.311+0000] {processor.py:183} INFO - Processing /opt/airflow/dags/stackoverflow_migration_dag.py took 2.267 seconds
[2026-05-06T13:22:59.596+0000] {processor.py:161} INFO - Started process (PID=169) to work on /opt/airflow/dags/stackoverflow_migration_dag.py
[2026-05-06T13:22:59.599+0000] {processor.py:830} INFO - Processing file /opt/airflow/dags/stackoverflow_migration_dag.py for tasks to queue
[2026-05-06T13:22:59.606+0000] {logging_mixin.py:188} INFO - [2026-05-06T13:22:59.605+0000] {dagbag.py:545} INFO - Filling up the DagBag from /opt/airflow/dags/stackoverflow_migration_dag.py
[2026-05-06T13:23:01.625+0000] {logging_mixin.py:188} INFO - [2026-05-06T13:23:01.608+0000] {dagbag.py:355} ERROR - Failed to import: /opt/airflow/dags/stackoverflow_migration_dag.py
Traceback (most recent call last):
  File "/home/airflow/.local/lib/python3.12/site-packages/airflow/models/dagbag.py", line 351, in parse
    loader.exec_module(new_module)
  File "<frozen importlib._bootstrap_external>", line 995, in exec_module
  File "<frozen importlib._bootstrap>", line 488, in _call_with_frames_removed
  File "/opt/airflow/dags/stackoverflow_migration_dag.py", line 18, in <module>
    OPENAI_KEY = Variable.get("openai_test_key")
                 ^^^^^^^^^^^^^^^^^^^^^^^^^^^^^^^
  File "/home/airflow/.local/lib/python3.12/site-packages/airflow/models/variable.py", line 143, in get
    raise KeyError(f"Variable {key} does not exist")
KeyError: 'Variable openai_test_key does not exist'
[2026-05-06T13:23:01.631+0000] {processor.py:842} WARNING - No viable dags retrieved from /opt/airflow/dags/stackoverflow_migration_dag.py
[2026-05-06T13:23:01.674+0000] {processor.py:183} INFO - Processing /opt/airflow/dags/stackoverflow_migration_dag.py took 2.099 seconds
[2026-05-06T13:23:32.021+0000] {processor.py:161} INFO - Started process (PID=174) to work on /opt/airflow/dags/stackoverflow_migration_dag.py
[2026-05-06T13:23:32.023+0000] {processor.py:830} INFO - Processing file /opt/airflow/dags/stackoverflow_migration_dag.py for tasks to queue
[2026-05-06T13:23:32.026+0000] {logging_mixin.py:188} INFO - [2026-05-06T13:23:32.026+0000] {dagbag.py:545} INFO - Filling up the DagBag from /opt/airflow/dags/stackoverflow_migration_dag.py
[2026-05-06T13:23:33.929+0000] {logging_mixin.py:188} INFO - [2026-05-06T13:23:33.909+0000] {dagbag.py:355} ERROR - Failed to import: /opt/airflow/dags/stackoverflow_migration_dag.py
Traceback (most recent call last):
  File "/home/airflow/.local/lib/python3.12/site-packages/airflow/models/dagbag.py", line 351, in parse
    loader.exec_module(new_module)
  File "<frozen importlib._bootstrap_external>", line 995, in exec_module
  File "<frozen importlib._bootstrap>", line 488, in _call_with_frames_removed
  File "/opt/airflow/dags/stackoverflow_migration_dag.py", line 18, in <module>
    OPENAI_KEY = Variable.get("openai_test_key")
                 ^^^^^^^^^^^^^^^^^^^^^^^^^^^^^^^
  File "/home/airflow/.local/lib/python3.12/site-packages/airflow/models/variable.py", line 143, in get
    raise KeyError(f"Variable {key} does not exist")
KeyError: 'Variable openai_test_key does not exist'
[2026-05-06T13:23:33.935+0000] {processor.py:842} WARNING - No viable dags retrieved from /opt/airflow/dags/stackoverflow_migration_dag.py
[2026-05-06T13:23:33.976+0000] {processor.py:183} INFO - Processing /opt/airflow/dags/stackoverflow_migration_dag.py took 1.966 seconds
[2026-05-06T13:24:04.526+0000] {processor.py:161} INFO - Started process (PID=179) to work on /opt/airflow/dags/stackoverflow_migration_dag.py
[2026-05-06T13:24:04.529+0000] {processor.py:830} INFO - Processing file /opt/airflow/dags/stackoverflow_migration_dag.py for tasks to queue
[2026-05-06T13:24:04.534+0000] {logging_mixin.py:188} INFO - [2026-05-06T13:24:04.533+0000] {dagbag.py:545} INFO - Filling up the DagBag from /opt/airflow/dags/stackoverflow_migration_dag.py
[2026-05-06T13:24:06.756+0000] {logging_mixin.py:188} INFO - [2026-05-06T13:24:06.737+0000] {dagbag.py:355} ERROR - Failed to import: /opt/airflow/dags/stackoverflow_migration_dag.py
Traceback (most recent call last):
  File "/home/airflow/.local/lib/python3.12/site-packages/airflow/models/dagbag.py", line 351, in parse
    loader.exec_module(new_module)
  File "<frozen importlib._bootstrap_external>", line 995, in exec_module
  File "<frozen importlib._bootstrap>", line 488, in _call_with_frames_removed
  File "/opt/airflow/dags/stackoverflow_migration_dag.py", line 18, in <module>
    OPENAI_KEY = Variable.get("openai_test_key")
                 ^^^^^^^^^^^^^^^^^^^^^^^^^^^^^^^
  File "/home/airflow/.local/lib/python3.12/site-packages/airflow/models/variable.py", line 143, in get
    raise KeyError(f"Variable {key} does not exist")
KeyError: 'Variable openai_test_key does not exist'
[2026-05-06T13:24:06.774+0000] {processor.py:842} WARNING - No viable dags retrieved from /opt/airflow/dags/stackoverflow_migration_dag.py
[2026-05-06T13:24:06.822+0000] {processor.py:183} INFO - Processing /opt/airflow/dags/stackoverflow_migration_dag.py took 2.308 seconds
[2026-05-06T13:24:37.014+0000] {processor.py:161} INFO - Started process (PID=184) to work on /opt/airflow/dags/stackoverflow_migration_dag.py
[2026-05-06T13:24:37.017+0000] {processor.py:830} INFO - Processing file /opt/airflow/dags/stackoverflow_migration_dag.py for tasks to queue
[2026-05-06T13:24:37.022+0000] {logging_mixin.py:188} INFO - [2026-05-06T13:24:37.021+0000] {dagbag.py:545} INFO - Filling up the DagBag from /opt/airflow/dags/stackoverflow_migration_dag.py
[2026-05-06T13:24:39.349+0000] {logging_mixin.py:188} INFO - [2026-05-06T13:24:39.328+0000] {dagbag.py:355} ERROR - Failed to import: /opt/airflow/dags/stackoverflow_migration_dag.py
Traceback (most recent call last):
  File "/home/airflow/.local/lib/python3.12/site-packages/airflow/models/dagbag.py", line 351, in parse
    loader.exec_module(new_module)
  File "<frozen importlib._bootstrap_external>", line 995, in exec_module
  File "<frozen importlib._bootstrap>", line 488, in _call_with_frames_removed
  File "/opt/airflow/dags/stackoverflow_migration_dag.py", line 18, in <module>
    OPENAI_KEY = Variable.get("openai_test_key")
                 ^^^^^^^^^^^^^^^^^^^^^^^^^^^^^^^
  File "/home/airflow/.local/lib/python3.12/site-packages/airflow/models/variable.py", line 143, in get
    raise KeyError(f"Variable {key} does not exist")
KeyError: 'Variable openai_test_key does not exist'
[2026-05-06T13:24:39.358+0000] {processor.py:842} WARNING - No viable dags retrieved from /opt/airflow/dags/stackoverflow_migration_dag.py
[2026-05-06T13:24:39.419+0000] {processor.py:183} INFO - Processing /opt/airflow/dags/stackoverflow_migration_dag.py took 2.416 seconds
[2026-05-06T13:25:09.900+0000] {processor.py:161} INFO - Started process (PID=189) to work on /opt/airflow/dags/stackoverflow_migration_dag.py
[2026-05-06T13:25:09.903+0000] {processor.py:830} INFO - Processing file /opt/airflow/dags/stackoverflow_migration_dag.py for tasks to queue
[2026-05-06T13:25:09.909+0000] {logging_mixin.py:188} INFO - [2026-05-06T13:25:09.907+0000] {dagbag.py:545} INFO - Filling up the DagBag from /opt/airflow/dags/stackoverflow_migration_dag.py
[2026-05-06T13:25:13.089+0000] {logging_mixin.py:188} INFO - [2026-05-06T13:25:13.049+0000] {dagbag.py:355} ERROR - Failed to import: /opt/airflow/dags/stackoverflow_migration_dag.py
Traceback (most recent call last):
  File "/home/airflow/.local/lib/python3.12/site-packages/airflow/models/dagbag.py", line 351, in parse
    loader.exec_module(new_module)
  File "<frozen importlib._bootstrap_external>", line 995, in exec_module
  File "<frozen importlib._bootstrap>", line 488, in _call_with_frames_removed
  File "/opt/airflow/dags/stackoverflow_migration_dag.py", line 18, in <module>
    OPENAI_KEY = Variable.get("openai_test_key")
                 ^^^^^^^^^^^^^^^^^^^^^^^^^^^^^^^
  File "/home/airflow/.local/lib/python3.12/site-packages/airflow/models/variable.py", line 143, in get
    raise KeyError(f"Variable {key} does not exist")
KeyError: 'Variable openai_test_key does not exist'
[2026-05-06T13:25:13.095+0000] {processor.py:842} WARNING - No viable dags retrieved from /opt/airflow/dags/stackoverflow_migration_dag.py
[2026-05-06T13:25:13.175+0000] {processor.py:183} INFO - Processing /opt/airflow/dags/stackoverflow_migration_dag.py took 3.291 seconds
[2026-05-06T13:25:43.602+0000] {processor.py:161} INFO - Started process (PID=194) to work on /opt/airflow/dags/stackoverflow_migration_dag.py
[2026-05-06T13:25:43.607+0000] {processor.py:830} INFO - Processing file /opt/airflow/dags/stackoverflow_migration_dag.py for tasks to queue
[2026-05-06T13:25:43.618+0000] {logging_mixin.py:188} INFO - [2026-05-06T13:25:43.617+0000] {dagbag.py:545} INFO - Filling up the DagBag from /opt/airflow/dags/stackoverflow_migration_dag.py
[2026-05-06T13:25:45.996+0000] {logging_mixin.py:188} INFO - [2026-05-06T13:25:45.970+0000] {dagbag.py:355} ERROR - Failed to import: /opt/airflow/dags/stackoverflow_migration_dag.py
Traceback (most recent call last):
  File "/home/airflow/.local/lib/python3.12/site-packages/airflow/models/dagbag.py", line 351, in parse
    loader.exec_module(new_module)
  File "<frozen importlib._bootstrap_external>", line 995, in exec_module
  File "<frozen importlib._bootstrap>", line 488, in _call_with_frames_removed
  File "/opt/airflow/dags/stackoverflow_migration_dag.py", line 18, in <module>
    OPENAI_KEY = Variable.get("openai_test_key")
                 ^^^^^^^^^^^^^^^^^^^^^^^^^^^^^^^
  File "/home/airflow/.local/lib/python3.12/site-packages/airflow/models/variable.py", line 143, in get
    raise KeyError(f"Variable {key} does not exist")
KeyError: 'Variable openai_test_key does not exist'
[2026-05-06T13:25:46.003+0000] {processor.py:842} WARNING - No viable dags retrieved from /opt/airflow/dags/stackoverflow_migration_dag.py
[2026-05-06T13:25:46.033+0000] {processor.py:183} INFO - Processing /opt/airflow/dags/stackoverflow_migration_dag.py took 2.463 seconds
[2026-05-06T13:26:16.423+0000] {processor.py:161} INFO - Started process (PID=199) to work on /opt/airflow/dags/stackoverflow_migration_dag.py
[2026-05-06T13:26:16.425+0000] {processor.py:830} INFO - Processing file /opt/airflow/dags/stackoverflow_migration_dag.py for tasks to queue
[2026-05-06T13:26:16.432+0000] {logging_mixin.py:188} INFO - [2026-05-06T13:26:16.431+0000] {dagbag.py:545} INFO - Filling up the DagBag from /opt/airflow/dags/stackoverflow_migration_dag.py
[2026-05-06T13:26:18.298+0000] {logging_mixin.py:188} INFO - [2026-05-06T13:26:18.286+0000] {dagbag.py:355} ERROR - Failed to import: /opt/airflow/dags/stackoverflow_migration_dag.py
Traceback (most recent call last):
  File "/home/airflow/.local/lib/python3.12/site-packages/airflow/models/dagbag.py", line 351, in parse
    loader.exec_module(new_module)
  File "<frozen importlib._bootstrap_external>", line 995, in exec_module
  File "<frozen importlib._bootstrap>", line 488, in _call_with_frames_removed
  File "/opt/airflow/dags/stackoverflow_migration_dag.py", line 18, in <module>
    OPENAI_KEY = Variable.get("openai_test_key")
                 ^^^^^^^^^^^^^^^^^^^^^^^^^^^^^^^
  File "/home/airflow/.local/lib/python3.12/site-packages/airflow/models/variable.py", line 143, in get
    raise KeyError(f"Variable {key} does not exist")
KeyError: 'Variable openai_test_key does not exist'
[2026-05-06T13:26:18.302+0000] {processor.py:842} WARNING - No viable dags retrieved from /opt/airflow/dags/stackoverflow_migration_dag.py
[2026-05-06T13:26:18.334+0000] {processor.py:183} INFO - Processing /opt/airflow/dags/stackoverflow_migration_dag.py took 1.928 seconds
[2026-05-06T13:26:48.984+0000] {processor.py:161} INFO - Started process (PID=204) to work on /opt/airflow/dags/stackoverflow_migration_dag.py
[2026-05-06T13:26:48.986+0000] {processor.py:830} INFO - Processing file /opt/airflow/dags/stackoverflow_migration_dag.py for tasks to queue
[2026-05-06T13:26:48.992+0000] {logging_mixin.py:188} INFO - [2026-05-06T13:26:48.991+0000] {dagbag.py:545} INFO - Filling up the DagBag from /opt/airflow/dags/stackoverflow_migration_dag.py
[2026-05-06T13:26:51.127+0000] {logging_mixin.py:188} INFO - [2026-05-06T13:26:51.108+0000] {dagbag.py:355} ERROR - Failed to import: /opt/airflow/dags/stackoverflow_migration_dag.py
Traceback (most recent call last):
  File "/home/airflow/.local/lib/python3.12/site-packages/airflow/models/dagbag.py", line 351, in parse
    loader.exec_module(new_module)
  File "<frozen importlib._bootstrap_external>", line 995, in exec_module
  File "<frozen importlib._bootstrap>", line 488, in _call_with_frames_removed
  File "/opt/airflow/dags/stackoverflow_migration_dag.py", line 18, in <module>
    OPENAI_KEY = Variable.get("openai_test_key")
                 ^^^^^^^^^^^^^^^^^^^^^^^^^^^^^^^
  File "/home/airflow/.local/lib/python3.12/site-packages/airflow/models/variable.py", line 143, in get
    raise KeyError(f"Variable {key} does not exist")
KeyError: 'Variable openai_test_key does not exist'
[2026-05-06T13:26:51.133+0000] {processor.py:842} WARNING - No viable dags retrieved from /opt/airflow/dags/stackoverflow_migration_dag.py
[2026-05-06T13:26:51.175+0000] {processor.py:183} INFO - Processing /opt/airflow/dags/stackoverflow_migration_dag.py took 2.206 seconds
[2026-05-06T13:27:21.518+0000] {processor.py:161} INFO - Started process (PID=209) to work on /opt/airflow/dags/stackoverflow_migration_dag.py
[2026-05-06T13:27:21.520+0000] {processor.py:830} INFO - Processing file /opt/airflow/dags/stackoverflow_migration_dag.py for tasks to queue
[2026-05-06T13:27:21.525+0000] {logging_mixin.py:188} INFO - [2026-05-06T13:27:21.524+0000] {dagbag.py:545} INFO - Filling up the DagBag from /opt/airflow/dags/stackoverflow_migration_dag.py
[2026-05-06T13:27:23.412+0000] {logging_mixin.py:188} INFO - [2026-05-06T13:27:23.392+0000] {dagbag.py:355} ERROR - Failed to import: /opt/airflow/dags/stackoverflow_migration_dag.py
Traceback (most recent call last):
  File "/home/airflow/.local/lib/python3.12/site-packages/airflow/models/dagbag.py", line 351, in parse
    loader.exec_module(new_module)
  File "<frozen importlib._bootstrap_external>", line 995, in exec_module
  File "<frozen importlib._bootstrap>", line 488, in _call_with_frames_removed
  File "/opt/airflow/dags/stackoverflow_migration_dag.py", line 18, in <module>
    OPENAI_KEY = Variable.get("openai_test_key")
                 ^^^^^^^^^^^^^^^^^^^^^^^^^^^^^^^
  File "/home/airflow/.local/lib/python3.12/site-packages/airflow/models/variable.py", line 143, in get
    raise KeyError(f"Variable {key} does not exist")
KeyError: 'Variable openai_test_key does not exist'
[2026-05-06T13:27:23.418+0000] {processor.py:842} WARNING - No viable dags retrieved from /opt/airflow/dags/stackoverflow_migration_dag.py
[2026-05-06T13:27:23.468+0000] {processor.py:183} INFO - Processing /opt/airflow/dags/stackoverflow_migration_dag.py took 1.974 seconds
[2026-05-06T13:27:54.198+0000] {processor.py:161} INFO - Started process (PID=214) to work on /opt/airflow/dags/stackoverflow_migration_dag.py
[2026-05-06T13:27:54.201+0000] {processor.py:830} INFO - Processing file /opt/airflow/dags/stackoverflow_migration_dag.py for tasks to queue
[2026-05-06T13:27:54.206+0000] {logging_mixin.py:188} INFO - [2026-05-06T13:27:54.205+0000] {dagbag.py:545} INFO - Filling up the DagBag from /opt/airflow/dags/stackoverflow_migration_dag.py
[2026-05-06T13:27:56.251+0000] {logging_mixin.py:188} INFO - [2026-05-06T13:27:56.231+0000] {dagbag.py:355} ERROR - Failed to import: /opt/airflow/dags/stackoverflow_migration_dag.py
Traceback (most recent call last):
  File "/home/airflow/.local/lib/python3.12/site-packages/airflow/models/dagbag.py", line 351, in parse
    loader.exec_module(new_module)
  File "<frozen importlib._bootstrap_external>", line 995, in exec_module
  File "<frozen importlib._bootstrap>", line 488, in _call_with_frames_removed
  File "/opt/airflow/dags/stackoverflow_migration_dag.py", line 18, in <module>
    OPENAI_KEY = Variable.get("openai_test_key")
                 ^^^^^^^^^^^^^^^^^^^^^^^^^^^^^^^
  File "/home/airflow/.local/lib/python3.12/site-packages/airflow/models/variable.py", line 143, in get
    raise KeyError(f"Variable {key} does not exist")
KeyError: 'Variable openai_test_key does not exist'
[2026-05-06T13:27:56.257+0000] {processor.py:842} WARNING - No viable dags retrieved from /opt/airflow/dags/stackoverflow_migration_dag.py
[2026-05-06T13:27:56.289+0000] {processor.py:183} INFO - Processing /opt/airflow/dags/stackoverflow_migration_dag.py took 2.106 seconds
[2026-05-06T13:28:26.721+0000] {processor.py:161} INFO - Started process (PID=219) to work on /opt/airflow/dags/stackoverflow_migration_dag.py
[2026-05-06T13:28:26.724+0000] {processor.py:830} INFO - Processing file /opt/airflow/dags/stackoverflow_migration_dag.py for tasks to queue
[2026-05-06T13:28:26.729+0000] {logging_mixin.py:188} INFO - [2026-05-06T13:28:26.728+0000] {dagbag.py:545} INFO - Filling up the DagBag from /opt/airflow/dags/stackoverflow_migration_dag.py
[2026-05-06T13:28:28.646+0000] {logging_mixin.py:188} INFO - [2026-05-06T13:28:28.628+0000] {dagbag.py:355} ERROR - Failed to import: /opt/airflow/dags/stackoverflow_migration_dag.py
Traceback (most recent call last):
  File "/home/airflow/.local/lib/python3.12/site-packages/airflow/models/dagbag.py", line 351, in parse
    loader.exec_module(new_module)
  File "<frozen importlib._bootstrap_external>", line 995, in exec_module
  File "<frozen importlib._bootstrap>", line 488, in _call_with_frames_removed
  File "/opt/airflow/dags/stackoverflow_migration_dag.py", line 18, in <module>
    OPENAI_KEY = Variable.get("openai_test_key")
                 ^^^^^^^^^^^^^^^^^^^^^^^^^^^^^^^
  File "/home/airflow/.local/lib/python3.12/site-packages/airflow/models/variable.py", line 143, in get
    raise KeyError(f"Variable {key} does not exist")
KeyError: 'Variable openai_test_key does not exist'
[2026-05-06T13:28:28.653+0000] {processor.py:842} WARNING - No viable dags retrieved from /opt/airflow/dags/stackoverflow_migration_dag.py
[2026-05-06T13:28:28.700+0000] {processor.py:183} INFO - Processing /opt/airflow/dags/stackoverflow_migration_dag.py took 1.993 seconds
[2026-05-06T13:28:59.329+0000] {processor.py:161} INFO - Started process (PID=224) to work on /opt/airflow/dags/stackoverflow_migration_dag.py
[2026-05-06T13:28:59.331+0000] {processor.py:830} INFO - Processing file /opt/airflow/dags/stackoverflow_migration_dag.py for tasks to queue
[2026-05-06T13:28:59.336+0000] {logging_mixin.py:188} INFO - [2026-05-06T13:28:59.335+0000] {dagbag.py:545} INFO - Filling up the DagBag from /opt/airflow/dags/stackoverflow_migration_dag.py
[2026-05-06T13:33:25.993+0000] {processor.py:161} INFO - Started process (PID=164) to work on /opt/airflow/dags/stackoverflow_migration_dag.py
[2026-05-06T13:33:25.995+0000] {processor.py:830} INFO - Processing file /opt/airflow/dags/stackoverflow_migration_dag.py for tasks to queue
[2026-05-06T13:33:25.999+0000] {logging_mixin.py:188} INFO - [2026-05-06T13:33:25.998+0000] {dagbag.py:545} INFO - Filling up the DagBag from /opt/airflow/dags/stackoverflow_migration_dag.py
[2026-05-06T13:33:28.874+0000] {logging_mixin.py:188} INFO - [2026-05-06T13:33:28.861+0000] {dagbag.py:355} ERROR - Failed to import: /opt/airflow/dags/stackoverflow_migration_dag.py
Traceback (most recent call last):
  File "/home/airflow/.local/lib/python3.12/site-packages/airflow/models/dagbag.py", line 351, in parse
    loader.exec_module(new_module)
  File "<frozen importlib._bootstrap_external>", line 995, in exec_module
  File "<frozen importlib._bootstrap>", line 488, in _call_with_frames_removed
  File "/opt/airflow/dags/stackoverflow_migration_dag.py", line 18, in <module>
    OPENAI_KEY = Variable.get("openai_test_key")
                 ^^^^^^^^^^^^^^^^^^^^^^^^^^^^^^^
  File "/home/airflow/.local/lib/python3.12/site-packages/airflow/models/variable.py", line 143, in get
    raise KeyError(f"Variable {key} does not exist")
KeyError: 'Variable openai_test_key does not exist'
[2026-05-06T13:33:28.879+0000] {processor.py:842} WARNING - No viable dags retrieved from /opt/airflow/dags/stackoverflow_migration_dag.py
[2026-05-06T13:33:28.913+0000] {processor.py:183} INFO - Processing /opt/airflow/dags/stackoverflow_migration_dag.py took 2.940 seconds
[2026-05-06T13:33:59.720+0000] {processor.py:161} INFO - Started process (PID=169) to work on /opt/airflow/dags/stackoverflow_migration_dag.py
[2026-05-06T13:33:59.728+0000] {processor.py:830} INFO - Processing file /opt/airflow/dags/stackoverflow_migration_dag.py for tasks to queue
[2026-05-06T13:33:59.745+0000] {logging_mixin.py:188} INFO - [2026-05-06T13:33:59.742+0000] {dagbag.py:545} INFO - Filling up the DagBag from /opt/airflow/dags/stackoverflow_migration_dag.py
[2026-05-06T13:34:03.104+0000] {logging_mixin.py:188} INFO - [2026-05-06T13:34:03.080+0000] {dagbag.py:355} ERROR - Failed to import: /opt/airflow/dags/stackoverflow_migration_dag.py
Traceback (most recent call last):
  File "/home/airflow/.local/lib/python3.12/site-packages/airflow/models/dagbag.py", line 351, in parse
    loader.exec_module(new_module)
  File "<frozen importlib._bootstrap_external>", line 995, in exec_module
  File "<frozen importlib._bootstrap>", line 488, in _call_with_frames_removed
  File "/opt/airflow/dags/stackoverflow_migration_dag.py", line 18, in <module>
    OPENAI_KEY = Variable.get("openai_test_key")
                 ^^^^^^^^^^^^^^^^^^^^^^^^^^^^^^^
  File "/home/airflow/.local/lib/python3.12/site-packages/airflow/models/variable.py", line 143, in get
    raise KeyError(f"Variable {key} does not exist")
KeyError: 'Variable openai_test_key does not exist'
[2026-05-06T13:34:03.114+0000] {processor.py:842} WARNING - No viable dags retrieved from /opt/airflow/dags/stackoverflow_migration_dag.py
[2026-05-06T13:34:03.158+0000] {processor.py:183} INFO - Processing /opt/airflow/dags/stackoverflow_migration_dag.py took 3.490 seconds
[2026-05-06T13:34:33.942+0000] {processor.py:161} INFO - Started process (PID=174) to work on /opt/airflow/dags/stackoverflow_migration_dag.py
[2026-05-06T13:34:33.945+0000] {processor.py:830} INFO - Processing file /opt/airflow/dags/stackoverflow_migration_dag.py for tasks to queue
[2026-05-06T13:34:33.949+0000] {logging_mixin.py:188} INFO - [2026-05-06T13:34:33.949+0000] {dagbag.py:545} INFO - Filling up the DagBag from /opt/airflow/dags/stackoverflow_migration_dag.py
[2026-05-06T13:34:36.672+0000] {logging_mixin.py:188} INFO - [2026-05-06T13:34:36.660+0000] {dagbag.py:355} ERROR - Failed to import: /opt/airflow/dags/stackoverflow_migration_dag.py
Traceback (most recent call last):
  File "/home/airflow/.local/lib/python3.12/site-packages/airflow/models/dagbag.py", line 351, in parse
    loader.exec_module(new_module)
  File "<frozen importlib._bootstrap_external>", line 995, in exec_module
  File "<frozen importlib._bootstrap>", line 488, in _call_with_frames_removed
  File "/opt/airflow/dags/stackoverflow_migration_dag.py", line 18, in <module>
    OPENAI_KEY = Variable.get("openai_test_key")
                 ^^^^^^^^^^^^^^^^^^^^^^^^^^^^^^^
  File "/home/airflow/.local/lib/python3.12/site-packages/airflow/models/variable.py", line 143, in get
    raise KeyError(f"Variable {key} does not exist")
KeyError: 'Variable openai_test_key does not exist'
[2026-05-06T13:34:36.676+0000] {processor.py:842} WARNING - No viable dags retrieved from /opt/airflow/dags/stackoverflow_migration_dag.py
[2026-05-06T13:34:36.704+0000] {processor.py:183} INFO - Processing /opt/airflow/dags/stackoverflow_migration_dag.py took 2.781 seconds
[2026-05-06T13:35:07.425+0000] {processor.py:161} INFO - Started process (PID=179) to work on /opt/airflow/dags/stackoverflow_migration_dag.py
[2026-05-06T13:35:07.428+0000] {processor.py:830} INFO - Processing file /opt/airflow/dags/stackoverflow_migration_dag.py for tasks to queue
[2026-05-06T13:35:07.435+0000] {logging_mixin.py:188} INFO - [2026-05-06T13:35:07.434+0000] {dagbag.py:545} INFO - Filling up the DagBag from /opt/airflow/dags/stackoverflow_migration_dag.py
[2026-05-06T13:35:10.088+0000] {logging_mixin.py:188} INFO - [2026-05-06T13:35:10.072+0000] {dagbag.py:355} ERROR - Failed to import: /opt/airflow/dags/stackoverflow_migration_dag.py
Traceback (most recent call last):
  File "/home/airflow/.local/lib/python3.12/site-packages/airflow/models/dagbag.py", line 351, in parse
    loader.exec_module(new_module)
  File "<frozen importlib._bootstrap_external>", line 995, in exec_module
  File "<frozen importlib._bootstrap>", line 488, in _call_with_frames_removed
  File "/opt/airflow/dags/stackoverflow_migration_dag.py", line 18, in <module>
    OPENAI_KEY = Variable.get("openai_test_key")
                 ^^^^^^^^^^^^^^^^^^^^^^^^^^^^^^^
  File "/home/airflow/.local/lib/python3.12/site-packages/airflow/models/variable.py", line 143, in get
    raise KeyError(f"Variable {key} does not exist")
KeyError: 'Variable openai_test_key does not exist'
[2026-05-06T13:35:10.094+0000] {processor.py:842} WARNING - No viable dags retrieved from /opt/airflow/dags/stackoverflow_migration_dag.py
[2026-05-06T13:35:10.138+0000] {processor.py:183} INFO - Processing /opt/airflow/dags/stackoverflow_migration_dag.py took 2.727 seconds
[2026-05-06T13:35:40.484+0000] {processor.py:161} INFO - Started process (PID=184) to work on /opt/airflow/dags/stackoverflow_migration_dag.py
[2026-05-06T13:35:40.490+0000] {processor.py:830} INFO - Processing file /opt/airflow/dags/stackoverflow_migration_dag.py for tasks to queue
[2026-05-06T13:35:40.504+0000] {logging_mixin.py:188} INFO - [2026-05-06T13:35:40.502+0000] {dagbag.py:545} INFO - Filling up the DagBag from /opt/airflow/dags/stackoverflow_migration_dag.py
[2026-05-06T13:35:43.403+0000] {logging_mixin.py:188} INFO - [2026-05-06T13:35:43.373+0000] {dagbag.py:355} ERROR - Failed to import: /opt/airflow/dags/stackoverflow_migration_dag.py
Traceback (most recent call last):
  File "/home/airflow/.local/lib/python3.12/site-packages/airflow/models/dagbag.py", line 351, in parse
    loader.exec_module(new_module)
  File "<frozen importlib._bootstrap_external>", line 995, in exec_module
  File "<frozen importlib._bootstrap>", line 488, in _call_with_frames_removed
  File "/opt/airflow/dags/stackoverflow_migration_dag.py", line 18, in <module>
    OPENAI_KEY = Variable.get("openai_test_key")
                 ^^^^^^^^^^^^^^^^^^^^^^^^^^^^^^^
  File "/home/airflow/.local/lib/python3.12/site-packages/airflow/models/variable.py", line 143, in get
    raise KeyError(f"Variable {key} does not exist")
KeyError: 'Variable openai_test_key does not exist'
[2026-05-06T13:35:43.414+0000] {processor.py:842} WARNING - No viable dags retrieved from /opt/airflow/dags/stackoverflow_migration_dag.py
[2026-05-06T13:35:43.487+0000] {processor.py:183} INFO - Processing /opt/airflow/dags/stackoverflow_migration_dag.py took 3.037 seconds
[2026-05-06T13:36:14.061+0000] {processor.py:161} INFO - Started process (PID=189) to work on /opt/airflow/dags/stackoverflow_migration_dag.py
[2026-05-06T13:36:14.066+0000] {processor.py:830} INFO - Processing file /opt/airflow/dags/stackoverflow_migration_dag.py for tasks to queue
[2026-05-06T13:36:14.074+0000] {logging_mixin.py:188} INFO - [2026-05-06T13:36:14.073+0000] {dagbag.py:545} INFO - Filling up the DagBag from /opt/airflow/dags/stackoverflow_migration_dag.py
[2026-05-06T13:36:16.429+0000] {logging_mixin.py:188} INFO - [2026-05-06T13:36:16.416+0000] {dagbag.py:355} ERROR - Failed to import: /opt/airflow/dags/stackoverflow_migration_dag.py
Traceback (most recent call last):
  File "/home/airflow/.local/lib/python3.12/site-packages/airflow/models/dagbag.py", line 351, in parse
    loader.exec_module(new_module)
  File "<frozen importlib._bootstrap_external>", line 995, in exec_module
  File "<frozen importlib._bootstrap>", line 488, in _call_with_frames_removed
  File "/opt/airflow/dags/stackoverflow_migration_dag.py", line 18, in <module>
    OPENAI_KEY = Variable.get("openai_test_key")
                 ^^^^^^^^^^^^^^^^^^^^^^^^^^^^^^^
  File "/home/airflow/.local/lib/python3.12/site-packages/airflow/models/variable.py", line 143, in get
    raise KeyError(f"Variable {key} does not exist")
KeyError: 'Variable openai_test_key does not exist'
[2026-05-06T13:36:16.433+0000] {processor.py:842} WARNING - No viable dags retrieved from /opt/airflow/dags/stackoverflow_migration_dag.py
[2026-05-06T13:36:16.465+0000] {processor.py:183} INFO - Processing /opt/airflow/dags/stackoverflow_migration_dag.py took 2.434 seconds
[2026-05-06T13:36:46.756+0000] {processor.py:161} INFO - Started process (PID=194) to work on /opt/airflow/dags/stackoverflow_migration_dag.py
[2026-05-06T13:36:46.761+0000] {processor.py:830} INFO - Processing file /opt/airflow/dags/stackoverflow_migration_dag.py for tasks to queue
[2026-05-06T13:36:46.771+0000] {logging_mixin.py:188} INFO - [2026-05-06T13:36:46.769+0000] {dagbag.py:545} INFO - Filling up the DagBag from /opt/airflow/dags/stackoverflow_migration_dag.py
[2026-05-06T13:36:49.189+0000] {logging_mixin.py:188} INFO - [2026-05-06T13:36:49.171+0000] {dagbag.py:355} ERROR - Failed to import: /opt/airflow/dags/stackoverflow_migration_dag.py
Traceback (most recent call last):
  File "/home/airflow/.local/lib/python3.12/site-packages/airflow/models/dagbag.py", line 351, in parse
    loader.exec_module(new_module)
  File "<frozen importlib._bootstrap_external>", line 995, in exec_module
  File "<frozen importlib._bootstrap>", line 488, in _call_with_frames_removed
  File "/opt/airflow/dags/stackoverflow_migration_dag.py", line 18, in <module>
    OPENAI_KEY = Variable.get("openai_test_key")
                 ^^^^^^^^^^^^^^^^^^^^^^^^^^^^^^^
  File "/home/airflow/.local/lib/python3.12/site-packages/airflow/models/variable.py", line 143, in get
    raise KeyError(f"Variable {key} does not exist")
KeyError: 'Variable openai_test_key does not exist'
[2026-05-06T13:36:49.196+0000] {processor.py:842} WARNING - No viable dags retrieved from /opt/airflow/dags/stackoverflow_migration_dag.py
[2026-05-06T13:36:49.242+0000] {processor.py:183} INFO - Processing /opt/airflow/dags/stackoverflow_migration_dag.py took 2.516 seconds
[2026-05-06T13:37:19.789+0000] {processor.py:161} INFO - Started process (PID=199) to work on /opt/airflow/dags/stackoverflow_migration_dag.py
[2026-05-06T13:37:19.792+0000] {processor.py:830} INFO - Processing file /opt/airflow/dags/stackoverflow_migration_dag.py for tasks to queue
[2026-05-06T13:37:19.800+0000] {logging_mixin.py:188} INFO - [2026-05-06T13:37:19.798+0000] {dagbag.py:545} INFO - Filling up the DagBag from /opt/airflow/dags/stackoverflow_migration_dag.py
[2026-05-06T13:37:23.161+0000] {logging_mixin.py:188} INFO - [2026-05-06T13:37:23.142+0000] {dagbag.py:355} ERROR - Failed to import: /opt/airflow/dags/stackoverflow_migration_dag.py
Traceback (most recent call last):
  File "/home/airflow/.local/lib/python3.12/site-packages/airflow/models/dagbag.py", line 351, in parse
    loader.exec_module(new_module)
  File "<frozen importlib._bootstrap_external>", line 995, in exec_module
  File "<frozen importlib._bootstrap>", line 488, in _call_with_frames_removed
  File "/opt/airflow/dags/stackoverflow_migration_dag.py", line 18, in <module>
    OPENAI_KEY = Variable.get("openai_test_key")
                 ^^^^^^^^^^^^^^^^^^^^^^^^^^^^^^^
  File "/home/airflow/.local/lib/python3.12/site-packages/airflow/models/variable.py", line 143, in get
    raise KeyError(f"Variable {key} does not exist")
KeyError: 'Variable openai_test_key does not exist'
[2026-05-06T13:37:23.168+0000] {processor.py:842} WARNING - No viable dags retrieved from /opt/airflow/dags/stackoverflow_migration_dag.py
[2026-05-06T13:37:23.216+0000] {processor.py:183} INFO - Processing /opt/airflow/dags/stackoverflow_migration_dag.py took 3.463 seconds
[2026-05-06T13:37:53.505+0000] {processor.py:161} INFO - Started process (PID=204) to work on /opt/airflow/dags/stackoverflow_migration_dag.py
[2026-05-06T13:37:53.509+0000] {processor.py:830} INFO - Processing file /opt/airflow/dags/stackoverflow_migration_dag.py for tasks to queue
[2026-05-06T13:37:53.515+0000] {logging_mixin.py:188} INFO - [2026-05-06T13:37:53.514+0000] {dagbag.py:545} INFO - Filling up the DagBag from /opt/airflow/dags/stackoverflow_migration_dag.py
[2026-05-06T13:37:55.623+0000] {logging_mixin.py:188} INFO - [2026-05-06T13:37:55.612+0000] {dagbag.py:355} ERROR - Failed to import: /opt/airflow/dags/stackoverflow_migration_dag.py
Traceback (most recent call last):
  File "/home/airflow/.local/lib/python3.12/site-packages/airflow/models/dagbag.py", line 351, in parse
    loader.exec_module(new_module)
  File "<frozen importlib._bootstrap_external>", line 995, in exec_module
  File "<frozen importlib._bootstrap>", line 488, in _call_with_frames_removed
  File "/opt/airflow/dags/stackoverflow_migration_dag.py", line 18, in <module>
    OPENAI_KEY = Variable.get("openai_test_key")
                 ^^^^^^^^^^^^^^^^^^^^^^^^^^^^^^^
  File "/home/airflow/.local/lib/python3.12/site-packages/airflow/models/variable.py", line 143, in get
    raise KeyError(f"Variable {key} does not exist")
KeyError: 'Variable openai_test_key does not exist'
[2026-05-06T13:37:55.626+0000] {processor.py:842} WARNING - No viable dags retrieved from /opt/airflow/dags/stackoverflow_migration_dag.py
[2026-05-06T13:37:55.747+0000] {processor.py:183} INFO - Processing /opt/airflow/dags/stackoverflow_migration_dag.py took 2.258 seconds
[2026-05-06T13:38:26.457+0000] {processor.py:161} INFO - Started process (PID=209) to work on /opt/airflow/dags/stackoverflow_migration_dag.py
[2026-05-06T13:38:26.460+0000] {processor.py:830} INFO - Processing file /opt/airflow/dags/stackoverflow_migration_dag.py for tasks to queue
[2026-05-06T13:38:26.465+0000] {logging_mixin.py:188} INFO - [2026-05-06T13:38:26.464+0000] {dagbag.py:545} INFO - Filling up the DagBag from /opt/airflow/dags/stackoverflow_migration_dag.py
[2026-05-06T13:38:28.937+0000] {logging_mixin.py:188} INFO - [2026-05-06T13:38:28.918+0000] {dagbag.py:355} ERROR - Failed to import: /opt/airflow/dags/stackoverflow_migration_dag.py
Traceback (most recent call last):
  File "/home/airflow/.local/lib/python3.12/site-packages/airflow/models/dagbag.py", line 351, in parse
    loader.exec_module(new_module)
  File "<frozen importlib._bootstrap_external>", line 995, in exec_module
  File "<frozen importlib._bootstrap>", line 488, in _call_with_frames_removed
  File "/opt/airflow/dags/stackoverflow_migration_dag.py", line 18, in <module>
    OPENAI_KEY = Variable.get("openai_test_key")
                 ^^^^^^^^^^^^^^^^^^^^^^^^^^^^^^^
  File "/home/airflow/.local/lib/python3.12/site-packages/airflow/models/variable.py", line 143, in get
    raise KeyError(f"Variable {key} does not exist")
KeyError: 'Variable openai_test_key does not exist'
[2026-05-06T13:38:28.943+0000] {processor.py:842} WARNING - No viable dags retrieved from /opt/airflow/dags/stackoverflow_migration_dag.py
[2026-05-06T13:38:28.994+0000] {processor.py:183} INFO - Processing /opt/airflow/dags/stackoverflow_migration_dag.py took 2.551 seconds
[2026-05-06T13:38:59.841+0000] {processor.py:161} INFO - Started process (PID=214) to work on /opt/airflow/dags/stackoverflow_migration_dag.py
[2026-05-06T13:38:59.845+0000] {processor.py:830} INFO - Processing file /opt/airflow/dags/stackoverflow_migration_dag.py for tasks to queue
[2026-05-06T13:38:59.855+0000] {logging_mixin.py:188} INFO - [2026-05-06T13:38:59.854+0000] {dagbag.py:545} INFO - Filling up the DagBag from /opt/airflow/dags/stackoverflow_migration_dag.py
[2026-05-06T13:39:02.611+0000] {logging_mixin.py:188} INFO - [2026-05-06T13:39:02.594+0000] {dagbag.py:355} ERROR - Failed to import: /opt/airflow/dags/stackoverflow_migration_dag.py
Traceback (most recent call last):
  File "/home/airflow/.local/lib/python3.12/site-packages/airflow/models/dagbag.py", line 351, in parse
    loader.exec_module(new_module)
  File "<frozen importlib._bootstrap_external>", line 995, in exec_module
  File "<frozen importlib._bootstrap>", line 488, in _call_with_frames_removed
  File "/opt/airflow/dags/stackoverflow_migration_dag.py", line 18, in <module>
    OPENAI_KEY = Variable.get("openai_test_key")
                 ^^^^^^^^^^^^^^^^^^^^^^^^^^^^^^^
  File "/home/airflow/.local/lib/python3.12/site-packages/airflow/models/variable.py", line 143, in get
    raise KeyError(f"Variable {key} does not exist")
KeyError: 'Variable openai_test_key does not exist'
[2026-05-06T13:39:02.619+0000] {processor.py:842} WARNING - No viable dags retrieved from /opt/airflow/dags/stackoverflow_migration_dag.py
[2026-05-06T13:39:02.665+0000] {processor.py:183} INFO - Processing /opt/airflow/dags/stackoverflow_migration_dag.py took 2.855 seconds
[2026-05-06T13:39:33.576+0000] {processor.py:161} INFO - Started process (PID=219) to work on /opt/airflow/dags/stackoverflow_migration_dag.py
[2026-05-06T13:39:33.587+0000] {processor.py:830} INFO - Processing file /opt/airflow/dags/stackoverflow_migration_dag.py for tasks to queue
[2026-05-06T13:39:33.595+0000] {logging_mixin.py:188} INFO - [2026-05-06T13:39:33.594+0000] {dagbag.py:545} INFO - Filling up the DagBag from /opt/airflow/dags/stackoverflow_migration_dag.py
[2026-05-06T13:39:37.914+0000] {logging_mixin.py:188} INFO - [2026-05-06T13:39:37.815+0000] {dagbag.py:355} ERROR - Failed to import: /opt/airflow/dags/stackoverflow_migration_dag.py
Traceback (most recent call last):
  File "/home/airflow/.local/lib/python3.12/site-packages/airflow/models/dagbag.py", line 351, in parse
    loader.exec_module(new_module)
  File "<frozen importlib._bootstrap_external>", line 995, in exec_module
  File "<frozen importlib._bootstrap>", line 488, in _call_with_frames_removed
  File "/opt/airflow/dags/stackoverflow_migration_dag.py", line 18, in <module>
    OPENAI_KEY = Variable.get("openai_test_key")
                 ^^^^^^^^^^^^^^^^^^^^^^^^^^^^^^^
  File "/home/airflow/.local/lib/python3.12/site-packages/airflow/models/variable.py", line 143, in get
    raise KeyError(f"Variable {key} does not exist")
KeyError: 'Variable openai_test_key does not exist'
[2026-05-06T13:39:37.970+0000] {processor.py:842} WARNING - No viable dags retrieved from /opt/airflow/dags/stackoverflow_migration_dag.py
[2026-05-06T13:39:38.036+0000] {processor.py:183} INFO - Processing /opt/airflow/dags/stackoverflow_migration_dag.py took 4.489 seconds
[2026-05-06T13:40:08.756+0000] {processor.py:161} INFO - Started process (PID=224) to work on /opt/airflow/dags/stackoverflow_migration_dag.py
[2026-05-06T13:40:08.759+0000] {processor.py:830} INFO - Processing file /opt/airflow/dags/stackoverflow_migration_dag.py for tasks to queue
[2026-05-06T13:40:08.765+0000] {logging_mixin.py:188} INFO - [2026-05-06T13:40:08.764+0000] {dagbag.py:545} INFO - Filling up the DagBag from /opt/airflow/dags/stackoverflow_migration_dag.py
[2026-05-06T13:40:11.140+0000] {logging_mixin.py:188} INFO - [2026-05-06T13:40:11.121+0000] {dagbag.py:355} ERROR - Failed to import: /opt/airflow/dags/stackoverflow_migration_dag.py
Traceback (most recent call last):
  File "/home/airflow/.local/lib/python3.12/site-packages/airflow/models/dagbag.py", line 351, in parse
    loader.exec_module(new_module)
  File "<frozen importlib._bootstrap_external>", line 995, in exec_module
  File "<frozen importlib._bootstrap>", line 488, in _call_with_frames_removed
  File "/opt/airflow/dags/stackoverflow_migration_dag.py", line 18, in <module>
    OPENAI_KEY = Variable.get("openai_test_key")
                 ^^^^^^^^^^^^^^^^^^^^^^^^^^^^^^^
  File "/home/airflow/.local/lib/python3.12/site-packages/airflow/models/variable.py", line 143, in get
    raise KeyError(f"Variable {key} does not exist")
KeyError: 'Variable openai_test_key does not exist'
[2026-05-06T13:40:11.147+0000] {processor.py:842} WARNING - No viable dags retrieved from /opt/airflow/dags/stackoverflow_migration_dag.py
[2026-05-06T13:40:11.189+0000] {processor.py:183} INFO - Processing /opt/airflow/dags/stackoverflow_migration_dag.py took 2.449 seconds
[2026-05-06T13:40:41.847+0000] {processor.py:161} INFO - Started process (PID=229) to work on /opt/airflow/dags/stackoverflow_migration_dag.py
[2026-05-06T13:40:41.853+0000] {processor.py:830} INFO - Processing file /opt/airflow/dags/stackoverflow_migration_dag.py for tasks to queue
[2026-05-06T13:40:41.867+0000] {logging_mixin.py:188} INFO - [2026-05-06T13:40:41.864+0000] {dagbag.py:545} INFO - Filling up the DagBag from /opt/airflow/dags/stackoverflow_migration_dag.py
[2026-05-06T13:40:44.302+0000] {logging_mixin.py:188} INFO - [2026-05-06T13:40:44.274+0000] {dagbag.py:355} ERROR - Failed to import: /opt/airflow/dags/stackoverflow_migration_dag.py
Traceback (most recent call last):
  File "/home/airflow/.local/lib/python3.12/site-packages/airflow/models/dagbag.py", line 351, in parse
    loader.exec_module(new_module)
  File "<frozen importlib._bootstrap_external>", line 995, in exec_module
  File "<frozen importlib._bootstrap>", line 488, in _call_with_frames_removed
  File "/opt/airflow/dags/stackoverflow_migration_dag.py", line 18, in <module>
    OPENAI_KEY = Variable.get("openai_test_key")
                 ^^^^^^^^^^^^^^^^^^^^^^^^^^^^^^^
  File "/home/airflow/.local/lib/python3.12/site-packages/airflow/models/variable.py", line 143, in get
    raise KeyError(f"Variable {key} does not exist")
KeyError: 'Variable openai_test_key does not exist'
[2026-05-06T13:40:44.312+0000] {processor.py:842} WARNING - No viable dags retrieved from /opt/airflow/dags/stackoverflow_migration_dag.py
[2026-05-06T13:40:44.384+0000] {processor.py:183} INFO - Processing /opt/airflow/dags/stackoverflow_migration_dag.py took 2.567 seconds
[2026-05-06T13:41:15.072+0000] {processor.py:161} INFO - Started process (PID=234) to work on /opt/airflow/dags/stackoverflow_migration_dag.py
[2026-05-06T13:41:15.078+0000] {processor.py:830} INFO - Processing file /opt/airflow/dags/stackoverflow_migration_dag.py for tasks to queue
[2026-05-06T13:41:15.088+0000] {logging_mixin.py:188} INFO - [2026-05-06T13:41:15.086+0000] {dagbag.py:545} INFO - Filling up the DagBag from /opt/airflow/dags/stackoverflow_migration_dag.py
[2026-05-06T13:41:18.343+0000] {logging_mixin.py:188} INFO - [2026-05-06T13:41:18.302+0000] {dagbag.py:355} ERROR - Failed to import: /opt/airflow/dags/stackoverflow_migration_dag.py
Traceback (most recent call last):
  File "/home/airflow/.local/lib/python3.12/site-packages/airflow/models/dagbag.py", line 351, in parse
    loader.exec_module(new_module)
  File "<frozen importlib._bootstrap_external>", line 995, in exec_module
  File "<frozen importlib._bootstrap>", line 488, in _call_with_frames_removed
  File "/opt/airflow/dags/stackoverflow_migration_dag.py", line 18, in <module>
    OPENAI_KEY = Variable.get("openai_test_key")
                 ^^^^^^^^^^^^^^^^^^^^^^^^^^^^^^^
  File "/home/airflow/.local/lib/python3.12/site-packages/airflow/models/variable.py", line 143, in get
    raise KeyError(f"Variable {key} does not exist")
KeyError: 'Variable openai_test_key does not exist'
[2026-05-06T13:41:18.358+0000] {processor.py:842} WARNING - No viable dags retrieved from /opt/airflow/dags/stackoverflow_migration_dag.py
[2026-05-06T13:41:18.471+0000] {processor.py:183} INFO - Processing /opt/airflow/dags/stackoverflow_migration_dag.py took 3.434 seconds
[2026-05-06T13:41:48.796+0000] {processor.py:161} INFO - Started process (PID=239) to work on /opt/airflow/dags/stackoverflow_migration_dag.py
[2026-05-06T13:41:48.798+0000] {processor.py:830} INFO - Processing file /opt/airflow/dags/stackoverflow_migration_dag.py for tasks to queue
[2026-05-06T13:41:48.803+0000] {logging_mixin.py:188} INFO - [2026-05-06T13:41:48.802+0000] {dagbag.py:545} INFO - Filling up the DagBag from /opt/airflow/dags/stackoverflow_migration_dag.py
[2026-05-06T13:41:51.539+0000] {logging_mixin.py:188} INFO - [2026-05-06T13:41:51.515+0000] {dagbag.py:355} ERROR - Failed to import: /opt/airflow/dags/stackoverflow_migration_dag.py
Traceback (most recent call last):
  File "/home/airflow/.local/lib/python3.12/site-packages/airflow/models/dagbag.py", line 351, in parse
    loader.exec_module(new_module)
  File "<frozen importlib._bootstrap_external>", line 995, in exec_module
  File "<frozen importlib._bootstrap>", line 488, in _call_with_frames_removed
  File "/opt/airflow/dags/stackoverflow_migration_dag.py", line 18, in <module>
    OPENAI_KEY = Variable.get("openai_test_key")
                 ^^^^^^^^^^^^^^^^^^^^^^^^^^^^^^^
  File "/home/airflow/.local/lib/python3.12/site-packages/airflow/models/variable.py", line 143, in get
    raise KeyError(f"Variable {key} does not exist")
KeyError: 'Variable openai_test_key does not exist'
[2026-05-06T13:41:51.547+0000] {processor.py:842} WARNING - No viable dags retrieved from /opt/airflow/dags/stackoverflow_migration_dag.py
[2026-05-06T13:41:51.618+0000] {processor.py:183} INFO - Processing /opt/airflow/dags/stackoverflow_migration_dag.py took 2.835 seconds
[2026-05-06T13:42:22.272+0000] {processor.py:161} INFO - Started process (PID=244) to work on /opt/airflow/dags/stackoverflow_migration_dag.py
[2026-05-06T13:42:22.274+0000] {processor.py:830} INFO - Processing file /opt/airflow/dags/stackoverflow_migration_dag.py for tasks to queue
[2026-05-06T13:42:22.278+0000] {logging_mixin.py:188} INFO - [2026-05-06T13:42:22.277+0000] {dagbag.py:545} INFO - Filling up the DagBag from /opt/airflow/dags/stackoverflow_migration_dag.py
[2026-05-06T13:42:24.240+0000] {logging_mixin.py:188} INFO - [2026-05-06T13:42:24.226+0000] {dagbag.py:355} ERROR - Failed to import: /opt/airflow/dags/stackoverflow_migration_dag.py
Traceback (most recent call last):
  File "/home/airflow/.local/lib/python3.12/site-packages/airflow/models/dagbag.py", line 351, in parse
    loader.exec_module(new_module)
  File "<frozen importlib._bootstrap_external>", line 995, in exec_module
  File "<frozen importlib._bootstrap>", line 488, in _call_with_frames_removed
  File "/opt/airflow/dags/stackoverflow_migration_dag.py", line 18, in <module>
    OPENAI_KEY = Variable.get("openai_test_key")
                 ^^^^^^^^^^^^^^^^^^^^^^^^^^^^^^^
  File "/home/airflow/.local/lib/python3.12/site-packages/airflow/models/variable.py", line 143, in get
    raise KeyError(f"Variable {key} does not exist")
KeyError: 'Variable openai_test_key does not exist'
[2026-05-06T13:42:24.245+0000] {processor.py:842} WARNING - No viable dags retrieved from /opt/airflow/dags/stackoverflow_migration_dag.py
[2026-05-06T13:42:24.276+0000] {processor.py:183} INFO - Processing /opt/airflow/dags/stackoverflow_migration_dag.py took 2.016 seconds
[2026-05-06T13:42:54.984+0000] {processor.py:161} INFO - Started process (PID=249) to work on /opt/airflow/dags/stackoverflow_migration_dag.py
[2026-05-06T13:42:54.989+0000] {processor.py:830} INFO - Processing file /opt/airflow/dags/stackoverflow_migration_dag.py for tasks to queue
[2026-05-06T13:42:54.999+0000] {logging_mixin.py:188} INFO - [2026-05-06T13:42:54.997+0000] {dagbag.py:545} INFO - Filling up the DagBag from /opt/airflow/dags/stackoverflow_migration_dag.py
[2026-05-06T13:42:57.266+0000] {logging_mixin.py:188} INFO - [2026-05-06T13:42:57.235+0000] {dagbag.py:355} ERROR - Failed to import: /opt/airflow/dags/stackoverflow_migration_dag.py
Traceback (most recent call last):
  File "/home/airflow/.local/lib/python3.12/site-packages/airflow/models/dagbag.py", line 351, in parse
    loader.exec_module(new_module)
  File "<frozen importlib._bootstrap_external>", line 995, in exec_module
  File "<frozen importlib._bootstrap>", line 488, in _call_with_frames_removed
  File "/opt/airflow/dags/stackoverflow_migration_dag.py", line 18, in <module>
    OPENAI_KEY = Variable.get("openai_test_key")
                 ^^^^^^^^^^^^^^^^^^^^^^^^^^^^^^^
  File "/home/airflow/.local/lib/python3.12/site-packages/airflow/models/variable.py", line 143, in get
    raise KeyError(f"Variable {key} does not exist")
KeyError: 'Variable openai_test_key does not exist'
[2026-05-06T13:42:57.279+0000] {processor.py:842} WARNING - No viable dags retrieved from /opt/airflow/dags/stackoverflow_migration_dag.py
[2026-05-06T13:42:57.350+0000] {processor.py:183} INFO - Processing /opt/airflow/dags/stackoverflow_migration_dag.py took 2.394 seconds
[2026-05-06T13:43:27.766+0000] {processor.py:161} INFO - Started process (PID=254) to work on /opt/airflow/dags/stackoverflow_migration_dag.py
[2026-05-06T13:43:27.772+0000] {processor.py:830} INFO - Processing file /opt/airflow/dags/stackoverflow_migration_dag.py for tasks to queue
[2026-05-06T13:43:27.782+0000] {logging_mixin.py:188} INFO - [2026-05-06T13:43:27.781+0000] {dagbag.py:545} INFO - Filling up the DagBag from /opt/airflow/dags/stackoverflow_migration_dag.py
[2026-05-06T13:43:30.399+0000] {logging_mixin.py:188} INFO - [2026-05-06T13:43:30.380+0000] {dagbag.py:355} ERROR - Failed to import: /opt/airflow/dags/stackoverflow_migration_dag.py
Traceback (most recent call last):
  File "/home/airflow/.local/lib/python3.12/site-packages/airflow/models/dagbag.py", line 351, in parse
    loader.exec_module(new_module)
  File "<frozen importlib._bootstrap_external>", line 995, in exec_module
  File "<frozen importlib._bootstrap>", line 488, in _call_with_frames_removed
  File "/opt/airflow/dags/stackoverflow_migration_dag.py", line 18, in <module>
    OPENAI_KEY = Variable.get("openai_test_key")
                 ^^^^^^^^^^^^^^^^^^^^^^^^^^^^^^^
  File "/home/airflow/.local/lib/python3.12/site-packages/airflow/models/variable.py", line 143, in get
    raise KeyError(f"Variable {key} does not exist")
KeyError: 'Variable openai_test_key does not exist'
[2026-05-06T13:43:30.405+0000] {processor.py:842} WARNING - No viable dags retrieved from /opt/airflow/dags/stackoverflow_migration_dag.py
[2026-05-06T13:43:30.451+0000] {processor.py:183} INFO - Processing /opt/airflow/dags/stackoverflow_migration_dag.py took 2.714 seconds
[2026-05-06T13:44:01.182+0000] {processor.py:161} INFO - Started process (PID=259) to work on /opt/airflow/dags/stackoverflow_migration_dag.py
[2026-05-06T13:44:01.184+0000] {processor.py:830} INFO - Processing file /opt/airflow/dags/stackoverflow_migration_dag.py for tasks to queue
[2026-05-06T13:44:01.189+0000] {logging_mixin.py:188} INFO - [2026-05-06T13:44:01.188+0000] {dagbag.py:545} INFO - Filling up the DagBag from /opt/airflow/dags/stackoverflow_migration_dag.py
[2026-05-06T13:44:03.602+0000] {logging_mixin.py:188} INFO - [2026-05-06T13:44:03.559+0000] {dagbag.py:355} ERROR - Failed to import: /opt/airflow/dags/stackoverflow_migration_dag.py
Traceback (most recent call last):
  File "/home/airflow/.local/lib/python3.12/site-packages/airflow/models/dagbag.py", line 351, in parse
    loader.exec_module(new_module)
  File "<frozen importlib._bootstrap_external>", line 995, in exec_module
  File "<frozen importlib._bootstrap>", line 488, in _call_with_frames_removed
  File "/opt/airflow/dags/stackoverflow_migration_dag.py", line 18, in <module>
    OPENAI_KEY = Variable.get("openai_test_key")
                 ^^^^^^^^^^^^^^^^^^^^^^^^^^^^^^^
  File "/home/airflow/.local/lib/python3.12/site-packages/airflow/models/variable.py", line 143, in get
    raise KeyError(f"Variable {key} does not exist")
KeyError: 'Variable openai_test_key does not exist'
[2026-05-06T13:44:03.614+0000] {processor.py:842} WARNING - No viable dags retrieved from /opt/airflow/dags/stackoverflow_migration_dag.py
[2026-05-06T13:44:03.691+0000] {processor.py:183} INFO - Processing /opt/airflow/dags/stackoverflow_migration_dag.py took 2.522 seconds
[2026-05-06T13:44:34.194+0000] {processor.py:161} INFO - Started process (PID=264) to work on /opt/airflow/dags/stackoverflow_migration_dag.py
[2026-05-06T13:44:34.199+0000] {processor.py:830} INFO - Processing file /opt/airflow/dags/stackoverflow_migration_dag.py for tasks to queue
[2026-05-06T13:44:34.209+0000] {logging_mixin.py:188} INFO - [2026-05-06T13:44:34.207+0000] {dagbag.py:545} INFO - Filling up the DagBag from /opt/airflow/dags/stackoverflow_migration_dag.py
[2026-05-06T13:44:36.788+0000] {logging_mixin.py:188} INFO - [2026-05-06T13:44:36.770+0000] {dagbag.py:355} ERROR - Failed to import: /opt/airflow/dags/stackoverflow_migration_dag.py
Traceback (most recent call last):
  File "/home/airflow/.local/lib/python3.12/site-packages/airflow/models/dagbag.py", line 351, in parse
    loader.exec_module(new_module)
  File "<frozen importlib._bootstrap_external>", line 995, in exec_module
  File "<frozen importlib._bootstrap>", line 488, in _call_with_frames_removed
  File "/opt/airflow/dags/stackoverflow_migration_dag.py", line 18, in <module>
    OPENAI_KEY = Variable.get("openai_test_key")
                 ^^^^^^^^^^^^^^^^^^^^^^^^^^^^^^^
  File "/home/airflow/.local/lib/python3.12/site-packages/airflow/models/variable.py", line 143, in get
    raise KeyError(f"Variable {key} does not exist")
KeyError: 'Variable openai_test_key does not exist'
[2026-05-06T13:44:36.795+0000] {processor.py:842} WARNING - No viable dags retrieved from /opt/airflow/dags/stackoverflow_migration_dag.py
[2026-05-06T13:44:36.851+0000] {processor.py:183} INFO - Processing /opt/airflow/dags/stackoverflow_migration_dag.py took 2.686 seconds
[2026-05-06T13:45:07.168+0000] {processor.py:161} INFO - Started process (PID=269) to work on /opt/airflow/dags/stackoverflow_migration_dag.py
[2026-05-06T13:45:07.174+0000] {processor.py:830} INFO - Processing file /opt/airflow/dags/stackoverflow_migration_dag.py for tasks to queue
[2026-05-06T13:45:07.187+0000] {logging_mixin.py:188} INFO - [2026-05-06T13:45:07.185+0000] {dagbag.py:545} INFO - Filling up the DagBag from /opt/airflow/dags/stackoverflow_migration_dag.py
[2026-05-06T13:45:09.951+0000] {logging_mixin.py:188} INFO - [2026-05-06T13:45:09.921+0000] {dagbag.py:355} ERROR - Failed to import: /opt/airflow/dags/stackoverflow_migration_dag.py
Traceback (most recent call last):
  File "/home/airflow/.local/lib/python3.12/site-packages/airflow/models/dagbag.py", line 351, in parse
    loader.exec_module(new_module)
  File "<frozen importlib._bootstrap_external>", line 995, in exec_module
  File "<frozen importlib._bootstrap>", line 488, in _call_with_frames_removed
  File "/opt/airflow/dags/stackoverflow_migration_dag.py", line 18, in <module>
    OPENAI_KEY = Variable.get("openai_test_key")
                 ^^^^^^^^^^^^^^^^^^^^^^^^^^^^^^^
  File "/home/airflow/.local/lib/python3.12/site-packages/airflow/models/variable.py", line 143, in get
    raise KeyError(f"Variable {key} does not exist")
KeyError: 'Variable openai_test_key does not exist'
[2026-05-06T13:45:09.962+0000] {processor.py:842} WARNING - No viable dags retrieved from /opt/airflow/dags/stackoverflow_migration_dag.py
[2026-05-06T13:45:10.034+0000] {processor.py:183} INFO - Processing /opt/airflow/dags/stackoverflow_migration_dag.py took 2.906 seconds
[2026-05-06T13:45:40.774+0000] {processor.py:161} INFO - Started process (PID=274) to work on /opt/airflow/dags/stackoverflow_migration_dag.py
[2026-05-06T13:45:40.779+0000] {processor.py:830} INFO - Processing file /opt/airflow/dags/stackoverflow_migration_dag.py for tasks to queue
[2026-05-06T13:45:40.788+0000] {logging_mixin.py:188} INFO - [2026-05-06T13:45:40.786+0000] {dagbag.py:545} INFO - Filling up the DagBag from /opt/airflow/dags/stackoverflow_migration_dag.py
[2026-05-06T13:45:43.071+0000] {logging_mixin.py:188} INFO - [2026-05-06T13:45:43.052+0000] {dagbag.py:355} ERROR - Failed to import: /opt/airflow/dags/stackoverflow_migration_dag.py
Traceback (most recent call last):
  File "/home/airflow/.local/lib/python3.12/site-packages/airflow/models/dagbag.py", line 351, in parse
    loader.exec_module(new_module)
  File "<frozen importlib._bootstrap_external>", line 995, in exec_module
  File "<frozen importlib._bootstrap>", line 488, in _call_with_frames_removed
  File "/opt/airflow/dags/stackoverflow_migration_dag.py", line 18, in <module>
    OPENAI_KEY = Variable.get("openai_test_key")
                 ^^^^^^^^^^^^^^^^^^^^^^^^^^^^^^^
  File "/home/airflow/.local/lib/python3.12/site-packages/airflow/models/variable.py", line 143, in get
    raise KeyError(f"Variable {key} does not exist")
KeyError: 'Variable openai_test_key does not exist'
[2026-05-06T13:45:43.077+0000] {processor.py:842} WARNING - No viable dags retrieved from /opt/airflow/dags/stackoverflow_migration_dag.py
[2026-05-06T13:45:43.119+0000] {processor.py:183} INFO - Processing /opt/airflow/dags/stackoverflow_migration_dag.py took 2.375 seconds
[2026-05-06T13:46:13.890+0000] {processor.py:161} INFO - Started process (PID=279) to work on /opt/airflow/dags/stackoverflow_migration_dag.py
[2026-05-06T13:46:13.893+0000] {processor.py:830} INFO - Processing file /opt/airflow/dags/stackoverflow_migration_dag.py for tasks to queue
[2026-05-06T13:46:13.897+0000] {logging_mixin.py:188} INFO - [2026-05-06T13:46:13.896+0000] {dagbag.py:545} INFO - Filling up the DagBag from /opt/airflow/dags/stackoverflow_migration_dag.py
[2026-05-06T13:46:16.613+0000] {logging_mixin.py:188} INFO - [2026-05-06T13:46:16.593+0000] {dagbag.py:355} ERROR - Failed to import: /opt/airflow/dags/stackoverflow_migration_dag.py
Traceback (most recent call last):
  File "/home/airflow/.local/lib/python3.12/site-packages/airflow/models/dagbag.py", line 351, in parse
    loader.exec_module(new_module)
  File "<frozen importlib._bootstrap_external>", line 995, in exec_module
  File "<frozen importlib._bootstrap>", line 488, in _call_with_frames_removed
  File "/opt/airflow/dags/stackoverflow_migration_dag.py", line 18, in <module>
    OPENAI_KEY = Variable.get("openai_test_key")
                 ^^^^^^^^^^^^^^^^^^^^^^^^^^^^^^^
  File "/home/airflow/.local/lib/python3.12/site-packages/airflow/models/variable.py", line 143, in get
    raise KeyError(f"Variable {key} does not exist")
KeyError: 'Variable openai_test_key does not exist'
[2026-05-06T13:46:16.620+0000] {processor.py:842} WARNING - No viable dags retrieved from /opt/airflow/dags/stackoverflow_migration_dag.py
[2026-05-06T13:46:16.673+0000] {processor.py:183} INFO - Processing /opt/airflow/dags/stackoverflow_migration_dag.py took 2.805 seconds
[2026-05-06T13:46:47.406+0000] {processor.py:161} INFO - Started process (PID=284) to work on /opt/airflow/dags/stackoverflow_migration_dag.py
[2026-05-06T13:46:47.409+0000] {processor.py:830} INFO - Processing file /opt/airflow/dags/stackoverflow_migration_dag.py for tasks to queue
[2026-05-06T13:46:47.416+0000] {logging_mixin.py:188} INFO - [2026-05-06T13:46:47.414+0000] {dagbag.py:545} INFO - Filling up the DagBag from /opt/airflow/dags/stackoverflow_migration_dag.py
[2026-05-06T13:46:50.738+0000] {logging_mixin.py:188} INFO - [2026-05-06T13:46:50.723+0000] {dagbag.py:355} ERROR - Failed to import: /opt/airflow/dags/stackoverflow_migration_dag.py
Traceback (most recent call last):
  File "/home/airflow/.local/lib/python3.12/site-packages/airflow/models/dagbag.py", line 351, in parse
    loader.exec_module(new_module)
  File "<frozen importlib._bootstrap_external>", line 995, in exec_module
  File "<frozen importlib._bootstrap>", line 488, in _call_with_frames_removed
  File "/opt/airflow/dags/stackoverflow_migration_dag.py", line 18, in <module>
    OPENAI_KEY = Variable.get("openai_test_key")
                 ^^^^^^^^^^^^^^^^^^^^^^^^^^^^^^^
  File "/home/airflow/.local/lib/python3.12/site-packages/airflow/models/variable.py", line 143, in get
    raise KeyError(f"Variable {key} does not exist")
KeyError: 'Variable openai_test_key does not exist'
[2026-05-06T13:46:50.745+0000] {processor.py:842} WARNING - No viable dags retrieved from /opt/airflow/dags/stackoverflow_migration_dag.py
[2026-05-06T13:46:50.788+0000] {processor.py:183} INFO - Processing /opt/airflow/dags/stackoverflow_migration_dag.py took 3.400 seconds
[2026-05-06T13:47:21.540+0000] {processor.py:161} INFO - Started process (PID=289) to work on /opt/airflow/dags/stackoverflow_migration_dag.py
[2026-05-06T13:47:21.547+0000] {processor.py:830} INFO - Processing file /opt/airflow/dags/stackoverflow_migration_dag.py for tasks to queue
[2026-05-06T13:47:21.559+0000] {logging_mixin.py:188} INFO - [2026-05-06T13:47:21.557+0000] {dagbag.py:545} INFO - Filling up the DagBag from /opt/airflow/dags/stackoverflow_migration_dag.py
[2026-05-06T13:47:24.183+0000] {logging_mixin.py:188} INFO - [2026-05-06T13:47:24.168+0000] {dagbag.py:355} ERROR - Failed to import: /opt/airflow/dags/stackoverflow_migration_dag.py
Traceback (most recent call last):
  File "/home/airflow/.local/lib/python3.12/site-packages/airflow/models/dagbag.py", line 351, in parse
    loader.exec_module(new_module)
  File "<frozen importlib._bootstrap_external>", line 995, in exec_module
  File "<frozen importlib._bootstrap>", line 488, in _call_with_frames_removed
  File "/opt/airflow/dags/stackoverflow_migration_dag.py", line 18, in <module>
    OPENAI_KEY = Variable.get("openai_test_key")
                 ^^^^^^^^^^^^^^^^^^^^^^^^^^^^^^^
  File "/home/airflow/.local/lib/python3.12/site-packages/airflow/models/variable.py", line 143, in get
    raise KeyError(f"Variable {key} does not exist")
KeyError: 'Variable openai_test_key does not exist'
[2026-05-06T13:47:24.188+0000] {processor.py:842} WARNING - No viable dags retrieved from /opt/airflow/dags/stackoverflow_migration_dag.py
[2026-05-06T13:47:24.222+0000] {processor.py:183} INFO - Processing /opt/airflow/dags/stackoverflow_migration_dag.py took 2.713 seconds
[2026-05-06T13:47:54.994+0000] {processor.py:161} INFO - Started process (PID=294) to work on /opt/airflow/dags/stackoverflow_migration_dag.py
[2026-05-06T13:47:54.997+0000] {processor.py:830} INFO - Processing file /opt/airflow/dags/stackoverflow_migration_dag.py for tasks to queue
[2026-05-06T13:47:55.003+0000] {logging_mixin.py:188} INFO - [2026-05-06T13:47:55.002+0000] {dagbag.py:545} INFO - Filling up the DagBag from /opt/airflow/dags/stackoverflow_migration_dag.py
[2026-05-06T13:47:57.883+0000] {logging_mixin.py:188} INFO - [2026-05-06T13:47:57.864+0000] {dagbag.py:355} ERROR - Failed to import: /opt/airflow/dags/stackoverflow_migration_dag.py
Traceback (most recent call last):
  File "/home/airflow/.local/lib/python3.12/site-packages/airflow/models/dagbag.py", line 351, in parse
    loader.exec_module(new_module)
  File "<frozen importlib._bootstrap_external>", line 995, in exec_module
  File "<frozen importlib._bootstrap>", line 488, in _call_with_frames_removed
  File "/opt/airflow/dags/stackoverflow_migration_dag.py", line 18, in <module>
    OPENAI_KEY = Variable.get("openai_test_key")
                 ^^^^^^^^^^^^^^^^^^^^^^^^^^^^^^^
  File "/home/airflow/.local/lib/python3.12/site-packages/airflow/models/variable.py", line 143, in get
    raise KeyError(f"Variable {key} does not exist")
KeyError: 'Variable openai_test_key does not exist'
[2026-05-06T13:47:57.890+0000] {processor.py:842} WARNING - No viable dags retrieved from /opt/airflow/dags/stackoverflow_migration_dag.py
[2026-05-06T13:47:57.936+0000] {processor.py:183} INFO - Processing /opt/airflow/dags/stackoverflow_migration_dag.py took 2.961 seconds
[2026-05-06T13:48:28.697+0000] {processor.py:161} INFO - Started process (PID=299) to work on /opt/airflow/dags/stackoverflow_migration_dag.py
[2026-05-06T13:48:28.700+0000] {processor.py:830} INFO - Processing file /opt/airflow/dags/stackoverflow_migration_dag.py for tasks to queue
[2026-05-06T13:48:28.705+0000] {logging_mixin.py:188} INFO - [2026-05-06T13:48:28.704+0000] {dagbag.py:545} INFO - Filling up the DagBag from /opt/airflow/dags/stackoverflow_migration_dag.py
[2026-05-06T13:48:31.440+0000] {logging_mixin.py:188} INFO - [2026-05-06T13:48:31.422+0000] {dagbag.py:355} ERROR - Failed to import: /opt/airflow/dags/stackoverflow_migration_dag.py
Traceback (most recent call last):
  File "/home/airflow/.local/lib/python3.12/site-packages/airflow/models/dagbag.py", line 351, in parse
    loader.exec_module(new_module)
  File "<frozen importlib._bootstrap_external>", line 995, in exec_module
  File "<frozen importlib._bootstrap>", line 488, in _call_with_frames_removed
  File "/opt/airflow/dags/stackoverflow_migration_dag.py", line 18, in <module>
    OPENAI_KEY = Variable.get("openai_test_key")
                 ^^^^^^^^^^^^^^^^^^^^^^^^^^^^^^^
  File "/home/airflow/.local/lib/python3.12/site-packages/airflow/models/variable.py", line 143, in get
    raise KeyError(f"Variable {key} does not exist")
KeyError: 'Variable openai_test_key does not exist'
[2026-05-06T13:48:31.447+0000] {processor.py:842} WARNING - No viable dags retrieved from /opt/airflow/dags/stackoverflow_migration_dag.py
[2026-05-06T13:48:31.494+0000] {processor.py:183} INFO - Processing /opt/airflow/dags/stackoverflow_migration_dag.py took 2.811 seconds
[2026-05-06T13:53:01.709+0000] {processor.py:161} INFO - Started process (PID=164) to work on /opt/airflow/dags/stackoverflow_migration_dag.py
[2026-05-06T13:53:01.711+0000] {processor.py:830} INFO - Processing file /opt/airflow/dags/stackoverflow_migration_dag.py for tasks to queue
[2026-05-06T13:53:01.714+0000] {logging_mixin.py:188} INFO - [2026-05-06T13:53:01.713+0000] {dagbag.py:545} INFO - Filling up the DagBag from /opt/airflow/dags/stackoverflow_migration_dag.py
[2026-05-06T13:53:04.043+0000] {logging_mixin.py:188} INFO - [2026-05-06T13:53:04.028+0000] {dagbag.py:355} ERROR - Failed to import: /opt/airflow/dags/stackoverflow_migration_dag.py
Traceback (most recent call last):
  File "/home/airflow/.local/lib/python3.12/site-packages/airflow/models/dagbag.py", line 351, in parse
    loader.exec_module(new_module)
  File "<frozen importlib._bootstrap_external>", line 995, in exec_module
  File "<frozen importlib._bootstrap>", line 488, in _call_with_frames_removed
  File "/opt/airflow/dags/stackoverflow_migration_dag.py", line 18, in <module>
    OPENAI_KEY = Variable.get("openai_test_key")
                 ^^^^^^^^^^^^^^^^^^^^^^^^^^^^^^^
  File "/home/airflow/.local/lib/python3.12/site-packages/airflow/models/variable.py", line 143, in get
    raise KeyError(f"Variable {key} does not exist")
KeyError: 'Variable openai_test_key does not exist'
[2026-05-06T13:53:04.049+0000] {processor.py:842} WARNING - No viable dags retrieved from /opt/airflow/dags/stackoverflow_migration_dag.py
[2026-05-06T13:53:04.122+0000] {processor.py:183} INFO - Processing /opt/airflow/dags/stackoverflow_migration_dag.py took 2.424 seconds
[2026-05-06T13:53:34.662+0000] {processor.py:161} INFO - Started process (PID=169) to work on /opt/airflow/dags/stackoverflow_migration_dag.py
[2026-05-06T13:53:34.665+0000] {processor.py:830} INFO - Processing file /opt/airflow/dags/stackoverflow_migration_dag.py for tasks to queue
[2026-05-06T13:53:34.686+0000] {logging_mixin.py:188} INFO - [2026-05-06T13:53:34.684+0000] {dagbag.py:545} INFO - Filling up the DagBag from /opt/airflow/dags/stackoverflow_migration_dag.py
[2026-05-06T13:53:37.349+0000] {logging_mixin.py:188} INFO - [2026-05-06T13:53:37.326+0000] {dagbag.py:355} ERROR - Failed to import: /opt/airflow/dags/stackoverflow_migration_dag.py
Traceback (most recent call last):
  File "/home/airflow/.local/lib/python3.12/site-packages/airflow/models/dagbag.py", line 351, in parse
    loader.exec_module(new_module)
  File "<frozen importlib._bootstrap_external>", line 995, in exec_module
  File "<frozen importlib._bootstrap>", line 488, in _call_with_frames_removed
  File "/opt/airflow/dags/stackoverflow_migration_dag.py", line 18, in <module>
    OPENAI_KEY = Variable.get("openai_test_key")
                 ^^^^^^^^^^^^^^^^^^^^^^^^^^^^^^^
  File "/home/airflow/.local/lib/python3.12/site-packages/airflow/models/variable.py", line 143, in get
    raise KeyError(f"Variable {key} does not exist")
KeyError: 'Variable openai_test_key does not exist'
[2026-05-06T13:53:37.356+0000] {processor.py:842} WARNING - No viable dags retrieved from /opt/airflow/dags/stackoverflow_migration_dag.py
[2026-05-06T13:53:37.406+0000] {processor.py:183} INFO - Processing /opt/airflow/dags/stackoverflow_migration_dag.py took 2.769 seconds
[2026-05-06T13:54:08.111+0000] {processor.py:161} INFO - Started process (PID=174) to work on /opt/airflow/dags/stackoverflow_migration_dag.py
[2026-05-06T13:54:08.118+0000] {processor.py:830} INFO - Processing file /opt/airflow/dags/stackoverflow_migration_dag.py for tasks to queue
[2026-05-06T13:54:08.136+0000] {logging_mixin.py:188} INFO - [2026-05-06T13:54:08.133+0000] {dagbag.py:545} INFO - Filling up the DagBag from /opt/airflow/dags/stackoverflow_migration_dag.py
[2026-05-06T13:54:10.975+0000] {logging_mixin.py:188} INFO - [2026-05-06T13:54:10.960+0000] {dagbag.py:355} ERROR - Failed to import: /opt/airflow/dags/stackoverflow_migration_dag.py
Traceback (most recent call last):
  File "/home/airflow/.local/lib/python3.12/site-packages/airflow/models/dagbag.py", line 351, in parse
    loader.exec_module(new_module)
  File "<frozen importlib._bootstrap_external>", line 995, in exec_module
  File "<frozen importlib._bootstrap>", line 488, in _call_with_frames_removed
  File "/opt/airflow/dags/stackoverflow_migration_dag.py", line 18, in <module>
    OPENAI_KEY = Variable.get("openai_test_key")
                 ^^^^^^^^^^^^^^^^^^^^^^^^^^^^^^^
  File "/home/airflow/.local/lib/python3.12/site-packages/airflow/models/variable.py", line 143, in get
    raise KeyError(f"Variable {key} does not exist")
KeyError: 'Variable openai_test_key does not exist'
[2026-05-06T13:54:10.980+0000] {processor.py:842} WARNING - No viable dags retrieved from /opt/airflow/dags/stackoverflow_migration_dag.py
[2026-05-06T13:54:11.015+0000] {processor.py:183} INFO - Processing /opt/airflow/dags/stackoverflow_migration_dag.py took 2.950 seconds
[2026-05-06T13:54:41.667+0000] {processor.py:161} INFO - Started process (PID=179) to work on /opt/airflow/dags/stackoverflow_migration_dag.py
[2026-05-06T13:54:41.670+0000] {processor.py:830} INFO - Processing file /opt/airflow/dags/stackoverflow_migration_dag.py for tasks to queue
[2026-05-06T13:54:41.679+0000] {logging_mixin.py:188} INFO - [2026-05-06T13:54:41.677+0000] {dagbag.py:545} INFO - Filling up the DagBag from /opt/airflow/dags/stackoverflow_migration_dag.py
[2026-05-06T13:54:45.925+0000] {logging_mixin.py:188} INFO - [2026-05-06T13:54:45.902+0000] {dagbag.py:355} ERROR - Failed to import: /opt/airflow/dags/stackoverflow_migration_dag.py
Traceback (most recent call last):
  File "/home/airflow/.local/lib/python3.12/site-packages/airflow/models/dagbag.py", line 351, in parse
    loader.exec_module(new_module)
  File "<frozen importlib._bootstrap_external>", line 995, in exec_module
  File "<frozen importlib._bootstrap>", line 488, in _call_with_frames_removed
  File "/opt/airflow/dags/stackoverflow_migration_dag.py", line 18, in <module>
    OPENAI_KEY = Variable.get("openai_test_key")
                 ^^^^^^^^^^^^^^^^^^^^^^^^^^^^^^^
  File "/home/airflow/.local/lib/python3.12/site-packages/airflow/models/variable.py", line 143, in get
    raise KeyError(f"Variable {key} does not exist")
KeyError: 'Variable openai_test_key does not exist'
[2026-05-06T13:54:45.930+0000] {processor.py:842} WARNING - No viable dags retrieved from /opt/airflow/dags/stackoverflow_migration_dag.py
[2026-05-06T13:54:45.966+0000] {processor.py:183} INFO - Processing /opt/airflow/dags/stackoverflow_migration_dag.py took 4.345 seconds
[2026-05-06T13:55:16.563+0000] {processor.py:161} INFO - Started process (PID=184) to work on /opt/airflow/dags/stackoverflow_migration_dag.py
[2026-05-06T13:55:16.567+0000] {processor.py:830} INFO - Processing file /opt/airflow/dags/stackoverflow_migration_dag.py for tasks to queue
[2026-05-06T13:55:16.573+0000] {logging_mixin.py:188} INFO - [2026-05-06T13:55:16.572+0000] {dagbag.py:545} INFO - Filling up the DagBag from /opt/airflow/dags/stackoverflow_migration_dag.py
[2026-05-06T13:55:19.282+0000] {processor.py:840} INFO - DAG(s) 'stackoverflow_automated_mcp_pipeline' retrieved from /opt/airflow/dags/stackoverflow_migration_dag.py
[2026-05-06T13:55:20.201+0000] {logging_mixin.py:188} INFO - [2026-05-06T13:55:20.199+0000] {override.py:1829} INFO - Created Permission View: can edit on DAG:stackoverflow_automated_mcp_pipeline
[2026-05-06T13:55:20.236+0000] {logging_mixin.py:188} INFO - [2026-05-06T13:55:20.235+0000] {override.py:1829} INFO - Created Permission View: can read on DAG:stackoverflow_automated_mcp_pipeline
[2026-05-06T13:55:20.260+0000] {logging_mixin.py:188} INFO - [2026-05-06T13:55:20.260+0000] {override.py:1829} INFO - Created Permission View: can delete on DAG:stackoverflow_automated_mcp_pipeline
[2026-05-06T13:55:20.262+0000] {logging_mixin.py:188} INFO - [2026-05-06T13:55:20.262+0000] {dag.py:3096} INFO - Sync 1 DAGs
[2026-05-06T13:55:20.326+0000] {logging_mixin.py:188} INFO - [2026-05-06T13:55:20.326+0000] {dag.py:3118} INFO - Creating ORM DAG for stackoverflow_automated_mcp_pipeline
[2026-05-06T13:55:20.393+0000] {logging_mixin.py:188} INFO - [2026-05-06T13:55:20.393+0000] {dag.py:3954} INFO - Setting next_dagrun for stackoverflow_automated_mcp_pipeline to 2026-05-05 00:00:00+00:00, run_after=2026-05-06 00:00:00+00:00
[2026-05-06T13:55:20.510+0000] {processor.py:183} INFO - Processing /opt/airflow/dags/stackoverflow_migration_dag.py took 3.963 seconds
[2026-05-06T13:55:51.338+0000] {processor.py:161} INFO - Started process (PID=189) to work on /opt/airflow/dags/stackoverflow_migration_dag.py
[2026-05-06T13:55:51.343+0000] {processor.py:830} INFO - Processing file /opt/airflow/dags/stackoverflow_migration_dag.py for tasks to queue
[2026-05-06T13:55:51.353+0000] {logging_mixin.py:188} INFO - [2026-05-06T13:55:51.352+0000] {dagbag.py:545} INFO - Filling up the DagBag from /opt/airflow/dags/stackoverflow_migration_dag.py
[2026-05-06T13:55:54.662+0000] {processor.py:840} INFO - DAG(s) 'stackoverflow_automated_mcp_pipeline' retrieved from /opt/airflow/dags/stackoverflow_migration_dag.py
[2026-05-06T13:55:54.725+0000] {logging_mixin.py:188} INFO - [2026-05-06T13:55:54.724+0000] {dag.py:3096} INFO - Sync 1 DAGs
[2026-05-06T13:55:54.881+0000] {logging_mixin.py:188} INFO - [2026-05-06T13:55:54.880+0000] {dag.py:3954} INFO - Setting next_dagrun for stackoverflow_automated_mcp_pipeline to 2026-05-05 00:00:00+00:00, run_after=2026-05-06 00:00:00+00:00
[2026-05-06T13:55:54.981+0000] {processor.py:183} INFO - Processing /opt/airflow/dags/stackoverflow_migration_dag.py took 3.675 seconds
[2026-05-06T13:56:25.674+0000] {processor.py:161} INFO - Started process (PID=194) to work on /opt/airflow/dags/stackoverflow_migration_dag.py
[2026-05-06T13:56:25.678+0000] {processor.py:830} INFO - Processing file /opt/airflow/dags/stackoverflow_migration_dag.py for tasks to queue
[2026-05-06T13:56:25.686+0000] {logging_mixin.py:188} INFO - [2026-05-06T13:56:25.684+0000] {dagbag.py:545} INFO - Filling up the DagBag from /opt/airflow/dags/stackoverflow_migration_dag.py
[2026-05-06T13:56:28.265+0000] {processor.py:840} INFO - DAG(s) 'stackoverflow_automated_mcp_pipeline' retrieved from /opt/airflow/dags/stackoverflow_migration_dag.py
[2026-05-06T13:56:28.304+0000] {logging_mixin.py:188} INFO - [2026-05-06T13:56:28.303+0000] {dag.py:3096} INFO - Sync 1 DAGs
[2026-05-06T13:56:28.400+0000] {logging_mixin.py:188} INFO - [2026-05-06T13:56:28.399+0000] {dag.py:3954} INFO - Setting next_dagrun for stackoverflow_automated_mcp_pipeline to 2026-05-05 00:00:00+00:00, run_after=2026-05-06 00:00:00+00:00
[2026-05-06T13:56:28.476+0000] {processor.py:183} INFO - Processing /opt/airflow/dags/stackoverflow_migration_dag.py took 2.822 seconds
[2026-05-06T13:56:59.227+0000] {processor.py:161} INFO - Started process (PID=203) to work on /opt/airflow/dags/stackoverflow_migration_dag.py
[2026-05-06T13:56:59.231+0000] {processor.py:830} INFO - Processing file /opt/airflow/dags/stackoverflow_migration_dag.py for tasks to queue
[2026-05-06T13:56:59.237+0000] {logging_mixin.py:188} INFO - [2026-05-06T13:56:59.236+0000] {dagbag.py:545} INFO - Filling up the DagBag from /opt/airflow/dags/stackoverflow_migration_dag.py
[2026-05-06T13:57:01.886+0000] {processor.py:840} INFO - DAG(s) 'stackoverflow_automated_mcp_pipeline' retrieved from /opt/airflow/dags/stackoverflow_migration_dag.py
[2026-05-06T13:57:01.980+0000] {logging_mixin.py:188} INFO - [2026-05-06T13:57:01.979+0000] {dag.py:3096} INFO - Sync 1 DAGs
[2026-05-06T13:57:02.160+0000] {logging_mixin.py:188} INFO - [2026-05-06T13:57:02.159+0000] {dag.py:3954} INFO - Setting next_dagrun for stackoverflow_automated_mcp_pipeline to 2026-05-06 00:00:00+00:00, run_after=2026-05-07 00:00:00+00:00
[2026-05-06T13:57:02.308+0000] {processor.py:183} INFO - Processing /opt/airflow/dags/stackoverflow_migration_dag.py took 3.100 seconds
[2026-05-06T13:57:33.044+0000] {processor.py:161} INFO - Started process (PID=208) to work on /opt/airflow/dags/stackoverflow_migration_dag.py
[2026-05-06T13:57:33.051+0000] {processor.py:830} INFO - Processing file /opt/airflow/dags/stackoverflow_migration_dag.py for tasks to queue
[2026-05-06T13:57:33.066+0000] {logging_mixin.py:188} INFO - [2026-05-06T13:57:33.064+0000] {dagbag.py:545} INFO - Filling up the DagBag from /opt/airflow/dags/stackoverflow_migration_dag.py
[2026-05-06T13:57:36.012+0000] {processor.py:840} INFO - DAG(s) 'stackoverflow_automated_mcp_pipeline' retrieved from /opt/airflow/dags/stackoverflow_migration_dag.py
[2026-05-06T13:57:36.057+0000] {logging_mixin.py:188} INFO - [2026-05-06T13:57:36.057+0000] {dag.py:3096} INFO - Sync 1 DAGs
[2026-05-06T13:57:36.162+0000] {logging_mixin.py:188} INFO - [2026-05-06T13:57:36.161+0000] {dag.py:3954} INFO - Setting next_dagrun for stackoverflow_automated_mcp_pipeline to 2026-05-06 00:00:00+00:00, run_after=2026-05-07 00:00:00+00:00
[2026-05-06T13:57:36.249+0000] {processor.py:183} INFO - Processing /opt/airflow/dags/stackoverflow_migration_dag.py took 3.257 seconds
[2026-05-06T13:58:07.130+0000] {processor.py:161} INFO - Started process (PID=213) to work on /opt/airflow/dags/stackoverflow_migration_dag.py
[2026-05-06T13:58:07.136+0000] {processor.py:830} INFO - Processing file /opt/airflow/dags/stackoverflow_migration_dag.py for tasks to queue
[2026-05-06T13:58:07.154+0000] {logging_mixin.py:188} INFO - [2026-05-06T13:58:07.151+0000] {dagbag.py:545} INFO - Filling up the DagBag from /opt/airflow/dags/stackoverflow_migration_dag.py
[2026-05-06T13:58:10.067+0000] {processor.py:840} INFO - DAG(s) 'stackoverflow_automated_mcp_pipeline' retrieved from /opt/airflow/dags/stackoverflow_migration_dag.py
[2026-05-06T13:58:10.111+0000] {logging_mixin.py:188} INFO - [2026-05-06T13:58:10.110+0000] {dag.py:3096} INFO - Sync 1 DAGs
[2026-05-06T13:58:10.217+0000] {logging_mixin.py:188} INFO - [2026-05-06T13:58:10.216+0000] {dag.py:3954} INFO - Setting next_dagrun for stackoverflow_automated_mcp_pipeline to 2026-05-06 00:00:00+00:00, run_after=2026-05-07 00:00:00+00:00
[2026-05-06T13:58:10.310+0000] {processor.py:183} INFO - Processing /opt/airflow/dags/stackoverflow_migration_dag.py took 3.224 seconds
[2026-05-06T13:58:40.729+0000] {processor.py:161} INFO - Started process (PID=219) to work on /opt/airflow/dags/stackoverflow_migration_dag.py
[2026-05-06T13:58:40.733+0000] {processor.py:830} INFO - Processing file /opt/airflow/dags/stackoverflow_migration_dag.py for tasks to queue
[2026-05-06T13:58:40.741+0000] {logging_mixin.py:188} INFO - [2026-05-06T13:58:40.740+0000] {dagbag.py:545} INFO - Filling up the DagBag from /opt/airflow/dags/stackoverflow_migration_dag.py
[2026-05-06T13:58:43.386+0000] {processor.py:840} INFO - DAG(s) 'stackoverflow_automated_mcp_pipeline' retrieved from /opt/airflow/dags/stackoverflow_migration_dag.py
[2026-05-06T13:58:43.415+0000] {logging_mixin.py:188} INFO - [2026-05-06T13:58:43.414+0000] {dag.py:3096} INFO - Sync 1 DAGs
[2026-05-06T13:58:43.501+0000] {logging_mixin.py:188} INFO - [2026-05-06T13:58:43.501+0000] {dag.py:3954} INFO - Setting next_dagrun for stackoverflow_automated_mcp_pipeline to 2026-05-06 00:00:00+00:00, run_after=2026-05-07 00:00:00+00:00
[2026-05-06T13:58:43.619+0000] {processor.py:183} INFO - Processing /opt/airflow/dags/stackoverflow_migration_dag.py took 2.919 seconds
[2026-05-06T13:59:14.424+0000] {processor.py:161} INFO - Started process (PID=227) to work on /opt/airflow/dags/stackoverflow_migration_dag.py
[2026-05-06T13:59:14.432+0000] {processor.py:830} INFO - Processing file /opt/airflow/dags/stackoverflow_migration_dag.py for tasks to queue
[2026-05-06T13:59:14.446+0000] {logging_mixin.py:188} INFO - [2026-05-06T13:59:14.444+0000] {dagbag.py:545} INFO - Filling up the DagBag from /opt/airflow/dags/stackoverflow_migration_dag.py
[2026-05-06T13:59:16.971+0000] {processor.py:840} INFO - DAG(s) 'stackoverflow_automated_mcp_pipeline' retrieved from /opt/airflow/dags/stackoverflow_migration_dag.py
[2026-05-06T13:59:17.017+0000] {logging_mixin.py:188} INFO - [2026-05-06T13:59:17.016+0000] {dag.py:3096} INFO - Sync 1 DAGs
[2026-05-06T13:59:17.122+0000] {logging_mixin.py:188} INFO - [2026-05-06T13:59:17.121+0000] {dag.py:3954} INFO - Setting next_dagrun for stackoverflow_automated_mcp_pipeline to 2026-05-06 00:00:00+00:00, run_after=2026-05-07 00:00:00+00:00
[2026-05-06T13:59:17.205+0000] {processor.py:183} INFO - Processing /opt/airflow/dags/stackoverflow_migration_dag.py took 2.826 seconds
[2026-05-06T13:59:48.148+0000] {processor.py:161} INFO - Started process (PID=232) to work on /opt/airflow/dags/stackoverflow_migration_dag.py
[2026-05-06T13:59:48.153+0000] {processor.py:830} INFO - Processing file /opt/airflow/dags/stackoverflow_migration_dag.py for tasks to queue
[2026-05-06T13:59:48.162+0000] {logging_mixin.py:188} INFO - [2026-05-06T13:59:48.160+0000] {dagbag.py:545} INFO - Filling up the DagBag from /opt/airflow/dags/stackoverflow_migration_dag.py
[2026-05-06T13:59:51.077+0000] {processor.py:840} INFO - DAG(s) 'stackoverflow_automated_mcp_pipeline' retrieved from /opt/airflow/dags/stackoverflow_migration_dag.py
[2026-05-06T13:59:51.135+0000] {logging_mixin.py:188} INFO - [2026-05-06T13:59:51.134+0000] {dag.py:3096} INFO - Sync 1 DAGs
[2026-05-06T13:59:51.258+0000] {logging_mixin.py:188} INFO - [2026-05-06T13:59:51.257+0000] {dag.py:3954} INFO - Setting next_dagrun for stackoverflow_automated_mcp_pipeline to 2026-05-06 00:00:00+00:00, run_after=2026-05-07 00:00:00+00:00
[2026-05-06T13:59:51.349+0000] {processor.py:183} INFO - Processing /opt/airflow/dags/stackoverflow_migration_dag.py took 3.225 seconds
[2026-05-06T14:00:21.757+0000] {processor.py:161} INFO - Started process (PID=237) to work on /opt/airflow/dags/stackoverflow_migration_dag.py
[2026-05-06T14:00:21.760+0000] {processor.py:830} INFO - Processing file /opt/airflow/dags/stackoverflow_migration_dag.py for tasks to queue
[2026-05-06T14:00:21.766+0000] {logging_mixin.py:188} INFO - [2026-05-06T14:00:21.765+0000] {dagbag.py:545} INFO - Filling up the DagBag from /opt/airflow/dags/stackoverflow_migration_dag.py
[2026-05-06T14:00:24.236+0000] {processor.py:840} INFO - DAG(s) 'stackoverflow_automated_mcp_pipeline' retrieved from /opt/airflow/dags/stackoverflow_migration_dag.py
[2026-05-06T14:00:24.276+0000] {logging_mixin.py:188} INFO - [2026-05-06T14:00:24.275+0000] {dag.py:3096} INFO - Sync 1 DAGs
[2026-05-06T14:00:24.380+0000] {logging_mixin.py:188} INFO - [2026-05-06T14:00:24.380+0000] {dag.py:3954} INFO - Setting next_dagrun for stackoverflow_automated_mcp_pipeline to 2026-05-06 00:00:00+00:00, run_after=2026-05-07 00:00:00+00:00
[2026-05-06T14:00:24.460+0000] {processor.py:183} INFO - Processing /opt/airflow/dags/stackoverflow_migration_dag.py took 2.717 seconds
[2026-05-06T14:00:55.004+0000] {processor.py:161} INFO - Started process (PID=242) to work on /opt/airflow/dags/stackoverflow_migration_dag.py
[2026-05-06T14:00:55.011+0000] {processor.py:830} INFO - Processing file /opt/airflow/dags/stackoverflow_migration_dag.py for tasks to queue
[2026-05-06T14:00:55.023+0000] {logging_mixin.py:188} INFO - [2026-05-06T14:00:55.021+0000] {dagbag.py:545} INFO - Filling up the DagBag from /opt/airflow/dags/stackoverflow_migration_dag.py
[2026-05-06T14:00:58.841+0000] {processor.py:840} INFO - DAG(s) 'stackoverflow_automated_mcp_pipeline' retrieved from /opt/airflow/dags/stackoverflow_migration_dag.py
[2026-05-06T14:00:58.883+0000] {logging_mixin.py:188} INFO - [2026-05-06T14:00:58.882+0000] {dag.py:3096} INFO - Sync 1 DAGs
[2026-05-06T14:00:58.980+0000] {logging_mixin.py:188} INFO - [2026-05-06T14:00:58.980+0000] {dag.py:3954} INFO - Setting next_dagrun for stackoverflow_automated_mcp_pipeline to 2026-05-06 00:00:00+00:00, run_after=2026-05-07 00:00:00+00:00
[2026-05-06T14:00:59.060+0000] {processor.py:183} INFO - Processing /opt/airflow/dags/stackoverflow_migration_dag.py took 4.092 seconds
[2026-05-06T14:01:29.689+0000] {processor.py:161} INFO - Started process (PID=247) to work on /opt/airflow/dags/stackoverflow_migration_dag.py
[2026-05-06T14:01:29.692+0000] {processor.py:830} INFO - Processing file /opt/airflow/dags/stackoverflow_migration_dag.py for tasks to queue
[2026-05-06T14:01:29.697+0000] {logging_mixin.py:188} INFO - [2026-05-06T14:01:29.696+0000] {dagbag.py:545} INFO - Filling up the DagBag from /opt/airflow/dags/stackoverflow_migration_dag.py
[2026-05-06T14:01:32.979+0000] {processor.py:840} INFO - DAG(s) 'stackoverflow_automated_mcp_pipeline' retrieved from /opt/airflow/dags/stackoverflow_migration_dag.py
[2026-05-06T14:01:33.045+0000] {logging_mixin.py:188} INFO - [2026-05-06T14:01:33.044+0000] {dag.py:3096} INFO - Sync 1 DAGs
[2026-05-06T14:01:33.228+0000] {logging_mixin.py:188} INFO - [2026-05-06T14:01:33.227+0000] {dag.py:3954} INFO - Setting next_dagrun for stackoverflow_automated_mcp_pipeline to 2026-05-06 00:00:00+00:00, run_after=2026-05-07 00:00:00+00:00
[2026-05-06T14:01:33.408+0000] {processor.py:183} INFO - Processing /opt/airflow/dags/stackoverflow_migration_dag.py took 3.733 seconds
[2026-05-06T14:02:04.314+0000] {processor.py:161} INFO - Started process (PID=254) to work on /opt/airflow/dags/stackoverflow_migration_dag.py
[2026-05-06T14:02:04.320+0000] {processor.py:830} INFO - Processing file /opt/airflow/dags/stackoverflow_migration_dag.py for tasks to queue
[2026-05-06T14:02:04.332+0000] {logging_mixin.py:188} INFO - [2026-05-06T14:02:04.330+0000] {dagbag.py:545} INFO - Filling up the DagBag from /opt/airflow/dags/stackoverflow_migration_dag.py
[2026-05-06T14:02:07.088+0000] {processor.py:840} INFO - DAG(s) 'stackoverflow_automated_mcp_pipeline' retrieved from /opt/airflow/dags/stackoverflow_migration_dag.py
[2026-05-06T14:02:07.157+0000] {logging_mixin.py:188} INFO - [2026-05-06T14:02:07.156+0000] {dag.py:3096} INFO - Sync 1 DAGs
[2026-05-06T14:02:07.298+0000] {logging_mixin.py:188} INFO - [2026-05-06T14:02:07.298+0000] {dag.py:3954} INFO - Setting next_dagrun for stackoverflow_automated_mcp_pipeline to 2026-05-06 00:00:00+00:00, run_after=2026-05-07 00:00:00+00:00
[2026-05-06T14:02:07.403+0000] {processor.py:183} INFO - Processing /opt/airflow/dags/stackoverflow_migration_dag.py took 3.126 seconds
[2026-05-06T14:02:37.709+0000] {processor.py:161} INFO - Started process (PID=259) to work on /opt/airflow/dags/stackoverflow_migration_dag.py
[2026-05-06T14:02:37.711+0000] {processor.py:830} INFO - Processing file /opt/airflow/dags/stackoverflow_migration_dag.py for tasks to queue
[2026-05-06T14:02:37.714+0000] {logging_mixin.py:188} INFO - [2026-05-06T14:02:37.713+0000] {dagbag.py:545} INFO - Filling up the DagBag from /opt/airflow/dags/stackoverflow_migration_dag.py
[2026-05-06T14:02:38.962+0000] {processor.py:840} INFO - DAG(s) 'stackoverflow_automated_mcp_pipeline' retrieved from /opt/airflow/dags/stackoverflow_migration_dag.py
[2026-05-06T14:02:38.981+0000] {logging_mixin.py:188} INFO - [2026-05-06T14:02:38.980+0000] {dag.py:3096} INFO - Sync 1 DAGs
[2026-05-06T14:02:39.027+0000] {logging_mixin.py:188} INFO - [2026-05-06T14:02:39.027+0000] {dag.py:3954} INFO - Setting next_dagrun for stackoverflow_automated_mcp_pipeline to 2026-05-06 00:00:00+00:00, run_after=2026-05-07 00:00:00+00:00
[2026-05-06T14:02:39.067+0000] {processor.py:183} INFO - Processing /opt/airflow/dags/stackoverflow_migration_dag.py took 1.366 seconds
[2026-05-06T14:03:09.258+0000] {processor.py:161} INFO - Started process (PID=264) to work on /opt/airflow/dags/stackoverflow_migration_dag.py
[2026-05-06T14:03:09.260+0000] {processor.py:830} INFO - Processing file /opt/airflow/dags/stackoverflow_migration_dag.py for tasks to queue
[2026-05-06T14:03:09.263+0000] {logging_mixin.py:188} INFO - [2026-05-06T14:03:09.263+0000] {dagbag.py:545} INFO - Filling up the DagBag from /opt/airflow/dags/stackoverflow_migration_dag.py
[2026-05-06T14:03:10.476+0000] {processor.py:840} INFO - DAG(s) 'stackoverflow_automated_mcp_pipeline' retrieved from /opt/airflow/dags/stackoverflow_migration_dag.py
[2026-05-06T14:03:10.496+0000] {logging_mixin.py:188} INFO - [2026-05-06T14:03:10.496+0000] {dag.py:3096} INFO - Sync 1 DAGs
[2026-05-06T14:03:10.543+0000] {logging_mixin.py:188} INFO - [2026-05-06T14:03:10.543+0000] {dag.py:3954} INFO - Setting next_dagrun for stackoverflow_automated_mcp_pipeline to 2026-05-06 00:00:00+00:00, run_after=2026-05-07 00:00:00+00:00
[2026-05-06T14:03:10.583+0000] {processor.py:183} INFO - Processing /opt/airflow/dags/stackoverflow_migration_dag.py took 1.334 seconds
[2026-05-06T14:03:40.694+0000] {processor.py:161} INFO - Started process (PID=269) to work on /opt/airflow/dags/stackoverflow_migration_dag.py
[2026-05-06T14:03:40.696+0000] {processor.py:830} INFO - Processing file /opt/airflow/dags/stackoverflow_migration_dag.py for tasks to queue
[2026-05-06T14:03:40.700+0000] {logging_mixin.py:188} INFO - [2026-05-06T14:03:40.699+0000] {dagbag.py:545} INFO - Filling up the DagBag from /opt/airflow/dags/stackoverflow_migration_dag.py
[2026-05-06T14:03:42.116+0000] {processor.py:840} INFO - DAG(s) 'stackoverflow_automated_mcp_pipeline' retrieved from /opt/airflow/dags/stackoverflow_migration_dag.py
[2026-05-06T14:03:42.136+0000] {logging_mixin.py:188} INFO - [2026-05-06T14:03:42.136+0000] {dag.py:3096} INFO - Sync 1 DAGs
[2026-05-06T14:03:42.184+0000] {logging_mixin.py:188} INFO - [2026-05-06T14:03:42.184+0000] {dag.py:3954} INFO - Setting next_dagrun for stackoverflow_automated_mcp_pipeline to 2026-05-06 00:00:00+00:00, run_after=2026-05-07 00:00:00+00:00
[2026-05-06T14:03:42.228+0000] {processor.py:183} INFO - Processing /opt/airflow/dags/stackoverflow_migration_dag.py took 1.541 seconds
[2026-05-06T14:04:12.575+0000] {processor.py:161} INFO - Started process (PID=278) to work on /opt/airflow/dags/stackoverflow_migration_dag.py
[2026-05-06T14:04:12.576+0000] {processor.py:830} INFO - Processing file /opt/airflow/dags/stackoverflow_migration_dag.py for tasks to queue
[2026-05-06T14:04:12.580+0000] {logging_mixin.py:188} INFO - [2026-05-06T14:04:12.580+0000] {dagbag.py:545} INFO - Filling up the DagBag from /opt/airflow/dags/stackoverflow_migration_dag.py
[2026-05-06T14:04:13.762+0000] {processor.py:840} INFO - DAG(s) 'stackoverflow_automated_mcp_pipeline' retrieved from /opt/airflow/dags/stackoverflow_migration_dag.py
[2026-05-06T14:04:13.781+0000] {logging_mixin.py:188} INFO - [2026-05-06T14:04:13.781+0000] {dag.py:3096} INFO - Sync 1 DAGs
[2026-05-06T14:04:13.828+0000] {logging_mixin.py:188} INFO - [2026-05-06T14:04:13.828+0000] {dag.py:3954} INFO - Setting next_dagrun for stackoverflow_automated_mcp_pipeline to 2026-05-06 00:00:00+00:00, run_after=2026-05-07 00:00:00+00:00
[2026-05-06T14:04:13.866+0000] {processor.py:183} INFO - Processing /opt/airflow/dags/stackoverflow_migration_dag.py took 1.300 seconds
[2026-05-06T14:04:44.199+0000] {processor.py:161} INFO - Started process (PID=284) to work on /opt/airflow/dags/stackoverflow_migration_dag.py
[2026-05-06T14:04:44.201+0000] {processor.py:830} INFO - Processing file /opt/airflow/dags/stackoverflow_migration_dag.py for tasks to queue
[2026-05-06T14:04:44.205+0000] {logging_mixin.py:188} INFO - [2026-05-06T14:04:44.205+0000] {dagbag.py:545} INFO - Filling up the DagBag from /opt/airflow/dags/stackoverflow_migration_dag.py
[2026-05-06T14:04:45.900+0000] {processor.py:840} INFO - DAG(s) 'stackoverflow_automated_mcp_pipeline' retrieved from /opt/airflow/dags/stackoverflow_migration_dag.py
[2026-05-06T14:04:45.925+0000] {logging_mixin.py:188} INFO - [2026-05-06T14:04:45.925+0000] {dag.py:3096} INFO - Sync 1 DAGs
[2026-05-06T14:04:45.983+0000] {logging_mixin.py:188} INFO - [2026-05-06T14:04:45.982+0000] {dag.py:3954} INFO - Setting next_dagrun for stackoverflow_automated_mcp_pipeline to 2026-05-06 00:00:00+00:00, run_after=2026-05-07 00:00:00+00:00
[2026-05-06T14:04:46.028+0000] {processor.py:183} INFO - Processing /opt/airflow/dags/stackoverflow_migration_dag.py took 1.842 seconds
[2026-05-06T14:05:16.279+0000] {processor.py:161} INFO - Started process (PID=292) to work on /opt/airflow/dags/stackoverflow_migration_dag.py
[2026-05-06T14:05:16.280+0000] {processor.py:830} INFO - Processing file /opt/airflow/dags/stackoverflow_migration_dag.py for tasks to queue
[2026-05-06T14:05:16.284+0000] {logging_mixin.py:188} INFO - [2026-05-06T14:05:16.283+0000] {dagbag.py:545} INFO - Filling up the DagBag from /opt/airflow/dags/stackoverflow_migration_dag.py
[2026-05-06T14:05:17.419+0000] {processor.py:840} INFO - DAG(s) 'stackoverflow_automated_mcp_pipeline' retrieved from /opt/airflow/dags/stackoverflow_migration_dag.py
[2026-05-06T14:05:17.439+0000] {logging_mixin.py:188} INFO - [2026-05-06T14:05:17.438+0000] {dag.py:3096} INFO - Sync 1 DAGs
[2026-05-06T14:05:17.483+0000] {logging_mixin.py:188} INFO - [2026-05-06T14:05:17.483+0000] {dag.py:3954} INFO - Setting next_dagrun for stackoverflow_automated_mcp_pipeline to 2026-05-06 00:00:00+00:00, run_after=2026-05-07 00:00:00+00:00
[2026-05-06T14:05:17.522+0000] {processor.py:183} INFO - Processing /opt/airflow/dags/stackoverflow_migration_dag.py took 1.251 seconds
[2026-05-06T14:05:47.749+0000] {processor.py:161} INFO - Started process (PID=299) to work on /opt/airflow/dags/stackoverflow_migration_dag.py
[2026-05-06T14:05:47.755+0000] {processor.py:830} INFO - Processing file /opt/airflow/dags/stackoverflow_migration_dag.py for tasks to queue
[2026-05-06T14:05:47.763+0000] {logging_mixin.py:188} INFO - [2026-05-06T14:05:47.761+0000] {dagbag.py:545} INFO - Filling up the DagBag from /opt/airflow/dags/stackoverflow_migration_dag.py
[2026-05-06T14:05:49.576+0000] {processor.py:840} INFO - DAG(s) 'stackoverflow_automated_mcp_pipeline' retrieved from /opt/airflow/dags/stackoverflow_migration_dag.py
[2026-05-06T14:05:49.596+0000] {logging_mixin.py:188} INFO - [2026-05-06T14:05:49.596+0000] {dag.py:3096} INFO - Sync 1 DAGs
[2026-05-06T14:05:49.663+0000] {logging_mixin.py:188} INFO - [2026-05-06T14:05:49.662+0000] {dag.py:3954} INFO - Setting next_dagrun for stackoverflow_automated_mcp_pipeline to 2026-05-06 00:00:00+00:00, run_after=2026-05-07 00:00:00+00:00
[2026-05-06T14:05:49.706+0000] {processor.py:183} INFO - Processing /opt/airflow/dags/stackoverflow_migration_dag.py took 1.977 seconds
[2026-05-06T14:06:20.034+0000] {processor.py:161} INFO - Started process (PID=306) to work on /opt/airflow/dags/stackoverflow_migration_dag.py
[2026-05-06T14:06:20.036+0000] {processor.py:830} INFO - Processing file /opt/airflow/dags/stackoverflow_migration_dag.py for tasks to queue
[2026-05-06T14:06:20.038+0000] {logging_mixin.py:188} INFO - [2026-05-06T14:06:20.038+0000] {dagbag.py:545} INFO - Filling up the DagBag from /opt/airflow/dags/stackoverflow_migration_dag.py
[2026-05-06T14:06:21.173+0000] {processor.py:840} INFO - DAG(s) 'stackoverflow_automated_mcp_pipeline' retrieved from /opt/airflow/dags/stackoverflow_migration_dag.py
[2026-05-06T14:06:21.193+0000] {logging_mixin.py:188} INFO - [2026-05-06T14:06:21.193+0000] {dag.py:3096} INFO - Sync 1 DAGs
[2026-05-06T14:06:21.237+0000] {logging_mixin.py:188} INFO - [2026-05-06T14:06:21.237+0000] {dag.py:3954} INFO - Setting next_dagrun for stackoverflow_automated_mcp_pipeline to 2026-05-06 00:00:00+00:00, run_after=2026-05-07 00:00:00+00:00
[2026-05-06T14:06:21.277+0000] {processor.py:183} INFO - Processing /opt/airflow/dags/stackoverflow_migration_dag.py took 1.252 seconds
[2026-05-06T14:06:51.400+0000] {processor.py:161} INFO - Started process (PID=311) to work on /opt/airflow/dags/stackoverflow_migration_dag.py
[2026-05-06T14:06:51.401+0000] {processor.py:830} INFO - Processing file /opt/airflow/dags/stackoverflow_migration_dag.py for tasks to queue
[2026-05-06T14:06:51.404+0000] {logging_mixin.py:188} INFO - [2026-05-06T14:06:51.403+0000] {dagbag.py:545} INFO - Filling up the DagBag from /opt/airflow/dags/stackoverflow_migration_dag.py
[2026-05-06T14:06:52.813+0000] {processor.py:840} INFO - DAG(s) 'stackoverflow_automated_mcp_pipeline' retrieved from /opt/airflow/dags/stackoverflow_migration_dag.py
[2026-05-06T14:06:52.833+0000] {logging_mixin.py:188} INFO - [2026-05-06T14:06:52.833+0000] {dag.py:3096} INFO - Sync 1 DAGs
[2026-05-06T14:06:52.880+0000] {logging_mixin.py:188} INFO - [2026-05-06T14:06:52.880+0000] {dag.py:3954} INFO - Setting next_dagrun for stackoverflow_automated_mcp_pipeline to 2026-05-06 00:00:00+00:00, run_after=2026-05-07 00:00:00+00:00
[2026-05-06T14:06:52.925+0000] {processor.py:183} INFO - Processing /opt/airflow/dags/stackoverflow_migration_dag.py took 1.532 seconds
[2026-05-06T14:07:23.287+0000] {processor.py:161} INFO - Started process (PID=318) to work on /opt/airflow/dags/stackoverflow_migration_dag.py
[2026-05-06T14:07:23.288+0000] {processor.py:830} INFO - Processing file /opt/airflow/dags/stackoverflow_migration_dag.py for tasks to queue
[2026-05-06T14:07:23.291+0000] {logging_mixin.py:188} INFO - [2026-05-06T14:07:23.291+0000] {dagbag.py:545} INFO - Filling up the DagBag from /opt/airflow/dags/stackoverflow_migration_dag.py
[2026-05-06T14:07:24.477+0000] {processor.py:840} INFO - DAG(s) 'stackoverflow_automated_mcp_pipeline' retrieved from /opt/airflow/dags/stackoverflow_migration_dag.py
[2026-05-06T14:07:24.496+0000] {logging_mixin.py:188} INFO - [2026-05-06T14:07:24.496+0000] {dag.py:3096} INFO - Sync 1 DAGs
[2026-05-06T14:07:24.542+0000] {logging_mixin.py:188} INFO - [2026-05-06T14:07:24.541+0000] {dag.py:3954} INFO - Setting next_dagrun for stackoverflow_automated_mcp_pipeline to 2026-05-06 00:00:00+00:00, run_after=2026-05-07 00:00:00+00:00
[2026-05-06T14:07:24.581+0000] {processor.py:183} INFO - Processing /opt/airflow/dags/stackoverflow_migration_dag.py took 1.303 seconds
[2026-05-06T14:07:54.871+0000] {processor.py:161} INFO - Started process (PID=327) to work on /opt/airflow/dags/stackoverflow_migration_dag.py
[2026-05-06T14:07:54.872+0000] {processor.py:830} INFO - Processing file /opt/airflow/dags/stackoverflow_migration_dag.py for tasks to queue
[2026-05-06T14:07:54.875+0000] {logging_mixin.py:188} INFO - [2026-05-06T14:07:54.874+0000] {dagbag.py:545} INFO - Filling up the DagBag from /opt/airflow/dags/stackoverflow_migration_dag.py
[2026-05-06T14:07:56.366+0000] {processor.py:840} INFO - DAG(s) 'stackoverflow_automated_mcp_pipeline' retrieved from /opt/airflow/dags/stackoverflow_migration_dag.py
[2026-05-06T14:07:56.385+0000] {logging_mixin.py:188} INFO - [2026-05-06T14:07:56.384+0000] {dag.py:3096} INFO - Sync 1 DAGs
[2026-05-06T14:07:56.430+0000] {logging_mixin.py:188} INFO - [2026-05-06T14:07:56.429+0000] {dag.py:3954} INFO - Setting next_dagrun for stackoverflow_automated_mcp_pipeline to 2026-05-06 00:00:00+00:00, run_after=2026-05-07 00:00:00+00:00
[2026-05-06T14:07:56.469+0000] {processor.py:183} INFO - Processing /opt/airflow/dags/stackoverflow_migration_dag.py took 1.606 seconds
[2026-05-06T14:08:26.907+0000] {processor.py:161} INFO - Started process (PID=336) to work on /opt/airflow/dags/stackoverflow_migration_dag.py
[2026-05-06T14:08:26.909+0000] {processor.py:830} INFO - Processing file /opt/airflow/dags/stackoverflow_migration_dag.py for tasks to queue
[2026-05-06T14:08:26.912+0000] {logging_mixin.py:188} INFO - [2026-05-06T14:08:26.911+0000] {dagbag.py:545} INFO - Filling up the DagBag from /opt/airflow/dags/stackoverflow_migration_dag.py
[2026-05-06T14:08:28.173+0000] {processor.py:840} INFO - DAG(s) 'stackoverflow_automated_mcp_pipeline' retrieved from /opt/airflow/dags/stackoverflow_migration_dag.py
[2026-05-06T14:08:28.193+0000] {logging_mixin.py:188} INFO - [2026-05-06T14:08:28.193+0000] {dag.py:3096} INFO - Sync 1 DAGs
[2026-05-06T14:08:28.240+0000] {logging_mixin.py:188} INFO - [2026-05-06T14:08:28.240+0000] {dag.py:3954} INFO - Setting next_dagrun for stackoverflow_automated_mcp_pipeline to 2026-05-06 00:00:00+00:00, run_after=2026-05-07 00:00:00+00:00
[2026-05-06T14:08:28.285+0000] {processor.py:183} INFO - Processing /opt/airflow/dags/stackoverflow_migration_dag.py took 1.385 seconds
[2026-05-06T14:08:58.397+0000] {processor.py:161} INFO - Started process (PID=341) to work on /opt/airflow/dags/stackoverflow_migration_dag.py
[2026-05-06T14:08:58.399+0000] {processor.py:830} INFO - Processing file /opt/airflow/dags/stackoverflow_migration_dag.py for tasks to queue
[2026-05-06T14:08:58.403+0000] {logging_mixin.py:188} INFO - [2026-05-06T14:08:58.403+0000] {dagbag.py:545} INFO - Filling up the DagBag from /opt/airflow/dags/stackoverflow_migration_dag.py
[2026-05-06T14:08:59.709+0000] {processor.py:840} INFO - DAG(s) 'stackoverflow_automated_mcp_pipeline' retrieved from /opt/airflow/dags/stackoverflow_migration_dag.py
[2026-05-06T14:08:59.727+0000] {logging_mixin.py:188} INFO - [2026-05-06T14:08:59.727+0000] {dag.py:3096} INFO - Sync 1 DAGs
[2026-05-06T14:08:59.770+0000] {logging_mixin.py:188} INFO - [2026-05-06T14:08:59.770+0000] {dag.py:3954} INFO - Setting next_dagrun for stackoverflow_automated_mcp_pipeline to 2026-05-06 00:00:00+00:00, run_after=2026-05-07 00:00:00+00:00
[2026-05-06T14:08:59.807+0000] {processor.py:183} INFO - Processing /opt/airflow/dags/stackoverflow_migration_dag.py took 1.419 seconds
[2026-05-06T14:09:30.142+0000] {processor.py:161} INFO - Started process (PID=346) to work on /opt/airflow/dags/stackoverflow_migration_dag.py
[2026-05-06T14:09:30.144+0000] {processor.py:830} INFO - Processing file /opt/airflow/dags/stackoverflow_migration_dag.py for tasks to queue
[2026-05-06T14:09:30.146+0000] {logging_mixin.py:188} INFO - [2026-05-06T14:09:30.146+0000] {dagbag.py:545} INFO - Filling up the DagBag from /opt/airflow/dags/stackoverflow_migration_dag.py
[2026-05-06T14:09:31.457+0000] {processor.py:840} INFO - DAG(s) 'stackoverflow_automated_mcp_pipeline' retrieved from /opt/airflow/dags/stackoverflow_migration_dag.py
[2026-05-06T14:09:31.477+0000] {logging_mixin.py:188} INFO - [2026-05-06T14:09:31.477+0000] {dag.py:3096} INFO - Sync 1 DAGs
[2026-05-06T14:09:31.525+0000] {logging_mixin.py:188} INFO - [2026-05-06T14:09:31.524+0000] {dag.py:3954} INFO - Setting next_dagrun for stackoverflow_automated_mcp_pipeline to 2026-05-06 00:00:00+00:00, run_after=2026-05-07 00:00:00+00:00
[2026-05-06T14:09:31.565+0000] {processor.py:183} INFO - Processing /opt/airflow/dags/stackoverflow_migration_dag.py took 1.430 seconds
[2026-05-06T14:10:01.918+0000] {processor.py:161} INFO - Started process (PID=351) to work on /opt/airflow/dags/stackoverflow_migration_dag.py
[2026-05-06T14:10:01.920+0000] {processor.py:830} INFO - Processing file /opt/airflow/dags/stackoverflow_migration_dag.py for tasks to queue
[2026-05-06T14:10:01.923+0000] {logging_mixin.py:188} INFO - [2026-05-06T14:10:01.922+0000] {dagbag.py:545} INFO - Filling up the DagBag from /opt/airflow/dags/stackoverflow_migration_dag.py
[2026-05-06T14:10:03.160+0000] {processor.py:840} INFO - DAG(s) 'stackoverflow_automated_mcp_pipeline' retrieved from /opt/airflow/dags/stackoverflow_migration_dag.py
[2026-05-06T14:10:03.178+0000] {logging_mixin.py:188} INFO - [2026-05-06T14:10:03.178+0000] {dag.py:3096} INFO - Sync 1 DAGs
[2026-05-06T14:10:03.223+0000] {logging_mixin.py:188} INFO - [2026-05-06T14:10:03.223+0000] {dag.py:3954} INFO - Setting next_dagrun for stackoverflow_automated_mcp_pipeline to 2026-05-06 00:00:00+00:00, run_after=2026-05-07 00:00:00+00:00
[2026-05-06T14:10:03.260+0000] {processor.py:183} INFO - Processing /opt/airflow/dags/stackoverflow_migration_dag.py took 1.352 seconds
[2026-05-06T14:10:33.597+0000] {processor.py:161} INFO - Started process (PID=356) to work on /opt/airflow/dags/stackoverflow_migration_dag.py
[2026-05-06T14:10:33.598+0000] {processor.py:830} INFO - Processing file /opt/airflow/dags/stackoverflow_migration_dag.py for tasks to queue
[2026-05-06T14:10:33.601+0000] {logging_mixin.py:188} INFO - [2026-05-06T14:10:33.600+0000] {dagbag.py:545} INFO - Filling up the DagBag from /opt/airflow/dags/stackoverflow_migration_dag.py
[2026-05-06T14:10:34.820+0000] {processor.py:840} INFO - DAG(s) 'stackoverflow_automated_mcp_pipeline' retrieved from /opt/airflow/dags/stackoverflow_migration_dag.py
[2026-05-06T14:10:34.840+0000] {logging_mixin.py:188} INFO - [2026-05-06T14:10:34.840+0000] {dag.py:3096} INFO - Sync 1 DAGs
[2026-05-06T14:10:34.888+0000] {logging_mixin.py:188} INFO - [2026-05-06T14:10:34.888+0000] {dag.py:3954} INFO - Setting next_dagrun for stackoverflow_automated_mcp_pipeline to 2026-05-06 00:00:00+00:00, run_after=2026-05-07 00:00:00+00:00
[2026-05-06T14:10:34.928+0000] {processor.py:183} INFO - Processing /opt/airflow/dags/stackoverflow_migration_dag.py took 1.339 seconds
[2026-05-06T14:11:05.220+0000] {processor.py:161} INFO - Started process (PID=361) to work on /opt/airflow/dags/stackoverflow_migration_dag.py
[2026-05-06T14:11:05.222+0000] {processor.py:830} INFO - Processing file /opt/airflow/dags/stackoverflow_migration_dag.py for tasks to queue
[2026-05-06T14:11:05.225+0000] {logging_mixin.py:188} INFO - [2026-05-06T14:11:05.224+0000] {dagbag.py:545} INFO - Filling up the DagBag from /opt/airflow/dags/stackoverflow_migration_dag.py
[2026-05-06T14:11:06.670+0000] {processor.py:840} INFO - DAG(s) 'stackoverflow_automated_mcp_pipeline' retrieved from /opt/airflow/dags/stackoverflow_migration_dag.py
[2026-05-06T14:11:06.695+0000] {logging_mixin.py:188} INFO - [2026-05-06T14:11:06.695+0000] {dag.py:3096} INFO - Sync 1 DAGs
[2026-05-06T14:11:06.755+0000] {logging_mixin.py:188} INFO - [2026-05-06T14:11:06.754+0000] {dag.py:3954} INFO - Setting next_dagrun for stackoverflow_automated_mcp_pipeline to 2026-05-06 00:00:00+00:00, run_after=2026-05-07 00:00:00+00:00
[2026-05-06T14:11:06.801+0000] {processor.py:183} INFO - Processing /opt/airflow/dags/stackoverflow_migration_dag.py took 1.591 seconds
[2026-05-06T14:11:22.068+0000] {processor.py:161} INFO - Started process (PID=366) to work on /opt/airflow/dags/stackoverflow_migration_dag.py
[2026-05-06T14:11:22.071+0000] {processor.py:830} INFO - Processing file /opt/airflow/dags/stackoverflow_migration_dag.py for tasks to queue
[2026-05-06T14:11:22.074+0000] {logging_mixin.py:188} INFO - [2026-05-06T14:11:22.074+0000] {dagbag.py:545} INFO - Filling up the DagBag from /opt/airflow/dags/stackoverflow_migration_dag.py
[2026-05-06T14:11:23.534+0000] {processor.py:840} INFO - DAG(s) 'stackoverflow_automated_mcp_pipeline' retrieved from /opt/airflow/dags/stackoverflow_migration_dag.py
[2026-05-06T14:11:23.555+0000] {logging_mixin.py:188} INFO - [2026-05-06T14:11:23.554+0000] {dag.py:3096} INFO - Sync 1 DAGs
[2026-05-06T14:11:23.599+0000] {logging_mixin.py:188} INFO - [2026-05-06T14:11:23.599+0000] {dag.py:3954} INFO - Setting next_dagrun for stackoverflow_automated_mcp_pipeline to 2026-05-06 00:00:00+00:00, run_after=2026-05-07 00:00:00+00:00
[2026-05-06T14:11:23.652+0000] {processor.py:183} INFO - Processing /opt/airflow/dags/stackoverflow_migration_dag.py took 1.597 seconds
[2026-05-06T14:11:54.001+0000] {processor.py:161} INFO - Started process (PID=371) to work on /opt/airflow/dags/stackoverflow_migration_dag.py
[2026-05-06T14:11:54.003+0000] {processor.py:830} INFO - Processing file /opt/airflow/dags/stackoverflow_migration_dag.py for tasks to queue
[2026-05-06T14:11:54.006+0000] {logging_mixin.py:188} INFO - [2026-05-06T14:11:54.005+0000] {dagbag.py:545} INFO - Filling up the DagBag from /opt/airflow/dags/stackoverflow_migration_dag.py
[2026-05-06T14:11:55.406+0000] {processor.py:840} INFO - DAG(s) 'stackoverflow_automated_mcp_pipeline' retrieved from /opt/airflow/dags/stackoverflow_migration_dag.py
[2026-05-06T14:11:55.429+0000] {logging_mixin.py:188} INFO - [2026-05-06T14:11:55.428+0000] {dag.py:3096} INFO - Sync 1 DAGs
[2026-05-06T14:11:55.475+0000] {logging_mixin.py:188} INFO - [2026-05-06T14:11:55.474+0000] {dag.py:3954} INFO - Setting next_dagrun for stackoverflow_automated_mcp_pipeline to 2026-05-06 00:00:00+00:00, run_after=2026-05-07 00:00:00+00:00
[2026-05-06T14:11:55.523+0000] {processor.py:183} INFO - Processing /opt/airflow/dags/stackoverflow_migration_dag.py took 1.531 seconds
[2026-05-06T14:12:25.662+0000] {processor.py:161} INFO - Started process (PID=376) to work on /opt/airflow/dags/stackoverflow_migration_dag.py
[2026-05-06T14:12:25.663+0000] {processor.py:830} INFO - Processing file /opt/airflow/dags/stackoverflow_migration_dag.py for tasks to queue
[2026-05-06T14:12:25.668+0000] {logging_mixin.py:188} INFO - [2026-05-06T14:12:25.667+0000] {dagbag.py:545} INFO - Filling up the DagBag from /opt/airflow/dags/stackoverflow_migration_dag.py
[2026-05-06T14:12:26.836+0000] {processor.py:840} INFO - DAG(s) 'stackoverflow_automated_mcp_pipeline' retrieved from /opt/airflow/dags/stackoverflow_migration_dag.py
[2026-05-06T14:12:26.854+0000] {logging_mixin.py:188} INFO - [2026-05-06T14:12:26.854+0000] {dag.py:3096} INFO - Sync 1 DAGs
[2026-05-06T14:12:26.896+0000] {logging_mixin.py:188} INFO - [2026-05-06T14:12:26.896+0000] {dag.py:3954} INFO - Setting next_dagrun for stackoverflow_automated_mcp_pipeline to 2026-05-06 00:00:00+00:00, run_after=2026-05-07 00:00:00+00:00
[2026-05-06T14:12:26.932+0000] {processor.py:183} INFO - Processing /opt/airflow/dags/stackoverflow_migration_dag.py took 1.280 seconds
[2026-05-06T14:15:14.541+0000] {processor.py:161} INFO - Started process (PID=164) to work on /opt/airflow/dags/stackoverflow_migration_dag.py
[2026-05-06T14:15:14.543+0000] {processor.py:830} INFO - Processing file /opt/airflow/dags/stackoverflow_migration_dag.py for tasks to queue
[2026-05-06T14:15:14.546+0000] {logging_mixin.py:188} INFO - [2026-05-06T14:15:14.545+0000] {dagbag.py:545} INFO - Filling up the DagBag from /opt/airflow/dags/stackoverflow_migration_dag.py
[2026-05-06T14:15:17.226+0000] {processor.py:840} INFO - DAG(s) 'stackoverflow_automated_mcp_pipeline' retrieved from /opt/airflow/dags/stackoverflow_migration_dag.py
[2026-05-06T14:15:17.830+0000] {logging_mixin.py:188} INFO - [2026-05-06T14:15:17.829+0000] {dag.py:3096} INFO - Sync 1 DAGs
[2026-05-06T14:15:17.899+0000] {logging_mixin.py:188} INFO - [2026-05-06T14:15:17.898+0000] {dag.py:3954} INFO - Setting next_dagrun for stackoverflow_automated_mcp_pipeline to 2026-05-06 00:00:00+00:00, run_after=2026-05-07 00:00:00+00:00
[2026-05-06T14:15:17.957+0000] {processor.py:183} INFO - Processing /opt/airflow/dags/stackoverflow_migration_dag.py took 3.429 seconds
[2026-05-06T14:15:48.258+0000] {processor.py:161} INFO - Started process (PID=169) to work on /opt/airflow/dags/stackoverflow_migration_dag.py
[2026-05-06T14:15:48.259+0000] {processor.py:830} INFO - Processing file /opt/airflow/dags/stackoverflow_migration_dag.py for tasks to queue
[2026-05-06T14:15:48.262+0000] {logging_mixin.py:188} INFO - [2026-05-06T14:15:48.261+0000] {dagbag.py:545} INFO - Filling up the DagBag from /opt/airflow/dags/stackoverflow_migration_dag.py
[2026-05-06T14:15:49.477+0000] {processor.py:840} INFO - DAG(s) 'stackoverflow_automated_mcp_pipeline' retrieved from /opt/airflow/dags/stackoverflow_migration_dag.py
[2026-05-06T14:15:49.497+0000] {logging_mixin.py:188} INFO - [2026-05-06T14:15:49.497+0000] {dag.py:3096} INFO - Sync 1 DAGs
[2026-05-06T14:15:49.551+0000] {logging_mixin.py:188} INFO - [2026-05-06T14:15:49.550+0000] {dag.py:3954} INFO - Setting next_dagrun for stackoverflow_automated_mcp_pipeline to 2026-05-06 00:00:00+00:00, run_after=2026-05-07 00:00:00+00:00
[2026-05-06T14:15:49.594+0000] {processor.py:183} INFO - Processing /opt/airflow/dags/stackoverflow_migration_dag.py took 1.343 seconds
[2026-05-06T14:16:19.960+0000] {processor.py:161} INFO - Started process (PID=174) to work on /opt/airflow/dags/stackoverflow_migration_dag.py
[2026-05-06T14:16:19.962+0000] {processor.py:830} INFO - Processing file /opt/airflow/dags/stackoverflow_migration_dag.py for tasks to queue
[2026-05-06T14:16:19.965+0000] {logging_mixin.py:188} INFO - [2026-05-06T14:16:19.965+0000] {dagbag.py:545} INFO - Filling up the DagBag from /opt/airflow/dags/stackoverflow_migration_dag.py
[2026-05-06T14:16:21.227+0000] {processor.py:840} INFO - DAG(s) 'stackoverflow_automated_mcp_pipeline' retrieved from /opt/airflow/dags/stackoverflow_migration_dag.py
[2026-05-06T14:16:21.246+0000] {logging_mixin.py:188} INFO - [2026-05-06T14:16:21.246+0000] {dag.py:3096} INFO - Sync 1 DAGs
[2026-05-06T14:16:21.296+0000] {logging_mixin.py:188} INFO - [2026-05-06T14:16:21.295+0000] {dag.py:3954} INFO - Setting next_dagrun for stackoverflow_automated_mcp_pipeline to 2026-05-06 00:00:00+00:00, run_after=2026-05-07 00:00:00+00:00
[2026-05-06T14:16:21.333+0000] {processor.py:183} INFO - Processing /opt/airflow/dags/stackoverflow_migration_dag.py took 1.383 seconds
[2026-05-06T14:16:51.686+0000] {processor.py:161} INFO - Started process (PID=179) to work on /opt/airflow/dags/stackoverflow_migration_dag.py
[2026-05-06T14:16:51.687+0000] {processor.py:830} INFO - Processing file /opt/airflow/dags/stackoverflow_migration_dag.py for tasks to queue
[2026-05-06T14:16:51.690+0000] {logging_mixin.py:188} INFO - [2026-05-06T14:16:51.689+0000] {dagbag.py:545} INFO - Filling up the DagBag from /opt/airflow/dags/stackoverflow_migration_dag.py
[2026-05-06T14:16:52.888+0000] {processor.py:840} INFO - DAG(s) 'stackoverflow_automated_mcp_pipeline' retrieved from /opt/airflow/dags/stackoverflow_migration_dag.py
[2026-05-06T14:16:52.908+0000] {logging_mixin.py:188} INFO - [2026-05-06T14:16:52.908+0000] {dag.py:3096} INFO - Sync 1 DAGs
[2026-05-06T14:16:52.952+0000] {logging_mixin.py:188} INFO - [2026-05-06T14:16:52.951+0000] {dag.py:3954} INFO - Setting next_dagrun for stackoverflow_automated_mcp_pipeline to 2026-05-06 00:00:00+00:00, run_after=2026-05-07 00:00:00+00:00
[2026-05-06T14:16:52.987+0000] {processor.py:183} INFO - Processing /opt/airflow/dags/stackoverflow_migration_dag.py took 1.309 seconds
[2026-05-06T14:17:23.339+0000] {processor.py:161} INFO - Started process (PID=186) to work on /opt/airflow/dags/stackoverflow_migration_dag.py
[2026-05-06T14:17:23.341+0000] {processor.py:830} INFO - Processing file /opt/airflow/dags/stackoverflow_migration_dag.py for tasks to queue
[2026-05-06T14:17:23.344+0000] {logging_mixin.py:188} INFO - [2026-05-06T14:17:23.343+0000] {dagbag.py:545} INFO - Filling up the DagBag from /opt/airflow/dags/stackoverflow_migration_dag.py
[2026-05-06T14:17:24.537+0000] {processor.py:840} INFO - DAG(s) 'stackoverflow_automated_mcp_pipeline' retrieved from /opt/airflow/dags/stackoverflow_migration_dag.py
[2026-05-06T14:17:24.556+0000] {logging_mixin.py:188} INFO - [2026-05-06T14:17:24.555+0000] {dag.py:3096} INFO - Sync 1 DAGs
[2026-05-06T14:17:24.597+0000] {logging_mixin.py:188} INFO - [2026-05-06T14:17:24.597+0000] {dag.py:3954} INFO - Setting next_dagrun for stackoverflow_automated_mcp_pipeline to 2026-05-06 00:00:00+00:00, run_after=2026-05-07 00:00:00+00:00
[2026-05-06T14:17:24.634+0000] {processor.py:183} INFO - Processing /opt/airflow/dags/stackoverflow_migration_dag.py took 1.304 seconds
[2026-05-06T14:17:54.903+0000] {processor.py:161} INFO - Started process (PID=191) to work on /opt/airflow/dags/stackoverflow_migration_dag.py
[2026-05-06T14:17:54.905+0000] {processor.py:830} INFO - Processing file /opt/airflow/dags/stackoverflow_migration_dag.py for tasks to queue
[2026-05-06T14:17:54.908+0000] {logging_mixin.py:188} INFO - [2026-05-06T14:17:54.907+0000] {dagbag.py:545} INFO - Filling up the DagBag from /opt/airflow/dags/stackoverflow_migration_dag.py
[2026-05-06T14:17:56.327+0000] {processor.py:840} INFO - DAG(s) 'stackoverflow_automated_mcp_pipeline' retrieved from /opt/airflow/dags/stackoverflow_migration_dag.py
[2026-05-06T14:17:56.347+0000] {logging_mixin.py:188} INFO - [2026-05-06T14:17:56.347+0000] {dag.py:3096} INFO - Sync 1 DAGs
[2026-05-06T14:17:56.392+0000] {logging_mixin.py:188} INFO - [2026-05-06T14:17:56.391+0000] {dag.py:3954} INFO - Setting next_dagrun for stackoverflow_automated_mcp_pipeline to 2026-05-06 00:00:00+00:00, run_after=2026-05-07 00:00:00+00:00
[2026-05-06T14:17:56.431+0000] {processor.py:183} INFO - Processing /opt/airflow/dags/stackoverflow_migration_dag.py took 1.538 seconds
[2026-05-06T14:18:26.745+0000] {processor.py:161} INFO - Started process (PID=196) to work on /opt/airflow/dags/stackoverflow_migration_dag.py
[2026-05-06T14:18:26.746+0000] {processor.py:830} INFO - Processing file /opt/airflow/dags/stackoverflow_migration_dag.py for tasks to queue
[2026-05-06T14:18:26.749+0000] {logging_mixin.py:188} INFO - [2026-05-06T14:18:26.749+0000] {dagbag.py:545} INFO - Filling up the DagBag from /opt/airflow/dags/stackoverflow_migration_dag.py
[2026-05-06T14:18:28.043+0000] {processor.py:840} INFO - DAG(s) 'stackoverflow_automated_mcp_pipeline' retrieved from /opt/airflow/dags/stackoverflow_migration_dag.py
[2026-05-06T14:18:28.063+0000] {logging_mixin.py:188} INFO - [2026-05-06T14:18:28.063+0000] {dag.py:3096} INFO - Sync 1 DAGs
[2026-05-06T14:18:28.106+0000] {logging_mixin.py:188} INFO - [2026-05-06T14:18:28.106+0000] {dag.py:3954} INFO - Setting next_dagrun for stackoverflow_automated_mcp_pipeline to 2026-05-06 00:00:00+00:00, run_after=2026-05-07 00:00:00+00:00
[2026-05-06T14:18:28.146+0000] {processor.py:183} INFO - Processing /opt/airflow/dags/stackoverflow_migration_dag.py took 1.411 seconds
[2026-05-06T14:18:58.621+0000] {processor.py:161} INFO - Started process (PID=201) to work on /opt/airflow/dags/stackoverflow_migration_dag.py
[2026-05-06T14:18:58.622+0000] {processor.py:830} INFO - Processing file /opt/airflow/dags/stackoverflow_migration_dag.py for tasks to queue
[2026-05-06T14:18:58.625+0000] {logging_mixin.py:188} INFO - [2026-05-06T14:18:58.624+0000] {dagbag.py:545} INFO - Filling up the DagBag from /opt/airflow/dags/stackoverflow_migration_dag.py
[2026-05-06T14:18:59.780+0000] {processor.py:840} INFO - DAG(s) 'stackoverflow_automated_mcp_pipeline' retrieved from /opt/airflow/dags/stackoverflow_migration_dag.py
[2026-05-06T14:18:59.799+0000] {logging_mixin.py:188} INFO - [2026-05-06T14:18:59.799+0000] {dag.py:3096} INFO - Sync 1 DAGs
[2026-05-06T14:18:59.846+0000] {logging_mixin.py:188} INFO - [2026-05-06T14:18:59.845+0000] {dag.py:3954} INFO - Setting next_dagrun for stackoverflow_automated_mcp_pipeline to 2026-05-06 00:00:00+00:00, run_after=2026-05-07 00:00:00+00:00
[2026-05-06T14:18:59.887+0000] {processor.py:183} INFO - Processing /opt/airflow/dags/stackoverflow_migration_dag.py took 1.273 seconds
[2026-05-06T14:19:30.301+0000] {processor.py:161} INFO - Started process (PID=206) to work on /opt/airflow/dags/stackoverflow_migration_dag.py
[2026-05-06T14:19:30.303+0000] {processor.py:830} INFO - Processing file /opt/airflow/dags/stackoverflow_migration_dag.py for tasks to queue
[2026-05-06T14:19:30.305+0000] {logging_mixin.py:188} INFO - [2026-05-06T14:19:30.305+0000] {dagbag.py:545} INFO - Filling up the DagBag from /opt/airflow/dags/stackoverflow_migration_dag.py
[2026-05-06T14:19:31.554+0000] {processor.py:840} INFO - DAG(s) 'stackoverflow_automated_mcp_pipeline' retrieved from /opt/airflow/dags/stackoverflow_migration_dag.py
[2026-05-06T14:19:31.578+0000] {logging_mixin.py:188} INFO - [2026-05-06T14:19:31.578+0000] {dag.py:3096} INFO - Sync 1 DAGs
[2026-05-06T14:19:31.625+0000] {logging_mixin.py:188} INFO - [2026-05-06T14:19:31.625+0000] {dag.py:3954} INFO - Setting next_dagrun for stackoverflow_automated_mcp_pipeline to 2026-05-06 00:00:00+00:00, run_after=2026-05-07 00:00:00+00:00
[2026-05-06T14:19:31.662+0000] {processor.py:183} INFO - Processing /opt/airflow/dags/stackoverflow_migration_dag.py took 1.369 seconds
[2026-05-06T14:20:02.049+0000] {processor.py:161} INFO - Started process (PID=213) to work on /opt/airflow/dags/stackoverflow_migration_dag.py
[2026-05-06T14:20:02.051+0000] {processor.py:830} INFO - Processing file /opt/airflow/dags/stackoverflow_migration_dag.py for tasks to queue
[2026-05-06T14:20:02.053+0000] {logging_mixin.py:188} INFO - [2026-05-06T14:20:02.053+0000] {dagbag.py:545} INFO - Filling up the DagBag from /opt/airflow/dags/stackoverflow_migration_dag.py
[2026-05-06T14:20:03.275+0000] {processor.py:840} INFO - DAG(s) 'stackoverflow_automated_mcp_pipeline' retrieved from /opt/airflow/dags/stackoverflow_migration_dag.py
[2026-05-06T14:20:03.298+0000] {logging_mixin.py:188} INFO - [2026-05-06T14:20:03.297+0000] {dag.py:3096} INFO - Sync 1 DAGs
[2026-05-06T14:20:03.344+0000] {logging_mixin.py:188} INFO - [2026-05-06T14:20:03.344+0000] {dag.py:3954} INFO - Setting next_dagrun for stackoverflow_automated_mcp_pipeline to 2026-05-06 00:00:00+00:00, run_after=2026-05-07 00:00:00+00:00
[2026-05-06T14:20:03.382+0000] {processor.py:183} INFO - Processing /opt/airflow/dags/stackoverflow_migration_dag.py took 1.341 seconds
[2026-05-06T14:20:33.883+0000] {processor.py:161} INFO - Started process (PID=218) to work on /opt/airflow/dags/stackoverflow_migration_dag.py
[2026-05-06T14:20:33.885+0000] {processor.py:830} INFO - Processing file /opt/airflow/dags/stackoverflow_migration_dag.py for tasks to queue
[2026-05-06T14:20:33.888+0000] {logging_mixin.py:188} INFO - [2026-05-06T14:20:33.887+0000] {dagbag.py:545} INFO - Filling up the DagBag from /opt/airflow/dags/stackoverflow_migration_dag.py
[2026-05-06T14:20:35.066+0000] {processor.py:840} INFO - DAG(s) 'stackoverflow_automated_mcp_pipeline' retrieved from /opt/airflow/dags/stackoverflow_migration_dag.py
[2026-05-06T14:20:35.087+0000] {logging_mixin.py:188} INFO - [2026-05-06T14:20:35.087+0000] {dag.py:3096} INFO - Sync 1 DAGs
[2026-05-06T14:20:35.141+0000] {logging_mixin.py:188} INFO - [2026-05-06T14:20:35.141+0000] {dag.py:3954} INFO - Setting next_dagrun for stackoverflow_automated_mcp_pipeline to 2026-05-06 00:00:00+00:00, run_after=2026-05-07 00:00:00+00:00
[2026-05-06T14:20:35.176+0000] {processor.py:183} INFO - Processing /opt/airflow/dags/stackoverflow_migration_dag.py took 1.300 seconds
[2026-05-06T14:21:05.603+0000] {processor.py:161} INFO - Started process (PID=223) to work on /opt/airflow/dags/stackoverflow_migration_dag.py
[2026-05-06T14:21:05.605+0000] {processor.py:830} INFO - Processing file /opt/airflow/dags/stackoverflow_migration_dag.py for tasks to queue
[2026-05-06T14:21:05.610+0000] {logging_mixin.py:188} INFO - [2026-05-06T14:21:05.609+0000] {dagbag.py:545} INFO - Filling up the DagBag from /opt/airflow/dags/stackoverflow_migration_dag.py
[2026-05-06T14:21:06.858+0000] {processor.py:840} INFO - DAG(s) 'stackoverflow_automated_mcp_pipeline' retrieved from /opt/airflow/dags/stackoverflow_migration_dag.py
[2026-05-06T14:21:06.876+0000] {logging_mixin.py:188} INFO - [2026-05-06T14:21:06.876+0000] {dag.py:3096} INFO - Sync 1 DAGs
[2026-05-06T14:21:06.920+0000] {logging_mixin.py:188} INFO - [2026-05-06T14:21:06.920+0000] {dag.py:3954} INFO - Setting next_dagrun for stackoverflow_automated_mcp_pipeline to 2026-05-06 00:00:00+00:00, run_after=2026-05-07 00:00:00+00:00
[2026-05-06T14:21:06.959+0000] {processor.py:183} INFO - Processing /opt/airflow/dags/stackoverflow_migration_dag.py took 1.371 seconds
[2026-05-06T14:21:37.347+0000] {processor.py:161} INFO - Started process (PID=228) to work on /opt/airflow/dags/stackoverflow_migration_dag.py
[2026-05-06T14:21:37.348+0000] {processor.py:830} INFO - Processing file /opt/airflow/dags/stackoverflow_migration_dag.py for tasks to queue
[2026-05-06T14:21:37.351+0000] {logging_mixin.py:188} INFO - [2026-05-06T14:21:37.350+0000] {dagbag.py:545} INFO - Filling up the DagBag from /opt/airflow/dags/stackoverflow_migration_dag.py
[2026-05-06T14:21:38.642+0000] {processor.py:840} INFO - DAG(s) 'stackoverflow_automated_mcp_pipeline' retrieved from /opt/airflow/dags/stackoverflow_migration_dag.py
[2026-05-06T14:21:38.661+0000] {logging_mixin.py:188} INFO - [2026-05-06T14:21:38.660+0000] {dag.py:3096} INFO - Sync 1 DAGs
[2026-05-06T14:21:38.702+0000] {logging_mixin.py:188} INFO - [2026-05-06T14:21:38.702+0000] {dag.py:3954} INFO - Setting next_dagrun for stackoverflow_automated_mcp_pipeline to 2026-05-06 00:00:00+00:00, run_after=2026-05-07 00:00:00+00:00
[2026-05-06T14:21:38.741+0000] {processor.py:183} INFO - Processing /opt/airflow/dags/stackoverflow_migration_dag.py took 1.402 seconds
[2026-05-06T14:22:09.073+0000] {processor.py:161} INFO - Started process (PID=233) to work on /opt/airflow/dags/stackoverflow_migration_dag.py
[2026-05-06T14:22:09.075+0000] {processor.py:830} INFO - Processing file /opt/airflow/dags/stackoverflow_migration_dag.py for tasks to queue
[2026-05-06T14:22:09.078+0000] {logging_mixin.py:188} INFO - [2026-05-06T14:22:09.078+0000] {dagbag.py:545} INFO - Filling up the DagBag from /opt/airflow/dags/stackoverflow_migration_dag.py
[2026-05-06T14:22:10.269+0000] {processor.py:840} INFO - DAG(s) 'stackoverflow_automated_mcp_pipeline' retrieved from /opt/airflow/dags/stackoverflow_migration_dag.py
[2026-05-06T14:22:10.288+0000] {logging_mixin.py:188} INFO - [2026-05-06T14:22:10.288+0000] {dag.py:3096} INFO - Sync 1 DAGs
[2026-05-06T14:22:10.332+0000] {logging_mixin.py:188} INFO - [2026-05-06T14:22:10.332+0000] {dag.py:3954} INFO - Setting next_dagrun for stackoverflow_automated_mcp_pipeline to 2026-05-06 00:00:00+00:00, run_after=2026-05-07 00:00:00+00:00
[2026-05-06T14:22:10.369+0000] {processor.py:183} INFO - Processing /opt/airflow/dags/stackoverflow_migration_dag.py took 1.305 seconds
[2026-05-06T14:22:40.486+0000] {processor.py:161} INFO - Started process (PID=238) to work on /opt/airflow/dags/stackoverflow_migration_dag.py
[2026-05-06T14:22:40.488+0000] {processor.py:830} INFO - Processing file /opt/airflow/dags/stackoverflow_migration_dag.py for tasks to queue
[2026-05-06T14:22:40.491+0000] {logging_mixin.py:188} INFO - [2026-05-06T14:22:40.490+0000] {dagbag.py:545} INFO - Filling up the DagBag from /opt/airflow/dags/stackoverflow_migration_dag.py
[2026-05-06T14:22:41.662+0000] {processor.py:840} INFO - DAG(s) 'stackoverflow_automated_mcp_pipeline' retrieved from /opt/airflow/dags/stackoverflow_migration_dag.py
[2026-05-06T14:22:41.682+0000] {logging_mixin.py:188} INFO - [2026-05-06T14:22:41.682+0000] {dag.py:3096} INFO - Sync 1 DAGs
[2026-05-06T14:22:41.723+0000] {logging_mixin.py:188} INFO - [2026-05-06T14:22:41.723+0000] {dag.py:3954} INFO - Setting next_dagrun for stackoverflow_automated_mcp_pipeline to 2026-05-06 00:00:00+00:00, run_after=2026-05-07 00:00:00+00:00
[2026-05-06T14:22:41.760+0000] {processor.py:183} INFO - Processing /opt/airflow/dags/stackoverflow_migration_dag.py took 1.283 seconds
[2026-05-06T14:23:12.109+0000] {processor.py:161} INFO - Started process (PID=243) to work on /opt/airflow/dags/stackoverflow_migration_dag.py
[2026-05-06T14:23:12.111+0000] {processor.py:830} INFO - Processing file /opt/airflow/dags/stackoverflow_migration_dag.py for tasks to queue
[2026-05-06T14:23:12.114+0000] {logging_mixin.py:188} INFO - [2026-05-06T14:23:12.113+0000] {dagbag.py:545} INFO - Filling up the DagBag from /opt/airflow/dags/stackoverflow_migration_dag.py
[2026-05-06T14:23:13.530+0000] {processor.py:840} INFO - DAG(s) 'stackoverflow_automated_mcp_pipeline' retrieved from /opt/airflow/dags/stackoverflow_migration_dag.py
[2026-05-06T14:23:13.552+0000] {logging_mixin.py:188} INFO - [2026-05-06T14:23:13.551+0000] {dag.py:3096} INFO - Sync 1 DAGs
[2026-05-06T14:23:13.605+0000] {logging_mixin.py:188} INFO - [2026-05-06T14:23:13.605+0000] {dag.py:3954} INFO - Setting next_dagrun for stackoverflow_automated_mcp_pipeline to 2026-05-06 00:00:00+00:00, run_after=2026-05-07 00:00:00+00:00
[2026-05-06T14:23:13.653+0000] {processor.py:183} INFO - Processing /opt/airflow/dags/stackoverflow_migration_dag.py took 1.553 seconds
[2026-05-06T14:23:44.072+0000] {processor.py:161} INFO - Started process (PID=248) to work on /opt/airflow/dags/stackoverflow_migration_dag.py
[2026-05-06T14:23:44.073+0000] {processor.py:830} INFO - Processing file /opt/airflow/dags/stackoverflow_migration_dag.py for tasks to queue
[2026-05-06T14:23:44.077+0000] {logging_mixin.py:188} INFO - [2026-05-06T14:23:44.077+0000] {dagbag.py:545} INFO - Filling up the DagBag from /opt/airflow/dags/stackoverflow_migration_dag.py
[2026-05-06T14:23:45.409+0000] {processor.py:840} INFO - DAG(s) 'stackoverflow_automated_mcp_pipeline' retrieved from /opt/airflow/dags/stackoverflow_migration_dag.py
[2026-05-06T14:23:45.428+0000] {logging_mixin.py:188} INFO - [2026-05-06T14:23:45.427+0000] {dag.py:3096} INFO - Sync 1 DAGs
[2026-05-06T14:23:45.470+0000] {logging_mixin.py:188} INFO - [2026-05-06T14:23:45.470+0000] {dag.py:3954} INFO - Setting next_dagrun for stackoverflow_automated_mcp_pipeline to 2026-05-06 00:00:00+00:00, run_after=2026-05-07 00:00:00+00:00
[2026-05-06T14:23:45.508+0000] {processor.py:183} INFO - Processing /opt/airflow/dags/stackoverflow_migration_dag.py took 1.444 seconds
[2026-05-06T14:24:15.710+0000] {processor.py:161} INFO - Started process (PID=253) to work on /opt/airflow/dags/stackoverflow_migration_dag.py
[2026-05-06T14:24:15.712+0000] {processor.py:830} INFO - Processing file /opt/airflow/dags/stackoverflow_migration_dag.py for tasks to queue
[2026-05-06T14:24:15.714+0000] {logging_mixin.py:188} INFO - [2026-05-06T14:24:15.714+0000] {dagbag.py:545} INFO - Filling up the DagBag from /opt/airflow/dags/stackoverflow_migration_dag.py
[2026-05-06T14:24:17.123+0000] {processor.py:840} INFO - DAG(s) 'stackoverflow_automated_mcp_pipeline' retrieved from /opt/airflow/dags/stackoverflow_migration_dag.py
[2026-05-06T14:24:17.141+0000] {logging_mixin.py:188} INFO - [2026-05-06T14:24:17.141+0000] {dag.py:3096} INFO - Sync 1 DAGs
[2026-05-06T14:24:17.184+0000] {logging_mixin.py:188} INFO - [2026-05-06T14:24:17.184+0000] {dag.py:3954} INFO - Setting next_dagrun for stackoverflow_automated_mcp_pipeline to 2026-05-06 00:00:00+00:00, run_after=2026-05-07 00:00:00+00:00
[2026-05-06T14:24:17.224+0000] {processor.py:183} INFO - Processing /opt/airflow/dags/stackoverflow_migration_dag.py took 1.523 seconds
[2026-05-06T14:24:47.609+0000] {processor.py:161} INFO - Started process (PID=260) to work on /opt/airflow/dags/stackoverflow_migration_dag.py
[2026-05-06T14:24:47.611+0000] {processor.py:830} INFO - Processing file /opt/airflow/dags/stackoverflow_migration_dag.py for tasks to queue
[2026-05-06T14:24:47.613+0000] {logging_mixin.py:188} INFO - [2026-05-06T14:24:47.613+0000] {dagbag.py:545} INFO - Filling up the DagBag from /opt/airflow/dags/stackoverflow_migration_dag.py
[2026-05-06T14:24:49.002+0000] {processor.py:840} INFO - DAG(s) 'stackoverflow_automated_mcp_pipeline' retrieved from /opt/airflow/dags/stackoverflow_migration_dag.py
[2026-05-06T14:24:49.021+0000] {logging_mixin.py:188} INFO - [2026-05-06T14:24:49.020+0000] {dag.py:3096} INFO - Sync 1 DAGs
[2026-05-06T14:24:49.067+0000] {logging_mixin.py:188} INFO - [2026-05-06T14:24:49.066+0000] {dag.py:3954} INFO - Setting next_dagrun for stackoverflow_automated_mcp_pipeline to 2026-05-06 00:00:00+00:00, run_after=2026-05-07 00:00:00+00:00
[2026-05-06T14:24:49.105+0000] {processor.py:183} INFO - Processing /opt/airflow/dags/stackoverflow_migration_dag.py took 1.502 seconds
[2026-05-06T14:25:19.556+0000] {processor.py:161} INFO - Started process (PID=265) to work on /opt/airflow/dags/stackoverflow_migration_dag.py
[2026-05-06T14:25:19.557+0000] {processor.py:830} INFO - Processing file /opt/airflow/dags/stackoverflow_migration_dag.py for tasks to queue
[2026-05-06T14:25:19.560+0000] {logging_mixin.py:188} INFO - [2026-05-06T14:25:19.559+0000] {dagbag.py:545} INFO - Filling up the DagBag from /opt/airflow/dags/stackoverflow_migration_dag.py
[2026-05-06T14:25:20.860+0000] {processor.py:840} INFO - DAG(s) 'stackoverflow_automated_mcp_pipeline' retrieved from /opt/airflow/dags/stackoverflow_migration_dag.py
[2026-05-06T14:25:20.880+0000] {logging_mixin.py:188} INFO - [2026-05-06T14:25:20.880+0000] {dag.py:3096} INFO - Sync 1 DAGs
[2026-05-06T14:25:20.927+0000] {logging_mixin.py:188} INFO - [2026-05-06T14:25:20.926+0000] {dag.py:3954} INFO - Setting next_dagrun for stackoverflow_automated_mcp_pipeline to 2026-05-06 00:00:00+00:00, run_after=2026-05-07 00:00:00+00:00
[2026-05-06T14:25:20.964+0000] {processor.py:183} INFO - Processing /opt/airflow/dags/stackoverflow_migration_dag.py took 1.415 seconds
[2026-05-06T14:25:51.288+0000] {processor.py:161} INFO - Started process (PID=270) to work on /opt/airflow/dags/stackoverflow_migration_dag.py
[2026-05-06T14:25:51.290+0000] {processor.py:830} INFO - Processing file /opt/airflow/dags/stackoverflow_migration_dag.py for tasks to queue
[2026-05-06T14:25:51.292+0000] {logging_mixin.py:188} INFO - [2026-05-06T14:25:51.292+0000] {dagbag.py:545} INFO - Filling up the DagBag from /opt/airflow/dags/stackoverflow_migration_dag.py
[2026-05-06T14:25:52.517+0000] {processor.py:840} INFO - DAG(s) 'stackoverflow_automated_mcp_pipeline' retrieved from /opt/airflow/dags/stackoverflow_migration_dag.py
[2026-05-06T14:25:52.536+0000] {logging_mixin.py:188} INFO - [2026-05-06T14:25:52.536+0000] {dag.py:3096} INFO - Sync 1 DAGs
[2026-05-06T14:25:52.578+0000] {logging_mixin.py:188} INFO - [2026-05-06T14:25:52.577+0000] {dag.py:3954} INFO - Setting next_dagrun for stackoverflow_automated_mcp_pipeline to 2026-05-06 00:00:00+00:00, run_after=2026-05-07 00:00:00+00:00
[2026-05-06T14:25:52.614+0000] {processor.py:183} INFO - Processing /opt/airflow/dags/stackoverflow_migration_dag.py took 1.337 seconds
[2026-05-06T14:26:22.929+0000] {processor.py:161} INFO - Started process (PID=286) to work on /opt/airflow/dags/stackoverflow_migration_dag.py
[2026-05-06T14:26:22.931+0000] {processor.py:830} INFO - Processing file /opt/airflow/dags/stackoverflow_migration_dag.py for tasks to queue
[2026-05-06T14:26:22.934+0000] {logging_mixin.py:188} INFO - [2026-05-06T14:26:22.934+0000] {dagbag.py:545} INFO - Filling up the DagBag from /opt/airflow/dags/stackoverflow_migration_dag.py
[2026-05-06T14:26:24.166+0000] {processor.py:840} INFO - DAG(s) 'stackoverflow_automated_mcp_pipeline' retrieved from /opt/airflow/dags/stackoverflow_migration_dag.py
[2026-05-06T14:26:24.185+0000] {logging_mixin.py:188} INFO - [2026-05-06T14:26:24.185+0000] {dag.py:3096} INFO - Sync 1 DAGs
[2026-05-06T14:26:24.226+0000] {logging_mixin.py:188} INFO - [2026-05-06T14:26:24.226+0000] {dag.py:3954} INFO - Setting next_dagrun for stackoverflow_automated_mcp_pipeline to 2026-05-06 00:00:00+00:00, run_after=2026-05-07 00:00:00+00:00
[2026-05-06T14:26:24.300+0000] {processor.py:183} INFO - Processing /opt/airflow/dags/stackoverflow_migration_dag.py took 1.380 seconds
[2026-05-06T14:26:54.623+0000] {processor.py:161} INFO - Started process (PID=296) to work on /opt/airflow/dags/stackoverflow_migration_dag.py
[2026-05-06T14:26:54.626+0000] {processor.py:830} INFO - Processing file /opt/airflow/dags/stackoverflow_migration_dag.py for tasks to queue
[2026-05-06T14:26:54.630+0000] {logging_mixin.py:188} INFO - [2026-05-06T14:26:54.629+0000] {dagbag.py:545} INFO - Filling up the DagBag from /opt/airflow/dags/stackoverflow_migration_dag.py
[2026-05-06T14:26:55.988+0000] {processor.py:840} INFO - DAG(s) 'stackoverflow_automated_mcp_pipeline' retrieved from /opt/airflow/dags/stackoverflow_migration_dag.py
[2026-05-06T14:26:56.020+0000] {logging_mixin.py:188} INFO - [2026-05-06T14:26:56.019+0000] {dag.py:3096} INFO - Sync 1 DAGs
[2026-05-06T14:26:56.073+0000] {logging_mixin.py:188} INFO - [2026-05-06T14:26:56.073+0000] {dag.py:3954} INFO - Setting next_dagrun for stackoverflow_automated_mcp_pipeline to 2026-05-06 00:00:00+00:00, run_after=2026-05-07 00:00:00+00:00
[2026-05-06T14:26:56.118+0000] {processor.py:183} INFO - Processing /opt/airflow/dags/stackoverflow_migration_dag.py took 1.508 seconds
[2026-05-06T14:27:26.461+0000] {processor.py:161} INFO - Started process (PID=307) to work on /opt/airflow/dags/stackoverflow_migration_dag.py
[2026-05-06T14:27:26.462+0000] {processor.py:830} INFO - Processing file /opt/airflow/dags/stackoverflow_migration_dag.py for tasks to queue
[2026-05-06T14:27:26.465+0000] {logging_mixin.py:188} INFO - [2026-05-06T14:27:26.464+0000] {dagbag.py:545} INFO - Filling up the DagBag from /opt/airflow/dags/stackoverflow_migration_dag.py
[2026-05-06T14:27:27.603+0000] {processor.py:840} INFO - DAG(s) 'stackoverflow_automated_mcp_pipeline' retrieved from /opt/airflow/dags/stackoverflow_migration_dag.py
[2026-05-06T14:27:27.623+0000] {logging_mixin.py:188} INFO - [2026-05-06T14:27:27.622+0000] {dag.py:3096} INFO - Sync 1 DAGs
[2026-05-06T14:27:27.665+0000] {logging_mixin.py:188} INFO - [2026-05-06T14:27:27.665+0000] {dag.py:3954} INFO - Setting next_dagrun for stackoverflow_automated_mcp_pipeline to 2026-05-06 00:00:00+00:00, run_after=2026-05-07 00:00:00+00:00
[2026-05-06T14:27:27.701+0000] {processor.py:183} INFO - Processing /opt/airflow/dags/stackoverflow_migration_dag.py took 1.248 seconds
[2026-05-06T14:27:57.785+0000] {processor.py:161} INFO - Started process (PID=312) to work on /opt/airflow/dags/stackoverflow_migration_dag.py
[2026-05-06T14:27:57.787+0000] {processor.py:830} INFO - Processing file /opt/airflow/dags/stackoverflow_migration_dag.py for tasks to queue
[2026-05-06T14:27:57.789+0000] {logging_mixin.py:188} INFO - [2026-05-06T14:27:57.789+0000] {dagbag.py:545} INFO - Filling up the DagBag from /opt/airflow/dags/stackoverflow_migration_dag.py
[2026-05-06T14:27:59.081+0000] {processor.py:840} INFO - DAG(s) 'stackoverflow_automated_mcp_pipeline' retrieved from /opt/airflow/dags/stackoverflow_migration_dag.py
[2026-05-06T14:27:59.100+0000] {logging_mixin.py:188} INFO - [2026-05-06T14:27:59.099+0000] {dag.py:3096} INFO - Sync 1 DAGs
[2026-05-06T14:27:59.144+0000] {logging_mixin.py:188} INFO - [2026-05-06T14:27:59.143+0000] {dag.py:3954} INFO - Setting next_dagrun for stackoverflow_automated_mcp_pipeline to 2026-05-06 00:00:00+00:00, run_after=2026-05-07 00:00:00+00:00
[2026-05-06T14:27:59.180+0000] {processor.py:183} INFO - Processing /opt/airflow/dags/stackoverflow_migration_dag.py took 1.404 seconds
[2026-05-06T14:28:29.574+0000] {processor.py:161} INFO - Started process (PID=317) to work on /opt/airflow/dags/stackoverflow_migration_dag.py
[2026-05-06T14:28:29.577+0000] {processor.py:830} INFO - Processing file /opt/airflow/dags/stackoverflow_migration_dag.py for tasks to queue
[2026-05-06T14:28:29.583+0000] {logging_mixin.py:188} INFO - [2026-05-06T14:28:29.582+0000] {dagbag.py:545} INFO - Filling up the DagBag from /opt/airflow/dags/stackoverflow_migration_dag.py
[2026-05-06T14:28:31.908+0000] {processor.py:840} INFO - DAG(s) 'stackoverflow_automated_mcp_pipeline' retrieved from /opt/airflow/dags/stackoverflow_migration_dag.py
[2026-05-06T14:28:31.942+0000] {logging_mixin.py:188} INFO - [2026-05-06T14:28:31.941+0000] {dag.py:3096} INFO - Sync 1 DAGs
[2026-05-06T14:28:32.146+0000] {logging_mixin.py:188} INFO - [2026-05-06T14:28:32.145+0000] {dag.py:3954} INFO - Setting next_dagrun for stackoverflow_automated_mcp_pipeline to 2026-05-06 00:00:00+00:00, run_after=2026-05-07 00:00:00+00:00
[2026-05-06T14:28:32.201+0000] {processor.py:183} INFO - Processing /opt/airflow/dags/stackoverflow_migration_dag.py took 2.646 seconds
[2026-05-06T14:29:02.587+0000] {processor.py:161} INFO - Started process (PID=322) to work on /opt/airflow/dags/stackoverflow_migration_dag.py
[2026-05-06T14:29:02.589+0000] {processor.py:830} INFO - Processing file /opt/airflow/dags/stackoverflow_migration_dag.py for tasks to queue
[2026-05-06T14:29:02.592+0000] {logging_mixin.py:188} INFO - [2026-05-06T14:29:02.591+0000] {dagbag.py:545} INFO - Filling up the DagBag from /opt/airflow/dags/stackoverflow_migration_dag.py
[2026-05-06T14:29:03.735+0000] {processor.py:840} INFO - DAG(s) 'stackoverflow_automated_mcp_pipeline' retrieved from /opt/airflow/dags/stackoverflow_migration_dag.py
[2026-05-06T14:29:03.754+0000] {logging_mixin.py:188} INFO - [2026-05-06T14:29:03.754+0000] {dag.py:3096} INFO - Sync 1 DAGs
[2026-05-06T14:29:03.797+0000] {logging_mixin.py:188} INFO - [2026-05-06T14:29:03.797+0000] {dag.py:3954} INFO - Setting next_dagrun for stackoverflow_automated_mcp_pipeline to 2026-05-06 00:00:00+00:00, run_after=2026-05-07 00:00:00+00:00
[2026-05-06T14:29:03.835+0000] {processor.py:183} INFO - Processing /opt/airflow/dags/stackoverflow_migration_dag.py took 1.255 seconds
[2026-05-06T14:29:34.194+0000] {processor.py:161} INFO - Started process (PID=327) to work on /opt/airflow/dags/stackoverflow_migration_dag.py
[2026-05-06T14:29:34.196+0000] {processor.py:830} INFO - Processing file /opt/airflow/dags/stackoverflow_migration_dag.py for tasks to queue
[2026-05-06T14:29:34.198+0000] {logging_mixin.py:188} INFO - [2026-05-06T14:29:34.198+0000] {dagbag.py:545} INFO - Filling up the DagBag from /opt/airflow/dags/stackoverflow_migration_dag.py
[2026-05-06T14:29:35.294+0000] {processor.py:840} INFO - DAG(s) 'stackoverflow_automated_mcp_pipeline' retrieved from /opt/airflow/dags/stackoverflow_migration_dag.py
[2026-05-06T14:29:35.313+0000] {logging_mixin.py:188} INFO - [2026-05-06T14:29:35.312+0000] {dag.py:3096} INFO - Sync 1 DAGs
[2026-05-06T14:29:35.355+0000] {logging_mixin.py:188} INFO - [2026-05-06T14:29:35.355+0000] {dag.py:3954} INFO - Setting next_dagrun for stackoverflow_automated_mcp_pipeline to 2026-05-06 00:00:00+00:00, run_after=2026-05-07 00:00:00+00:00
[2026-05-06T14:29:35.390+0000] {processor.py:183} INFO - Processing /opt/airflow/dags/stackoverflow_migration_dag.py took 1.203 seconds
[2026-05-06T14:30:05.526+0000] {processor.py:161} INFO - Started process (PID=332) to work on /opt/airflow/dags/stackoverflow_migration_dag.py
[2026-05-06T14:30:05.528+0000] {processor.py:830} INFO - Processing file /opt/airflow/dags/stackoverflow_migration_dag.py for tasks to queue
[2026-05-06T14:30:05.530+0000] {logging_mixin.py:188} INFO - [2026-05-06T14:30:05.530+0000] {dagbag.py:545} INFO - Filling up the DagBag from /opt/airflow/dags/stackoverflow_migration_dag.py
[2026-05-06T14:30:06.619+0000] {processor.py:840} INFO - DAG(s) 'stackoverflow_automated_mcp_pipeline' retrieved from /opt/airflow/dags/stackoverflow_migration_dag.py
[2026-05-06T14:30:06.637+0000] {logging_mixin.py:188} INFO - [2026-05-06T14:30:06.637+0000] {dag.py:3096} INFO - Sync 1 DAGs
[2026-05-06T14:30:06.682+0000] {logging_mixin.py:188} INFO - [2026-05-06T14:30:06.682+0000] {dag.py:3954} INFO - Setting next_dagrun for stackoverflow_automated_mcp_pipeline to 2026-05-06 00:00:00+00:00, run_after=2026-05-07 00:00:00+00:00
[2026-05-06T14:30:06.717+0000] {processor.py:183} INFO - Processing /opt/airflow/dags/stackoverflow_migration_dag.py took 1.198 seconds
[2026-05-06T14:30:37.047+0000] {processor.py:161} INFO - Started process (PID=337) to work on /opt/airflow/dags/stackoverflow_migration_dag.py
[2026-05-06T14:30:37.049+0000] {processor.py:830} INFO - Processing file /opt/airflow/dags/stackoverflow_migration_dag.py for tasks to queue
[2026-05-06T14:30:37.052+0000] {logging_mixin.py:188} INFO - [2026-05-06T14:30:37.051+0000] {dagbag.py:545} INFO - Filling up the DagBag from /opt/airflow/dags/stackoverflow_migration_dag.py
[2026-05-06T14:30:38.183+0000] {processor.py:840} INFO - DAG(s) 'stackoverflow_automated_mcp_pipeline' retrieved from /opt/airflow/dags/stackoverflow_migration_dag.py
[2026-05-06T14:30:38.201+0000] {logging_mixin.py:188} INFO - [2026-05-06T14:30:38.201+0000] {dag.py:3096} INFO - Sync 1 DAGs
[2026-05-06T14:30:38.243+0000] {logging_mixin.py:188} INFO - [2026-05-06T14:30:38.243+0000] {dag.py:3954} INFO - Setting next_dagrun for stackoverflow_automated_mcp_pipeline to 2026-05-06 00:00:00+00:00, run_after=2026-05-07 00:00:00+00:00
[2026-05-06T14:30:38.280+0000] {processor.py:183} INFO - Processing /opt/airflow/dags/stackoverflow_migration_dag.py took 1.242 seconds
[2026-05-06T14:31:08.670+0000] {processor.py:161} INFO - Started process (PID=342) to work on /opt/airflow/dags/stackoverflow_migration_dag.py
[2026-05-06T14:31:08.672+0000] {processor.py:830} INFO - Processing file /opt/airflow/dags/stackoverflow_migration_dag.py for tasks to queue
[2026-05-06T14:31:08.675+0000] {logging_mixin.py:188} INFO - [2026-05-06T14:31:08.674+0000] {dagbag.py:545} INFO - Filling up the DagBag from /opt/airflow/dags/stackoverflow_migration_dag.py
[2026-05-06T14:31:09.772+0000] {processor.py:840} INFO - DAG(s) 'stackoverflow_automated_mcp_pipeline' retrieved from /opt/airflow/dags/stackoverflow_migration_dag.py
[2026-05-06T14:31:09.790+0000] {logging_mixin.py:188} INFO - [2026-05-06T14:31:09.790+0000] {dag.py:3096} INFO - Sync 1 DAGs
[2026-05-06T14:31:09.832+0000] {logging_mixin.py:188} INFO - [2026-05-06T14:31:09.832+0000] {dag.py:3954} INFO - Setting next_dagrun for stackoverflow_automated_mcp_pipeline to 2026-05-06 00:00:00+00:00, run_after=2026-05-07 00:00:00+00:00
[2026-05-06T14:31:09.865+0000] {processor.py:183} INFO - Processing /opt/airflow/dags/stackoverflow_migration_dag.py took 1.202 seconds
[2026-05-06T14:31:39.994+0000] {processor.py:161} INFO - Started process (PID=347) to work on /opt/airflow/dags/stackoverflow_migration_dag.py
[2026-05-06T14:31:39.996+0000] {processor.py:830} INFO - Processing file /opt/airflow/dags/stackoverflow_migration_dag.py for tasks to queue
[2026-05-06T14:31:39.998+0000] {logging_mixin.py:188} INFO - [2026-05-06T14:31:39.998+0000] {dagbag.py:545} INFO - Filling up the DagBag from /opt/airflow/dags/stackoverflow_migration_dag.py
[2026-05-06T14:31:41.139+0000] {processor.py:840} INFO - DAG(s) 'stackoverflow_automated_mcp_pipeline' retrieved from /opt/airflow/dags/stackoverflow_migration_dag.py
[2026-05-06T14:31:41.159+0000] {logging_mixin.py:188} INFO - [2026-05-06T14:31:41.159+0000] {dag.py:3096} INFO - Sync 1 DAGs
[2026-05-06T14:31:41.202+0000] {logging_mixin.py:188} INFO - [2026-05-06T14:31:41.202+0000] {dag.py:3954} INFO - Setting next_dagrun for stackoverflow_automated_mcp_pipeline to 2026-05-06 00:00:00+00:00, run_after=2026-05-07 00:00:00+00:00
[2026-05-06T14:31:41.239+0000] {processor.py:183} INFO - Processing /opt/airflow/dags/stackoverflow_migration_dag.py took 1.252 seconds
[2026-05-06T14:32:11.581+0000] {processor.py:161} INFO - Started process (PID=352) to work on /opt/airflow/dags/stackoverflow_migration_dag.py
[2026-05-06T14:32:11.582+0000] {processor.py:830} INFO - Processing file /opt/airflow/dags/stackoverflow_migration_dag.py for tasks to queue
[2026-05-06T14:32:11.585+0000] {logging_mixin.py:188} INFO - [2026-05-06T14:32:11.585+0000] {dagbag.py:545} INFO - Filling up the DagBag from /opt/airflow/dags/stackoverflow_migration_dag.py
[2026-05-06T14:32:12.704+0000] {processor.py:840} INFO - DAG(s) 'stackoverflow_automated_mcp_pipeline' retrieved from /opt/airflow/dags/stackoverflow_migration_dag.py
[2026-05-06T14:32:12.722+0000] {logging_mixin.py:188} INFO - [2026-05-06T14:32:12.722+0000] {dag.py:3096} INFO - Sync 1 DAGs
[2026-05-06T14:32:12.764+0000] {logging_mixin.py:188} INFO - [2026-05-06T14:32:12.763+0000] {dag.py:3954} INFO - Setting next_dagrun for stackoverflow_automated_mcp_pipeline to 2026-05-06 00:00:00+00:00, run_after=2026-05-07 00:00:00+00:00
[2026-05-06T14:32:12.800+0000] {processor.py:183} INFO - Processing /opt/airflow/dags/stackoverflow_migration_dag.py took 1.226 seconds
[2026-05-06T14:32:42.957+0000] {processor.py:161} INFO - Started process (PID=357) to work on /opt/airflow/dags/stackoverflow_migration_dag.py
[2026-05-06T14:32:42.958+0000] {processor.py:830} INFO - Processing file /opt/airflow/dags/stackoverflow_migration_dag.py for tasks to queue
[2026-05-06T14:32:42.960+0000] {logging_mixin.py:188} INFO - [2026-05-06T14:32:42.960+0000] {dagbag.py:545} INFO - Filling up the DagBag from /opt/airflow/dags/stackoverflow_migration_dag.py
[2026-05-06T14:32:44.061+0000] {processor.py:840} INFO - DAG(s) 'stackoverflow_automated_mcp_pipeline' retrieved from /opt/airflow/dags/stackoverflow_migration_dag.py
[2026-05-06T14:32:44.080+0000] {logging_mixin.py:188} INFO - [2026-05-06T14:32:44.079+0000] {dag.py:3096} INFO - Sync 1 DAGs
[2026-05-06T14:32:44.121+0000] {logging_mixin.py:188} INFO - [2026-05-06T14:32:44.121+0000] {dag.py:3954} INFO - Setting next_dagrun for stackoverflow_automated_mcp_pipeline to 2026-05-06 00:00:00+00:00, run_after=2026-05-07 00:00:00+00:00
[2026-05-06T14:32:44.160+0000] {processor.py:183} INFO - Processing /opt/airflow/dags/stackoverflow_migration_dag.py took 1.211 seconds
[2026-05-06T14:33:14.495+0000] {processor.py:161} INFO - Started process (PID=362) to work on /opt/airflow/dags/stackoverflow_migration_dag.py
[2026-05-06T14:33:14.497+0000] {processor.py:830} INFO - Processing file /opt/airflow/dags/stackoverflow_migration_dag.py for tasks to queue
[2026-05-06T14:33:14.499+0000] {logging_mixin.py:188} INFO - [2026-05-06T14:33:14.499+0000] {dagbag.py:545} INFO - Filling up the DagBag from /opt/airflow/dags/stackoverflow_migration_dag.py
[2026-05-06T14:33:15.682+0000] {processor.py:840} INFO - DAG(s) 'stackoverflow_automated_mcp_pipeline' retrieved from /opt/airflow/dags/stackoverflow_migration_dag.py
[2026-05-06T14:33:15.703+0000] {logging_mixin.py:188} INFO - [2026-05-06T14:33:15.703+0000] {dag.py:3096} INFO - Sync 1 DAGs
[2026-05-06T14:33:15.752+0000] {logging_mixin.py:188} INFO - [2026-05-06T14:33:15.752+0000] {dag.py:3954} INFO - Setting next_dagrun for stackoverflow_automated_mcp_pipeline to 2026-05-06 00:00:00+00:00, run_after=2026-05-07 00:00:00+00:00
[2026-05-06T14:33:15.789+0000] {processor.py:183} INFO - Processing /opt/airflow/dags/stackoverflow_migration_dag.py took 1.301 seconds
[2026-05-06T14:33:46.159+0000] {processor.py:161} INFO - Started process (PID=367) to work on /opt/airflow/dags/stackoverflow_migration_dag.py
[2026-05-06T14:33:46.160+0000] {processor.py:830} INFO - Processing file /opt/airflow/dags/stackoverflow_migration_dag.py for tasks to queue
[2026-05-06T14:33:46.163+0000] {logging_mixin.py:188} INFO - [2026-05-06T14:33:46.162+0000] {dagbag.py:545} INFO - Filling up the DagBag from /opt/airflow/dags/stackoverflow_migration_dag.py
[2026-05-06T14:33:47.268+0000] {processor.py:840} INFO - DAG(s) 'stackoverflow_automated_mcp_pipeline' retrieved from /opt/airflow/dags/stackoverflow_migration_dag.py
[2026-05-06T14:33:47.287+0000] {logging_mixin.py:188} INFO - [2026-05-06T14:33:47.287+0000] {dag.py:3096} INFO - Sync 1 DAGs
[2026-05-06T14:33:47.331+0000] {logging_mixin.py:188} INFO - [2026-05-06T14:33:47.331+0000] {dag.py:3954} INFO - Setting next_dagrun for stackoverflow_automated_mcp_pipeline to 2026-05-06 00:00:00+00:00, run_after=2026-05-07 00:00:00+00:00
[2026-05-06T14:33:47.369+0000] {processor.py:183} INFO - Processing /opt/airflow/dags/stackoverflow_migration_dag.py took 1.218 seconds
[2026-05-06T14:34:17.641+0000] {processor.py:161} INFO - Started process (PID=372) to work on /opt/airflow/dags/stackoverflow_migration_dag.py
[2026-05-06T14:34:17.643+0000] {processor.py:830} INFO - Processing file /opt/airflow/dags/stackoverflow_migration_dag.py for tasks to queue
[2026-05-06T14:34:17.646+0000] {logging_mixin.py:188} INFO - [2026-05-06T14:34:17.645+0000] {dagbag.py:545} INFO - Filling up the DagBag from /opt/airflow/dags/stackoverflow_migration_dag.py
[2026-05-06T14:34:18.917+0000] {processor.py:840} INFO - DAG(s) 'stackoverflow_automated_mcp_pipeline' retrieved from /opt/airflow/dags/stackoverflow_migration_dag.py
[2026-05-06T14:34:18.936+0000] {logging_mixin.py:188} INFO - [2026-05-06T14:34:18.936+0000] {dag.py:3096} INFO - Sync 1 DAGs
[2026-05-06T14:34:18.982+0000] {logging_mixin.py:188} INFO - [2026-05-06T14:34:18.981+0000] {dag.py:3954} INFO - Setting next_dagrun for stackoverflow_automated_mcp_pipeline to 2026-05-06 00:00:00+00:00, run_after=2026-05-07 00:00:00+00:00
[2026-05-06T14:34:19.019+0000] {processor.py:183} INFO - Processing /opt/airflow/dags/stackoverflow_migration_dag.py took 1.388 seconds
[2026-05-06T14:34:49.400+0000] {processor.py:161} INFO - Started process (PID=377) to work on /opt/airflow/dags/stackoverflow_migration_dag.py
[2026-05-06T14:34:49.401+0000] {processor.py:830} INFO - Processing file /opt/airflow/dags/stackoverflow_migration_dag.py for tasks to queue
[2026-05-06T14:34:49.404+0000] {logging_mixin.py:188} INFO - [2026-05-06T14:34:49.403+0000] {dagbag.py:545} INFO - Filling up the DagBag from /opt/airflow/dags/stackoverflow_migration_dag.py
[2026-05-06T14:34:50.527+0000] {processor.py:840} INFO - DAG(s) 'stackoverflow_automated_mcp_pipeline' retrieved from /opt/airflow/dags/stackoverflow_migration_dag.py
[2026-05-06T14:34:50.546+0000] {logging_mixin.py:188} INFO - [2026-05-06T14:34:50.546+0000] {dag.py:3096} INFO - Sync 1 DAGs
[2026-05-06T14:34:50.588+0000] {logging_mixin.py:188} INFO - [2026-05-06T14:34:50.588+0000] {dag.py:3954} INFO - Setting next_dagrun for stackoverflow_automated_mcp_pipeline to 2026-05-06 00:00:00+00:00, run_after=2026-05-07 00:00:00+00:00
[2026-05-06T14:34:50.626+0000] {processor.py:183} INFO - Processing /opt/airflow/dags/stackoverflow_migration_dag.py took 1.235 seconds
[2026-05-06T14:35:20.726+0000] {processor.py:161} INFO - Started process (PID=382) to work on /opt/airflow/dags/stackoverflow_migration_dag.py
[2026-05-06T14:35:20.727+0000] {processor.py:830} INFO - Processing file /opt/airflow/dags/stackoverflow_migration_dag.py for tasks to queue
[2026-05-06T14:35:20.730+0000] {logging_mixin.py:188} INFO - [2026-05-06T14:35:20.730+0000] {dagbag.py:545} INFO - Filling up the DagBag from /opt/airflow/dags/stackoverflow_migration_dag.py
[2026-05-06T14:35:21.856+0000] {processor.py:840} INFO - DAG(s) 'stackoverflow_automated_mcp_pipeline' retrieved from /opt/airflow/dags/stackoverflow_migration_dag.py
[2026-05-06T14:35:21.875+0000] {logging_mixin.py:188} INFO - [2026-05-06T14:35:21.875+0000] {dag.py:3096} INFO - Sync 1 DAGs
[2026-05-06T14:35:21.917+0000] {logging_mixin.py:188} INFO - [2026-05-06T14:35:21.917+0000] {dag.py:3954} INFO - Setting next_dagrun for stackoverflow_automated_mcp_pipeline to 2026-05-06 00:00:00+00:00, run_after=2026-05-07 00:00:00+00:00
[2026-05-06T14:35:21.955+0000] {processor.py:183} INFO - Processing /opt/airflow/dags/stackoverflow_migration_dag.py took 1.237 seconds
[2026-05-06T14:35:52.052+0000] {processor.py:161} INFO - Started process (PID=387) to work on /opt/airflow/dags/stackoverflow_migration_dag.py
[2026-05-06T14:35:52.053+0000] {processor.py:830} INFO - Processing file /opt/airflow/dags/stackoverflow_migration_dag.py for tasks to queue
[2026-05-06T14:35:52.056+0000] {logging_mixin.py:188} INFO - [2026-05-06T14:35:52.055+0000] {dagbag.py:545} INFO - Filling up the DagBag from /opt/airflow/dags/stackoverflow_migration_dag.py
[2026-05-06T14:35:53.169+0000] {processor.py:840} INFO - DAG(s) 'stackoverflow_automated_mcp_pipeline' retrieved from /opt/airflow/dags/stackoverflow_migration_dag.py
[2026-05-06T14:35:53.187+0000] {logging_mixin.py:188} INFO - [2026-05-06T14:35:53.186+0000] {dag.py:3096} INFO - Sync 1 DAGs
[2026-05-06T14:35:53.230+0000] {logging_mixin.py:188} INFO - [2026-05-06T14:35:53.230+0000] {dag.py:3954} INFO - Setting next_dagrun for stackoverflow_automated_mcp_pipeline to 2026-05-06 00:00:00+00:00, run_after=2026-05-07 00:00:00+00:00
[2026-05-06T14:35:53.269+0000] {processor.py:183} INFO - Processing /opt/airflow/dags/stackoverflow_migration_dag.py took 1.225 seconds
[2026-05-06T14:36:23.614+0000] {processor.py:161} INFO - Started process (PID=392) to work on /opt/airflow/dags/stackoverflow_migration_dag.py
[2026-05-06T14:36:23.616+0000] {processor.py:830} INFO - Processing file /opt/airflow/dags/stackoverflow_migration_dag.py for tasks to queue
[2026-05-06T14:36:23.618+0000] {logging_mixin.py:188} INFO - [2026-05-06T14:36:23.618+0000] {dagbag.py:545} INFO - Filling up the DagBag from /opt/airflow/dags/stackoverflow_migration_dag.py
[2026-05-06T14:36:24.716+0000] {processor.py:840} INFO - DAG(s) 'stackoverflow_automated_mcp_pipeline' retrieved from /opt/airflow/dags/stackoverflow_migration_dag.py
[2026-05-06T14:36:24.735+0000] {logging_mixin.py:188} INFO - [2026-05-06T14:36:24.735+0000] {dag.py:3096} INFO - Sync 1 DAGs
[2026-05-06T14:36:24.778+0000] {logging_mixin.py:188} INFO - [2026-05-06T14:36:24.778+0000] {dag.py:3954} INFO - Setting next_dagrun for stackoverflow_automated_mcp_pipeline to 2026-05-06 00:00:00+00:00, run_after=2026-05-07 00:00:00+00:00
[2026-05-06T14:36:24.817+0000] {processor.py:183} INFO - Processing /opt/airflow/dags/stackoverflow_migration_dag.py took 1.209 seconds
[2026-05-06T14:36:55.073+0000] {processor.py:161} INFO - Started process (PID=397) to work on /opt/airflow/dags/stackoverflow_migration_dag.py
[2026-05-06T14:36:55.075+0000] {processor.py:830} INFO - Processing file /opt/airflow/dags/stackoverflow_migration_dag.py for tasks to queue
[2026-05-06T14:36:55.078+0000] {logging_mixin.py:188} INFO - [2026-05-06T14:36:55.077+0000] {dagbag.py:545} INFO - Filling up the DagBag from /opt/airflow/dags/stackoverflow_migration_dag.py
[2026-05-06T14:36:56.268+0000] {processor.py:840} INFO - DAG(s) 'stackoverflow_automated_mcp_pipeline' retrieved from /opt/airflow/dags/stackoverflow_migration_dag.py
[2026-05-06T14:36:56.288+0000] {logging_mixin.py:188} INFO - [2026-05-06T14:36:56.287+0000] {dag.py:3096} INFO - Sync 1 DAGs
[2026-05-06T14:36:56.332+0000] {logging_mixin.py:188} INFO - [2026-05-06T14:36:56.331+0000] {dag.py:3954} INFO - Setting next_dagrun for stackoverflow_automated_mcp_pipeline to 2026-05-06 00:00:00+00:00, run_after=2026-05-07 00:00:00+00:00
[2026-05-06T14:36:56.368+0000] {processor.py:183} INFO - Processing /opt/airflow/dags/stackoverflow_migration_dag.py took 1.303 seconds
[2026-05-06T14:37:26.690+0000] {processor.py:161} INFO - Started process (PID=402) to work on /opt/airflow/dags/stackoverflow_migration_dag.py
[2026-05-06T14:37:26.691+0000] {processor.py:830} INFO - Processing file /opt/airflow/dags/stackoverflow_migration_dag.py for tasks to queue
[2026-05-06T14:37:26.694+0000] {logging_mixin.py:188} INFO - [2026-05-06T14:37:26.694+0000] {dagbag.py:545} INFO - Filling up the DagBag from /opt/airflow/dags/stackoverflow_migration_dag.py
[2026-05-06T14:37:27.817+0000] {processor.py:840} INFO - DAG(s) 'stackoverflow_automated_mcp_pipeline' retrieved from /opt/airflow/dags/stackoverflow_migration_dag.py
[2026-05-06T14:37:27.838+0000] {logging_mixin.py:188} INFO - [2026-05-06T14:37:27.837+0000] {dag.py:3096} INFO - Sync 1 DAGs
[2026-05-06T14:37:27.882+0000] {logging_mixin.py:188} INFO - [2026-05-06T14:37:27.882+0000] {dag.py:3954} INFO - Setting next_dagrun for stackoverflow_automated_mcp_pipeline to 2026-05-06 00:00:00+00:00, run_after=2026-05-07 00:00:00+00:00
[2026-05-06T14:37:27.919+0000] {processor.py:183} INFO - Processing /opt/airflow/dags/stackoverflow_migration_dag.py took 1.237 seconds
[2026-05-06T14:37:58.040+0000] {processor.py:161} INFO - Started process (PID=407) to work on /opt/airflow/dags/stackoverflow_migration_dag.py
[2026-05-06T14:37:58.044+0000] {processor.py:830} INFO - Processing file /opt/airflow/dags/stackoverflow_migration_dag.py for tasks to queue
[2026-05-06T14:37:58.050+0000] {logging_mixin.py:188} INFO - [2026-05-06T14:37:58.049+0000] {dagbag.py:545} INFO - Filling up the DagBag from /opt/airflow/dags/stackoverflow_migration_dag.py
[2026-05-06T14:37:59.164+0000] {processor.py:840} INFO - DAG(s) 'stackoverflow_automated_mcp_pipeline' retrieved from /opt/airflow/dags/stackoverflow_migration_dag.py
[2026-05-06T14:37:59.183+0000] {logging_mixin.py:188} INFO - [2026-05-06T14:37:59.183+0000] {dag.py:3096} INFO - Sync 1 DAGs
[2026-05-06T14:37:59.226+0000] {logging_mixin.py:188} INFO - [2026-05-06T14:37:59.226+0000] {dag.py:3954} INFO - Setting next_dagrun for stackoverflow_automated_mcp_pipeline to 2026-05-06 00:00:00+00:00, run_after=2026-05-07 00:00:00+00:00
[2026-05-06T14:37:59.265+0000] {processor.py:183} INFO - Processing /opt/airflow/dags/stackoverflow_migration_dag.py took 1.234 seconds
[2026-05-06T14:38:29.374+0000] {processor.py:161} INFO - Started process (PID=412) to work on /opt/airflow/dags/stackoverflow_migration_dag.py
[2026-05-06T14:38:29.376+0000] {processor.py:830} INFO - Processing file /opt/airflow/dags/stackoverflow_migration_dag.py for tasks to queue
[2026-05-06T14:38:29.378+0000] {logging_mixin.py:188} INFO - [2026-05-06T14:38:29.378+0000] {dagbag.py:545} INFO - Filling up the DagBag from /opt/airflow/dags/stackoverflow_migration_dag.py
[2026-05-06T14:38:30.484+0000] {processor.py:840} INFO - DAG(s) 'stackoverflow_automated_mcp_pipeline' retrieved from /opt/airflow/dags/stackoverflow_migration_dag.py
[2026-05-06T14:38:30.502+0000] {logging_mixin.py:188} INFO - [2026-05-06T14:38:30.502+0000] {dag.py:3096} INFO - Sync 1 DAGs
[2026-05-06T14:38:30.548+0000] {logging_mixin.py:188} INFO - [2026-05-06T14:38:30.547+0000] {dag.py:3954} INFO - Setting next_dagrun for stackoverflow_automated_mcp_pipeline to 2026-05-06 00:00:00+00:00, run_after=2026-05-07 00:00:00+00:00
[2026-05-06T14:38:30.586+0000] {processor.py:183} INFO - Processing /opt/airflow/dags/stackoverflow_migration_dag.py took 1.219 seconds
[2026-05-06T14:39:00.905+0000] {processor.py:161} INFO - Started process (PID=417) to work on /opt/airflow/dags/stackoverflow_migration_dag.py
[2026-05-06T14:39:00.906+0000] {processor.py:830} INFO - Processing file /opt/airflow/dags/stackoverflow_migration_dag.py for tasks to queue
[2026-05-06T14:39:00.909+0000] {logging_mixin.py:188} INFO - [2026-05-06T14:39:00.909+0000] {dagbag.py:545} INFO - Filling up the DagBag from /opt/airflow/dags/stackoverflow_migration_dag.py
[2026-05-06T14:39:02.019+0000] {processor.py:840} INFO - DAG(s) 'stackoverflow_automated_mcp_pipeline' retrieved from /opt/airflow/dags/stackoverflow_migration_dag.py
[2026-05-06T14:39:02.037+0000] {logging_mixin.py:188} INFO - [2026-05-06T14:39:02.037+0000] {dag.py:3096} INFO - Sync 1 DAGs
[2026-05-06T14:39:02.081+0000] {logging_mixin.py:188} INFO - [2026-05-06T14:39:02.081+0000] {dag.py:3954} INFO - Setting next_dagrun for stackoverflow_automated_mcp_pipeline to 2026-05-06 00:00:00+00:00, run_after=2026-05-07 00:00:00+00:00
[2026-05-06T14:39:02.118+0000] {processor.py:183} INFO - Processing /opt/airflow/dags/stackoverflow_migration_dag.py took 1.221 seconds
[2026-05-06T14:39:32.200+0000] {processor.py:161} INFO - Started process (PID=422) to work on /opt/airflow/dags/stackoverflow_migration_dag.py
[2026-05-06T14:39:32.202+0000] {processor.py:830} INFO - Processing file /opt/airflow/dags/stackoverflow_migration_dag.py for tasks to queue
[2026-05-06T14:39:32.204+0000] {logging_mixin.py:188} INFO - [2026-05-06T14:39:32.204+0000] {dagbag.py:545} INFO - Filling up the DagBag from /opt/airflow/dags/stackoverflow_migration_dag.py
[2026-05-06T14:39:33.354+0000] {processor.py:840} INFO - DAG(s) 'stackoverflow_automated_mcp_pipeline' retrieved from /opt/airflow/dags/stackoverflow_migration_dag.py
[2026-05-06T14:39:33.373+0000] {logging_mixin.py:188} INFO - [2026-05-06T14:39:33.372+0000] {dag.py:3096} INFO - Sync 1 DAGs
[2026-05-06T14:39:33.416+0000] {logging_mixin.py:188} INFO - [2026-05-06T14:39:33.416+0000] {dag.py:3954} INFO - Setting next_dagrun for stackoverflow_automated_mcp_pipeline to 2026-05-06 00:00:00+00:00, run_after=2026-05-07 00:00:00+00:00
[2026-05-06T14:39:33.454+0000] {processor.py:183} INFO - Processing /opt/airflow/dags/stackoverflow_migration_dag.py took 1.261 seconds
[2026-05-06T14:40:03.780+0000] {processor.py:161} INFO - Started process (PID=427) to work on /opt/airflow/dags/stackoverflow_migration_dag.py
[2026-05-06T14:40:03.782+0000] {processor.py:830} INFO - Processing file /opt/airflow/dags/stackoverflow_migration_dag.py for tasks to queue
[2026-05-06T14:40:03.785+0000] {logging_mixin.py:188} INFO - [2026-05-06T14:40:03.784+0000] {dagbag.py:545} INFO - Filling up the DagBag from /opt/airflow/dags/stackoverflow_migration_dag.py
[2026-05-06T14:40:04.891+0000] {processor.py:840} INFO - DAG(s) 'stackoverflow_automated_mcp_pipeline' retrieved from /opt/airflow/dags/stackoverflow_migration_dag.py
[2026-05-06T14:40:04.909+0000] {logging_mixin.py:188} INFO - [2026-05-06T14:40:04.909+0000] {dag.py:3096} INFO - Sync 1 DAGs
[2026-05-06T14:40:04.953+0000] {logging_mixin.py:188} INFO - [2026-05-06T14:40:04.953+0000] {dag.py:3954} INFO - Setting next_dagrun for stackoverflow_automated_mcp_pipeline to 2026-05-06 00:00:00+00:00, run_after=2026-05-07 00:00:00+00:00
[2026-05-06T14:40:04.991+0000] {processor.py:183} INFO - Processing /opt/airflow/dags/stackoverflow_migration_dag.py took 1.218 seconds
[2026-05-06T14:40:35.089+0000] {processor.py:161} INFO - Started process (PID=432) to work on /opt/airflow/dags/stackoverflow_migration_dag.py
[2026-05-06T14:40:35.091+0000] {processor.py:830} INFO - Processing file /opt/airflow/dags/stackoverflow_migration_dag.py for tasks to queue
[2026-05-06T14:40:35.094+0000] {logging_mixin.py:188} INFO - [2026-05-06T14:40:35.093+0000] {dagbag.py:545} INFO - Filling up the DagBag from /opt/airflow/dags/stackoverflow_migration_dag.py
[2026-05-06T14:40:36.268+0000] {processor.py:840} INFO - DAG(s) 'stackoverflow_automated_mcp_pipeline' retrieved from /opt/airflow/dags/stackoverflow_migration_dag.py
[2026-05-06T14:40:36.287+0000] {logging_mixin.py:188} INFO - [2026-05-06T14:40:36.287+0000] {dag.py:3096} INFO - Sync 1 DAGs
[2026-05-06T14:40:36.330+0000] {logging_mixin.py:188} INFO - [2026-05-06T14:40:36.330+0000] {dag.py:3954} INFO - Setting next_dagrun for stackoverflow_automated_mcp_pipeline to 2026-05-06 00:00:00+00:00, run_after=2026-05-07 00:00:00+00:00
[2026-05-06T14:40:36.368+0000] {processor.py:183} INFO - Processing /opt/airflow/dags/stackoverflow_migration_dag.py took 1.290 seconds
[2026-05-06T14:41:06.799+0000] {processor.py:161} INFO - Started process (PID=437) to work on /opt/airflow/dags/stackoverflow_migration_dag.py
[2026-05-06T14:41:06.800+0000] {processor.py:830} INFO - Processing file /opt/airflow/dags/stackoverflow_migration_dag.py for tasks to queue
[2026-05-06T14:41:06.803+0000] {logging_mixin.py:188} INFO - [2026-05-06T14:41:06.803+0000] {dagbag.py:545} INFO - Filling up the DagBag from /opt/airflow/dags/stackoverflow_migration_dag.py
[2026-05-06T14:41:07.901+0000] {processor.py:840} INFO - DAG(s) 'stackoverflow_automated_mcp_pipeline' retrieved from /opt/airflow/dags/stackoverflow_migration_dag.py
[2026-05-06T14:41:07.920+0000] {logging_mixin.py:188} INFO - [2026-05-06T14:41:07.920+0000] {dag.py:3096} INFO - Sync 1 DAGs
[2026-05-06T14:41:07.963+0000] {logging_mixin.py:188} INFO - [2026-05-06T14:41:07.963+0000] {dag.py:3954} INFO - Setting next_dagrun for stackoverflow_automated_mcp_pipeline to 2026-05-06 00:00:00+00:00, run_after=2026-05-07 00:00:00+00:00
[2026-05-06T14:41:08.002+0000] {processor.py:183} INFO - Processing /opt/airflow/dags/stackoverflow_migration_dag.py took 1.211 seconds
[2026-05-06T14:41:38.163+0000] {processor.py:161} INFO - Started process (PID=442) to work on /opt/airflow/dags/stackoverflow_migration_dag.py
[2026-05-06T14:41:38.165+0000] {processor.py:830} INFO - Processing file /opt/airflow/dags/stackoverflow_migration_dag.py for tasks to queue
[2026-05-06T14:41:38.168+0000] {logging_mixin.py:188} INFO - [2026-05-06T14:41:38.167+0000] {dagbag.py:545} INFO - Filling up the DagBag from /opt/airflow/dags/stackoverflow_migration_dag.py
[2026-05-06T14:41:39.335+0000] {processor.py:840} INFO - DAG(s) 'stackoverflow_automated_mcp_pipeline' retrieved from /opt/airflow/dags/stackoverflow_migration_dag.py
[2026-05-06T14:41:39.354+0000] {logging_mixin.py:188} INFO - [2026-05-06T14:41:39.354+0000] {dag.py:3096} INFO - Sync 1 DAGs
[2026-05-06T14:41:39.399+0000] {logging_mixin.py:188} INFO - [2026-05-06T14:41:39.399+0000] {dag.py:3954} INFO - Setting next_dagrun for stackoverflow_automated_mcp_pipeline to 2026-05-06 00:00:00+00:00, run_after=2026-05-07 00:00:00+00:00
[2026-05-06T14:41:39.438+0000] {processor.py:183} INFO - Processing /opt/airflow/dags/stackoverflow_migration_dag.py took 1.282 seconds
[2026-05-06T14:42:09.598+0000] {processor.py:161} INFO - Started process (PID=447) to work on /opt/airflow/dags/stackoverflow_migration_dag.py
[2026-05-06T14:42:09.599+0000] {processor.py:830} INFO - Processing file /opt/airflow/dags/stackoverflow_migration_dag.py for tasks to queue
[2026-05-06T14:42:09.601+0000] {logging_mixin.py:188} INFO - [2026-05-06T14:42:09.601+0000] {dagbag.py:545} INFO - Filling up the DagBag from /opt/airflow/dags/stackoverflow_migration_dag.py
[2026-05-06T14:42:10.718+0000] {processor.py:840} INFO - DAG(s) 'stackoverflow_automated_mcp_pipeline' retrieved from /opt/airflow/dags/stackoverflow_migration_dag.py
[2026-05-06T14:42:10.737+0000] {logging_mixin.py:188} INFO - [2026-05-06T14:42:10.737+0000] {dag.py:3096} INFO - Sync 1 DAGs
[2026-05-06T14:42:10.781+0000] {logging_mixin.py:188} INFO - [2026-05-06T14:42:10.781+0000] {dag.py:3954} INFO - Setting next_dagrun for stackoverflow_automated_mcp_pipeline to 2026-05-06 00:00:00+00:00, run_after=2026-05-07 00:00:00+00:00
[2026-05-06T14:42:10.820+0000] {processor.py:183} INFO - Processing /opt/airflow/dags/stackoverflow_migration_dag.py took 1.230 seconds
[2026-05-06T14:42:41.244+0000] {processor.py:161} INFO - Started process (PID=452) to work on /opt/airflow/dags/stackoverflow_migration_dag.py
[2026-05-06T14:42:41.245+0000] {processor.py:830} INFO - Processing file /opt/airflow/dags/stackoverflow_migration_dag.py for tasks to queue
[2026-05-06T14:42:41.248+0000] {logging_mixin.py:188} INFO - [2026-05-06T14:42:41.248+0000] {dagbag.py:545} INFO - Filling up the DagBag from /opt/airflow/dags/stackoverflow_migration_dag.py
[2026-05-06T14:42:42.391+0000] {processor.py:840} INFO - DAG(s) 'stackoverflow_automated_mcp_pipeline' retrieved from /opt/airflow/dags/stackoverflow_migration_dag.py
[2026-05-06T14:42:42.410+0000] {logging_mixin.py:188} INFO - [2026-05-06T14:42:42.409+0000] {dag.py:3096} INFO - Sync 1 DAGs
[2026-05-06T14:42:42.453+0000] {logging_mixin.py:188} INFO - [2026-05-06T14:42:42.453+0000] {dag.py:3954} INFO - Setting next_dagrun for stackoverflow_automated_mcp_pipeline to 2026-05-06 00:00:00+00:00, run_after=2026-05-07 00:00:00+00:00
[2026-05-06T14:42:42.491+0000] {processor.py:183} INFO - Processing /opt/airflow/dags/stackoverflow_migration_dag.py took 1.255 seconds
[2026-05-06T14:43:12.811+0000] {processor.py:161} INFO - Started process (PID=457) to work on /opt/airflow/dags/stackoverflow_migration_dag.py
[2026-05-06T14:43:12.813+0000] {processor.py:830} INFO - Processing file /opt/airflow/dags/stackoverflow_migration_dag.py for tasks to queue
[2026-05-06T14:43:12.815+0000] {logging_mixin.py:188} INFO - [2026-05-06T14:43:12.815+0000] {dagbag.py:545} INFO - Filling up the DagBag from /opt/airflow/dags/stackoverflow_migration_dag.py
[2026-05-06T14:43:13.913+0000] {processor.py:840} INFO - DAG(s) 'stackoverflow_automated_mcp_pipeline' retrieved from /opt/airflow/dags/stackoverflow_migration_dag.py
[2026-05-06T14:43:13.933+0000] {logging_mixin.py:188} INFO - [2026-05-06T14:43:13.933+0000] {dag.py:3096} INFO - Sync 1 DAGs
[2026-05-06T14:43:13.977+0000] {logging_mixin.py:188} INFO - [2026-05-06T14:43:13.977+0000] {dag.py:3954} INFO - Setting next_dagrun for stackoverflow_automated_mcp_pipeline to 2026-05-06 00:00:00+00:00, run_after=2026-05-07 00:00:00+00:00
[2026-05-06T14:43:14.015+0000] {processor.py:183} INFO - Processing /opt/airflow/dags/stackoverflow_migration_dag.py took 1.211 seconds
[2026-05-06T14:47:48.985+0000] {processor.py:161} INFO - Started process (PID=462) to work on /opt/airflow/dags/stackoverflow_migration_dag.py
[2026-05-06T14:47:48.990+0000] {processor.py:830} INFO - Processing file /opt/airflow/dags/stackoverflow_migration_dag.py for tasks to queue
[2026-05-06T14:47:49.006+0000] {logging_mixin.py:188} INFO - [2026-05-06T14:47:49.004+0000] {dagbag.py:545} INFO - Filling up the DagBag from /opt/airflow/dags/stackoverflow_migration_dag.py
[2026-05-06T14:47:58.014+0000] {processor.py:840} INFO - DAG(s) 'stackoverflow_automated_mcp_pipeline' retrieved from /opt/airflow/dags/stackoverflow_migration_dag.py
[2026-05-06T14:47:58.121+0000] {logging_mixin.py:188} INFO - [2026-05-06T14:47:58.121+0000] {dag.py:3096} INFO - Sync 1 DAGs
[2026-05-06T14:47:58.305+0000] {logging_mixin.py:188} INFO - [2026-05-06T14:47:58.305+0000] {dag.py:3954} INFO - Setting next_dagrun for stackoverflow_automated_mcp_pipeline to 2026-05-06 00:00:00+00:00, run_after=2026-05-07 00:00:00+00:00
[2026-05-06T14:47:58.411+0000] {processor.py:183} INFO - Processing /opt/airflow/dags/stackoverflow_migration_dag.py took 9.686 seconds
[2026-05-06T14:48:28.616+0000] {processor.py:161} INFO - Started process (PID=467) to work on /opt/airflow/dags/stackoverflow_migration_dag.py
[2026-05-06T14:48:28.618+0000] {processor.py:830} INFO - Processing file /opt/airflow/dags/stackoverflow_migration_dag.py for tasks to queue
[2026-05-06T14:48:28.622+0000] {logging_mixin.py:188} INFO - [2026-05-06T14:48:28.621+0000] {dagbag.py:545} INFO - Filling up the DagBag from /opt/airflow/dags/stackoverflow_migration_dag.py
[2026-05-06T14:48:29.883+0000] {processor.py:840} INFO - DAG(s) 'stackoverflow_automated_mcp_pipeline' retrieved from /opt/airflow/dags/stackoverflow_migration_dag.py
[2026-05-06T14:48:29.903+0000] {logging_mixin.py:188} INFO - [2026-05-06T14:48:29.903+0000] {dag.py:3096} INFO - Sync 1 DAGs
[2026-05-06T14:48:29.955+0000] {logging_mixin.py:188} INFO - [2026-05-06T14:48:29.954+0000] {dag.py:3954} INFO - Setting next_dagrun for stackoverflow_automated_mcp_pipeline to 2026-05-06 00:00:00+00:00, run_after=2026-05-07 00:00:00+00:00
[2026-05-06T14:48:29.994+0000] {processor.py:183} INFO - Processing /opt/airflow/dags/stackoverflow_migration_dag.py took 1.386 seconds
[2026-05-06T14:49:00.280+0000] {processor.py:161} INFO - Started process (PID=472) to work on /opt/airflow/dags/stackoverflow_migration_dag.py
[2026-05-06T14:49:00.282+0000] {processor.py:830} INFO - Processing file /opt/airflow/dags/stackoverflow_migration_dag.py for tasks to queue
[2026-05-06T14:49:00.286+0000] {logging_mixin.py:188} INFO - [2026-05-06T14:49:00.285+0000] {dagbag.py:545} INFO - Filling up the DagBag from /opt/airflow/dags/stackoverflow_migration_dag.py
[2026-05-06T14:49:02.211+0000] {processor.py:840} INFO - DAG(s) 'stackoverflow_automated_mcp_pipeline' retrieved from /opt/airflow/dags/stackoverflow_migration_dag.py
[2026-05-06T14:49:02.241+0000] {logging_mixin.py:188} INFO - [2026-05-06T14:49:02.240+0000] {dag.py:3096} INFO - Sync 1 DAGs
[2026-05-06T14:49:02.304+0000] {logging_mixin.py:188} INFO - [2026-05-06T14:49:02.304+0000] {dag.py:3954} INFO - Setting next_dagrun for stackoverflow_automated_mcp_pipeline to 2026-05-06 00:00:00+00:00, run_after=2026-05-07 00:00:00+00:00
[2026-05-06T14:49:02.351+0000] {processor.py:183} INFO - Processing /opt/airflow/dags/stackoverflow_migration_dag.py took 2.081 seconds
[2026-05-06T14:49:32.503+0000] {processor.py:161} INFO - Started process (PID=477) to work on /opt/airflow/dags/stackoverflow_migration_dag.py
[2026-05-06T14:49:32.505+0000] {processor.py:830} INFO - Processing file /opt/airflow/dags/stackoverflow_migration_dag.py for tasks to queue
[2026-05-06T14:49:32.508+0000] {logging_mixin.py:188} INFO - [2026-05-06T14:49:32.507+0000] {dagbag.py:545} INFO - Filling up the DagBag from /opt/airflow/dags/stackoverflow_migration_dag.py
[2026-05-06T14:49:33.954+0000] {processor.py:840} INFO - DAG(s) 'stackoverflow_automated_mcp_pipeline' retrieved from /opt/airflow/dags/stackoverflow_migration_dag.py
[2026-05-06T14:49:33.978+0000] {logging_mixin.py:188} INFO - [2026-05-06T14:49:33.978+0000] {dag.py:3096} INFO - Sync 1 DAGs
[2026-05-06T14:49:34.039+0000] {logging_mixin.py:188} INFO - [2026-05-06T14:49:34.039+0000] {dag.py:3954} INFO - Setting next_dagrun for stackoverflow_automated_mcp_pipeline to 2026-05-06 00:00:00+00:00, run_after=2026-05-07 00:00:00+00:00
[2026-05-06T14:49:34.092+0000] {processor.py:183} INFO - Processing /opt/airflow/dags/stackoverflow_migration_dag.py took 1.598 seconds
[2026-05-06T14:50:04.369+0000] {processor.py:161} INFO - Started process (PID=482) to work on /opt/airflow/dags/stackoverflow_migration_dag.py
[2026-05-06T14:50:04.371+0000] {processor.py:830} INFO - Processing file /opt/airflow/dags/stackoverflow_migration_dag.py for tasks to queue
[2026-05-06T14:50:04.374+0000] {logging_mixin.py:188} INFO - [2026-05-06T14:50:04.373+0000] {dagbag.py:545} INFO - Filling up the DagBag from /opt/airflow/dags/stackoverflow_migration_dag.py
[2026-05-06T14:50:05.857+0000] {processor.py:840} INFO - DAG(s) 'stackoverflow_automated_mcp_pipeline' retrieved from /opt/airflow/dags/stackoverflow_migration_dag.py
[2026-05-06T14:50:05.884+0000] {logging_mixin.py:188} INFO - [2026-05-06T14:50:05.884+0000] {dag.py:3096} INFO - Sync 1 DAGs
[2026-05-06T14:50:05.950+0000] {logging_mixin.py:188} INFO - [2026-05-06T14:50:05.949+0000] {dag.py:3954} INFO - Setting next_dagrun for stackoverflow_automated_mcp_pipeline to 2026-05-06 00:00:00+00:00, run_after=2026-05-07 00:00:00+00:00
[2026-05-06T14:50:06.001+0000] {processor.py:183} INFO - Processing /opt/airflow/dags/stackoverflow_migration_dag.py took 1.642 seconds
[2026-05-06T14:50:36.475+0000] {processor.py:161} INFO - Started process (PID=487) to work on /opt/airflow/dags/stackoverflow_migration_dag.py
[2026-05-06T14:50:36.476+0000] {processor.py:830} INFO - Processing file /opt/airflow/dags/stackoverflow_migration_dag.py for tasks to queue
[2026-05-06T14:50:36.479+0000] {logging_mixin.py:188} INFO - [2026-05-06T14:50:36.478+0000] {dagbag.py:545} INFO - Filling up the DagBag from /opt/airflow/dags/stackoverflow_migration_dag.py
[2026-05-06T14:50:37.609+0000] {processor.py:840} INFO - DAG(s) 'stackoverflow_automated_mcp_pipeline' retrieved from /opt/airflow/dags/stackoverflow_migration_dag.py
[2026-05-06T14:50:37.627+0000] {logging_mixin.py:188} INFO - [2026-05-06T14:50:37.627+0000] {dag.py:3096} INFO - Sync 1 DAGs
[2026-05-06T14:50:37.669+0000] {logging_mixin.py:188} INFO - [2026-05-06T14:50:37.669+0000] {dag.py:3954} INFO - Setting next_dagrun for stackoverflow_automated_mcp_pipeline to 2026-05-06 00:00:00+00:00, run_after=2026-05-07 00:00:00+00:00
[2026-05-06T14:50:37.712+0000] {processor.py:183} INFO - Processing /opt/airflow/dags/stackoverflow_migration_dag.py took 1.245 seconds
[2026-05-06T14:51:07.795+0000] {processor.py:161} INFO - Started process (PID=492) to work on /opt/airflow/dags/stackoverflow_migration_dag.py
[2026-05-06T14:51:07.797+0000] {processor.py:830} INFO - Processing file /opt/airflow/dags/stackoverflow_migration_dag.py for tasks to queue
[2026-05-06T14:51:07.800+0000] {logging_mixin.py:188} INFO - [2026-05-06T14:51:07.800+0000] {dagbag.py:545} INFO - Filling up the DagBag from /opt/airflow/dags/stackoverflow_migration_dag.py
[2026-05-06T14:51:08.919+0000] {processor.py:840} INFO - DAG(s) 'stackoverflow_automated_mcp_pipeline' retrieved from /opt/airflow/dags/stackoverflow_migration_dag.py
[2026-05-06T14:51:08.937+0000] {logging_mixin.py:188} INFO - [2026-05-06T14:51:08.937+0000] {dag.py:3096} INFO - Sync 1 DAGs
[2026-05-06T14:51:08.977+0000] {logging_mixin.py:188} INFO - [2026-05-06T14:51:08.977+0000] {dag.py:3954} INFO - Setting next_dagrun for stackoverflow_automated_mcp_pipeline to 2026-05-06 00:00:00+00:00, run_after=2026-05-07 00:00:00+00:00
[2026-05-06T14:51:09.015+0000] {processor.py:183} INFO - Processing /opt/airflow/dags/stackoverflow_migration_dag.py took 1.229 seconds
[2026-05-06T14:51:39.326+0000] {processor.py:161} INFO - Started process (PID=497) to work on /opt/airflow/dags/stackoverflow_migration_dag.py
[2026-05-06T14:51:39.328+0000] {processor.py:830} INFO - Processing file /opt/airflow/dags/stackoverflow_migration_dag.py for tasks to queue
[2026-05-06T14:51:39.331+0000] {logging_mixin.py:188} INFO - [2026-05-06T14:51:39.331+0000] {dagbag.py:545} INFO - Filling up the DagBag from /opt/airflow/dags/stackoverflow_migration_dag.py
[2026-05-06T14:51:40.482+0000] {processor.py:840} INFO - DAG(s) 'stackoverflow_automated_mcp_pipeline' retrieved from /opt/airflow/dags/stackoverflow_migration_dag.py
[2026-05-06T14:51:40.505+0000] {logging_mixin.py:188} INFO - [2026-05-06T14:51:40.505+0000] {dag.py:3096} INFO - Sync 1 DAGs
[2026-05-06T14:51:40.548+0000] {logging_mixin.py:188} INFO - [2026-05-06T14:51:40.547+0000] {dag.py:3954} INFO - Setting next_dagrun for stackoverflow_automated_mcp_pipeline to 2026-05-06 00:00:00+00:00, run_after=2026-05-07 00:00:00+00:00
[2026-05-06T14:51:40.581+0000] {processor.py:183} INFO - Processing /opt/airflow/dags/stackoverflow_migration_dag.py took 1.262 seconds
[2026-05-06T14:52:10.665+0000] {processor.py:161} INFO - Started process (PID=502) to work on /opt/airflow/dags/stackoverflow_migration_dag.py
[2026-05-06T14:52:10.667+0000] {processor.py:830} INFO - Processing file /opt/airflow/dags/stackoverflow_migration_dag.py for tasks to queue
[2026-05-06T14:52:10.670+0000] {logging_mixin.py:188} INFO - [2026-05-06T14:52:10.670+0000] {dagbag.py:545} INFO - Filling up the DagBag from /opt/airflow/dags/stackoverflow_migration_dag.py
[2026-05-06T14:52:11.889+0000] {processor.py:840} INFO - DAG(s) 'stackoverflow_automated_mcp_pipeline' retrieved from /opt/airflow/dags/stackoverflow_migration_dag.py
[2026-05-06T14:52:11.909+0000] {logging_mixin.py:188} INFO - [2026-05-06T14:52:11.908+0000] {dag.py:3096} INFO - Sync 1 DAGs
[2026-05-06T14:52:11.954+0000] {logging_mixin.py:188} INFO - [2026-05-06T14:52:11.954+0000] {dag.py:3954} INFO - Setting next_dagrun for stackoverflow_automated_mcp_pipeline to 2026-05-06 00:00:00+00:00, run_after=2026-05-07 00:00:00+00:00
[2026-05-06T14:52:11.994+0000] {processor.py:183} INFO - Processing /opt/airflow/dags/stackoverflow_migration_dag.py took 1.338 seconds
[2026-05-06T14:52:42.239+0000] {processor.py:161} INFO - Started process (PID=507) to work on /opt/airflow/dags/stackoverflow_migration_dag.py
[2026-05-06T14:52:42.242+0000] {processor.py:830} INFO - Processing file /opt/airflow/dags/stackoverflow_migration_dag.py for tasks to queue
[2026-05-06T14:52:42.246+0000] {logging_mixin.py:188} INFO - [2026-05-06T14:52:42.245+0000] {dagbag.py:545} INFO - Filling up the DagBag from /opt/airflow/dags/stackoverflow_migration_dag.py
[2026-05-06T14:52:43.597+0000] {processor.py:840} INFO - DAG(s) 'stackoverflow_automated_mcp_pipeline' retrieved from /opt/airflow/dags/stackoverflow_migration_dag.py
[2026-05-06T14:52:43.615+0000] {logging_mixin.py:188} INFO - [2026-05-06T14:52:43.615+0000] {dag.py:3096} INFO - Sync 1 DAGs
[2026-05-06T14:52:43.658+0000] {logging_mixin.py:188} INFO - [2026-05-06T14:52:43.657+0000] {dag.py:3954} INFO - Setting next_dagrun for stackoverflow_automated_mcp_pipeline to 2026-05-06 00:00:00+00:00, run_after=2026-05-07 00:00:00+00:00
[2026-05-06T14:52:43.705+0000] {processor.py:183} INFO - Processing /opt/airflow/dags/stackoverflow_migration_dag.py took 1.474 seconds
[2026-05-06T14:53:14.174+0000] {processor.py:161} INFO - Started process (PID=512) to work on /opt/airflow/dags/stackoverflow_migration_dag.py
[2026-05-06T14:53:14.176+0000] {processor.py:830} INFO - Processing file /opt/airflow/dags/stackoverflow_migration_dag.py for tasks to queue
[2026-05-06T14:53:14.179+0000] {logging_mixin.py:188} INFO - [2026-05-06T14:53:14.179+0000] {dagbag.py:545} INFO - Filling up the DagBag from /opt/airflow/dags/stackoverflow_migration_dag.py
[2026-05-06T14:53:15.425+0000] {processor.py:840} INFO - DAG(s) 'stackoverflow_automated_mcp_pipeline' retrieved from /opt/airflow/dags/stackoverflow_migration_dag.py
[2026-05-06T14:53:15.443+0000] {logging_mixin.py:188} INFO - [2026-05-06T14:53:15.443+0000] {dag.py:3096} INFO - Sync 1 DAGs
[2026-05-06T14:53:15.483+0000] {logging_mixin.py:188} INFO - [2026-05-06T14:53:15.483+0000] {dag.py:3954} INFO - Setting next_dagrun for stackoverflow_automated_mcp_pipeline to 2026-05-06 00:00:00+00:00, run_after=2026-05-07 00:00:00+00:00
[2026-05-06T14:53:15.519+0000] {processor.py:183} INFO - Processing /opt/airflow/dags/stackoverflow_migration_dag.py took 1.354 seconds
[2026-05-06T14:53:45.885+0000] {processor.py:161} INFO - Started process (PID=517) to work on /opt/airflow/dags/stackoverflow_migration_dag.py
[2026-05-06T14:53:45.887+0000] {processor.py:830} INFO - Processing file /opt/airflow/dags/stackoverflow_migration_dag.py for tasks to queue
[2026-05-06T14:53:45.891+0000] {logging_mixin.py:188} INFO - [2026-05-06T14:53:45.890+0000] {dagbag.py:545} INFO - Filling up the DagBag from /opt/airflow/dags/stackoverflow_migration_dag.py
[2026-05-06T14:53:47.084+0000] {processor.py:840} INFO - DAG(s) 'stackoverflow_automated_mcp_pipeline' retrieved from /opt/airflow/dags/stackoverflow_migration_dag.py
[2026-05-06T14:53:47.104+0000] {logging_mixin.py:188} INFO - [2026-05-06T14:53:47.104+0000] {dag.py:3096} INFO - Sync 1 DAGs
[2026-05-06T14:53:47.154+0000] {logging_mixin.py:188} INFO - [2026-05-06T14:53:47.153+0000] {dag.py:3954} INFO - Setting next_dagrun for stackoverflow_automated_mcp_pipeline to 2026-05-06 00:00:00+00:00, run_after=2026-05-07 00:00:00+00:00
[2026-05-06T14:53:47.194+0000] {processor.py:183} INFO - Processing /opt/airflow/dags/stackoverflow_migration_dag.py took 1.322 seconds
[2026-05-06T14:54:17.525+0000] {processor.py:161} INFO - Started process (PID=522) to work on /opt/airflow/dags/stackoverflow_migration_dag.py
[2026-05-06T14:54:17.527+0000] {processor.py:830} INFO - Processing file /opt/airflow/dags/stackoverflow_migration_dag.py for tasks to queue
[2026-05-06T14:54:17.530+0000] {logging_mixin.py:188} INFO - [2026-05-06T14:54:17.529+0000] {dagbag.py:545} INFO - Filling up the DagBag from /opt/airflow/dags/stackoverflow_migration_dag.py
[2026-05-06T14:54:18.767+0000] {processor.py:840} INFO - DAG(s) 'stackoverflow_automated_mcp_pipeline' retrieved from /opt/airflow/dags/stackoverflow_migration_dag.py
[2026-05-06T14:54:18.787+0000] {logging_mixin.py:188} INFO - [2026-05-06T14:54:18.786+0000] {dag.py:3096} INFO - Sync 1 DAGs
[2026-05-06T14:54:18.830+0000] {logging_mixin.py:188} INFO - [2026-05-06T14:54:18.829+0000] {dag.py:3954} INFO - Setting next_dagrun for stackoverflow_automated_mcp_pipeline to 2026-05-06 00:00:00+00:00, run_after=2026-05-07 00:00:00+00:00
[2026-05-06T14:54:18.868+0000] {processor.py:183} INFO - Processing /opt/airflow/dags/stackoverflow_migration_dag.py took 1.352 seconds
[2026-05-06T14:54:49.247+0000] {processor.py:161} INFO - Started process (PID=527) to work on /opt/airflow/dags/stackoverflow_migration_dag.py
[2026-05-06T14:54:49.249+0000] {processor.py:830} INFO - Processing file /opt/airflow/dags/stackoverflow_migration_dag.py for tasks to queue
[2026-05-06T14:54:49.252+0000] {logging_mixin.py:188} INFO - [2026-05-06T14:54:49.252+0000] {dagbag.py:545} INFO - Filling up the DagBag from /opt/airflow/dags/stackoverflow_migration_dag.py
[2026-05-06T14:54:50.456+0000] {processor.py:840} INFO - DAG(s) 'stackoverflow_automated_mcp_pipeline' retrieved from /opt/airflow/dags/stackoverflow_migration_dag.py
[2026-05-06T14:54:50.477+0000] {logging_mixin.py:188} INFO - [2026-05-06T14:54:50.476+0000] {dag.py:3096} INFO - Sync 1 DAGs
[2026-05-06T14:54:50.523+0000] {logging_mixin.py:188} INFO - [2026-05-06T14:54:50.522+0000] {dag.py:3954} INFO - Setting next_dagrun for stackoverflow_automated_mcp_pipeline to 2026-05-06 00:00:00+00:00, run_after=2026-05-07 00:00:00+00:00
[2026-05-06T14:54:50.558+0000] {processor.py:183} INFO - Processing /opt/airflow/dags/stackoverflow_migration_dag.py took 1.322 seconds
[2026-05-06T14:55:20.919+0000] {processor.py:161} INFO - Started process (PID=532) to work on /opt/airflow/dags/stackoverflow_migration_dag.py
[2026-05-06T14:55:20.920+0000] {processor.py:830} INFO - Processing file /opt/airflow/dags/stackoverflow_migration_dag.py for tasks to queue
[2026-05-06T14:55:20.923+0000] {logging_mixin.py:188} INFO - [2026-05-06T14:55:20.922+0000] {dagbag.py:545} INFO - Filling up the DagBag from /opt/airflow/dags/stackoverflow_migration_dag.py
[2026-05-06T14:55:22.098+0000] {processor.py:840} INFO - DAG(s) 'stackoverflow_automated_mcp_pipeline' retrieved from /opt/airflow/dags/stackoverflow_migration_dag.py
[2026-05-06T14:55:22.117+0000] {logging_mixin.py:188} INFO - [2026-05-06T14:55:22.117+0000] {dag.py:3096} INFO - Sync 1 DAGs
[2026-05-06T14:55:22.160+0000] {logging_mixin.py:188} INFO - [2026-05-06T14:55:22.160+0000] {dag.py:3954} INFO - Setting next_dagrun for stackoverflow_automated_mcp_pipeline to 2026-05-06 00:00:00+00:00, run_after=2026-05-07 00:00:00+00:00
[2026-05-06T14:55:22.196+0000] {processor.py:183} INFO - Processing /opt/airflow/dags/stackoverflow_migration_dag.py took 1.286 seconds
[2026-05-06T14:55:39.452+0000] {processor.py:161} INFO - Started process (PID=537) to work on /opt/airflow/dags/stackoverflow_migration_dag.py
[2026-05-06T14:55:39.454+0000] {processor.py:830} INFO - Processing file /opt/airflow/dags/stackoverflow_migration_dag.py for tasks to queue
[2026-05-06T14:55:39.457+0000] {logging_mixin.py:188} INFO - [2026-05-06T14:55:39.456+0000] {dagbag.py:545} INFO - Filling up the DagBag from /opt/airflow/dags/stackoverflow_migration_dag.py
[2026-05-06T14:55:40.759+0000] {processor.py:840} INFO - DAG(s) 'stackoverflow_automated_mcp_pipeline' retrieved from /opt/airflow/dags/stackoverflow_migration_dag.py
[2026-05-06T14:55:40.780+0000] {logging_mixin.py:188} INFO - [2026-05-06T14:55:40.779+0000] {dag.py:3096} INFO - Sync 1 DAGs
[2026-05-06T14:55:40.824+0000] {logging_mixin.py:188} INFO - [2026-05-06T14:55:40.824+0000] {dag.py:3954} INFO - Setting next_dagrun for stackoverflow_automated_mcp_pipeline to 2026-05-06 00:00:00+00:00, run_after=2026-05-07 00:00:00+00:00
[2026-05-06T14:55:40.869+0000] {processor.py:183} INFO - Processing /opt/airflow/dags/stackoverflow_migration_dag.py took 1.428 seconds
[2026-05-06T14:56:57.250+0000] {processor.py:161} INFO - Started process (PID=164) to work on /opt/airflow/dags/stackoverflow_migration_dag.py
[2026-05-06T14:56:57.252+0000] {processor.py:830} INFO - Processing file /opt/airflow/dags/stackoverflow_migration_dag.py for tasks to queue
[2026-05-06T14:56:57.256+0000] {logging_mixin.py:188} INFO - [2026-05-06T14:56:57.255+0000] {dagbag.py:545} INFO - Filling up the DagBag from /opt/airflow/dags/stackoverflow_migration_dag.py
[2026-05-06T14:56:59.363+0000] {processor.py:840} INFO - DAG(s) 'stackoverflow_automated_mcp_pipeline' retrieved from /opt/airflow/dags/stackoverflow_migration_dag.py
[2026-05-06T14:56:59.825+0000] {logging_mixin.py:188} INFO - [2026-05-06T14:56:59.825+0000] {dag.py:3096} INFO - Sync 1 DAGs
[2026-05-06T14:56:59.896+0000] {logging_mixin.py:188} INFO - [2026-05-06T14:56:59.896+0000] {dag.py:3954} INFO - Setting next_dagrun for stackoverflow_automated_mcp_pipeline to 2026-05-06 00:00:00+00:00, run_after=2026-05-07 00:00:00+00:00
[2026-05-06T14:56:59.962+0000] {processor.py:183} INFO - Processing /opt/airflow/dags/stackoverflow_migration_dag.py took 2.730 seconds
[2026-05-06T14:57:30.281+0000] {processor.py:161} INFO - Started process (PID=169) to work on /opt/airflow/dags/stackoverflow_migration_dag.py
[2026-05-06T14:57:30.283+0000] {processor.py:830} INFO - Processing file /opt/airflow/dags/stackoverflow_migration_dag.py for tasks to queue
[2026-05-06T14:57:30.287+0000] {logging_mixin.py:188} INFO - [2026-05-06T14:57:30.286+0000] {dagbag.py:545} INFO - Filling up the DagBag from /opt/airflow/dags/stackoverflow_migration_dag.py
[2026-05-06T14:57:32.100+0000] {processor.py:840} INFO - DAG(s) 'stackoverflow_automated_mcp_pipeline' retrieved from /opt/airflow/dags/stackoverflow_migration_dag.py
[2026-05-06T14:57:32.142+0000] {logging_mixin.py:188} INFO - [2026-05-06T14:57:32.141+0000] {dag.py:3096} INFO - Sync 1 DAGs
[2026-05-06T14:57:32.216+0000] {logging_mixin.py:188} INFO - [2026-05-06T14:57:32.216+0000] {dag.py:3954} INFO - Setting next_dagrun for stackoverflow_automated_mcp_pipeline to 2026-05-06 00:00:00+00:00, run_after=2026-05-07 00:00:00+00:00
[2026-05-06T14:57:32.265+0000] {processor.py:183} INFO - Processing /opt/airflow/dags/stackoverflow_migration_dag.py took 1.995 seconds
[2026-05-06T14:58:02.727+0000] {processor.py:161} INFO - Started process (PID=176) to work on /opt/airflow/dags/stackoverflow_migration_dag.py
[2026-05-06T14:58:02.729+0000] {processor.py:830} INFO - Processing file /opt/airflow/dags/stackoverflow_migration_dag.py for tasks to queue
[2026-05-06T14:58:02.734+0000] {logging_mixin.py:188} INFO - [2026-05-06T14:58:02.733+0000] {dagbag.py:545} INFO - Filling up the DagBag from /opt/airflow/dags/stackoverflow_migration_dag.py
[2026-05-06T14:58:03.936+0000] {processor.py:840} INFO - DAG(s) 'stackoverflow_automated_mcp_pipeline' retrieved from /opt/airflow/dags/stackoverflow_migration_dag.py
[2026-05-06T14:58:03.953+0000] {logging_mixin.py:188} INFO - [2026-05-06T14:58:03.953+0000] {dag.py:3096} INFO - Sync 1 DAGs
[2026-05-06T14:58:03.993+0000] {logging_mixin.py:188} INFO - [2026-05-06T14:58:03.993+0000] {dag.py:3954} INFO - Setting next_dagrun for stackoverflow_automated_mcp_pipeline to 2026-05-06 00:00:00+00:00, run_after=2026-05-07 00:00:00+00:00
[2026-05-06T14:58:04.029+0000] {processor.py:183} INFO - Processing /opt/airflow/dags/stackoverflow_migration_dag.py took 1.313 seconds
[2026-05-06T14:58:34.436+0000] {processor.py:161} INFO - Started process (PID=181) to work on /opt/airflow/dags/stackoverflow_migration_dag.py
[2026-05-06T14:58:34.439+0000] {processor.py:830} INFO - Processing file /opt/airflow/dags/stackoverflow_migration_dag.py for tasks to queue
[2026-05-06T14:58:34.444+0000] {logging_mixin.py:188} INFO - [2026-05-06T14:58:34.443+0000] {dagbag.py:545} INFO - Filling up the DagBag from /opt/airflow/dags/stackoverflow_migration_dag.py
[2026-05-06T14:58:35.785+0000] {processor.py:840} INFO - DAG(s) 'stackoverflow_automated_mcp_pipeline' retrieved from /opt/airflow/dags/stackoverflow_migration_dag.py
[2026-05-06T14:58:35.803+0000] {logging_mixin.py:188} INFO - [2026-05-06T14:58:35.802+0000] {dag.py:3096} INFO - Sync 1 DAGs
[2026-05-06T14:58:35.848+0000] {logging_mixin.py:188} INFO - [2026-05-06T14:58:35.848+0000] {dag.py:3954} INFO - Setting next_dagrun for stackoverflow_automated_mcp_pipeline to 2026-05-06 00:00:00+00:00, run_after=2026-05-07 00:00:00+00:00
[2026-05-06T14:58:35.889+0000] {processor.py:183} INFO - Processing /opt/airflow/dags/stackoverflow_migration_dag.py took 1.465 seconds
[2026-05-06T14:59:06.199+0000] {processor.py:161} INFO - Started process (PID=186) to work on /opt/airflow/dags/stackoverflow_migration_dag.py
[2026-05-06T14:59:06.201+0000] {processor.py:830} INFO - Processing file /opt/airflow/dags/stackoverflow_migration_dag.py for tasks to queue
[2026-05-06T14:59:06.204+0000] {logging_mixin.py:188} INFO - [2026-05-06T14:59:06.204+0000] {dagbag.py:545} INFO - Filling up the DagBag from /opt/airflow/dags/stackoverflow_migration_dag.py
[2026-05-06T14:59:07.414+0000] {processor.py:840} INFO - DAG(s) 'stackoverflow_automated_mcp_pipeline' retrieved from /opt/airflow/dags/stackoverflow_migration_dag.py
[2026-05-06T14:59:07.434+0000] {logging_mixin.py:188} INFO - [2026-05-06T14:59:07.434+0000] {dag.py:3096} INFO - Sync 1 DAGs
[2026-05-06T14:59:07.477+0000] {logging_mixin.py:188} INFO - [2026-05-06T14:59:07.476+0000] {dag.py:3954} INFO - Setting next_dagrun for stackoverflow_automated_mcp_pipeline to 2026-05-06 00:00:00+00:00, run_after=2026-05-07 00:00:00+00:00
[2026-05-06T14:59:07.514+0000] {processor.py:183} INFO - Processing /opt/airflow/dags/stackoverflow_migration_dag.py took 1.323 seconds
[2026-05-06T14:59:37.878+0000] {processor.py:161} INFO - Started process (PID=191) to work on /opt/airflow/dags/stackoverflow_migration_dag.py
[2026-05-06T14:59:37.880+0000] {processor.py:830} INFO - Processing file /opt/airflow/dags/stackoverflow_migration_dag.py for tasks to queue
[2026-05-06T14:59:37.884+0000] {logging_mixin.py:188} INFO - [2026-05-06T14:59:37.883+0000] {dagbag.py:545} INFO - Filling up the DagBag from /opt/airflow/dags/stackoverflow_migration_dag.py
[2026-05-06T14:59:39.121+0000] {processor.py:840} INFO - DAG(s) 'stackoverflow_automated_mcp_pipeline' retrieved from /opt/airflow/dags/stackoverflow_migration_dag.py
[2026-05-06T14:59:39.140+0000] {logging_mixin.py:188} INFO - [2026-05-06T14:59:39.140+0000] {dag.py:3096} INFO - Sync 1 DAGs
[2026-05-06T14:59:39.184+0000] {logging_mixin.py:188} INFO - [2026-05-06T14:59:39.184+0000] {dag.py:3954} INFO - Setting next_dagrun for stackoverflow_automated_mcp_pipeline to 2026-05-06 00:00:00+00:00, run_after=2026-05-07 00:00:00+00:00
[2026-05-06T14:59:39.222+0000] {processor.py:183} INFO - Processing /opt/airflow/dags/stackoverflow_migration_dag.py took 1.351 seconds
[2026-05-06T15:00:09.605+0000] {processor.py:161} INFO - Started process (PID=209) to work on /opt/airflow/dags/stackoverflow_migration_dag.py
[2026-05-06T15:00:09.606+0000] {processor.py:830} INFO - Processing file /opt/airflow/dags/stackoverflow_migration_dag.py for tasks to queue
[2026-05-06T15:00:09.609+0000] {logging_mixin.py:188} INFO - [2026-05-06T15:00:09.609+0000] {dagbag.py:545} INFO - Filling up the DagBag from /opt/airflow/dags/stackoverflow_migration_dag.py
[2026-05-06T15:00:10.917+0000] {processor.py:840} INFO - DAG(s) 'stackoverflow_automated_mcp_pipeline' retrieved from /opt/airflow/dags/stackoverflow_migration_dag.py
[2026-05-06T15:00:10.935+0000] {logging_mixin.py:188} INFO - [2026-05-06T15:00:10.934+0000] {dag.py:3096} INFO - Sync 1 DAGs
[2026-05-06T15:00:10.977+0000] {logging_mixin.py:188} INFO - [2026-05-06T15:00:10.977+0000] {dag.py:3954} INFO - Setting next_dagrun for stackoverflow_automated_mcp_pipeline to 2026-05-06 00:00:00+00:00, run_after=2026-05-07 00:00:00+00:00
[2026-05-06T15:00:11.016+0000] {processor.py:183} INFO - Processing /opt/airflow/dags/stackoverflow_migration_dag.py took 1.421 seconds
[2026-05-06T15:00:41.406+0000] {processor.py:161} INFO - Started process (PID=214) to work on /opt/airflow/dags/stackoverflow_migration_dag.py
[2026-05-06T15:00:41.408+0000] {processor.py:830} INFO - Processing file /opt/airflow/dags/stackoverflow_migration_dag.py for tasks to queue
[2026-05-06T15:00:41.411+0000] {logging_mixin.py:188} INFO - [2026-05-06T15:00:41.411+0000] {dagbag.py:545} INFO - Filling up the DagBag from /opt/airflow/dags/stackoverflow_migration_dag.py
[2026-05-06T15:00:42.753+0000] {processor.py:840} INFO - DAG(s) 'stackoverflow_automated_mcp_pipeline' retrieved from /opt/airflow/dags/stackoverflow_migration_dag.py
[2026-05-06T15:00:42.778+0000] {logging_mixin.py:188} INFO - [2026-05-06T15:00:42.777+0000] {dag.py:3096} INFO - Sync 1 DAGs
[2026-05-06T15:00:42.818+0000] {logging_mixin.py:188} INFO - [2026-05-06T15:00:42.818+0000] {dag.py:3954} INFO - Setting next_dagrun for stackoverflow_automated_mcp_pipeline to 2026-05-06 00:00:00+00:00, run_after=2026-05-07 00:00:00+00:00
[2026-05-06T15:00:42.854+0000] {processor.py:183} INFO - Processing /opt/airflow/dags/stackoverflow_migration_dag.py took 1.456 seconds
[2026-05-06T15:01:05.159+0000] {processor.py:161} INFO - Started process (PID=219) to work on /opt/airflow/dags/stackoverflow_migration_dag.py
[2026-05-06T15:01:05.160+0000] {processor.py:830} INFO - Processing file /opt/airflow/dags/stackoverflow_migration_dag.py for tasks to queue
[2026-05-06T15:01:05.163+0000] {logging_mixin.py:188} INFO - [2026-05-06T15:01:05.163+0000] {dagbag.py:545} INFO - Filling up the DagBag from /opt/airflow/dags/stackoverflow_migration_dag.py
[2026-05-06T15:01:06.382+0000] {processor.py:840} INFO - DAG(s) 'stackoverflow_automated_mcp_pipeline' retrieved from /opt/airflow/dags/stackoverflow_migration_dag.py
[2026-05-06T15:01:06.594+0000] {logging_mixin.py:188} INFO - [2026-05-06T15:01:06.594+0000] {dag.py:3096} INFO - Sync 1 DAGs
[2026-05-06T15:01:06.650+0000] {logging_mixin.py:188} INFO - [2026-05-06T15:01:06.650+0000] {dag.py:3954} INFO - Setting next_dagrun for stackoverflow_automated_mcp_pipeline to 2026-05-06 00:00:00+00:00, run_after=2026-05-07 00:00:00+00:00
[2026-05-06T15:01:06.696+0000] {processor.py:183} INFO - Processing /opt/airflow/dags/stackoverflow_migration_dag.py took 1.545 seconds
[2026-05-06T15:01:09.680+0000] {processor.py:161} INFO - Started process (PID=224) to work on /opt/airflow/dags/stackoverflow_migration_dag.py
[2026-05-06T15:01:09.682+0000] {processor.py:830} INFO - Processing file /opt/airflow/dags/stackoverflow_migration_dag.py for tasks to queue
[2026-05-06T15:01:09.685+0000] {logging_mixin.py:188} INFO - [2026-05-06T15:01:09.684+0000] {dagbag.py:545} INFO - Filling up the DagBag from /opt/airflow/dags/stackoverflow_migration_dag.py
[2026-05-06T15:01:10.933+0000] {processor.py:840} INFO - DAG(s) 'stackoverflow_automated_mcp_pipeline' retrieved from /opt/airflow/dags/stackoverflow_migration_dag.py
[2026-05-06T15:01:10.940+0000] {logging_mixin.py:188} INFO - [2026-05-06T15:01:10.940+0000] {dag.py:3096} INFO - Sync 1 DAGs
[2026-05-06T15:01:10.983+0000] {logging_mixin.py:188} INFO - [2026-05-06T15:01:10.982+0000] {dag.py:3954} INFO - Setting next_dagrun for stackoverflow_automated_mcp_pipeline to 2026-05-06 00:00:00+00:00, run_after=2026-05-07 00:00:00+00:00
[2026-05-06T15:01:11.027+0000] {processor.py:183} INFO - Processing /opt/airflow/dags/stackoverflow_migration_dag.py took 1.358 seconds
[2026-05-06T15:01:41.180+0000] {processor.py:161} INFO - Started process (PID=229) to work on /opt/airflow/dags/stackoverflow_migration_dag.py
[2026-05-06T15:01:41.181+0000] {processor.py:830} INFO - Processing file /opt/airflow/dags/stackoverflow_migration_dag.py for tasks to queue
[2026-05-06T15:01:41.184+0000] {logging_mixin.py:188} INFO - [2026-05-06T15:01:41.184+0000] {dagbag.py:545} INFO - Filling up the DagBag from /opt/airflow/dags/stackoverflow_migration_dag.py
[2026-05-06T15:01:42.375+0000] {processor.py:840} INFO - DAG(s) 'stackoverflow_automated_mcp_pipeline' retrieved from /opt/airflow/dags/stackoverflow_migration_dag.py
[2026-05-06T15:01:42.394+0000] {logging_mixin.py:188} INFO - [2026-05-06T15:01:42.393+0000] {dag.py:3096} INFO - Sync 1 DAGs
[2026-05-06T15:01:42.436+0000] {logging_mixin.py:188} INFO - [2026-05-06T15:01:42.436+0000] {dag.py:3954} INFO - Setting next_dagrun for stackoverflow_automated_mcp_pipeline to 2026-05-06 00:00:00+00:00, run_after=2026-05-07 00:00:00+00:00
[2026-05-06T15:01:42.477+0000] {processor.py:183} INFO - Processing /opt/airflow/dags/stackoverflow_migration_dag.py took 1.304 seconds
[2026-05-06T15:02:12.650+0000] {processor.py:161} INFO - Started process (PID=247) to work on /opt/airflow/dags/stackoverflow_migration_dag.py
[2026-05-06T15:02:12.652+0000] {processor.py:830} INFO - Processing file /opt/airflow/dags/stackoverflow_migration_dag.py for tasks to queue
[2026-05-06T15:02:12.654+0000] {logging_mixin.py:188} INFO - [2026-05-06T15:02:12.654+0000] {dagbag.py:545} INFO - Filling up the DagBag from /opt/airflow/dags/stackoverflow_migration_dag.py
[2026-05-06T15:02:13.773+0000] {processor.py:840} INFO - DAG(s) 'stackoverflow_automated_mcp_pipeline' retrieved from /opt/airflow/dags/stackoverflow_migration_dag.py
[2026-05-06T15:02:13.791+0000] {logging_mixin.py:188} INFO - [2026-05-06T15:02:13.791+0000] {dag.py:3096} INFO - Sync 1 DAGs
[2026-05-06T15:02:13.834+0000] {logging_mixin.py:188} INFO - [2026-05-06T15:02:13.833+0000] {dag.py:3954} INFO - Setting next_dagrun for stackoverflow_automated_mcp_pipeline to 2026-05-06 00:00:00+00:00, run_after=2026-05-07 00:00:00+00:00
[2026-05-06T15:02:13.870+0000] {processor.py:183} INFO - Processing /opt/airflow/dags/stackoverflow_migration_dag.py took 1.227 seconds
[2026-05-06T15:02:44.136+0000] {processor.py:161} INFO - Started process (PID=252) to work on /opt/airflow/dags/stackoverflow_migration_dag.py
[2026-05-06T15:02:44.137+0000] {processor.py:830} INFO - Processing file /opt/airflow/dags/stackoverflow_migration_dag.py for tasks to queue
[2026-05-06T15:02:44.140+0000] {logging_mixin.py:188} INFO - [2026-05-06T15:02:44.140+0000] {dagbag.py:545} INFO - Filling up the DagBag from /opt/airflow/dags/stackoverflow_migration_dag.py
[2026-05-06T15:02:45.370+0000] {processor.py:840} INFO - DAG(s) 'stackoverflow_automated_mcp_pipeline' retrieved from /opt/airflow/dags/stackoverflow_migration_dag.py
[2026-05-06T15:02:45.390+0000] {logging_mixin.py:188} INFO - [2026-05-06T15:02:45.390+0000] {dag.py:3096} INFO - Sync 1 DAGs
[2026-05-06T15:02:45.439+0000] {logging_mixin.py:188} INFO - [2026-05-06T15:02:45.439+0000] {dag.py:3954} INFO - Setting next_dagrun for stackoverflow_automated_mcp_pipeline to 2026-05-06 00:00:00+00:00, run_after=2026-05-07 00:00:00+00:00
[2026-05-06T15:02:45.484+0000] {processor.py:183} INFO - Processing /opt/airflow/dags/stackoverflow_migration_dag.py took 1.356 seconds
[2026-05-06T15:03:15.816+0000] {processor.py:161} INFO - Started process (PID=257) to work on /opt/airflow/dags/stackoverflow_migration_dag.py
[2026-05-06T15:03:15.818+0000] {processor.py:830} INFO - Processing file /opt/airflow/dags/stackoverflow_migration_dag.py for tasks to queue
[2026-05-06T15:03:15.820+0000] {logging_mixin.py:188} INFO - [2026-05-06T15:03:15.820+0000] {dagbag.py:545} INFO - Filling up the DagBag from /opt/airflow/dags/stackoverflow_migration_dag.py
[2026-05-06T15:03:16.905+0000] {processor.py:840} INFO - DAG(s) 'stackoverflow_automated_mcp_pipeline' retrieved from /opt/airflow/dags/stackoverflow_migration_dag.py
[2026-05-06T15:03:16.923+0000] {logging_mixin.py:188} INFO - [2026-05-06T15:03:16.923+0000] {dag.py:3096} INFO - Sync 1 DAGs
[2026-05-06T15:03:16.964+0000] {logging_mixin.py:188} INFO - [2026-05-06T15:03:16.964+0000] {dag.py:3954} INFO - Setting next_dagrun for stackoverflow_automated_mcp_pipeline to 2026-05-06 00:00:00+00:00, run_after=2026-05-07 00:00:00+00:00
[2026-05-06T15:03:17.000+0000] {processor.py:183} INFO - Processing /opt/airflow/dags/stackoverflow_migration_dag.py took 1.191 seconds
[2026-05-06T15:03:47.132+0000] {processor.py:161} INFO - Started process (PID=262) to work on /opt/airflow/dags/stackoverflow_migration_dag.py
[2026-05-06T15:03:47.134+0000] {processor.py:830} INFO - Processing file /opt/airflow/dags/stackoverflow_migration_dag.py for tasks to queue
[2026-05-06T15:03:47.136+0000] {logging_mixin.py:188} INFO - [2026-05-06T15:03:47.136+0000] {dagbag.py:545} INFO - Filling up the DagBag from /opt/airflow/dags/stackoverflow_migration_dag.py
[2026-05-06T15:03:48.229+0000] {processor.py:840} INFO - DAG(s) 'stackoverflow_automated_mcp_pipeline' retrieved from /opt/airflow/dags/stackoverflow_migration_dag.py
[2026-05-06T15:03:48.246+0000] {logging_mixin.py:188} INFO - [2026-05-06T15:03:48.246+0000] {dag.py:3096} INFO - Sync 1 DAGs
[2026-05-06T15:03:48.288+0000] {logging_mixin.py:188} INFO - [2026-05-06T15:03:48.288+0000] {dag.py:3954} INFO - Setting next_dagrun for stackoverflow_automated_mcp_pipeline to 2026-05-06 00:00:00+00:00, run_after=2026-05-07 00:00:00+00:00
[2026-05-06T15:03:48.323+0000] {processor.py:183} INFO - Processing /opt/airflow/dags/stackoverflow_migration_dag.py took 1.198 seconds
[2026-05-06T15:04:18.699+0000] {processor.py:161} INFO - Started process (PID=267) to work on /opt/airflow/dags/stackoverflow_migration_dag.py
[2026-05-06T15:04:18.700+0000] {processor.py:830} INFO - Processing file /opt/airflow/dags/stackoverflow_migration_dag.py for tasks to queue
[2026-05-06T15:04:18.703+0000] {logging_mixin.py:188} INFO - [2026-05-06T15:04:18.703+0000] {dagbag.py:545} INFO - Filling up the DagBag from /opt/airflow/dags/stackoverflow_migration_dag.py
[2026-05-06T15:04:19.803+0000] {processor.py:840} INFO - DAG(s) 'stackoverflow_automated_mcp_pipeline' retrieved from /opt/airflow/dags/stackoverflow_migration_dag.py
[2026-05-06T15:04:19.825+0000] {logging_mixin.py:188} INFO - [2026-05-06T15:04:19.825+0000] {dag.py:3096} INFO - Sync 1 DAGs
[2026-05-06T15:04:19.866+0000] {logging_mixin.py:188} INFO - [2026-05-06T15:04:19.866+0000] {dag.py:3954} INFO - Setting next_dagrun for stackoverflow_automated_mcp_pipeline to 2026-05-06 00:00:00+00:00, run_after=2026-05-07 00:00:00+00:00
[2026-05-06T15:04:19.902+0000] {processor.py:183} INFO - Processing /opt/airflow/dags/stackoverflow_migration_dag.py took 1.210 seconds
[2026-05-06T15:04:50.098+0000] {processor.py:161} INFO - Started process (PID=272) to work on /opt/airflow/dags/stackoverflow_migration_dag.py
[2026-05-06T15:04:50.099+0000] {processor.py:830} INFO - Processing file /opt/airflow/dags/stackoverflow_migration_dag.py for tasks to queue
[2026-05-06T15:04:50.102+0000] {logging_mixin.py:188} INFO - [2026-05-06T15:04:50.102+0000] {dagbag.py:545} INFO - Filling up the DagBag from /opt/airflow/dags/stackoverflow_migration_dag.py
[2026-05-06T15:04:51.599+0000] {processor.py:840} INFO - DAG(s) 'stackoverflow_automated_mcp_pipeline' retrieved from /opt/airflow/dags/stackoverflow_migration_dag.py
[2026-05-06T15:04:51.617+0000] {logging_mixin.py:188} INFO - [2026-05-06T15:04:51.617+0000] {dag.py:3096} INFO - Sync 1 DAGs
[2026-05-06T15:04:51.662+0000] {logging_mixin.py:188} INFO - [2026-05-06T15:04:51.662+0000] {dag.py:3954} INFO - Setting next_dagrun for stackoverflow_automated_mcp_pipeline to 2026-05-06 00:00:00+00:00, run_after=2026-05-07 00:00:00+00:00
[2026-05-06T15:04:51.710+0000] {processor.py:183} INFO - Processing /opt/airflow/dags/stackoverflow_migration_dag.py took 1.620 seconds
[2026-05-06T15:05:22.049+0000] {processor.py:161} INFO - Started process (PID=277) to work on /opt/airflow/dags/stackoverflow_migration_dag.py
[2026-05-06T15:05:22.051+0000] {processor.py:830} INFO - Processing file /opt/airflow/dags/stackoverflow_migration_dag.py for tasks to queue
[2026-05-06T15:05:22.054+0000] {logging_mixin.py:188} INFO - [2026-05-06T15:05:22.053+0000] {dagbag.py:545} INFO - Filling up the DagBag from /opt/airflow/dags/stackoverflow_migration_dag.py
[2026-05-06T15:05:23.477+0000] {processor.py:840} INFO - DAG(s) 'stackoverflow_automated_mcp_pipeline' retrieved from /opt/airflow/dags/stackoverflow_migration_dag.py
[2026-05-06T15:05:23.496+0000] {logging_mixin.py:188} INFO - [2026-05-06T15:05:23.496+0000] {dag.py:3096} INFO - Sync 1 DAGs
[2026-05-06T15:05:23.538+0000] {logging_mixin.py:188} INFO - [2026-05-06T15:05:23.538+0000] {dag.py:3954} INFO - Setting next_dagrun for stackoverflow_automated_mcp_pipeline to 2026-05-06 00:00:00+00:00, run_after=2026-05-07 00:00:00+00:00
[2026-05-06T15:05:23.577+0000] {processor.py:183} INFO - Processing /opt/airflow/dags/stackoverflow_migration_dag.py took 1.537 seconds
[2026-05-06T15:05:53.823+0000] {processor.py:161} INFO - Started process (PID=282) to work on /opt/airflow/dags/stackoverflow_migration_dag.py
[2026-05-06T15:05:53.824+0000] {processor.py:830} INFO - Processing file /opt/airflow/dags/stackoverflow_migration_dag.py for tasks to queue
[2026-05-06T15:05:53.827+0000] {logging_mixin.py:188} INFO - [2026-05-06T15:05:53.826+0000] {dagbag.py:545} INFO - Filling up the DagBag from /opt/airflow/dags/stackoverflow_migration_dag.py
[2026-05-06T15:05:54.998+0000] {processor.py:840} INFO - DAG(s) 'stackoverflow_automated_mcp_pipeline' retrieved from /opt/airflow/dags/stackoverflow_migration_dag.py
[2026-05-06T15:05:55.017+0000] {logging_mixin.py:188} INFO - [2026-05-06T15:05:55.016+0000] {dag.py:3096} INFO - Sync 1 DAGs
[2026-05-06T15:05:55.060+0000] {logging_mixin.py:188} INFO - [2026-05-06T15:05:55.059+0000] {dag.py:3954} INFO - Setting next_dagrun for stackoverflow_automated_mcp_pipeline to 2026-05-06 00:00:00+00:00, run_after=2026-05-07 00:00:00+00:00
[2026-05-06T15:05:55.097+0000] {processor.py:183} INFO - Processing /opt/airflow/dags/stackoverflow_migration_dag.py took 1.282 seconds
[2026-05-06T15:06:25.383+0000] {processor.py:161} INFO - Started process (PID=287) to work on /opt/airflow/dags/stackoverflow_migration_dag.py
[2026-05-06T15:06:25.385+0000] {processor.py:830} INFO - Processing file /opt/airflow/dags/stackoverflow_migration_dag.py for tasks to queue
[2026-05-06T15:06:25.388+0000] {logging_mixin.py:188} INFO - [2026-05-06T15:06:25.387+0000] {dagbag.py:545} INFO - Filling up the DagBag from /opt/airflow/dags/stackoverflow_migration_dag.py
[2026-05-06T15:06:26.616+0000] {processor.py:840} INFO - DAG(s) 'stackoverflow_automated_mcp_pipeline' retrieved from /opt/airflow/dags/stackoverflow_migration_dag.py
[2026-05-06T15:06:26.635+0000] {logging_mixin.py:188} INFO - [2026-05-06T15:06:26.635+0000] {dag.py:3096} INFO - Sync 1 DAGs
[2026-05-06T15:06:26.681+0000] {logging_mixin.py:188} INFO - [2026-05-06T15:06:26.681+0000] {dag.py:3954} INFO - Setting next_dagrun for stackoverflow_automated_mcp_pipeline to 2026-05-06 00:00:00+00:00, run_after=2026-05-07 00:00:00+00:00
[2026-05-06T15:06:26.721+0000] {processor.py:183} INFO - Processing /opt/airflow/dags/stackoverflow_migration_dag.py took 1.345 seconds
[2026-05-06T15:06:57.087+0000] {processor.py:161} INFO - Started process (PID=292) to work on /opt/airflow/dags/stackoverflow_migration_dag.py
[2026-05-06T15:06:57.088+0000] {processor.py:830} INFO - Processing file /opt/airflow/dags/stackoverflow_migration_dag.py for tasks to queue
[2026-05-06T15:06:57.091+0000] {logging_mixin.py:188} INFO - [2026-05-06T15:06:57.090+0000] {dagbag.py:545} INFO - Filling up the DagBag from /opt/airflow/dags/stackoverflow_migration_dag.py
[2026-05-06T15:06:58.187+0000] {processor.py:840} INFO - DAG(s) 'stackoverflow_automated_mcp_pipeline' retrieved from /opt/airflow/dags/stackoverflow_migration_dag.py
[2026-05-06T15:06:58.206+0000] {logging_mixin.py:188} INFO - [2026-05-06T15:06:58.205+0000] {dag.py:3096} INFO - Sync 1 DAGs
[2026-05-06T15:06:58.246+0000] {logging_mixin.py:188} INFO - [2026-05-06T15:06:58.246+0000] {dag.py:3954} INFO - Setting next_dagrun for stackoverflow_automated_mcp_pipeline to 2026-05-06 00:00:00+00:00, run_after=2026-05-07 00:00:00+00:00
[2026-05-06T15:06:58.284+0000] {processor.py:183} INFO - Processing /opt/airflow/dags/stackoverflow_migration_dag.py took 1.205 seconds
[2026-05-06T15:07:28.641+0000] {processor.py:161} INFO - Started process (PID=297) to work on /opt/airflow/dags/stackoverflow_migration_dag.py
[2026-05-06T15:07:28.642+0000] {processor.py:830} INFO - Processing file /opt/airflow/dags/stackoverflow_migration_dag.py for tasks to queue
[2026-05-06T15:07:28.645+0000] {logging_mixin.py:188} INFO - [2026-05-06T15:07:28.644+0000] {dagbag.py:545} INFO - Filling up the DagBag from /opt/airflow/dags/stackoverflow_migration_dag.py
[2026-05-06T15:07:29.739+0000] {processor.py:840} INFO - DAG(s) 'stackoverflow_automated_mcp_pipeline' retrieved from /opt/airflow/dags/stackoverflow_migration_dag.py
[2026-05-06T15:07:29.757+0000] {logging_mixin.py:188} INFO - [2026-05-06T15:07:29.757+0000] {dag.py:3096} INFO - Sync 1 DAGs
[2026-05-06T15:07:29.798+0000] {logging_mixin.py:188} INFO - [2026-05-06T15:07:29.798+0000] {dag.py:3954} INFO - Setting next_dagrun for stackoverflow_automated_mcp_pipeline to 2026-05-06 00:00:00+00:00, run_after=2026-05-07 00:00:00+00:00
[2026-05-06T15:07:29.834+0000] {processor.py:183} INFO - Processing /opt/airflow/dags/stackoverflow_migration_dag.py took 1.201 seconds
[2026-05-06T15:07:59.970+0000] {processor.py:161} INFO - Started process (PID=302) to work on /opt/airflow/dags/stackoverflow_migration_dag.py
[2026-05-06T15:07:59.972+0000] {processor.py:830} INFO - Processing file /opt/airflow/dags/stackoverflow_migration_dag.py for tasks to queue
[2026-05-06T15:07:59.974+0000] {logging_mixin.py:188} INFO - [2026-05-06T15:07:59.974+0000] {dagbag.py:545} INFO - Filling up the DagBag from /opt/airflow/dags/stackoverflow_migration_dag.py
[2026-05-06T15:08:01.127+0000] {processor.py:840} INFO - DAG(s) 'stackoverflow_automated_mcp_pipeline' retrieved from /opt/airflow/dags/stackoverflow_migration_dag.py
[2026-05-06T15:08:01.145+0000] {logging_mixin.py:188} INFO - [2026-05-06T15:08:01.145+0000] {dag.py:3096} INFO - Sync 1 DAGs
[2026-05-06T15:08:01.187+0000] {logging_mixin.py:188} INFO - [2026-05-06T15:08:01.187+0000] {dag.py:3954} INFO - Setting next_dagrun for stackoverflow_automated_mcp_pipeline to 2026-05-06 00:00:00+00:00, run_after=2026-05-07 00:00:00+00:00
[2026-05-06T15:08:01.222+0000] {processor.py:183} INFO - Processing /opt/airflow/dags/stackoverflow_migration_dag.py took 1.261 seconds
[2026-05-06T15:08:31.574+0000] {processor.py:161} INFO - Started process (PID=307) to work on /opt/airflow/dags/stackoverflow_migration_dag.py
[2026-05-06T15:08:31.575+0000] {processor.py:830} INFO - Processing file /opt/airflow/dags/stackoverflow_migration_dag.py for tasks to queue
[2026-05-06T15:08:31.578+0000] {logging_mixin.py:188} INFO - [2026-05-06T15:08:31.578+0000] {dagbag.py:545} INFO - Filling up the DagBag from /opt/airflow/dags/stackoverflow_migration_dag.py
[2026-05-06T15:08:32.750+0000] {processor.py:840} INFO - DAG(s) 'stackoverflow_automated_mcp_pipeline' retrieved from /opt/airflow/dags/stackoverflow_migration_dag.py
[2026-05-06T15:08:32.768+0000] {logging_mixin.py:188} INFO - [2026-05-06T15:08:32.768+0000] {dag.py:3096} INFO - Sync 1 DAGs
[2026-05-06T15:08:32.811+0000] {logging_mixin.py:188} INFO - [2026-05-06T15:08:32.811+0000] {dag.py:3954} INFO - Setting next_dagrun for stackoverflow_automated_mcp_pipeline to 2026-05-06 00:00:00+00:00, run_after=2026-05-07 00:00:00+00:00
[2026-05-06T15:08:32.849+0000] {processor.py:183} INFO - Processing /opt/airflow/dags/stackoverflow_migration_dag.py took 1.282 seconds
[2026-05-06T15:09:03.176+0000] {processor.py:161} INFO - Started process (PID=312) to work on /opt/airflow/dags/stackoverflow_migration_dag.py
[2026-05-06T15:09:03.178+0000] {processor.py:830} INFO - Processing file /opt/airflow/dags/stackoverflow_migration_dag.py for tasks to queue
[2026-05-06T15:09:03.181+0000] {logging_mixin.py:188} INFO - [2026-05-06T15:09:03.180+0000] {dagbag.py:545} INFO - Filling up the DagBag from /opt/airflow/dags/stackoverflow_migration_dag.py
[2026-05-06T15:09:04.473+0000] {processor.py:840} INFO - DAG(s) 'stackoverflow_automated_mcp_pipeline' retrieved from /opt/airflow/dags/stackoverflow_migration_dag.py
[2026-05-06T15:09:04.493+0000] {logging_mixin.py:188} INFO - [2026-05-06T15:09:04.492+0000] {dag.py:3096} INFO - Sync 1 DAGs
[2026-05-06T15:09:04.543+0000] {logging_mixin.py:188} INFO - [2026-05-06T15:09:04.542+0000] {dag.py:3954} INFO - Setting next_dagrun for stackoverflow_automated_mcp_pipeline to 2026-05-06 00:00:00+00:00, run_after=2026-05-07 00:00:00+00:00
[2026-05-06T15:09:04.583+0000] {processor.py:183} INFO - Processing /opt/airflow/dags/stackoverflow_migration_dag.py took 1.414 seconds
[2026-05-06T15:09:35.030+0000] {processor.py:161} INFO - Started process (PID=317) to work on /opt/airflow/dags/stackoverflow_migration_dag.py
[2026-05-06T15:09:35.032+0000] {processor.py:830} INFO - Processing file /opt/airflow/dags/stackoverflow_migration_dag.py for tasks to queue
[2026-05-06T15:09:35.035+0000] {logging_mixin.py:188} INFO - [2026-05-06T15:09:35.034+0000] {dagbag.py:545} INFO - Filling up the DagBag from /opt/airflow/dags/stackoverflow_migration_dag.py
[2026-05-06T15:09:36.140+0000] {processor.py:840} INFO - DAG(s) 'stackoverflow_automated_mcp_pipeline' retrieved from /opt/airflow/dags/stackoverflow_migration_dag.py
[2026-05-06T15:09:36.158+0000] {logging_mixin.py:188} INFO - [2026-05-06T15:09:36.158+0000] {dag.py:3096} INFO - Sync 1 DAGs
[2026-05-06T15:09:36.204+0000] {logging_mixin.py:188} INFO - [2026-05-06T15:09:36.204+0000] {dag.py:3954} INFO - Setting next_dagrun for stackoverflow_automated_mcp_pipeline to 2026-05-06 00:00:00+00:00, run_after=2026-05-07 00:00:00+00:00
[2026-05-06T15:09:36.243+0000] {processor.py:183} INFO - Processing /opt/airflow/dags/stackoverflow_migration_dag.py took 1.220 seconds
[2026-05-06T15:10:06.368+0000] {processor.py:161} INFO - Started process (PID=322) to work on /opt/airflow/dags/stackoverflow_migration_dag.py
[2026-05-06T15:10:06.369+0000] {processor.py:830} INFO - Processing file /opt/airflow/dags/stackoverflow_migration_dag.py for tasks to queue
[2026-05-06T15:10:06.372+0000] {logging_mixin.py:188} INFO - [2026-05-06T15:10:06.371+0000] {dagbag.py:545} INFO - Filling up the DagBag from /opt/airflow/dags/stackoverflow_migration_dag.py
[2026-05-06T15:10:07.519+0000] {processor.py:840} INFO - DAG(s) 'stackoverflow_automated_mcp_pipeline' retrieved from /opt/airflow/dags/stackoverflow_migration_dag.py
[2026-05-06T15:10:07.537+0000] {logging_mixin.py:188} INFO - [2026-05-06T15:10:07.537+0000] {dag.py:3096} INFO - Sync 1 DAGs
[2026-05-06T15:10:07.580+0000] {logging_mixin.py:188} INFO - [2026-05-06T15:10:07.580+0000] {dag.py:3954} INFO - Setting next_dagrun for stackoverflow_automated_mcp_pipeline to 2026-05-06 00:00:00+00:00, run_after=2026-05-07 00:00:00+00:00
[2026-05-06T15:10:07.617+0000] {processor.py:183} INFO - Processing /opt/airflow/dags/stackoverflow_migration_dag.py took 1.257 seconds
[2026-05-06T15:10:37.802+0000] {processor.py:161} INFO - Started process (PID=327) to work on /opt/airflow/dags/stackoverflow_migration_dag.py
[2026-05-06T15:10:37.804+0000] {processor.py:830} INFO - Processing file /opt/airflow/dags/stackoverflow_migration_dag.py for tasks to queue
[2026-05-06T15:10:37.807+0000] {logging_mixin.py:188} INFO - [2026-05-06T15:10:37.807+0000] {dagbag.py:545} INFO - Filling up the DagBag from /opt/airflow/dags/stackoverflow_migration_dag.py
[2026-05-06T15:10:39.081+0000] {processor.py:840} INFO - DAG(s) 'stackoverflow_automated_mcp_pipeline' retrieved from /opt/airflow/dags/stackoverflow_migration_dag.py
[2026-05-06T15:10:39.107+0000] {logging_mixin.py:188} INFO - [2026-05-06T15:10:39.106+0000] {dag.py:3096} INFO - Sync 1 DAGs
[2026-05-06T15:10:39.158+0000] {logging_mixin.py:188} INFO - [2026-05-06T15:10:39.157+0000] {dag.py:3954} INFO - Setting next_dagrun for stackoverflow_automated_mcp_pipeline to 2026-05-06 00:00:00+00:00, run_after=2026-05-07 00:00:00+00:00
[2026-05-06T15:10:39.201+0000] {processor.py:183} INFO - Processing /opt/airflow/dags/stackoverflow_migration_dag.py took 1.407 seconds
[2026-05-06T15:11:09.543+0000] {processor.py:161} INFO - Started process (PID=332) to work on /opt/airflow/dags/stackoverflow_migration_dag.py
[2026-05-06T15:11:09.545+0000] {processor.py:830} INFO - Processing file /opt/airflow/dags/stackoverflow_migration_dag.py for tasks to queue
[2026-05-06T15:11:09.548+0000] {logging_mixin.py:188} INFO - [2026-05-06T15:11:09.547+0000] {dagbag.py:545} INFO - Filling up the DagBag from /opt/airflow/dags/stackoverflow_migration_dag.py
[2026-05-06T15:11:10.802+0000] {processor.py:840} INFO - DAG(s) 'stackoverflow_automated_mcp_pipeline' retrieved from /opt/airflow/dags/stackoverflow_migration_dag.py
[2026-05-06T15:11:10.823+0000] {logging_mixin.py:188} INFO - [2026-05-06T15:11:10.822+0000] {dag.py:3096} INFO - Sync 1 DAGs
[2026-05-06T15:11:10.868+0000] {logging_mixin.py:188} INFO - [2026-05-06T15:11:10.868+0000] {dag.py:3954} INFO - Setting next_dagrun for stackoverflow_automated_mcp_pipeline to 2026-05-06 00:00:00+00:00, run_after=2026-05-07 00:00:00+00:00
[2026-05-06T15:11:10.909+0000] {processor.py:183} INFO - Processing /opt/airflow/dags/stackoverflow_migration_dag.py took 1.374 seconds
[2026-05-06T15:11:41.309+0000] {processor.py:161} INFO - Started process (PID=337) to work on /opt/airflow/dags/stackoverflow_migration_dag.py
[2026-05-06T15:11:41.310+0000] {processor.py:830} INFO - Processing file /opt/airflow/dags/stackoverflow_migration_dag.py for tasks to queue
[2026-05-06T15:11:41.312+0000] {logging_mixin.py:188} INFO - [2026-05-06T15:11:41.312+0000] {dagbag.py:545} INFO - Filling up the DagBag from /opt/airflow/dags/stackoverflow_migration_dag.py
[2026-05-06T15:11:42.696+0000] {processor.py:840} INFO - DAG(s) 'stackoverflow_automated_mcp_pipeline' retrieved from /opt/airflow/dags/stackoverflow_migration_dag.py
[2026-05-06T15:11:42.715+0000] {logging_mixin.py:188} INFO - [2026-05-06T15:11:42.715+0000] {dag.py:3096} INFO - Sync 1 DAGs
[2026-05-06T15:11:42.759+0000] {logging_mixin.py:188} INFO - [2026-05-06T15:11:42.758+0000] {dag.py:3954} INFO - Setting next_dagrun for stackoverflow_automated_mcp_pipeline to 2026-05-06 00:00:00+00:00, run_after=2026-05-07 00:00:00+00:00
[2026-05-06T15:11:42.806+0000] {processor.py:183} INFO - Processing /opt/airflow/dags/stackoverflow_migration_dag.py took 1.505 seconds
[2026-05-06T15:12:13.095+0000] {processor.py:161} INFO - Started process (PID=355) to work on /opt/airflow/dags/stackoverflow_migration_dag.py
[2026-05-06T15:12:13.096+0000] {processor.py:830} INFO - Processing file /opt/airflow/dags/stackoverflow_migration_dag.py for tasks to queue
[2026-05-06T15:12:13.099+0000] {logging_mixin.py:188} INFO - [2026-05-06T15:12:13.099+0000] {dagbag.py:545} INFO - Filling up the DagBag from /opt/airflow/dags/stackoverflow_migration_dag.py
[2026-05-06T15:12:14.262+0000] {processor.py:840} INFO - DAG(s) 'stackoverflow_automated_mcp_pipeline' retrieved from /opt/airflow/dags/stackoverflow_migration_dag.py
[2026-05-06T15:12:14.389+0000] {logging_mixin.py:188} INFO - [2026-05-06T15:12:14.388+0000] {dag.py:3096} INFO - Sync 1 DAGs
[2026-05-06T15:12:14.440+0000] {logging_mixin.py:188} INFO - [2026-05-06T15:12:14.439+0000] {dag.py:3954} INFO - Setting next_dagrun for stackoverflow_automated_mcp_pipeline to 2026-05-06 00:00:00+00:00, run_after=2026-05-07 00:00:00+00:00
[2026-05-06T15:12:14.481+0000] {processor.py:183} INFO - Processing /opt/airflow/dags/stackoverflow_migration_dag.py took 1.393 seconds
[2026-05-06T15:12:44.835+0000] {processor.py:161} INFO - Started process (PID=373) to work on /opt/airflow/dags/stackoverflow_migration_dag.py
[2026-05-06T15:12:44.836+0000] {processor.py:830} INFO - Processing file /opt/airflow/dags/stackoverflow_migration_dag.py for tasks to queue
[2026-05-06T15:12:44.839+0000] {logging_mixin.py:188} INFO - [2026-05-06T15:12:44.838+0000] {dagbag.py:545} INFO - Filling up the DagBag from /opt/airflow/dags/stackoverflow_migration_dag.py
[2026-05-06T15:12:46.133+0000] {processor.py:840} INFO - DAG(s) 'stackoverflow_automated_mcp_pipeline' retrieved from /opt/airflow/dags/stackoverflow_migration_dag.py
[2026-05-06T15:12:46.162+0000] {logging_mixin.py:188} INFO - [2026-05-06T15:12:46.161+0000] {dag.py:3096} INFO - Sync 1 DAGs
[2026-05-06T15:12:46.216+0000] {logging_mixin.py:188} INFO - [2026-05-06T15:12:46.215+0000] {dag.py:3954} INFO - Setting next_dagrun for stackoverflow_automated_mcp_pipeline to 2026-05-06 00:00:00+00:00, run_after=2026-05-07 00:00:00+00:00
[2026-05-06T15:12:46.260+0000] {processor.py:183} INFO - Processing /opt/airflow/dags/stackoverflow_migration_dag.py took 1.433 seconds
[2026-05-06T15:13:16.591+0000] {processor.py:161} INFO - Started process (PID=378) to work on /opt/airflow/dags/stackoverflow_migration_dag.py
[2026-05-06T15:13:16.593+0000] {processor.py:830} INFO - Processing file /opt/airflow/dags/stackoverflow_migration_dag.py for tasks to queue
[2026-05-06T15:13:16.596+0000] {logging_mixin.py:188} INFO - [2026-05-06T15:13:16.596+0000] {dagbag.py:545} INFO - Filling up the DagBag from /opt/airflow/dags/stackoverflow_migration_dag.py
[2026-05-06T15:13:17.867+0000] {processor.py:840} INFO - DAG(s) 'stackoverflow_automated_mcp_pipeline' retrieved from /opt/airflow/dags/stackoverflow_migration_dag.py
[2026-05-06T15:13:17.888+0000] {logging_mixin.py:188} INFO - [2026-05-06T15:13:17.888+0000] {dag.py:3096} INFO - Sync 1 DAGs
[2026-05-06T15:13:17.934+0000] {logging_mixin.py:188} INFO - [2026-05-06T15:13:17.934+0000] {dag.py:3954} INFO - Setting next_dagrun for stackoverflow_automated_mcp_pipeline to 2026-05-06 00:00:00+00:00, run_after=2026-05-07 00:00:00+00:00
[2026-05-06T15:13:17.976+0000] {processor.py:183} INFO - Processing /opt/airflow/dags/stackoverflow_migration_dag.py took 1.394 seconds
[2026-05-06T15:13:48.325+0000] {processor.py:161} INFO - Started process (PID=383) to work on /opt/airflow/dags/stackoverflow_migration_dag.py
[2026-05-06T15:13:48.327+0000] {processor.py:830} INFO - Processing file /opt/airflow/dags/stackoverflow_migration_dag.py for tasks to queue
[2026-05-06T15:13:48.330+0000] {logging_mixin.py:188} INFO - [2026-05-06T15:13:48.329+0000] {dagbag.py:545} INFO - Filling up the DagBag from /opt/airflow/dags/stackoverflow_migration_dag.py
[2026-05-06T15:13:49.455+0000] {processor.py:840} INFO - DAG(s) 'stackoverflow_automated_mcp_pipeline' retrieved from /opt/airflow/dags/stackoverflow_migration_dag.py
[2026-05-06T15:13:49.474+0000] {logging_mixin.py:188} INFO - [2026-05-06T15:13:49.474+0000] {dag.py:3096} INFO - Sync 1 DAGs
[2026-05-06T15:13:49.519+0000] {logging_mixin.py:188} INFO - [2026-05-06T15:13:49.519+0000] {dag.py:3954} INFO - Setting next_dagrun for stackoverflow_automated_mcp_pipeline to 2026-05-06 00:00:00+00:00, run_after=2026-05-07 00:00:00+00:00
[2026-05-06T15:13:49.556+0000] {processor.py:183} INFO - Processing /opt/airflow/dags/stackoverflow_migration_dag.py took 1.240 seconds
[2026-05-06T15:14:19.884+0000] {processor.py:161} INFO - Started process (PID=388) to work on /opt/airflow/dags/stackoverflow_migration_dag.py
[2026-05-06T15:14:19.885+0000] {processor.py:830} INFO - Processing file /opt/airflow/dags/stackoverflow_migration_dag.py for tasks to queue
[2026-05-06T15:14:19.888+0000] {logging_mixin.py:188} INFO - [2026-05-06T15:14:19.888+0000] {dagbag.py:545} INFO - Filling up the DagBag from /opt/airflow/dags/stackoverflow_migration_dag.py
[2026-05-06T15:14:21.179+0000] {processor.py:840} INFO - DAG(s) 'stackoverflow_automated_mcp_pipeline' retrieved from /opt/airflow/dags/stackoverflow_migration_dag.py
[2026-05-06T15:14:21.199+0000] {logging_mixin.py:188} INFO - [2026-05-06T15:14:21.199+0000] {dag.py:3096} INFO - Sync 1 DAGs
[2026-05-06T15:14:21.247+0000] {logging_mixin.py:188} INFO - [2026-05-06T15:14:21.247+0000] {dag.py:3954} INFO - Setting next_dagrun for stackoverflow_automated_mcp_pipeline to 2026-05-06 00:00:00+00:00, run_after=2026-05-07 00:00:00+00:00
[2026-05-06T15:14:21.287+0000] {processor.py:183} INFO - Processing /opt/airflow/dags/stackoverflow_migration_dag.py took 1.410 seconds
[2026-05-06T15:14:51.634+0000] {processor.py:161} INFO - Started process (PID=393) to work on /opt/airflow/dags/stackoverflow_migration_dag.py
[2026-05-06T15:14:51.635+0000] {processor.py:830} INFO - Processing file /opt/airflow/dags/stackoverflow_migration_dag.py for tasks to queue
[2026-05-06T15:14:51.638+0000] {logging_mixin.py:188} INFO - [2026-05-06T15:14:51.637+0000] {dagbag.py:545} INFO - Filling up the DagBag from /opt/airflow/dags/stackoverflow_migration_dag.py
[2026-05-06T15:14:52.788+0000] {processor.py:840} INFO - DAG(s) 'stackoverflow_automated_mcp_pipeline' retrieved from /opt/airflow/dags/stackoverflow_migration_dag.py
[2026-05-06T15:14:52.825+0000] {logging_mixin.py:188} INFO - [2026-05-06T15:14:52.825+0000] {dag.py:3096} INFO - Sync 1 DAGs
[2026-05-06T15:14:52.874+0000] {logging_mixin.py:188} INFO - [2026-05-06T15:14:52.874+0000] {dag.py:3954} INFO - Setting next_dagrun for stackoverflow_automated_mcp_pipeline to 2026-05-06 00:00:00+00:00, run_after=2026-05-07 00:00:00+00:00
[2026-05-06T15:14:52.912+0000] {processor.py:183} INFO - Processing /opt/airflow/dags/stackoverflow_migration_dag.py took 1.287 seconds
[2026-05-06T15:15:23.284+0000] {processor.py:161} INFO - Started process (PID=398) to work on /opt/airflow/dags/stackoverflow_migration_dag.py
[2026-05-06T15:15:23.287+0000] {processor.py:830} INFO - Processing file /opt/airflow/dags/stackoverflow_migration_dag.py for tasks to queue
[2026-05-06T15:15:23.291+0000] {logging_mixin.py:188} INFO - [2026-05-06T15:15:23.290+0000] {dagbag.py:545} INFO - Filling up the DagBag from /opt/airflow/dags/stackoverflow_migration_dag.py
[2026-05-06T15:15:24.743+0000] {processor.py:840} INFO - DAG(s) 'stackoverflow_automated_mcp_pipeline' retrieved from /opt/airflow/dags/stackoverflow_migration_dag.py
[2026-05-06T15:15:24.761+0000] {logging_mixin.py:188} INFO - [2026-05-06T15:15:24.761+0000] {dag.py:3096} INFO - Sync 1 DAGs
[2026-05-06T15:15:24.805+0000] {logging_mixin.py:188} INFO - [2026-05-06T15:15:24.805+0000] {dag.py:3954} INFO - Setting next_dagrun for stackoverflow_automated_mcp_pipeline to 2026-05-06 00:00:00+00:00, run_after=2026-05-07 00:00:00+00:00
[2026-05-06T15:15:24.843+0000] {processor.py:183} INFO - Processing /opt/airflow/dags/stackoverflow_migration_dag.py took 1.568 seconds
[2026-05-06T15:15:55.169+0000] {processor.py:161} INFO - Started process (PID=403) to work on /opt/airflow/dags/stackoverflow_migration_dag.py
[2026-05-06T15:15:55.171+0000] {processor.py:830} INFO - Processing file /opt/airflow/dags/stackoverflow_migration_dag.py for tasks to queue
[2026-05-06T15:15:55.173+0000] {logging_mixin.py:188} INFO - [2026-05-06T15:15:55.173+0000] {dagbag.py:545} INFO - Filling up the DagBag from /opt/airflow/dags/stackoverflow_migration_dag.py
[2026-05-06T15:15:56.486+0000] {processor.py:840} INFO - DAG(s) 'stackoverflow_automated_mcp_pipeline' retrieved from /opt/airflow/dags/stackoverflow_migration_dag.py
[2026-05-06T15:15:56.506+0000] {logging_mixin.py:188} INFO - [2026-05-06T15:15:56.505+0000] {dag.py:3096} INFO - Sync 1 DAGs
[2026-05-06T15:15:56.550+0000] {logging_mixin.py:188} INFO - [2026-05-06T15:15:56.550+0000] {dag.py:3954} INFO - Setting next_dagrun for stackoverflow_automated_mcp_pipeline to 2026-05-06 00:00:00+00:00, run_after=2026-05-07 00:00:00+00:00
[2026-05-06T15:15:56.589+0000] {processor.py:183} INFO - Processing /opt/airflow/dags/stackoverflow_migration_dag.py took 1.428 seconds
[2026-05-06T15:16:26.802+0000] {processor.py:161} INFO - Started process (PID=408) to work on /opt/airflow/dags/stackoverflow_migration_dag.py
[2026-05-06T15:16:26.803+0000] {processor.py:830} INFO - Processing file /opt/airflow/dags/stackoverflow_migration_dag.py for tasks to queue
[2026-05-06T15:16:26.806+0000] {logging_mixin.py:188} INFO - [2026-05-06T15:16:26.805+0000] {dagbag.py:545} INFO - Filling up the DagBag from /opt/airflow/dags/stackoverflow_migration_dag.py
[2026-05-06T15:16:27.920+0000] {processor.py:840} INFO - DAG(s) 'stackoverflow_automated_mcp_pipeline' retrieved from /opt/airflow/dags/stackoverflow_migration_dag.py
[2026-05-06T15:16:27.939+0000] {logging_mixin.py:188} INFO - [2026-05-06T15:16:27.938+0000] {dag.py:3096} INFO - Sync 1 DAGs
[2026-05-06T15:16:27.979+0000] {logging_mixin.py:188} INFO - [2026-05-06T15:16:27.979+0000] {dag.py:3954} INFO - Setting next_dagrun for stackoverflow_automated_mcp_pipeline to 2026-05-06 00:00:00+00:00, run_after=2026-05-07 00:00:00+00:00
[2026-05-06T15:16:28.015+0000] {processor.py:183} INFO - Processing /opt/airflow/dags/stackoverflow_migration_dag.py took 1.220 seconds
[2026-05-06T15:16:58.236+0000] {processor.py:161} INFO - Started process (PID=413) to work on /opt/airflow/dags/stackoverflow_migration_dag.py
[2026-05-06T15:16:58.237+0000] {processor.py:830} INFO - Processing file /opt/airflow/dags/stackoverflow_migration_dag.py for tasks to queue
[2026-05-06T15:16:58.240+0000] {logging_mixin.py:188} INFO - [2026-05-06T15:16:58.239+0000] {dagbag.py:545} INFO - Filling up the DagBag from /opt/airflow/dags/stackoverflow_migration_dag.py
[2026-05-06T15:16:59.346+0000] {processor.py:840} INFO - DAG(s) 'stackoverflow_automated_mcp_pipeline' retrieved from /opt/airflow/dags/stackoverflow_migration_dag.py
[2026-05-06T15:16:59.364+0000] {logging_mixin.py:188} INFO - [2026-05-06T15:16:59.364+0000] {dag.py:3096} INFO - Sync 1 DAGs
[2026-05-06T15:16:59.405+0000] {logging_mixin.py:188} INFO - [2026-05-06T15:16:59.405+0000] {dag.py:3954} INFO - Setting next_dagrun for stackoverflow_automated_mcp_pipeline to 2026-05-06 00:00:00+00:00, run_after=2026-05-07 00:00:00+00:00
[2026-05-06T15:16:59.439+0000] {processor.py:183} INFO - Processing /opt/airflow/dags/stackoverflow_migration_dag.py took 1.211 seconds
[2026-05-06T15:17:29.687+0000] {processor.py:161} INFO - Started process (PID=418) to work on /opt/airflow/dags/stackoverflow_migration_dag.py
[2026-05-06T15:17:29.689+0000] {processor.py:830} INFO - Processing file /opt/airflow/dags/stackoverflow_migration_dag.py for tasks to queue
[2026-05-06T15:17:29.692+0000] {logging_mixin.py:188} INFO - [2026-05-06T15:17:29.692+0000] {dagbag.py:545} INFO - Filling up the DagBag from /opt/airflow/dags/stackoverflow_migration_dag.py
[2026-05-06T15:17:30.795+0000] {processor.py:840} INFO - DAG(s) 'stackoverflow_automated_mcp_pipeline' retrieved from /opt/airflow/dags/stackoverflow_migration_dag.py
[2026-05-06T15:17:30.813+0000] {logging_mixin.py:188} INFO - [2026-05-06T15:17:30.812+0000] {dag.py:3096} INFO - Sync 1 DAGs
[2026-05-06T15:17:30.856+0000] {logging_mixin.py:188} INFO - [2026-05-06T15:17:30.856+0000] {dag.py:3954} INFO - Setting next_dagrun for stackoverflow_automated_mcp_pipeline to 2026-05-06 00:00:00+00:00, run_after=2026-05-07 00:00:00+00:00
[2026-05-06T15:17:30.892+0000] {processor.py:183} INFO - Processing /opt/airflow/dags/stackoverflow_migration_dag.py took 1.215 seconds
[2026-05-06T15:18:01.119+0000] {processor.py:161} INFO - Started process (PID=423) to work on /opt/airflow/dags/stackoverflow_migration_dag.py
[2026-05-06T15:18:01.120+0000] {processor.py:830} INFO - Processing file /opt/airflow/dags/stackoverflow_migration_dag.py for tasks to queue
[2026-05-06T15:18:01.123+0000] {logging_mixin.py:188} INFO - [2026-05-06T15:18:01.122+0000] {dagbag.py:545} INFO - Filling up the DagBag from /opt/airflow/dags/stackoverflow_migration_dag.py
[2026-05-06T15:18:02.299+0000] {processor.py:840} INFO - DAG(s) 'stackoverflow_automated_mcp_pipeline' retrieved from /opt/airflow/dags/stackoverflow_migration_dag.py
[2026-05-06T15:18:02.318+0000] {logging_mixin.py:188} INFO - [2026-05-06T15:18:02.318+0000] {dag.py:3096} INFO - Sync 1 DAGs
[2026-05-06T15:18:02.362+0000] {logging_mixin.py:188} INFO - [2026-05-06T15:18:02.362+0000] {dag.py:3954} INFO - Setting next_dagrun for stackoverflow_automated_mcp_pipeline to 2026-05-06 00:00:00+00:00, run_after=2026-05-07 00:00:00+00:00
[2026-05-06T15:18:02.399+0000] {processor.py:183} INFO - Processing /opt/airflow/dags/stackoverflow_migration_dag.py took 1.288 seconds
[2026-05-06T15:18:32.532+0000] {processor.py:161} INFO - Started process (PID=428) to work on /opt/airflow/dags/stackoverflow_migration_dag.py
[2026-05-06T15:18:32.533+0000] {processor.py:830} INFO - Processing file /opt/airflow/dags/stackoverflow_migration_dag.py for tasks to queue
[2026-05-06T15:18:32.536+0000] {logging_mixin.py:188} INFO - [2026-05-06T15:18:32.536+0000] {dagbag.py:545} INFO - Filling up the DagBag from /opt/airflow/dags/stackoverflow_migration_dag.py
[2026-05-06T15:18:33.675+0000] {processor.py:840} INFO - DAG(s) 'stackoverflow_automated_mcp_pipeline' retrieved from /opt/airflow/dags/stackoverflow_migration_dag.py
[2026-05-06T15:18:33.692+0000] {logging_mixin.py:188} INFO - [2026-05-06T15:18:33.692+0000] {dag.py:3096} INFO - Sync 1 DAGs
[2026-05-06T15:18:33.734+0000] {logging_mixin.py:188} INFO - [2026-05-06T15:18:33.734+0000] {dag.py:3954} INFO - Setting next_dagrun for stackoverflow_automated_mcp_pipeline to 2026-05-06 00:00:00+00:00, run_after=2026-05-07 00:00:00+00:00
[2026-05-06T15:18:33.769+0000] {processor.py:183} INFO - Processing /opt/airflow/dags/stackoverflow_migration_dag.py took 1.245 seconds
[2026-05-06T15:19:04.108+0000] {processor.py:161} INFO - Started process (PID=433) to work on /opt/airflow/dags/stackoverflow_migration_dag.py
[2026-05-06T15:19:04.109+0000] {processor.py:830} INFO - Processing file /opt/airflow/dags/stackoverflow_migration_dag.py for tasks to queue
[2026-05-06T15:19:04.113+0000] {logging_mixin.py:188} INFO - [2026-05-06T15:19:04.112+0000] {dagbag.py:545} INFO - Filling up the DagBag from /opt/airflow/dags/stackoverflow_migration_dag.py
[2026-05-06T15:19:05.268+0000] {processor.py:840} INFO - DAG(s) 'stackoverflow_automated_mcp_pipeline' retrieved from /opt/airflow/dags/stackoverflow_migration_dag.py
[2026-05-06T15:19:05.288+0000] {logging_mixin.py:188} INFO - [2026-05-06T15:19:05.288+0000] {dag.py:3096} INFO - Sync 1 DAGs
[2026-05-06T15:19:05.331+0000] {logging_mixin.py:188} INFO - [2026-05-06T15:19:05.331+0000] {dag.py:3954} INFO - Setting next_dagrun for stackoverflow_automated_mcp_pipeline to 2026-05-06 00:00:00+00:00, run_after=2026-05-07 00:00:00+00:00
[2026-05-06T15:19:05.369+0000] {processor.py:183} INFO - Processing /opt/airflow/dags/stackoverflow_migration_dag.py took 1.269 seconds
[2026-05-06T15:19:35.483+0000] {processor.py:161} INFO - Started process (PID=438) to work on /opt/airflow/dags/stackoverflow_migration_dag.py
[2026-05-06T15:19:35.484+0000] {processor.py:830} INFO - Processing file /opt/airflow/dags/stackoverflow_migration_dag.py for tasks to queue
[2026-05-06T15:19:35.487+0000] {logging_mixin.py:188} INFO - [2026-05-06T15:19:35.486+0000] {dagbag.py:545} INFO - Filling up the DagBag from /opt/airflow/dags/stackoverflow_migration_dag.py
[2026-05-06T15:19:36.581+0000] {processor.py:840} INFO - DAG(s) 'stackoverflow_automated_mcp_pipeline' retrieved from /opt/airflow/dags/stackoverflow_migration_dag.py
[2026-05-06T15:19:36.599+0000] {logging_mixin.py:188} INFO - [2026-05-06T15:19:36.599+0000] {dag.py:3096} INFO - Sync 1 DAGs
[2026-05-06T15:19:36.640+0000] {logging_mixin.py:188} INFO - [2026-05-06T15:19:36.640+0000] {dag.py:3954} INFO - Setting next_dagrun for stackoverflow_automated_mcp_pipeline to 2026-05-06 00:00:00+00:00, run_after=2026-05-07 00:00:00+00:00
[2026-05-06T15:19:36.680+0000] {processor.py:183} INFO - Processing /opt/airflow/dags/stackoverflow_migration_dag.py took 1.205 seconds
[2026-05-06T15:20:07.129+0000] {processor.py:161} INFO - Started process (PID=443) to work on /opt/airflow/dags/stackoverflow_migration_dag.py
[2026-05-06T15:20:07.130+0000] {processor.py:830} INFO - Processing file /opt/airflow/dags/stackoverflow_migration_dag.py for tasks to queue
[2026-05-06T15:20:07.133+0000] {logging_mixin.py:188} INFO - [2026-05-06T15:20:07.132+0000] {dagbag.py:545} INFO - Filling up the DagBag from /opt/airflow/dags/stackoverflow_migration_dag.py
[2026-05-06T15:20:08.295+0000] {processor.py:840} INFO - DAG(s) 'stackoverflow_automated_mcp_pipeline' retrieved from /opt/airflow/dags/stackoverflow_migration_dag.py
[2026-05-06T15:20:08.313+0000] {logging_mixin.py:188} INFO - [2026-05-06T15:20:08.312+0000] {dag.py:3096} INFO - Sync 1 DAGs
[2026-05-06T15:20:08.354+0000] {logging_mixin.py:188} INFO - [2026-05-06T15:20:08.354+0000] {dag.py:3954} INFO - Setting next_dagrun for stackoverflow_automated_mcp_pipeline to 2026-05-06 00:00:00+00:00, run_after=2026-05-07 00:00:00+00:00
[2026-05-06T15:20:08.389+0000] {processor.py:183} INFO - Processing /opt/airflow/dags/stackoverflow_migration_dag.py took 1.267 seconds
[2026-05-06T15:20:38.494+0000] {processor.py:161} INFO - Started process (PID=448) to work on /opt/airflow/dags/stackoverflow_migration_dag.py
[2026-05-06T15:20:38.496+0000] {processor.py:830} INFO - Processing file /opt/airflow/dags/stackoverflow_migration_dag.py for tasks to queue
[2026-05-06T15:20:38.498+0000] {logging_mixin.py:188} INFO - [2026-05-06T15:20:38.498+0000] {dagbag.py:545} INFO - Filling up the DagBag from /opt/airflow/dags/stackoverflow_migration_dag.py
[2026-05-06T15:20:39.696+0000] {processor.py:840} INFO - DAG(s) 'stackoverflow_automated_mcp_pipeline' retrieved from /opt/airflow/dags/stackoverflow_migration_dag.py
[2026-05-06T15:20:39.714+0000] {logging_mixin.py:188} INFO - [2026-05-06T15:20:39.714+0000] {dag.py:3096} INFO - Sync 1 DAGs
[2026-05-06T15:20:39.755+0000] {logging_mixin.py:188} INFO - [2026-05-06T15:20:39.755+0000] {dag.py:3954} INFO - Setting next_dagrun for stackoverflow_automated_mcp_pipeline to 2026-05-06 00:00:00+00:00, run_after=2026-05-07 00:00:00+00:00
[2026-05-06T15:20:39.791+0000] {processor.py:183} INFO - Processing /opt/airflow/dags/stackoverflow_migration_dag.py took 1.304 seconds
[2026-05-06T15:21:10.014+0000] {processor.py:161} INFO - Started process (PID=453) to work on /opt/airflow/dags/stackoverflow_migration_dag.py
[2026-05-06T15:21:10.016+0000] {processor.py:830} INFO - Processing file /opt/airflow/dags/stackoverflow_migration_dag.py for tasks to queue
[2026-05-06T15:21:10.019+0000] {logging_mixin.py:188} INFO - [2026-05-06T15:21:10.018+0000] {dagbag.py:545} INFO - Filling up the DagBag from /opt/airflow/dags/stackoverflow_migration_dag.py
[2026-05-06T15:21:11.247+0000] {processor.py:840} INFO - DAG(s) 'stackoverflow_automated_mcp_pipeline' retrieved from /opt/airflow/dags/stackoverflow_migration_dag.py
[2026-05-06T15:21:11.266+0000] {logging_mixin.py:188} INFO - [2026-05-06T15:21:11.266+0000] {dag.py:3096} INFO - Sync 1 DAGs
[2026-05-06T15:21:11.309+0000] {logging_mixin.py:188} INFO - [2026-05-06T15:21:11.309+0000] {dag.py:3954} INFO - Setting next_dagrun for stackoverflow_automated_mcp_pipeline to 2026-05-06 00:00:00+00:00, run_after=2026-05-07 00:00:00+00:00
[2026-05-06T15:21:11.349+0000] {processor.py:183} INFO - Processing /opt/airflow/dags/stackoverflow_migration_dag.py took 1.344 seconds
[2026-05-06T15:21:41.658+0000] {processor.py:161} INFO - Started process (PID=458) to work on /opt/airflow/dags/stackoverflow_migration_dag.py
[2026-05-06T15:21:41.659+0000] {processor.py:830} INFO - Processing file /opt/airflow/dags/stackoverflow_migration_dag.py for tasks to queue
[2026-05-06T15:21:41.663+0000] {logging_mixin.py:188} INFO - [2026-05-06T15:21:41.662+0000] {dagbag.py:545} INFO - Filling up the DagBag from /opt/airflow/dags/stackoverflow_migration_dag.py
[2026-05-06T15:21:42.852+0000] {processor.py:840} INFO - DAG(s) 'stackoverflow_automated_mcp_pipeline' retrieved from /opt/airflow/dags/stackoverflow_migration_dag.py
[2026-05-06T15:21:42.875+0000] {logging_mixin.py:188} INFO - [2026-05-06T15:21:42.875+0000] {dag.py:3096} INFO - Sync 1 DAGs
[2026-05-06T15:21:42.921+0000] {logging_mixin.py:188} INFO - [2026-05-06T15:21:42.921+0000] {dag.py:3954} INFO - Setting next_dagrun for stackoverflow_automated_mcp_pipeline to 2026-05-06 00:00:00+00:00, run_after=2026-05-07 00:00:00+00:00
[2026-05-06T15:21:42.959+0000] {processor.py:183} INFO - Processing /opt/airflow/dags/stackoverflow_migration_dag.py took 1.308 seconds
[2026-05-06T15:22:13.415+0000] {processor.py:161} INFO - Started process (PID=463) to work on /opt/airflow/dags/stackoverflow_migration_dag.py
[2026-05-06T15:22:13.417+0000] {processor.py:830} INFO - Processing file /opt/airflow/dags/stackoverflow_migration_dag.py for tasks to queue
[2026-05-06T15:22:13.421+0000] {logging_mixin.py:188} INFO - [2026-05-06T15:22:13.420+0000] {dagbag.py:545} INFO - Filling up the DagBag from /opt/airflow/dags/stackoverflow_migration_dag.py
[2026-05-06T15:22:14.623+0000] {processor.py:840} INFO - DAG(s) 'stackoverflow_automated_mcp_pipeline' retrieved from /opt/airflow/dags/stackoverflow_migration_dag.py
[2026-05-06T15:22:14.641+0000] {logging_mixin.py:188} INFO - [2026-05-06T15:22:14.641+0000] {dag.py:3096} INFO - Sync 1 DAGs
[2026-05-06T15:22:14.683+0000] {logging_mixin.py:188} INFO - [2026-05-06T15:22:14.683+0000] {dag.py:3954} INFO - Setting next_dagrun for stackoverflow_automated_mcp_pipeline to 2026-05-06 00:00:00+00:00, run_after=2026-05-07 00:00:00+00:00
[2026-05-06T15:22:14.720+0000] {processor.py:183} INFO - Processing /opt/airflow/dags/stackoverflow_migration_dag.py took 1.315 seconds
[2026-05-06T15:22:45.106+0000] {processor.py:161} INFO - Started process (PID=468) to work on /opt/airflow/dags/stackoverflow_migration_dag.py
[2026-05-06T15:22:45.107+0000] {processor.py:830} INFO - Processing file /opt/airflow/dags/stackoverflow_migration_dag.py for tasks to queue
[2026-05-06T15:22:45.109+0000] {logging_mixin.py:188} INFO - [2026-05-06T15:22:45.109+0000] {dagbag.py:545} INFO - Filling up the DagBag from /opt/airflow/dags/stackoverflow_migration_dag.py
[2026-05-06T15:22:46.461+0000] {processor.py:840} INFO - DAG(s) 'stackoverflow_automated_mcp_pipeline' retrieved from /opt/airflow/dags/stackoverflow_migration_dag.py
[2026-05-06T15:22:46.480+0000] {logging_mixin.py:188} INFO - [2026-05-06T15:22:46.480+0000] {dag.py:3096} INFO - Sync 1 DAGs
[2026-05-06T15:22:46.524+0000] {logging_mixin.py:188} INFO - [2026-05-06T15:22:46.524+0000] {dag.py:3954} INFO - Setting next_dagrun for stackoverflow_automated_mcp_pipeline to 2026-05-06 00:00:00+00:00, run_after=2026-05-07 00:00:00+00:00
[2026-05-06T15:22:46.564+0000] {processor.py:183} INFO - Processing /opt/airflow/dags/stackoverflow_migration_dag.py took 1.466 seconds
[2026-05-06T15:23:16.937+0000] {processor.py:161} INFO - Started process (PID=473) to work on /opt/airflow/dags/stackoverflow_migration_dag.py
[2026-05-06T15:23:16.940+0000] {processor.py:830} INFO - Processing file /opt/airflow/dags/stackoverflow_migration_dag.py for tasks to queue
[2026-05-06T15:23:16.945+0000] {logging_mixin.py:188} INFO - [2026-05-06T15:23:16.944+0000] {dagbag.py:545} INFO - Filling up the DagBag from /opt/airflow/dags/stackoverflow_migration_dag.py
[2026-05-06T15:23:18.303+0000] {processor.py:840} INFO - DAG(s) 'stackoverflow_automated_mcp_pipeline' retrieved from /opt/airflow/dags/stackoverflow_migration_dag.py
[2026-05-06T15:23:18.325+0000] {logging_mixin.py:188} INFO - [2026-05-06T15:23:18.325+0000] {dag.py:3096} INFO - Sync 1 DAGs
[2026-05-06T15:23:18.373+0000] {logging_mixin.py:188} INFO - [2026-05-06T15:23:18.373+0000] {dag.py:3954} INFO - Setting next_dagrun for stackoverflow_automated_mcp_pipeline to 2026-05-06 00:00:00+00:00, run_after=2026-05-07 00:00:00+00:00
[2026-05-06T15:23:18.409+0000] {processor.py:183} INFO - Processing /opt/airflow/dags/stackoverflow_migration_dag.py took 1.492 seconds
[2026-05-06T15:23:48.714+0000] {processor.py:161} INFO - Started process (PID=478) to work on /opt/airflow/dags/stackoverflow_migration_dag.py
[2026-05-06T15:23:48.715+0000] {processor.py:830} INFO - Processing file /opt/airflow/dags/stackoverflow_migration_dag.py for tasks to queue
[2026-05-06T15:23:48.718+0000] {logging_mixin.py:188} INFO - [2026-05-06T15:23:48.717+0000] {dagbag.py:545} INFO - Filling up the DagBag from /opt/airflow/dags/stackoverflow_migration_dag.py
[2026-05-06T15:23:49.837+0000] {processor.py:840} INFO - DAG(s) 'stackoverflow_automated_mcp_pipeline' retrieved from /opt/airflow/dags/stackoverflow_migration_dag.py
[2026-05-06T15:23:49.856+0000] {logging_mixin.py:188} INFO - [2026-05-06T15:23:49.856+0000] {dag.py:3096} INFO - Sync 1 DAGs
[2026-05-06T15:23:49.903+0000] {logging_mixin.py:188} INFO - [2026-05-06T15:23:49.903+0000] {dag.py:3954} INFO - Setting next_dagrun for stackoverflow_automated_mcp_pipeline to 2026-05-06 00:00:00+00:00, run_after=2026-05-07 00:00:00+00:00
[2026-05-06T15:23:49.941+0000] {processor.py:183} INFO - Processing /opt/airflow/dags/stackoverflow_migration_dag.py took 1.234 seconds
[2026-05-06T15:24:20.317+0000] {processor.py:161} INFO - Started process (PID=483) to work on /opt/airflow/dags/stackoverflow_migration_dag.py
[2026-05-06T15:24:20.319+0000] {processor.py:830} INFO - Processing file /opt/airflow/dags/stackoverflow_migration_dag.py for tasks to queue
[2026-05-06T15:24:20.321+0000] {logging_mixin.py:188} INFO - [2026-05-06T15:24:20.321+0000] {dagbag.py:545} INFO - Filling up the DagBag from /opt/airflow/dags/stackoverflow_migration_dag.py
[2026-05-06T15:24:21.566+0000] {processor.py:840} INFO - DAG(s) 'stackoverflow_automated_mcp_pipeline' retrieved from /opt/airflow/dags/stackoverflow_migration_dag.py
[2026-05-06T15:24:21.586+0000] {logging_mixin.py:188} INFO - [2026-05-06T15:24:21.586+0000] {dag.py:3096} INFO - Sync 1 DAGs
[2026-05-06T15:24:21.634+0000] {logging_mixin.py:188} INFO - [2026-05-06T15:24:21.633+0000] {dag.py:3954} INFO - Setting next_dagrun for stackoverflow_automated_mcp_pipeline to 2026-05-06 00:00:00+00:00, run_after=2026-05-07 00:00:00+00:00
[2026-05-06T15:24:21.673+0000] {processor.py:183} INFO - Processing /opt/airflow/dags/stackoverflow_migration_dag.py took 1.363 seconds
[2026-05-06T15:24:52.027+0000] {processor.py:161} INFO - Started process (PID=488) to work on /opt/airflow/dags/stackoverflow_migration_dag.py
[2026-05-06T15:24:52.028+0000] {processor.py:830} INFO - Processing file /opt/airflow/dags/stackoverflow_migration_dag.py for tasks to queue
[2026-05-06T15:24:52.031+0000] {logging_mixin.py:188} INFO - [2026-05-06T15:24:52.030+0000] {dagbag.py:545} INFO - Filling up the DagBag from /opt/airflow/dags/stackoverflow_migration_dag.py
[2026-05-06T15:24:53.167+0000] {processor.py:840} INFO - DAG(s) 'stackoverflow_automated_mcp_pipeline' retrieved from /opt/airflow/dags/stackoverflow_migration_dag.py
[2026-05-06T15:24:53.186+0000] {logging_mixin.py:188} INFO - [2026-05-06T15:24:53.186+0000] {dag.py:3096} INFO - Sync 1 DAGs
[2026-05-06T15:24:53.228+0000] {logging_mixin.py:188} INFO - [2026-05-06T15:24:53.228+0000] {dag.py:3954} INFO - Setting next_dagrun for stackoverflow_automated_mcp_pipeline to 2026-05-06 00:00:00+00:00, run_after=2026-05-07 00:00:00+00:00
[2026-05-06T15:24:53.264+0000] {processor.py:183} INFO - Processing /opt/airflow/dags/stackoverflow_migration_dag.py took 1.246 seconds
[2026-05-06T15:25:23.570+0000] {processor.py:161} INFO - Started process (PID=493) to work on /opt/airflow/dags/stackoverflow_migration_dag.py
[2026-05-06T15:25:23.572+0000] {processor.py:830} INFO - Processing file /opt/airflow/dags/stackoverflow_migration_dag.py for tasks to queue
[2026-05-06T15:25:23.574+0000] {logging_mixin.py:188} INFO - [2026-05-06T15:25:23.574+0000] {dagbag.py:545} INFO - Filling up the DagBag from /opt/airflow/dags/stackoverflow_migration_dag.py
[2026-05-06T15:25:24.746+0000] {processor.py:840} INFO - DAG(s) 'stackoverflow_automated_mcp_pipeline' retrieved from /opt/airflow/dags/stackoverflow_migration_dag.py
[2026-05-06T15:25:24.766+0000] {logging_mixin.py:188} INFO - [2026-05-06T15:25:24.766+0000] {dag.py:3096} INFO - Sync 1 DAGs
[2026-05-06T15:25:24.812+0000] {logging_mixin.py:188} INFO - [2026-05-06T15:25:24.811+0000] {dag.py:3954} INFO - Setting next_dagrun for stackoverflow_automated_mcp_pipeline to 2026-05-06 00:00:00+00:00, run_after=2026-05-07 00:00:00+00:00
[2026-05-06T15:25:24.847+0000] {processor.py:183} INFO - Processing /opt/airflow/dags/stackoverflow_migration_dag.py took 1.284 seconds
[2026-05-06T15:25:55.098+0000] {processor.py:161} INFO - Started process (PID=498) to work on /opt/airflow/dags/stackoverflow_migration_dag.py
[2026-05-06T15:25:55.099+0000] {processor.py:830} INFO - Processing file /opt/airflow/dags/stackoverflow_migration_dag.py for tasks to queue
[2026-05-06T15:25:55.102+0000] {logging_mixin.py:188} INFO - [2026-05-06T15:25:55.102+0000] {dagbag.py:545} INFO - Filling up the DagBag from /opt/airflow/dags/stackoverflow_migration_dag.py
[2026-05-06T15:25:56.245+0000] {processor.py:840} INFO - DAG(s) 'stackoverflow_automated_mcp_pipeline' retrieved from /opt/airflow/dags/stackoverflow_migration_dag.py
[2026-05-06T15:25:56.264+0000] {logging_mixin.py:188} INFO - [2026-05-06T15:25:56.264+0000] {dag.py:3096} INFO - Sync 1 DAGs
[2026-05-06T15:25:56.307+0000] {logging_mixin.py:188} INFO - [2026-05-06T15:25:56.307+0000] {dag.py:3954} INFO - Setting next_dagrun for stackoverflow_automated_mcp_pipeline to 2026-05-06 00:00:00+00:00, run_after=2026-05-07 00:00:00+00:00
[2026-05-06T15:25:56.344+0000] {processor.py:183} INFO - Processing /opt/airflow/dags/stackoverflow_migration_dag.py took 1.255 seconds
[2026-05-06T15:26:26.678+0000] {processor.py:161} INFO - Started process (PID=503) to work on /opt/airflow/dags/stackoverflow_migration_dag.py
[2026-05-06T15:26:26.679+0000] {processor.py:830} INFO - Processing file /opt/airflow/dags/stackoverflow_migration_dag.py for tasks to queue
[2026-05-06T15:26:26.682+0000] {logging_mixin.py:188} INFO - [2026-05-06T15:26:26.681+0000] {dagbag.py:545} INFO - Filling up the DagBag from /opt/airflow/dags/stackoverflow_migration_dag.py
[2026-05-06T15:26:27.827+0000] {processor.py:840} INFO - DAG(s) 'stackoverflow_automated_mcp_pipeline' retrieved from /opt/airflow/dags/stackoverflow_migration_dag.py
[2026-05-06T15:26:27.845+0000] {logging_mixin.py:188} INFO - [2026-05-06T15:26:27.845+0000] {dag.py:3096} INFO - Sync 1 DAGs
[2026-05-06T15:26:27.888+0000] {logging_mixin.py:188} INFO - [2026-05-06T15:26:27.888+0000] {dag.py:3954} INFO - Setting next_dagrun for stackoverflow_automated_mcp_pipeline to 2026-05-06 00:00:00+00:00, run_after=2026-05-07 00:00:00+00:00
[2026-05-06T15:26:27.924+0000] {processor.py:183} INFO - Processing /opt/airflow/dags/stackoverflow_migration_dag.py took 1.254 seconds
[2026-05-06T15:26:58.328+0000] {processor.py:161} INFO - Started process (PID=508) to work on /opt/airflow/dags/stackoverflow_migration_dag.py
[2026-05-06T15:26:58.329+0000] {processor.py:830} INFO - Processing file /opt/airflow/dags/stackoverflow_migration_dag.py for tasks to queue
[2026-05-06T15:26:58.332+0000] {logging_mixin.py:188} INFO - [2026-05-06T15:26:58.332+0000] {dagbag.py:545} INFO - Filling up the DagBag from /opt/airflow/dags/stackoverflow_migration_dag.py
[2026-05-06T15:26:59.507+0000] {processor.py:840} INFO - DAG(s) 'stackoverflow_automated_mcp_pipeline' retrieved from /opt/airflow/dags/stackoverflow_migration_dag.py
[2026-05-06T15:26:59.525+0000] {logging_mixin.py:188} INFO - [2026-05-06T15:26:59.524+0000] {dag.py:3096} INFO - Sync 1 DAGs
[2026-05-06T15:26:59.568+0000] {logging_mixin.py:188} INFO - [2026-05-06T15:26:59.567+0000] {dag.py:3954} INFO - Setting next_dagrun for stackoverflow_automated_mcp_pipeline to 2026-05-06 00:00:00+00:00, run_after=2026-05-07 00:00:00+00:00
[2026-05-06T15:26:59.604+0000] {processor.py:183} INFO - Processing /opt/airflow/dags/stackoverflow_migration_dag.py took 1.285 seconds
[2026-05-06T15:27:29.953+0000] {processor.py:161} INFO - Started process (PID=513) to work on /opt/airflow/dags/stackoverflow_migration_dag.py
[2026-05-06T15:27:29.955+0000] {processor.py:830} INFO - Processing file /opt/airflow/dags/stackoverflow_migration_dag.py for tasks to queue
[2026-05-06T15:27:29.959+0000] {logging_mixin.py:188} INFO - [2026-05-06T15:27:29.959+0000] {dagbag.py:545} INFO - Filling up the DagBag from /opt/airflow/dags/stackoverflow_migration_dag.py
[2026-05-06T15:27:31.096+0000] {processor.py:840} INFO - DAG(s) 'stackoverflow_automated_mcp_pipeline' retrieved from /opt/airflow/dags/stackoverflow_migration_dag.py
[2026-05-06T15:27:31.117+0000] {logging_mixin.py:188} INFO - [2026-05-06T15:27:31.116+0000] {dag.py:3096} INFO - Sync 1 DAGs
[2026-05-06T15:27:31.161+0000] {logging_mixin.py:188} INFO - [2026-05-06T15:27:31.160+0000] {dag.py:3954} INFO - Setting next_dagrun for stackoverflow_automated_mcp_pipeline to 2026-05-06 00:00:00+00:00, run_after=2026-05-07 00:00:00+00:00
[2026-05-06T15:27:31.196+0000] {processor.py:183} INFO - Processing /opt/airflow/dags/stackoverflow_migration_dag.py took 1.251 seconds
[2026-05-06T15:28:01.531+0000] {processor.py:161} INFO - Started process (PID=518) to work on /opt/airflow/dags/stackoverflow_migration_dag.py
[2026-05-06T15:28:01.532+0000] {processor.py:830} INFO - Processing file /opt/airflow/dags/stackoverflow_migration_dag.py for tasks to queue
[2026-05-06T15:28:01.535+0000] {logging_mixin.py:188} INFO - [2026-05-06T15:28:01.534+0000] {dagbag.py:545} INFO - Filling up the DagBag from /opt/airflow/dags/stackoverflow_migration_dag.py
[2026-05-06T15:28:02.734+0000] {processor.py:840} INFO - DAG(s) 'stackoverflow_automated_mcp_pipeline' retrieved from /opt/airflow/dags/stackoverflow_migration_dag.py
[2026-05-06T15:28:02.752+0000] {logging_mixin.py:188} INFO - [2026-05-06T15:28:02.752+0000] {dag.py:3096} INFO - Sync 1 DAGs
[2026-05-06T15:28:02.795+0000] {logging_mixin.py:188} INFO - [2026-05-06T15:28:02.795+0000] {dag.py:3954} INFO - Setting next_dagrun for stackoverflow_automated_mcp_pipeline to 2026-05-06 00:00:00+00:00, run_after=2026-05-07 00:00:00+00:00
[2026-05-06T15:28:02.833+0000] {processor.py:183} INFO - Processing /opt/airflow/dags/stackoverflow_migration_dag.py took 1.309 seconds
[2026-05-06T15:28:33.122+0000] {processor.py:161} INFO - Started process (PID=523) to work on /opt/airflow/dags/stackoverflow_migration_dag.py
[2026-05-06T15:28:33.124+0000] {processor.py:830} INFO - Processing file /opt/airflow/dags/stackoverflow_migration_dag.py for tasks to queue
[2026-05-06T15:28:33.126+0000] {logging_mixin.py:188} INFO - [2026-05-06T15:28:33.126+0000] {dagbag.py:545} INFO - Filling up the DagBag from /opt/airflow/dags/stackoverflow_migration_dag.py
[2026-05-06T15:28:34.443+0000] {processor.py:840} INFO - DAG(s) 'stackoverflow_automated_mcp_pipeline' retrieved from /opt/airflow/dags/stackoverflow_migration_dag.py
[2026-05-06T15:28:34.465+0000] {logging_mixin.py:188} INFO - [2026-05-06T15:28:34.465+0000] {dag.py:3096} INFO - Sync 1 DAGs
[2026-05-06T15:28:34.508+0000] {logging_mixin.py:188} INFO - [2026-05-06T15:28:34.508+0000] {dag.py:3954} INFO - Setting next_dagrun for stackoverflow_automated_mcp_pipeline to 2026-05-06 00:00:00+00:00, run_after=2026-05-07 00:00:00+00:00
[2026-05-06T15:28:34.542+0000] {processor.py:183} INFO - Processing /opt/airflow/dags/stackoverflow_migration_dag.py took 1.427 seconds
[2026-05-06T15:29:04.957+0000] {processor.py:161} INFO - Started process (PID=528) to work on /opt/airflow/dags/stackoverflow_migration_dag.py
[2026-05-06T15:29:04.959+0000] {processor.py:830} INFO - Processing file /opt/airflow/dags/stackoverflow_migration_dag.py for tasks to queue
[2026-05-06T15:29:04.962+0000] {logging_mixin.py:188} INFO - [2026-05-06T15:29:04.962+0000] {dagbag.py:545} INFO - Filling up the DagBag from /opt/airflow/dags/stackoverflow_migration_dag.py
[2026-05-06T15:29:06.106+0000] {processor.py:840} INFO - DAG(s) 'stackoverflow_automated_mcp_pipeline' retrieved from /opt/airflow/dags/stackoverflow_migration_dag.py
[2026-05-06T15:29:06.125+0000] {logging_mixin.py:188} INFO - [2026-05-06T15:29:06.125+0000] {dag.py:3096} INFO - Sync 1 DAGs
[2026-05-06T15:29:06.169+0000] {logging_mixin.py:188} INFO - [2026-05-06T15:29:06.169+0000] {dag.py:3954} INFO - Setting next_dagrun for stackoverflow_automated_mcp_pipeline to 2026-05-06 00:00:00+00:00, run_after=2026-05-07 00:00:00+00:00
[2026-05-06T15:29:06.205+0000] {processor.py:183} INFO - Processing /opt/airflow/dags/stackoverflow_migration_dag.py took 1.257 seconds
[2026-05-06T15:29:36.516+0000] {processor.py:161} INFO - Started process (PID=533) to work on /opt/airflow/dags/stackoverflow_migration_dag.py
[2026-05-06T15:29:36.517+0000] {processor.py:830} INFO - Processing file /opt/airflow/dags/stackoverflow_migration_dag.py for tasks to queue
[2026-05-06T15:29:36.520+0000] {logging_mixin.py:188} INFO - [2026-05-06T15:29:36.519+0000] {dagbag.py:545} INFO - Filling up the DagBag from /opt/airflow/dags/stackoverflow_migration_dag.py
[2026-05-06T15:29:37.701+0000] {processor.py:840} INFO - DAG(s) 'stackoverflow_automated_mcp_pipeline' retrieved from /opt/airflow/dags/stackoverflow_migration_dag.py
[2026-05-06T15:29:37.722+0000] {logging_mixin.py:188} INFO - [2026-05-06T15:29:37.721+0000] {dag.py:3096} INFO - Sync 1 DAGs
[2026-05-06T15:29:37.766+0000] {logging_mixin.py:188} INFO - [2026-05-06T15:29:37.766+0000] {dag.py:3954} INFO - Setting next_dagrun for stackoverflow_automated_mcp_pipeline to 2026-05-06 00:00:00+00:00, run_after=2026-05-07 00:00:00+00:00
[2026-05-06T15:29:37.799+0000] {processor.py:183} INFO - Processing /opt/airflow/dags/stackoverflow_migration_dag.py took 1.294 seconds
[2026-05-06T15:30:08.096+0000] {processor.py:161} INFO - Started process (PID=538) to work on /opt/airflow/dags/stackoverflow_migration_dag.py
[2026-05-06T15:30:08.097+0000] {processor.py:830} INFO - Processing file /opt/airflow/dags/stackoverflow_migration_dag.py for tasks to queue
[2026-05-06T15:30:08.100+0000] {logging_mixin.py:188} INFO - [2026-05-06T15:30:08.100+0000] {dagbag.py:545} INFO - Filling up the DagBag from /opt/airflow/dags/stackoverflow_migration_dag.py
[2026-05-06T15:30:09.392+0000] {processor.py:840} INFO - DAG(s) 'stackoverflow_automated_mcp_pipeline' retrieved from /opt/airflow/dags/stackoverflow_migration_dag.py
[2026-05-06T15:30:09.411+0000] {logging_mixin.py:188} INFO - [2026-05-06T15:30:09.411+0000] {dag.py:3096} INFO - Sync 1 DAGs
[2026-05-06T15:30:09.459+0000] {logging_mixin.py:188} INFO - [2026-05-06T15:30:09.458+0000] {dag.py:3954} INFO - Setting next_dagrun for stackoverflow_automated_mcp_pipeline to 2026-05-06 00:00:00+00:00, run_after=2026-05-07 00:00:00+00:00
[2026-05-06T15:30:09.498+0000] {processor.py:183} INFO - Processing /opt/airflow/dags/stackoverflow_migration_dag.py took 1.413 seconds
[2026-05-06T15:30:39.861+0000] {processor.py:161} INFO - Started process (PID=543) to work on /opt/airflow/dags/stackoverflow_migration_dag.py
[2026-05-06T15:30:39.862+0000] {processor.py:830} INFO - Processing file /opt/airflow/dags/stackoverflow_migration_dag.py for tasks to queue
[2026-05-06T15:30:39.865+0000] {logging_mixin.py:188} INFO - [2026-05-06T15:30:39.864+0000] {dagbag.py:545} INFO - Filling up the DagBag from /opt/airflow/dags/stackoverflow_migration_dag.py
[2026-05-06T15:30:41.180+0000] {processor.py:840} INFO - DAG(s) 'stackoverflow_automated_mcp_pipeline' retrieved from /opt/airflow/dags/stackoverflow_migration_dag.py
[2026-05-06T15:30:41.201+0000] {logging_mixin.py:188} INFO - [2026-05-06T15:30:41.200+0000] {dag.py:3096} INFO - Sync 1 DAGs
[2026-05-06T15:30:41.243+0000] {logging_mixin.py:188} INFO - [2026-05-06T15:30:41.243+0000] {dag.py:3954} INFO - Setting next_dagrun for stackoverflow_automated_mcp_pipeline to 2026-05-06 00:00:00+00:00, run_after=2026-05-07 00:00:00+00:00
[2026-05-06T15:30:41.279+0000] {processor.py:183} INFO - Processing /opt/airflow/dags/stackoverflow_migration_dag.py took 1.427 seconds
[2026-05-06T15:31:11.652+0000] {processor.py:161} INFO - Started process (PID=548) to work on /opt/airflow/dags/stackoverflow_migration_dag.py
[2026-05-06T15:31:11.653+0000] {processor.py:830} INFO - Processing file /opt/airflow/dags/stackoverflow_migration_dag.py for tasks to queue
[2026-05-06T15:31:11.657+0000] {logging_mixin.py:188} INFO - [2026-05-06T15:31:11.656+0000] {dagbag.py:545} INFO - Filling up the DagBag from /opt/airflow/dags/stackoverflow_migration_dag.py
[2026-05-06T15:31:12.887+0000] {processor.py:840} INFO - DAG(s) 'stackoverflow_automated_mcp_pipeline' retrieved from /opt/airflow/dags/stackoverflow_migration_dag.py
[2026-05-06T15:31:12.905+0000] {logging_mixin.py:188} INFO - [2026-05-06T15:31:12.904+0000] {dag.py:3096} INFO - Sync 1 DAGs
[2026-05-06T15:31:12.953+0000] {logging_mixin.py:188} INFO - [2026-05-06T15:31:12.952+0000] {dag.py:3954} INFO - Setting next_dagrun for stackoverflow_automated_mcp_pipeline to 2026-05-06 00:00:00+00:00, run_after=2026-05-07 00:00:00+00:00
[2026-05-06T15:31:13.048+0000] {processor.py:183} INFO - Processing /opt/airflow/dags/stackoverflow_migration_dag.py took 1.409 seconds
[2026-05-06T15:31:43.382+0000] {processor.py:161} INFO - Started process (PID=553) to work on /opt/airflow/dags/stackoverflow_migration_dag.py
[2026-05-06T15:31:43.384+0000] {processor.py:830} INFO - Processing file /opt/airflow/dags/stackoverflow_migration_dag.py for tasks to queue
[2026-05-06T15:31:43.389+0000] {logging_mixin.py:188} INFO - [2026-05-06T15:31:43.388+0000] {dagbag.py:545} INFO - Filling up the DagBag from /opt/airflow/dags/stackoverflow_migration_dag.py
[2026-05-06T15:31:45.376+0000] {processor.py:840} INFO - DAG(s) 'stackoverflow_automated_mcp_pipeline' retrieved from /opt/airflow/dags/stackoverflow_migration_dag.py
[2026-05-06T15:31:45.400+0000] {logging_mixin.py:188} INFO - [2026-05-06T15:31:45.399+0000] {dag.py:3096} INFO - Sync 1 DAGs
[2026-05-06T15:31:45.452+0000] {logging_mixin.py:188} INFO - [2026-05-06T15:31:45.451+0000] {dag.py:3954} INFO - Setting next_dagrun for stackoverflow_automated_mcp_pipeline to 2026-05-06 00:00:00+00:00, run_after=2026-05-07 00:00:00+00:00
[2026-05-06T15:31:45.500+0000] {processor.py:183} INFO - Processing /opt/airflow/dags/stackoverflow_migration_dag.py took 2.134 seconds
[2026-05-06T15:32:15.712+0000] {processor.py:161} INFO - Started process (PID=558) to work on /opt/airflow/dags/stackoverflow_migration_dag.py
[2026-05-06T15:32:15.714+0000] {processor.py:830} INFO - Processing file /opt/airflow/dags/stackoverflow_migration_dag.py for tasks to queue
[2026-05-06T15:32:15.717+0000] {logging_mixin.py:188} INFO - [2026-05-06T15:32:15.716+0000] {dagbag.py:545} INFO - Filling up the DagBag from /opt/airflow/dags/stackoverflow_migration_dag.py
[2026-05-06T15:32:16.831+0000] {processor.py:840} INFO - DAG(s) 'stackoverflow_automated_mcp_pipeline' retrieved from /opt/airflow/dags/stackoverflow_migration_dag.py
[2026-05-06T15:32:16.852+0000] {logging_mixin.py:188} INFO - [2026-05-06T15:32:16.852+0000] {dag.py:3096} INFO - Sync 1 DAGs
[2026-05-06T15:32:16.896+0000] {logging_mixin.py:188} INFO - [2026-05-06T15:32:16.895+0000] {dag.py:3954} INFO - Setting next_dagrun for stackoverflow_automated_mcp_pipeline to 2026-05-06 00:00:00+00:00, run_after=2026-05-07 00:00:00+00:00
[2026-05-06T15:32:16.931+0000] {processor.py:183} INFO - Processing /opt/airflow/dags/stackoverflow_migration_dag.py took 1.227 seconds
[2026-05-06T15:32:47.150+0000] {processor.py:186} ERROR - Got an exception! Propagating...
Traceback (most recent call last):
  File "/home/airflow/.local/lib/python3.12/site-packages/airflow/dag_processing/processor.py", line 182, in _run_file_processor
  File "/home/airflow/.local/lib/python3.12/site-packages/airflow/dag_processing/processor.py", line 154, in _handle_dag_file_processing
  File "/home/airflow/.local/lib/python3.12/site-packages/airflow/settings.py", line 251, in configure_orm
  File "/home/airflow/.local/lib/python3.12/site-packages/airflow/settings.py", line 352, in prepare_engine_args
  File "/home/airflow/.local/lib/python3.12/site-packages/airflow/utils/sqlalchemy.py", line 554, in is_sqlalchemy_v1
  File "/usr/local/lib/python3.12/importlib/metadata/__init__.py", line 889, in version
  File "/usr/local/lib/python3.12/importlib/metadata/__init__.py", line 467, in version
  File "/usr/local/lib/python3.12/importlib/metadata/__init__.py", line 444, in metadata
  File "/usr/local/lib/python3.12/importlib/metadata/__init__.py", line 819, in read_text
  File "/usr/local/lib/python3.12/pathlib.py", line 1027, in read_text
  File "/usr/local/lib/python3.12/pathlib.py", line 1013, in open
OSError: [Errno 5] Input/output error: '/home/airflow/.local/lib/python3.12/site-packages/SQLAlchemy-1.4.52.dist-info/METADATA'
[2026-05-06T16:04:12.297+0000] {processor.py:161} INFO - Started process (PID=164) to work on /opt/airflow/dags/stackoverflow_migration_dag.py
[2026-05-06T16:04:12.299+0000] {processor.py:830} INFO - Processing file /opt/airflow/dags/stackoverflow_migration_dag.py for tasks to queue
[2026-05-06T16:04:12.301+0000] {logging_mixin.py:188} INFO - [2026-05-06T16:04:12.301+0000] {dagbag.py:545} INFO - Filling up the DagBag from /opt/airflow/dags/stackoverflow_migration_dag.py
[2026-05-06T16:04:14.225+0000] {processor.py:840} INFO - DAG(s) 'stackoverflow_automated_mcp_pipeline' retrieved from /opt/airflow/dags/stackoverflow_migration_dag.py
[2026-05-06T16:04:14.234+0000] {logging_mixin.py:188} INFO - [2026-05-06T16:04:14.234+0000] {dag.py:3096} INFO - Sync 1 DAGs
[2026-05-06T16:04:14.290+0000] {logging_mixin.py:188} INFO - [2026-05-06T16:04:14.290+0000] {dag.py:3954} INFO - Setting next_dagrun for stackoverflow_automated_mcp_pipeline to 2026-05-06 00:00:00+00:00, run_after=2026-05-07 00:00:00+00:00
[2026-05-06T16:04:14.339+0000] {processor.py:183} INFO - Processing /opt/airflow/dags/stackoverflow_migration_dag.py took 2.054 seconds
[2026-05-06T16:04:44.567+0000] {processor.py:161} INFO - Started process (PID=169) to work on /opt/airflow/dags/stackoverflow_migration_dag.py
[2026-05-06T16:04:44.569+0000] {processor.py:830} INFO - Processing file /opt/airflow/dags/stackoverflow_migration_dag.py for tasks to queue
[2026-05-06T16:04:44.573+0000] {logging_mixin.py:188} INFO - [2026-05-06T16:04:44.572+0000] {dagbag.py:545} INFO - Filling up the DagBag from /opt/airflow/dags/stackoverflow_migration_dag.py
[2026-05-06T16:04:46.007+0000] {processor.py:840} INFO - DAG(s) 'stackoverflow_automated_mcp_pipeline' retrieved from /opt/airflow/dags/stackoverflow_migration_dag.py
[2026-05-06T16:04:46.328+0000] {logging_mixin.py:188} INFO - [2026-05-06T16:04:46.328+0000] {dag.py:3096} INFO - Sync 1 DAGs
[2026-05-06T16:04:46.389+0000] {logging_mixin.py:188} INFO - [2026-05-06T16:04:46.389+0000] {dag.py:3954} INFO - Setting next_dagrun for stackoverflow_automated_mcp_pipeline to 2026-05-06 00:00:00+00:00, run_after=2026-05-07 00:00:00+00:00
[2026-05-06T16:04:46.445+0000] {processor.py:183} INFO - Processing /opt/airflow/dags/stackoverflow_migration_dag.py took 1.890 seconds
[2026-05-06T16:05:16.722+0000] {processor.py:161} INFO - Started process (PID=174) to work on /opt/airflow/dags/stackoverflow_migration_dag.py
[2026-05-06T16:05:16.724+0000] {processor.py:830} INFO - Processing file /opt/airflow/dags/stackoverflow_migration_dag.py for tasks to queue
[2026-05-06T16:05:16.728+0000] {logging_mixin.py:188} INFO - [2026-05-06T16:05:16.728+0000] {dagbag.py:545} INFO - Filling up the DagBag from /opt/airflow/dags/stackoverflow_migration_dag.py
[2026-05-06T16:05:18.377+0000] {processor.py:840} INFO - DAG(s) 'stackoverflow_automated_mcp_pipeline' retrieved from /opt/airflow/dags/stackoverflow_migration_dag.py
[2026-05-06T16:05:18.401+0000] {logging_mixin.py:188} INFO - [2026-05-06T16:05:18.401+0000] {dag.py:3096} INFO - Sync 1 DAGs
[2026-05-06T16:05:18.460+0000] {logging_mixin.py:188} INFO - [2026-05-06T16:05:18.460+0000] {dag.py:3954} INFO - Setting next_dagrun for stackoverflow_automated_mcp_pipeline to 2026-05-06 00:00:00+00:00, run_after=2026-05-07 00:00:00+00:00
[2026-05-06T16:05:18.509+0000] {processor.py:183} INFO - Processing /opt/airflow/dags/stackoverflow_migration_dag.py took 1.797 seconds
[2026-05-06T16:05:48.754+0000] {processor.py:161} INFO - Started process (PID=179) to work on /opt/airflow/dags/stackoverflow_migration_dag.py
[2026-05-06T16:05:48.755+0000] {processor.py:830} INFO - Processing file /opt/airflow/dags/stackoverflow_migration_dag.py for tasks to queue
[2026-05-06T16:05:48.758+0000] {logging_mixin.py:188} INFO - [2026-05-06T16:05:48.757+0000] {dagbag.py:545} INFO - Filling up the DagBag from /opt/airflow/dags/stackoverflow_migration_dag.py
[2026-05-06T16:05:50.121+0000] {processor.py:840} INFO - DAG(s) 'stackoverflow_automated_mcp_pipeline' retrieved from /opt/airflow/dags/stackoverflow_migration_dag.py
[2026-05-06T16:05:50.141+0000] {logging_mixin.py:188} INFO - [2026-05-06T16:05:50.141+0000] {dag.py:3096} INFO - Sync 1 DAGs
[2026-05-06T16:05:50.186+0000] {logging_mixin.py:188} INFO - [2026-05-06T16:05:50.186+0000] {dag.py:3954} INFO - Setting next_dagrun for stackoverflow_automated_mcp_pipeline to 2026-05-06 00:00:00+00:00, run_after=2026-05-07 00:00:00+00:00
[2026-05-06T16:05:50.230+0000] {processor.py:183} INFO - Processing /opt/airflow/dags/stackoverflow_migration_dag.py took 1.483 seconds
[2026-05-06T16:06:20.556+0000] {processor.py:161} INFO - Started process (PID=184) to work on /opt/airflow/dags/stackoverflow_migration_dag.py
[2026-05-06T16:06:20.561+0000] {processor.py:830} INFO - Processing file /opt/airflow/dags/stackoverflow_migration_dag.py for tasks to queue
[2026-05-06T16:06:20.567+0000] {logging_mixin.py:188} INFO - [2026-05-06T16:06:20.566+0000] {dagbag.py:545} INFO - Filling up the DagBag from /opt/airflow/dags/stackoverflow_migration_dag.py
[2026-05-06T16:06:22.567+0000] {processor.py:840} INFO - DAG(s) 'stackoverflow_automated_mcp_pipeline' retrieved from /opt/airflow/dags/stackoverflow_migration_dag.py
[2026-05-06T16:06:22.595+0000] {logging_mixin.py:188} INFO - [2026-05-06T16:06:22.594+0000] {dag.py:3096} INFO - Sync 1 DAGs
[2026-05-06T16:06:22.657+0000] {logging_mixin.py:188} INFO - [2026-05-06T16:06:22.656+0000] {dag.py:3954} INFO - Setting next_dagrun for stackoverflow_automated_mcp_pipeline to 2026-05-06 00:00:00+00:00, run_after=2026-05-07 00:00:00+00:00
[2026-05-06T16:06:22.702+0000] {processor.py:183} INFO - Processing /opt/airflow/dags/stackoverflow_migration_dag.py took 2.168 seconds
[2026-05-06T16:06:52.966+0000] {processor.py:161} INFO - Started process (PID=191) to work on /opt/airflow/dags/stackoverflow_migration_dag.py
[2026-05-06T16:06:52.969+0000] {processor.py:830} INFO - Processing file /opt/airflow/dags/stackoverflow_migration_dag.py for tasks to queue
[2026-05-06T16:06:52.974+0000] {logging_mixin.py:188} INFO - [2026-05-06T16:06:52.973+0000] {dagbag.py:545} INFO - Filling up the DagBag from /opt/airflow/dags/stackoverflow_migration_dag.py
[2026-05-06T16:06:55.654+0000] {processor.py:840} INFO - DAG(s) 'stackoverflow_automated_mcp_pipeline' retrieved from /opt/airflow/dags/stackoverflow_migration_dag.py
[2026-05-06T16:06:55.680+0000] {logging_mixin.py:188} INFO - [2026-05-06T16:06:55.680+0000] {dag.py:3096} INFO - Sync 1 DAGs
[2026-05-06T16:06:55.739+0000] {logging_mixin.py:188} INFO - [2026-05-06T16:06:55.738+0000] {dag.py:3954} INFO - Setting next_dagrun for stackoverflow_automated_mcp_pipeline to 2026-05-06 00:00:00+00:00, run_after=2026-05-07 00:00:00+00:00
[2026-05-06T16:06:55.785+0000] {processor.py:183} INFO - Processing /opt/airflow/dags/stackoverflow_migration_dag.py took 2.835 seconds
[2026-05-06T16:07:25.982+0000] {processor.py:161} INFO - Started process (PID=196) to work on /opt/airflow/dags/stackoverflow_migration_dag.py
[2026-05-06T16:07:25.984+0000] {processor.py:830} INFO - Processing file /opt/airflow/dags/stackoverflow_migration_dag.py for tasks to queue
[2026-05-06T16:07:25.987+0000] {logging_mixin.py:188} INFO - [2026-05-06T16:07:25.986+0000] {dagbag.py:545} INFO - Filling up the DagBag from /opt/airflow/dags/stackoverflow_migration_dag.py
[2026-05-06T16:07:27.351+0000] {processor.py:840} INFO - DAG(s) 'stackoverflow_automated_mcp_pipeline' retrieved from /opt/airflow/dags/stackoverflow_migration_dag.py
[2026-05-06T16:07:27.376+0000] {logging_mixin.py:188} INFO - [2026-05-06T16:07:27.376+0000] {dag.py:3096} INFO - Sync 1 DAGs
[2026-05-06T16:07:27.431+0000] {logging_mixin.py:188} INFO - [2026-05-06T16:07:27.431+0000] {dag.py:3954} INFO - Setting next_dagrun for stackoverflow_automated_mcp_pipeline to 2026-05-06 00:00:00+00:00, run_after=2026-05-07 00:00:00+00:00
[2026-05-06T16:07:27.472+0000] {processor.py:183} INFO - Processing /opt/airflow/dags/stackoverflow_migration_dag.py took 1.501 seconds
[2026-05-06T16:07:57.760+0000] {processor.py:161} INFO - Started process (PID=201) to work on /opt/airflow/dags/stackoverflow_migration_dag.py
[2026-05-06T16:07:57.763+0000] {processor.py:830} INFO - Processing file /opt/airflow/dags/stackoverflow_migration_dag.py for tasks to queue
[2026-05-06T16:07:57.767+0000] {logging_mixin.py:188} INFO - [2026-05-06T16:07:57.767+0000] {dagbag.py:545} INFO - Filling up the DagBag from /opt/airflow/dags/stackoverflow_migration_dag.py
[2026-05-06T16:07:59.215+0000] {processor.py:840} INFO - DAG(s) 'stackoverflow_automated_mcp_pipeline' retrieved from /opt/airflow/dags/stackoverflow_migration_dag.py
[2026-05-06T16:07:59.243+0000] {logging_mixin.py:188} INFO - [2026-05-06T16:07:59.242+0000] {dag.py:3096} INFO - Sync 1 DAGs
[2026-05-06T16:07:59.311+0000] {logging_mixin.py:188} INFO - [2026-05-06T16:07:59.310+0000] {dag.py:3954} INFO - Setting next_dagrun for stackoverflow_automated_mcp_pipeline to 2026-05-06 00:00:00+00:00, run_after=2026-05-07 00:00:00+00:00
[2026-05-06T16:07:59.367+0000] {processor.py:183} INFO - Processing /opt/airflow/dags/stackoverflow_migration_dag.py took 1.617 seconds
[2026-05-06T16:08:29.511+0000] {processor.py:161} INFO - Started process (PID=206) to work on /opt/airflow/dags/stackoverflow_migration_dag.py
[2026-05-06T16:08:29.513+0000] {processor.py:830} INFO - Processing file /opt/airflow/dags/stackoverflow_migration_dag.py for tasks to queue
[2026-05-06T16:08:29.517+0000] {logging_mixin.py:188} INFO - [2026-05-06T16:08:29.517+0000] {dagbag.py:545} INFO - Filling up the DagBag from /opt/airflow/dags/stackoverflow_migration_dag.py
[2026-05-06T16:08:31.137+0000] {processor.py:840} INFO - DAG(s) 'stackoverflow_automated_mcp_pipeline' retrieved from /opt/airflow/dags/stackoverflow_migration_dag.py
[2026-05-06T16:08:31.167+0000] {logging_mixin.py:188} INFO - [2026-05-06T16:08:31.166+0000] {dag.py:3096} INFO - Sync 1 DAGs
[2026-05-06T16:08:31.233+0000] {logging_mixin.py:188} INFO - [2026-05-06T16:08:31.233+0000] {dag.py:3954} INFO - Setting next_dagrun for stackoverflow_automated_mcp_pipeline to 2026-05-06 00:00:00+00:00, run_after=2026-05-07 00:00:00+00:00
[2026-05-06T16:08:31.302+0000] {processor.py:183} INFO - Processing /opt/airflow/dags/stackoverflow_migration_dag.py took 1.801 seconds
[2026-05-06T16:09:01.810+0000] {processor.py:161} INFO - Started process (PID=211) to work on /opt/airflow/dags/stackoverflow_migration_dag.py
[2026-05-06T16:09:01.819+0000] {processor.py:830} INFO - Processing file /opt/airflow/dags/stackoverflow_migration_dag.py for tasks to queue
[2026-05-06T16:09:01.832+0000] {logging_mixin.py:188} INFO - [2026-05-06T16:09:01.831+0000] {dagbag.py:545} INFO - Filling up the DagBag from /opt/airflow/dags/stackoverflow_migration_dag.py
[2026-05-06T16:09:04.207+0000] {processor.py:840} INFO - DAG(s) 'stackoverflow_automated_mcp_pipeline' retrieved from /opt/airflow/dags/stackoverflow_migration_dag.py
[2026-05-06T16:09:04.233+0000] {logging_mixin.py:188} INFO - [2026-05-06T16:09:04.233+0000] {dag.py:3096} INFO - Sync 1 DAGs
[2026-05-06T16:09:04.303+0000] {logging_mixin.py:188} INFO - [2026-05-06T16:09:04.303+0000] {dag.py:3954} INFO - Setting next_dagrun for stackoverflow_automated_mcp_pipeline to 2026-05-06 00:00:00+00:00, run_after=2026-05-07 00:00:00+00:00
[2026-05-06T16:09:04.348+0000] {processor.py:183} INFO - Processing /opt/airflow/dags/stackoverflow_migration_dag.py took 2.566 seconds
[2026-05-06T16:09:34.737+0000] {processor.py:161} INFO - Started process (PID=229) to work on /opt/airflow/dags/stackoverflow_migration_dag.py
[2026-05-06T16:09:34.739+0000] {processor.py:830} INFO - Processing file /opt/airflow/dags/stackoverflow_migration_dag.py for tasks to queue
[2026-05-06T16:09:34.743+0000] {logging_mixin.py:188} INFO - [2026-05-06T16:09:34.742+0000] {dagbag.py:545} INFO - Filling up the DagBag from /opt/airflow/dags/stackoverflow_migration_dag.py
[2026-05-06T16:09:36.842+0000] {processor.py:840} INFO - DAG(s) 'stackoverflow_automated_mcp_pipeline' retrieved from /opt/airflow/dags/stackoverflow_migration_dag.py
[2026-05-06T16:09:36.874+0000] {logging_mixin.py:188} INFO - [2026-05-06T16:09:36.874+0000] {dag.py:3096} INFO - Sync 1 DAGs
[2026-05-06T16:09:36.943+0000] {logging_mixin.py:188} INFO - [2026-05-06T16:09:36.943+0000] {dag.py:3954} INFO - Setting next_dagrun for stackoverflow_automated_mcp_pipeline to 2026-05-06 00:00:00+00:00, run_after=2026-05-07 00:00:00+00:00
[2026-05-06T16:09:37.004+0000] {processor.py:183} INFO - Processing /opt/airflow/dags/stackoverflow_migration_dag.py took 2.281 seconds
[2026-05-06T16:10:07.405+0000] {processor.py:161} INFO - Started process (PID=247) to work on /opt/airflow/dags/stackoverflow_migration_dag.py
[2026-05-06T16:10:07.408+0000] {processor.py:830} INFO - Processing file /opt/airflow/dags/stackoverflow_migration_dag.py for tasks to queue
[2026-05-06T16:10:07.413+0000] {logging_mixin.py:188} INFO - [2026-05-06T16:10:07.412+0000] {dagbag.py:545} INFO - Filling up the DagBag from /opt/airflow/dags/stackoverflow_migration_dag.py
[2026-05-06T16:10:08.901+0000] {processor.py:840} INFO - DAG(s) 'stackoverflow_automated_mcp_pipeline' retrieved from /opt/airflow/dags/stackoverflow_migration_dag.py
[2026-05-06T16:10:08.927+0000] {logging_mixin.py:188} INFO - [2026-05-06T16:10:08.927+0000] {dag.py:3096} INFO - Sync 1 DAGs
[2026-05-06T16:10:08.988+0000] {logging_mixin.py:188} INFO - [2026-05-06T16:10:08.987+0000] {dag.py:3954} INFO - Setting next_dagrun for stackoverflow_automated_mcp_pipeline to 2026-05-06 00:00:00+00:00, run_after=2026-05-07 00:00:00+00:00
[2026-05-06T16:10:09.041+0000] {processor.py:183} INFO - Processing /opt/airflow/dags/stackoverflow_migration_dag.py took 1.654 seconds
[2026-05-06T16:10:39.398+0000] {processor.py:161} INFO - Started process (PID=265) to work on /opt/airflow/dags/stackoverflow_migration_dag.py
[2026-05-06T16:10:39.400+0000] {processor.py:830} INFO - Processing file /opt/airflow/dags/stackoverflow_migration_dag.py for tasks to queue
[2026-05-06T16:10:39.404+0000] {logging_mixin.py:188} INFO - [2026-05-06T16:10:39.403+0000] {dagbag.py:545} INFO - Filling up the DagBag from /opt/airflow/dags/stackoverflow_migration_dag.py
[2026-05-06T16:10:41.321+0000] {processor.py:840} INFO - DAG(s) 'stackoverflow_automated_mcp_pipeline' retrieved from /opt/airflow/dags/stackoverflow_migration_dag.py
[2026-05-06T16:10:41.345+0000] {logging_mixin.py:188} INFO - [2026-05-06T16:10:41.345+0000] {dag.py:3096} INFO - Sync 1 DAGs
[2026-05-06T16:10:41.401+0000] {logging_mixin.py:188} INFO - [2026-05-06T16:10:41.401+0000] {dag.py:3954} INFO - Setting next_dagrun for stackoverflow_automated_mcp_pipeline to 2026-05-06 00:00:00+00:00, run_after=2026-05-07 00:00:00+00:00
[2026-05-06T16:10:41.453+0000] {processor.py:183} INFO - Processing /opt/airflow/dags/stackoverflow_migration_dag.py took 2.065 seconds
[2026-05-06T16:11:11.696+0000] {processor.py:161} INFO - Started process (PID=270) to work on /opt/airflow/dags/stackoverflow_migration_dag.py
[2026-05-06T16:11:11.699+0000] {processor.py:830} INFO - Processing file /opt/airflow/dags/stackoverflow_migration_dag.py for tasks to queue
[2026-05-06T16:11:11.703+0000] {logging_mixin.py:188} INFO - [2026-05-06T16:11:11.702+0000] {dagbag.py:545} INFO - Filling up the DagBag from /opt/airflow/dags/stackoverflow_migration_dag.py
[2026-05-06T16:11:13.382+0000] {processor.py:840} INFO - DAG(s) 'stackoverflow_automated_mcp_pipeline' retrieved from /opt/airflow/dags/stackoverflow_migration_dag.py
[2026-05-06T16:11:13.408+0000] {logging_mixin.py:188} INFO - [2026-05-06T16:11:13.408+0000] {dag.py:3096} INFO - Sync 1 DAGs
[2026-05-06T16:11:13.468+0000] {logging_mixin.py:188} INFO - [2026-05-06T16:11:13.467+0000] {dag.py:3954} INFO - Setting next_dagrun for stackoverflow_automated_mcp_pipeline to 2026-05-06 00:00:00+00:00, run_after=2026-05-07 00:00:00+00:00
[2026-05-06T16:11:13.516+0000] {processor.py:183} INFO - Processing /opt/airflow/dags/stackoverflow_migration_dag.py took 1.832 seconds
[2026-05-06T16:11:43.886+0000] {processor.py:161} INFO - Started process (PID=275) to work on /opt/airflow/dags/stackoverflow_migration_dag.py
[2026-05-06T16:11:43.889+0000] {processor.py:830} INFO - Processing file /opt/airflow/dags/stackoverflow_migration_dag.py for tasks to queue
[2026-05-06T16:11:43.897+0000] {logging_mixin.py:188} INFO - [2026-05-06T16:11:43.895+0000] {dagbag.py:545} INFO - Filling up the DagBag from /opt/airflow/dags/stackoverflow_migration_dag.py
[2026-05-06T16:11:47.482+0000] {processor.py:840} INFO - DAG(s) 'stackoverflow_automated_mcp_pipeline' retrieved from /opt/airflow/dags/stackoverflow_migration_dag.py
[2026-05-06T16:11:47.523+0000] {logging_mixin.py:188} INFO - [2026-05-06T16:11:47.522+0000] {dag.py:3096} INFO - Sync 1 DAGs
[2026-05-06T16:11:47.601+0000] {logging_mixin.py:188} INFO - [2026-05-06T16:11:47.601+0000] {dag.py:3954} INFO - Setting next_dagrun for stackoverflow_automated_mcp_pipeline to 2026-05-06 00:00:00+00:00, run_after=2026-05-07 00:00:00+00:00
[2026-05-06T16:11:47.695+0000] {processor.py:183} INFO - Processing /opt/airflow/dags/stackoverflow_migration_dag.py took 3.825 seconds
[2026-05-06T16:12:18.112+0000] {processor.py:161} INFO - Started process (PID=280) to work on /opt/airflow/dags/stackoverflow_migration_dag.py
[2026-05-06T16:12:18.114+0000] {processor.py:830} INFO - Processing file /opt/airflow/dags/stackoverflow_migration_dag.py for tasks to queue
[2026-05-06T16:12:18.120+0000] {logging_mixin.py:188} INFO - [2026-05-06T16:12:18.119+0000] {dagbag.py:545} INFO - Filling up the DagBag from /opt/airflow/dags/stackoverflow_migration_dag.py
[2026-05-06T16:12:20.616+0000] {processor.py:840} INFO - DAG(s) 'stackoverflow_automated_mcp_pipeline' retrieved from /opt/airflow/dags/stackoverflow_migration_dag.py
[2026-05-06T16:12:20.664+0000] {logging_mixin.py:188} INFO - [2026-05-06T16:12:20.664+0000] {dag.py:3096} INFO - Sync 1 DAGs
[2026-05-06T16:12:20.751+0000] {logging_mixin.py:188} INFO - [2026-05-06T16:12:20.750+0000] {dag.py:3954} INFO - Setting next_dagrun for stackoverflow_automated_mcp_pipeline to 2026-05-06 00:00:00+00:00, run_after=2026-05-07 00:00:00+00:00
[2026-05-06T16:12:20.822+0000] {processor.py:183} INFO - Processing /opt/airflow/dags/stackoverflow_migration_dag.py took 2.732 seconds
[2026-05-06T16:12:51.275+0000] {processor.py:161} INFO - Started process (PID=285) to work on /opt/airflow/dags/stackoverflow_migration_dag.py
[2026-05-06T16:12:51.276+0000] {processor.py:830} INFO - Processing file /opt/airflow/dags/stackoverflow_migration_dag.py for tasks to queue
[2026-05-06T16:12:51.279+0000] {logging_mixin.py:188} INFO - [2026-05-06T16:12:51.279+0000] {dagbag.py:545} INFO - Filling up the DagBag from /opt/airflow/dags/stackoverflow_migration_dag.py
[2026-05-06T16:12:52.627+0000] {processor.py:840} INFO - DAG(s) 'stackoverflow_automated_mcp_pipeline' retrieved from /opt/airflow/dags/stackoverflow_migration_dag.py
[2026-05-06T16:12:52.650+0000] {logging_mixin.py:188} INFO - [2026-05-06T16:12:52.650+0000] {dag.py:3096} INFO - Sync 1 DAGs
[2026-05-06T16:12:52.708+0000] {logging_mixin.py:188} INFO - [2026-05-06T16:12:52.708+0000] {dag.py:3954} INFO - Setting next_dagrun for stackoverflow_automated_mcp_pipeline to 2026-05-06 00:00:00+00:00, run_after=2026-05-07 00:00:00+00:00
[2026-05-06T16:12:52.759+0000] {processor.py:183} INFO - Processing /opt/airflow/dags/stackoverflow_migration_dag.py took 1.493 seconds
[2026-05-06T16:13:23.107+0000] {processor.py:161} INFO - Started process (PID=290) to work on /opt/airflow/dags/stackoverflow_migration_dag.py
[2026-05-06T16:13:23.109+0000] {processor.py:830} INFO - Processing file /opt/airflow/dags/stackoverflow_migration_dag.py for tasks to queue
[2026-05-06T16:13:23.113+0000] {logging_mixin.py:188} INFO - [2026-05-06T16:13:23.112+0000] {dagbag.py:545} INFO - Filling up the DagBag from /opt/airflow/dags/stackoverflow_migration_dag.py
[2026-05-06T16:13:24.496+0000] {processor.py:840} INFO - DAG(s) 'stackoverflow_automated_mcp_pipeline' retrieved from /opt/airflow/dags/stackoverflow_migration_dag.py
[2026-05-06T16:13:24.524+0000] {logging_mixin.py:188} INFO - [2026-05-06T16:13:24.524+0000] {dag.py:3096} INFO - Sync 1 DAGs
[2026-05-06T16:13:24.590+0000] {logging_mixin.py:188} INFO - [2026-05-06T16:13:24.589+0000] {dag.py:3954} INFO - Setting next_dagrun for stackoverflow_automated_mcp_pipeline to 2026-05-06 00:00:00+00:00, run_after=2026-05-07 00:00:00+00:00
[2026-05-06T16:13:24.641+0000] {processor.py:183} INFO - Processing /opt/airflow/dags/stackoverflow_migration_dag.py took 1.545 seconds
[2026-05-06T16:13:54.987+0000] {processor.py:161} INFO - Started process (PID=295) to work on /opt/airflow/dags/stackoverflow_migration_dag.py
[2026-05-06T16:13:54.989+0000] {processor.py:830} INFO - Processing file /opt/airflow/dags/stackoverflow_migration_dag.py for tasks to queue
[2026-05-06T16:13:54.993+0000] {logging_mixin.py:188} INFO - [2026-05-06T16:13:54.992+0000] {dagbag.py:545} INFO - Filling up the DagBag from /opt/airflow/dags/stackoverflow_migration_dag.py
[2026-05-06T16:13:56.240+0000] {processor.py:840} INFO - DAG(s) 'stackoverflow_automated_mcp_pipeline' retrieved from /opt/airflow/dags/stackoverflow_migration_dag.py
[2026-05-06T16:13:56.263+0000] {logging_mixin.py:188} INFO - [2026-05-06T16:13:56.263+0000] {dag.py:3096} INFO - Sync 1 DAGs
[2026-05-06T16:13:56.324+0000] {logging_mixin.py:188} INFO - [2026-05-06T16:13:56.323+0000] {dag.py:3954} INFO - Setting next_dagrun for stackoverflow_automated_mcp_pipeline to 2026-05-06 00:00:00+00:00, run_after=2026-05-07 00:00:00+00:00
[2026-05-06T16:13:56.367+0000] {processor.py:183} INFO - Processing /opt/airflow/dags/stackoverflow_migration_dag.py took 1.393 seconds
[2026-05-06T16:14:26.698+0000] {processor.py:161} INFO - Started process (PID=300) to work on /opt/airflow/dags/stackoverflow_migration_dag.py
[2026-05-06T16:14:26.700+0000] {processor.py:830} INFO - Processing file /opt/airflow/dags/stackoverflow_migration_dag.py for tasks to queue
[2026-05-06T16:14:26.703+0000] {logging_mixin.py:188} INFO - [2026-05-06T16:14:26.703+0000] {dagbag.py:545} INFO - Filling up the DagBag from /opt/airflow/dags/stackoverflow_migration_dag.py
[2026-05-06T16:14:28.737+0000] {processor.py:840} INFO - DAG(s) 'stackoverflow_automated_mcp_pipeline' retrieved from /opt/airflow/dags/stackoverflow_migration_dag.py
[2026-05-06T16:14:28.764+0000] {logging_mixin.py:188} INFO - [2026-05-06T16:14:28.764+0000] {dag.py:3096} INFO - Sync 1 DAGs
[2026-05-06T16:14:28.831+0000] {logging_mixin.py:188} INFO - [2026-05-06T16:14:28.831+0000] {dag.py:3954} INFO - Setting next_dagrun for stackoverflow_automated_mcp_pipeline to 2026-05-06 00:00:00+00:00, run_after=2026-05-07 00:00:00+00:00
[2026-05-06T16:14:28.887+0000] {processor.py:183} INFO - Processing /opt/airflow/dags/stackoverflow_migration_dag.py took 2.200 seconds
[2026-05-06T16:14:59.261+0000] {processor.py:161} INFO - Started process (PID=305) to work on /opt/airflow/dags/stackoverflow_migration_dag.py
[2026-05-06T16:14:59.263+0000] {processor.py:830} INFO - Processing file /opt/airflow/dags/stackoverflow_migration_dag.py for tasks to queue
[2026-05-06T16:14:59.267+0000] {logging_mixin.py:188} INFO - [2026-05-06T16:14:59.266+0000] {dagbag.py:545} INFO - Filling up the DagBag from /opt/airflow/dags/stackoverflow_migration_dag.py
[2026-05-06T16:15:00.559+0000] {processor.py:840} INFO - DAG(s) 'stackoverflow_automated_mcp_pipeline' retrieved from /opt/airflow/dags/stackoverflow_migration_dag.py
[2026-05-06T16:15:00.588+0000] {logging_mixin.py:188} INFO - [2026-05-06T16:15:00.587+0000] {dag.py:3096} INFO - Sync 1 DAGs
[2026-05-06T16:15:00.657+0000] {logging_mixin.py:188} INFO - [2026-05-06T16:15:00.656+0000] {dag.py:3954} INFO - Setting next_dagrun for stackoverflow_automated_mcp_pipeline to 2026-05-06 00:00:00+00:00, run_after=2026-05-07 00:00:00+00:00
[2026-05-06T16:15:00.711+0000] {processor.py:183} INFO - Processing /opt/airflow/dags/stackoverflow_migration_dag.py took 1.462 seconds
[2026-05-06T16:15:31.072+0000] {processor.py:161} INFO - Started process (PID=310) to work on /opt/airflow/dags/stackoverflow_migration_dag.py
[2026-05-06T16:15:31.074+0000] {processor.py:830} INFO - Processing file /opt/airflow/dags/stackoverflow_migration_dag.py for tasks to queue
[2026-05-06T16:15:31.077+0000] {logging_mixin.py:188} INFO - [2026-05-06T16:15:31.077+0000] {dagbag.py:545} INFO - Filling up the DagBag from /opt/airflow/dags/stackoverflow_migration_dag.py
[2026-05-06T16:15:32.594+0000] {processor.py:840} INFO - DAG(s) 'stackoverflow_automated_mcp_pipeline' retrieved from /opt/airflow/dags/stackoverflow_migration_dag.py
[2026-05-06T16:15:32.620+0000] {logging_mixin.py:188} INFO - [2026-05-06T16:15:32.620+0000] {dag.py:3096} INFO - Sync 1 DAGs
[2026-05-06T16:15:32.682+0000] {logging_mixin.py:188} INFO - [2026-05-06T16:15:32.682+0000] {dag.py:3954} INFO - Setting next_dagrun for stackoverflow_automated_mcp_pipeline to 2026-05-06 00:00:00+00:00, run_after=2026-05-07 00:00:00+00:00
[2026-05-06T16:15:32.730+0000] {processor.py:183} INFO - Processing /opt/airflow/dags/stackoverflow_migration_dag.py took 1.667 seconds
[2026-05-06T16:16:03.069+0000] {processor.py:161} INFO - Started process (PID=315) to work on /opt/airflow/dags/stackoverflow_migration_dag.py
[2026-05-06T16:16:03.070+0000] {processor.py:830} INFO - Processing file /opt/airflow/dags/stackoverflow_migration_dag.py for tasks to queue
[2026-05-06T16:16:03.074+0000] {logging_mixin.py:188} INFO - [2026-05-06T16:16:03.073+0000] {dagbag.py:545} INFO - Filling up the DagBag from /opt/airflow/dags/stackoverflow_migration_dag.py
[2026-05-06T16:16:04.574+0000] {processor.py:840} INFO - DAG(s) 'stackoverflow_automated_mcp_pipeline' retrieved from /opt/airflow/dags/stackoverflow_migration_dag.py
[2026-05-06T16:16:04.597+0000] {logging_mixin.py:188} INFO - [2026-05-06T16:16:04.597+0000] {dag.py:3096} INFO - Sync 1 DAGs
[2026-05-06T16:16:04.655+0000] {logging_mixin.py:188} INFO - [2026-05-06T16:16:04.654+0000] {dag.py:3954} INFO - Setting next_dagrun for stackoverflow_automated_mcp_pipeline to 2026-05-06 00:00:00+00:00, run_after=2026-05-07 00:00:00+00:00
[2026-05-06T16:16:04.708+0000] {processor.py:183} INFO - Processing /opt/airflow/dags/stackoverflow_migration_dag.py took 1.648 seconds
[2026-05-06T16:16:35.037+0000] {processor.py:161} INFO - Started process (PID=320) to work on /opt/airflow/dags/stackoverflow_migration_dag.py
[2026-05-06T16:16:35.039+0000] {processor.py:830} INFO - Processing file /opt/airflow/dags/stackoverflow_migration_dag.py for tasks to queue
[2026-05-06T16:16:35.043+0000] {logging_mixin.py:188} INFO - [2026-05-06T16:16:35.042+0000] {dagbag.py:545} INFO - Filling up the DagBag from /opt/airflow/dags/stackoverflow_migration_dag.py
[2026-05-06T16:16:36.312+0000] {processor.py:840} INFO - DAG(s) 'stackoverflow_automated_mcp_pipeline' retrieved from /opt/airflow/dags/stackoverflow_migration_dag.py
[2026-05-06T16:16:36.335+0000] {logging_mixin.py:188} INFO - [2026-05-06T16:16:36.335+0000] {dag.py:3096} INFO - Sync 1 DAGs
[2026-05-06T16:16:36.398+0000] {logging_mixin.py:188} INFO - [2026-05-06T16:16:36.398+0000] {dag.py:3954} INFO - Setting next_dagrun for stackoverflow_automated_mcp_pipeline to 2026-05-06 00:00:00+00:00, run_after=2026-05-07 00:00:00+00:00
[2026-05-06T16:16:36.464+0000] {processor.py:183} INFO - Processing /opt/airflow/dags/stackoverflow_migration_dag.py took 1.435 seconds
[2026-05-06T16:17:06.706+0000] {processor.py:161} INFO - Started process (PID=325) to work on /opt/airflow/dags/stackoverflow_migration_dag.py
[2026-05-06T16:17:06.709+0000] {processor.py:830} INFO - Processing file /opt/airflow/dags/stackoverflow_migration_dag.py for tasks to queue
[2026-05-06T16:17:06.713+0000] {logging_mixin.py:188} INFO - [2026-05-06T16:17:06.712+0000] {dagbag.py:545} INFO - Filling up the DagBag from /opt/airflow/dags/stackoverflow_migration_dag.py
[2026-05-06T16:17:07.979+0000] {processor.py:840} INFO - DAG(s) 'stackoverflow_automated_mcp_pipeline' retrieved from /opt/airflow/dags/stackoverflow_migration_dag.py
[2026-05-06T16:17:08.008+0000] {logging_mixin.py:188} INFO - [2026-05-06T16:17:08.008+0000] {dag.py:3096} INFO - Sync 1 DAGs
[2026-05-06T16:17:08.068+0000] {logging_mixin.py:188} INFO - [2026-05-06T16:17:08.067+0000] {dag.py:3954} INFO - Setting next_dagrun for stackoverflow_automated_mcp_pipeline to 2026-05-06 00:00:00+00:00, run_after=2026-05-07 00:00:00+00:00
[2026-05-06T16:17:08.129+0000] {processor.py:183} INFO - Processing /opt/airflow/dags/stackoverflow_migration_dag.py took 1.438 seconds
[2026-05-06T16:17:38.529+0000] {processor.py:161} INFO - Started process (PID=330) to work on /opt/airflow/dags/stackoverflow_migration_dag.py
[2026-05-06T16:17:38.533+0000] {processor.py:830} INFO - Processing file /opt/airflow/dags/stackoverflow_migration_dag.py for tasks to queue
[2026-05-06T16:17:38.540+0000] {logging_mixin.py:188} INFO - [2026-05-06T16:17:38.539+0000] {dagbag.py:545} INFO - Filling up the DagBag from /opt/airflow/dags/stackoverflow_migration_dag.py
[2026-05-06T16:17:40.358+0000] {processor.py:840} INFO - DAG(s) 'stackoverflow_automated_mcp_pipeline' retrieved from /opt/airflow/dags/stackoverflow_migration_dag.py
[2026-05-06T16:17:40.387+0000] {logging_mixin.py:188} INFO - [2026-05-06T16:17:40.387+0000] {dag.py:3096} INFO - Sync 1 DAGs
[2026-05-06T16:17:40.456+0000] {logging_mixin.py:188} INFO - [2026-05-06T16:17:40.456+0000] {dag.py:3954} INFO - Setting next_dagrun for stackoverflow_automated_mcp_pipeline to 2026-05-06 00:00:00+00:00, run_after=2026-05-07 00:00:00+00:00
[2026-05-06T16:17:40.514+0000] {processor.py:183} INFO - Processing /opt/airflow/dags/stackoverflow_migration_dag.py took 2.004 seconds
[2026-05-06T16:18:10.812+0000] {processor.py:161} INFO - Started process (PID=335) to work on /opt/airflow/dags/stackoverflow_migration_dag.py
[2026-05-06T16:18:10.816+0000] {processor.py:830} INFO - Processing file /opt/airflow/dags/stackoverflow_migration_dag.py for tasks to queue
[2026-05-06T16:18:10.821+0000] {logging_mixin.py:188} INFO - [2026-05-06T16:18:10.820+0000] {dagbag.py:545} INFO - Filling up the DagBag from /opt/airflow/dags/stackoverflow_migration_dag.py
[2026-05-06T16:18:12.116+0000] {processor.py:840} INFO - DAG(s) 'stackoverflow_automated_mcp_pipeline' retrieved from /opt/airflow/dags/stackoverflow_migration_dag.py
[2026-05-06T16:18:12.143+0000] {logging_mixin.py:188} INFO - [2026-05-06T16:18:12.143+0000] {dag.py:3096} INFO - Sync 1 DAGs
[2026-05-06T16:18:12.199+0000] {logging_mixin.py:188} INFO - [2026-05-06T16:18:12.199+0000] {dag.py:3954} INFO - Setting next_dagrun for stackoverflow_automated_mcp_pipeline to 2026-05-06 00:00:00+00:00, run_after=2026-05-07 00:00:00+00:00
[2026-05-06T16:18:12.246+0000] {processor.py:183} INFO - Processing /opt/airflow/dags/stackoverflow_migration_dag.py took 1.454 seconds
[2026-05-06T16:18:42.696+0000] {processor.py:161} INFO - Started process (PID=340) to work on /opt/airflow/dags/stackoverflow_migration_dag.py
[2026-05-06T16:18:42.698+0000] {processor.py:830} INFO - Processing file /opt/airflow/dags/stackoverflow_migration_dag.py for tasks to queue
[2026-05-06T16:18:42.703+0000] {logging_mixin.py:188} INFO - [2026-05-06T16:18:42.702+0000] {dagbag.py:545} INFO - Filling up the DagBag from /opt/airflow/dags/stackoverflow_migration_dag.py
[2026-05-06T16:18:44.540+0000] {processor.py:840} INFO - DAG(s) 'stackoverflow_automated_mcp_pipeline' retrieved from /opt/airflow/dags/stackoverflow_migration_dag.py
[2026-05-06T16:18:44.565+0000] {logging_mixin.py:188} INFO - [2026-05-06T16:18:44.564+0000] {dag.py:3096} INFO - Sync 1 DAGs
[2026-05-06T16:18:44.625+0000] {logging_mixin.py:188} INFO - [2026-05-06T16:18:44.624+0000] {dag.py:3954} INFO - Setting next_dagrun for stackoverflow_automated_mcp_pipeline to 2026-05-06 00:00:00+00:00, run_after=2026-05-07 00:00:00+00:00
[2026-05-06T16:18:44.674+0000] {processor.py:183} INFO - Processing /opt/airflow/dags/stackoverflow_migration_dag.py took 1.993 seconds
[2026-05-06T16:19:15.106+0000] {processor.py:161} INFO - Started process (PID=345) to work on /opt/airflow/dags/stackoverflow_migration_dag.py
[2026-05-06T16:19:15.108+0000] {processor.py:830} INFO - Processing file /opt/airflow/dags/stackoverflow_migration_dag.py for tasks to queue
[2026-05-06T16:19:15.113+0000] {logging_mixin.py:188} INFO - [2026-05-06T16:19:15.112+0000] {dagbag.py:545} INFO - Filling up the DagBag from /opt/airflow/dags/stackoverflow_migration_dag.py
[2026-05-06T16:19:16.965+0000] {processor.py:840} INFO - DAG(s) 'stackoverflow_automated_mcp_pipeline' retrieved from /opt/airflow/dags/stackoverflow_migration_dag.py
[2026-05-06T16:19:16.990+0000] {logging_mixin.py:188} INFO - [2026-05-06T16:19:16.989+0000] {dag.py:3096} INFO - Sync 1 DAGs
[2026-05-06T16:19:17.048+0000] {logging_mixin.py:188} INFO - [2026-05-06T16:19:17.047+0000] {dag.py:3954} INFO - Setting next_dagrun for stackoverflow_automated_mcp_pipeline to 2026-05-06 00:00:00+00:00, run_after=2026-05-07 00:00:00+00:00
[2026-05-06T16:19:17.093+0000] {processor.py:183} INFO - Processing /opt/airflow/dags/stackoverflow_migration_dag.py took 2.003 seconds
[2026-05-06T16:19:47.396+0000] {processor.py:161} INFO - Started process (PID=350) to work on /opt/airflow/dags/stackoverflow_migration_dag.py
[2026-05-06T16:19:47.399+0000] {processor.py:830} INFO - Processing file /opt/airflow/dags/stackoverflow_migration_dag.py for tasks to queue
[2026-05-06T16:19:47.405+0000] {logging_mixin.py:188} INFO - [2026-05-06T16:19:47.403+0000] {dagbag.py:545} INFO - Filling up the DagBag from /opt/airflow/dags/stackoverflow_migration_dag.py
[2026-05-06T16:19:49.221+0000] {processor.py:840} INFO - DAG(s) 'stackoverflow_automated_mcp_pipeline' retrieved from /opt/airflow/dags/stackoverflow_migration_dag.py
[2026-05-06T16:19:49.252+0000] {logging_mixin.py:188} INFO - [2026-05-06T16:19:49.251+0000] {dag.py:3096} INFO - Sync 1 DAGs
[2026-05-06T16:19:49.329+0000] {logging_mixin.py:188} INFO - [2026-05-06T16:19:49.329+0000] {dag.py:3954} INFO - Setting next_dagrun for stackoverflow_automated_mcp_pipeline to 2026-05-06 00:00:00+00:00, run_after=2026-05-07 00:00:00+00:00
[2026-05-06T16:19:49.378+0000] {processor.py:183} INFO - Processing /opt/airflow/dags/stackoverflow_migration_dag.py took 1.997 seconds
[2026-05-06T16:20:19.733+0000] {processor.py:161} INFO - Started process (PID=355) to work on /opt/airflow/dags/stackoverflow_migration_dag.py
[2026-05-06T16:20:19.736+0000] {processor.py:830} INFO - Processing file /opt/airflow/dags/stackoverflow_migration_dag.py for tasks to queue
[2026-05-06T16:20:19.740+0000] {logging_mixin.py:188} INFO - [2026-05-06T16:20:19.739+0000] {dagbag.py:545} INFO - Filling up the DagBag from /opt/airflow/dags/stackoverflow_migration_dag.py
[2026-05-06T16:20:21.378+0000] {processor.py:840} INFO - DAG(s) 'stackoverflow_automated_mcp_pipeline' retrieved from /opt/airflow/dags/stackoverflow_migration_dag.py
[2026-05-06T16:20:21.400+0000] {logging_mixin.py:188} INFO - [2026-05-06T16:20:21.400+0000] {dag.py:3096} INFO - Sync 1 DAGs
[2026-05-06T16:20:21.452+0000] {logging_mixin.py:188} INFO - [2026-05-06T16:20:21.452+0000] {dag.py:3954} INFO - Setting next_dagrun for stackoverflow_automated_mcp_pipeline to 2026-05-06 00:00:00+00:00, run_after=2026-05-07 00:00:00+00:00
[2026-05-06T16:20:21.494+0000] {processor.py:183} INFO - Processing /opt/airflow/dags/stackoverflow_migration_dag.py took 1.771 seconds
[2026-05-06T16:20:51.860+0000] {processor.py:161} INFO - Started process (PID=360) to work on /opt/airflow/dags/stackoverflow_migration_dag.py
[2026-05-06T16:20:51.861+0000] {processor.py:830} INFO - Processing file /opt/airflow/dags/stackoverflow_migration_dag.py for tasks to queue
[2026-05-06T16:20:51.864+0000] {logging_mixin.py:188} INFO - [2026-05-06T16:20:51.864+0000] {dagbag.py:545} INFO - Filling up the DagBag from /opt/airflow/dags/stackoverflow_migration_dag.py
[2026-05-06T16:20:53.272+0000] {processor.py:840} INFO - DAG(s) 'stackoverflow_automated_mcp_pipeline' retrieved from /opt/airflow/dags/stackoverflow_migration_dag.py
[2026-05-06T16:20:53.294+0000] {logging_mixin.py:188} INFO - [2026-05-06T16:20:53.293+0000] {dag.py:3096} INFO - Sync 1 DAGs
[2026-05-06T16:20:53.348+0000] {logging_mixin.py:188} INFO - [2026-05-06T16:20:53.347+0000] {dag.py:3954} INFO - Setting next_dagrun for stackoverflow_automated_mcp_pipeline to 2026-05-06 00:00:00+00:00, run_after=2026-05-07 00:00:00+00:00
[2026-05-06T16:20:53.396+0000] {processor.py:183} INFO - Processing /opt/airflow/dags/stackoverflow_migration_dag.py took 1.547 seconds
[2026-05-06T16:21:23.763+0000] {processor.py:161} INFO - Started process (PID=365) to work on /opt/airflow/dags/stackoverflow_migration_dag.py
[2026-05-06T16:21:23.767+0000] {processor.py:830} INFO - Processing file /opt/airflow/dags/stackoverflow_migration_dag.py for tasks to queue
[2026-05-06T16:21:23.773+0000] {logging_mixin.py:188} INFO - [2026-05-06T16:21:23.772+0000] {dagbag.py:545} INFO - Filling up the DagBag from /opt/airflow/dags/stackoverflow_migration_dag.py
[2026-05-06T16:21:25.308+0000] {processor.py:840} INFO - DAG(s) 'stackoverflow_automated_mcp_pipeline' retrieved from /opt/airflow/dags/stackoverflow_migration_dag.py
[2026-05-06T16:21:25.330+0000] {logging_mixin.py:188} INFO - [2026-05-06T16:21:25.330+0000] {dag.py:3096} INFO - Sync 1 DAGs
[2026-05-06T16:21:25.385+0000] {logging_mixin.py:188} INFO - [2026-05-06T16:21:25.385+0000] {dag.py:3954} INFO - Setting next_dagrun for stackoverflow_automated_mcp_pipeline to 2026-05-06 00:00:00+00:00, run_after=2026-05-07 00:00:00+00:00
[2026-05-06T16:21:25.435+0000] {processor.py:183} INFO - Processing /opt/airflow/dags/stackoverflow_migration_dag.py took 1.691 seconds
[2026-05-06T16:21:55.592+0000] {processor.py:161} INFO - Started process (PID=370) to work on /opt/airflow/dags/stackoverflow_migration_dag.py
[2026-05-06T16:21:55.595+0000] {processor.py:830} INFO - Processing file /opt/airflow/dags/stackoverflow_migration_dag.py for tasks to queue
[2026-05-06T16:21:55.602+0000] {logging_mixin.py:188} INFO - [2026-05-06T16:21:55.601+0000] {dagbag.py:545} INFO - Filling up the DagBag from /opt/airflow/dags/stackoverflow_migration_dag.py
[2026-05-06T16:21:56.831+0000] {processor.py:840} INFO - DAG(s) 'stackoverflow_automated_mcp_pipeline' retrieved from /opt/airflow/dags/stackoverflow_migration_dag.py
[2026-05-06T16:21:56.871+0000] {logging_mixin.py:188} INFO - [2026-05-06T16:21:56.870+0000] {dag.py:3096} INFO - Sync 1 DAGs
[2026-05-06T16:21:56.960+0000] {logging_mixin.py:188} INFO - [2026-05-06T16:21:56.959+0000] {dag.py:3954} INFO - Setting next_dagrun for stackoverflow_automated_mcp_pipeline to 2026-05-06 00:00:00+00:00, run_after=2026-05-07 00:00:00+00:00
[2026-05-06T16:21:57.014+0000] {processor.py:183} INFO - Processing /opt/airflow/dags/stackoverflow_migration_dag.py took 1.445 seconds
[2026-05-06T16:22:27.381+0000] {processor.py:161} INFO - Started process (PID=375) to work on /opt/airflow/dags/stackoverflow_migration_dag.py
[2026-05-06T16:22:27.383+0000] {processor.py:830} INFO - Processing file /opt/airflow/dags/stackoverflow_migration_dag.py for tasks to queue
[2026-05-06T16:22:27.388+0000] {logging_mixin.py:188} INFO - [2026-05-06T16:22:27.387+0000] {dagbag.py:545} INFO - Filling up the DagBag from /opt/airflow/dags/stackoverflow_migration_dag.py
[2026-05-06T16:22:29.218+0000] {processor.py:840} INFO - DAG(s) 'stackoverflow_automated_mcp_pipeline' retrieved from /opt/airflow/dags/stackoverflow_migration_dag.py
[2026-05-06T16:22:29.240+0000] {logging_mixin.py:188} INFO - [2026-05-06T16:22:29.240+0000] {dag.py:3096} INFO - Sync 1 DAGs
[2026-05-06T16:22:29.294+0000] {logging_mixin.py:188} INFO - [2026-05-06T16:22:29.293+0000] {dag.py:3954} INFO - Setting next_dagrun for stackoverflow_automated_mcp_pipeline to 2026-05-06 00:00:00+00:00, run_after=2026-05-07 00:00:00+00:00
[2026-05-06T16:22:29.340+0000] {processor.py:183} INFO - Processing /opt/airflow/dags/stackoverflow_migration_dag.py took 1.974 seconds
[2026-05-06T16:22:59.731+0000] {processor.py:161} INFO - Started process (PID=380) to work on /opt/airflow/dags/stackoverflow_migration_dag.py
[2026-05-06T16:22:59.733+0000] {processor.py:830} INFO - Processing file /opt/airflow/dags/stackoverflow_migration_dag.py for tasks to queue
[2026-05-06T16:22:59.737+0000] {logging_mixin.py:188} INFO - [2026-05-06T16:22:59.736+0000] {dagbag.py:545} INFO - Filling up the DagBag from /opt/airflow/dags/stackoverflow_migration_dag.py
[2026-05-06T16:23:01.198+0000] {processor.py:840} INFO - DAG(s) 'stackoverflow_automated_mcp_pipeline' retrieved from /opt/airflow/dags/stackoverflow_migration_dag.py
[2026-05-06T16:23:01.223+0000] {logging_mixin.py:188} INFO - [2026-05-06T16:23:01.222+0000] {dag.py:3096} INFO - Sync 1 DAGs
[2026-05-06T16:23:01.281+0000] {logging_mixin.py:188} INFO - [2026-05-06T16:23:01.281+0000] {dag.py:3954} INFO - Setting next_dagrun for stackoverflow_automated_mcp_pipeline to 2026-05-06 00:00:00+00:00, run_after=2026-05-07 00:00:00+00:00
[2026-05-06T16:23:01.337+0000] {processor.py:183} INFO - Processing /opt/airflow/dags/stackoverflow_migration_dag.py took 1.616 seconds
[2026-05-06T16:23:31.729+0000] {processor.py:161} INFO - Started process (PID=385) to work on /opt/airflow/dags/stackoverflow_migration_dag.py
[2026-05-06T16:23:31.732+0000] {processor.py:830} INFO - Processing file /opt/airflow/dags/stackoverflow_migration_dag.py for tasks to queue
[2026-05-06T16:23:31.736+0000] {logging_mixin.py:188} INFO - [2026-05-06T16:23:31.735+0000] {dagbag.py:545} INFO - Filling up the DagBag from /opt/airflow/dags/stackoverflow_migration_dag.py
[2026-05-06T16:23:33.569+0000] {processor.py:840} INFO - DAG(s) 'stackoverflow_automated_mcp_pipeline' retrieved from /opt/airflow/dags/stackoverflow_migration_dag.py
[2026-05-06T16:23:33.599+0000] {logging_mixin.py:188} INFO - [2026-05-06T16:23:33.599+0000] {dag.py:3096} INFO - Sync 1 DAGs
[2026-05-06T16:23:33.666+0000] {logging_mixin.py:188} INFO - [2026-05-06T16:23:33.666+0000] {dag.py:3954} INFO - Setting next_dagrun for stackoverflow_automated_mcp_pipeline to 2026-05-06 00:00:00+00:00, run_after=2026-05-07 00:00:00+00:00
[2026-05-06T16:23:33.720+0000] {processor.py:183} INFO - Processing /opt/airflow/dags/stackoverflow_migration_dag.py took 2.003 seconds
[2026-05-06T16:24:04.050+0000] {processor.py:161} INFO - Started process (PID=390) to work on /opt/airflow/dags/stackoverflow_migration_dag.py
[2026-05-06T16:24:04.052+0000] {processor.py:830} INFO - Processing file /opt/airflow/dags/stackoverflow_migration_dag.py for tasks to queue
[2026-05-06T16:24:04.056+0000] {logging_mixin.py:188} INFO - [2026-05-06T16:24:04.056+0000] {dagbag.py:545} INFO - Filling up the DagBag from /opt/airflow/dags/stackoverflow_migration_dag.py
[2026-05-06T16:24:05.703+0000] {processor.py:840} INFO - DAG(s) 'stackoverflow_automated_mcp_pipeline' retrieved from /opt/airflow/dags/stackoverflow_migration_dag.py
[2026-05-06T16:24:05.731+0000] {logging_mixin.py:188} INFO - [2026-05-06T16:24:05.730+0000] {dag.py:3096} INFO - Sync 1 DAGs
[2026-05-06T16:24:05.796+0000] {logging_mixin.py:188} INFO - [2026-05-06T16:24:05.796+0000] {dag.py:3954} INFO - Setting next_dagrun for stackoverflow_automated_mcp_pipeline to 2026-05-06 00:00:00+00:00, run_after=2026-05-07 00:00:00+00:00
[2026-05-06T16:24:05.847+0000] {processor.py:183} INFO - Processing /opt/airflow/dags/stackoverflow_migration_dag.py took 1.808 seconds
[2026-05-06T16:24:36.295+0000] {processor.py:161} INFO - Started process (PID=395) to work on /opt/airflow/dags/stackoverflow_migration_dag.py
[2026-05-06T16:24:36.296+0000] {processor.py:830} INFO - Processing file /opt/airflow/dags/stackoverflow_migration_dag.py for tasks to queue
[2026-05-06T16:24:36.299+0000] {logging_mixin.py:188} INFO - [2026-05-06T16:24:36.299+0000] {dagbag.py:545} INFO - Filling up the DagBag from /opt/airflow/dags/stackoverflow_migration_dag.py
[2026-05-06T16:24:37.956+0000] {processor.py:840} INFO - DAG(s) 'stackoverflow_automated_mcp_pipeline' retrieved from /opt/airflow/dags/stackoverflow_migration_dag.py
[2026-05-06T16:24:37.977+0000] {logging_mixin.py:188} INFO - [2026-05-06T16:24:37.977+0000] {dag.py:3096} INFO - Sync 1 DAGs
[2026-05-06T16:24:38.066+0000] {logging_mixin.py:188} INFO - [2026-05-06T16:24:38.065+0000] {dag.py:3954} INFO - Setting next_dagrun for stackoverflow_automated_mcp_pipeline to 2026-05-06 00:00:00+00:00, run_after=2026-05-07 00:00:00+00:00
[2026-05-06T16:24:38.174+0000] {processor.py:183} INFO - Processing /opt/airflow/dags/stackoverflow_migration_dag.py took 1.889 seconds
[2026-05-06T16:25:08.618+0000] {processor.py:161} INFO - Started process (PID=400) to work on /opt/airflow/dags/stackoverflow_migration_dag.py
[2026-05-06T16:25:08.620+0000] {processor.py:830} INFO - Processing file /opt/airflow/dags/stackoverflow_migration_dag.py for tasks to queue
[2026-05-06T16:25:08.624+0000] {logging_mixin.py:188} INFO - [2026-05-06T16:25:08.624+0000] {dagbag.py:545} INFO - Filling up the DagBag from /opt/airflow/dags/stackoverflow_migration_dag.py
[2026-05-06T16:25:10.291+0000] {processor.py:840} INFO - DAG(s) 'stackoverflow_automated_mcp_pipeline' retrieved from /opt/airflow/dags/stackoverflow_migration_dag.py
[2026-05-06T16:25:10.332+0000] {logging_mixin.py:188} INFO - [2026-05-06T16:25:10.331+0000] {dag.py:3096} INFO - Sync 1 DAGs
[2026-05-06T16:25:10.431+0000] {logging_mixin.py:188} INFO - [2026-05-06T16:25:10.431+0000] {dag.py:3954} INFO - Setting next_dagrun for stackoverflow_automated_mcp_pipeline to 2026-05-06 00:00:00+00:00, run_after=2026-05-07 00:00:00+00:00
[2026-05-06T16:25:10.497+0000] {processor.py:183} INFO - Processing /opt/airflow/dags/stackoverflow_migration_dag.py took 1.889 seconds
[2026-05-06T16:25:40.891+0000] {processor.py:161} INFO - Started process (PID=405) to work on /opt/airflow/dags/stackoverflow_migration_dag.py
[2026-05-06T16:25:40.893+0000] {processor.py:830} INFO - Processing file /opt/airflow/dags/stackoverflow_migration_dag.py for tasks to queue
[2026-05-06T16:25:40.899+0000] {logging_mixin.py:188} INFO - [2026-05-06T16:25:40.898+0000] {dagbag.py:545} INFO - Filling up the DagBag from /opt/airflow/dags/stackoverflow_migration_dag.py
[2026-05-06T16:25:43.086+0000] {processor.py:840} INFO - DAG(s) 'stackoverflow_automated_mcp_pipeline' retrieved from /opt/airflow/dags/stackoverflow_migration_dag.py
[2026-05-06T16:25:43.116+0000] {logging_mixin.py:188} INFO - [2026-05-06T16:25:43.115+0000] {dag.py:3096} INFO - Sync 1 DAGs
[2026-05-06T16:25:43.189+0000] {logging_mixin.py:188} INFO - [2026-05-06T16:25:43.189+0000] {dag.py:3954} INFO - Setting next_dagrun for stackoverflow_automated_mcp_pipeline to 2026-05-06 00:00:00+00:00, run_after=2026-05-07 00:00:00+00:00
[2026-05-06T16:25:43.252+0000] {processor.py:183} INFO - Processing /opt/airflow/dags/stackoverflow_migration_dag.py took 2.376 seconds
[2026-05-06T17:11:00.181+0000] {processor.py:161} INFO - Started process (PID=165) to work on /opt/airflow/dags/stackoverflow_migration_dag.py
[2026-05-06T17:11:00.184+0000] {processor.py:830} INFO - Processing file /opt/airflow/dags/stackoverflow_migration_dag.py for tasks to queue
[2026-05-06T17:11:00.187+0000] {logging_mixin.py:188} INFO - [2026-05-06T17:11:00.186+0000] {dagbag.py:545} INFO - Filling up the DagBag from /opt/airflow/dags/stackoverflow_migration_dag.py
[2026-05-06T17:11:03.918+0000] {processor.py:840} INFO - DAG(s) 'stackoverflow_automated_mcp_pipeline' retrieved from /opt/airflow/dags/stackoverflow_migration_dag.py
[2026-05-06T17:11:03.929+0000] {logging_mixin.py:188} INFO - [2026-05-06T17:11:03.928+0000] {dag.py:3096} INFO - Sync 1 DAGs
[2026-05-06T17:11:04.040+0000] {logging_mixin.py:188} INFO - [2026-05-06T17:11:04.040+0000] {dag.py:3954} INFO - Setting next_dagrun for stackoverflow_automated_mcp_pipeline to 2026-05-06 00:00:00+00:00, run_after=2026-05-07 00:00:00+00:00
[2026-05-06T17:11:04.126+0000] {processor.py:183} INFO - Processing /opt/airflow/dags/stackoverflow_migration_dag.py took 3.962 seconds
[2026-05-06T17:11:34.611+0000] {processor.py:161} INFO - Started process (PID=170) to work on /opt/airflow/dags/stackoverflow_migration_dag.py
[2026-05-06T17:11:34.613+0000] {processor.py:830} INFO - Processing file /opt/airflow/dags/stackoverflow_migration_dag.py for tasks to queue
[2026-05-06T17:11:34.620+0000] {logging_mixin.py:188} INFO - [2026-05-06T17:11:34.619+0000] {dagbag.py:545} INFO - Filling up the DagBag from /opt/airflow/dags/stackoverflow_migration_dag.py
[2026-05-06T17:11:37.712+0000] {processor.py:840} INFO - DAG(s) 'stackoverflow_automated_mcp_pipeline' retrieved from /opt/airflow/dags/stackoverflow_migration_dag.py
[2026-05-06T17:11:38.813+0000] {logging_mixin.py:188} INFO - [2026-05-06T17:11:38.812+0000] {dag.py:3096} INFO - Sync 1 DAGs
[2026-05-06T17:11:38.914+0000] {logging_mixin.py:188} INFO - [2026-05-06T17:11:38.913+0000] {dag.py:3954} INFO - Setting next_dagrun for stackoverflow_automated_mcp_pipeline to 2026-05-06 00:00:00+00:00, run_after=2026-05-07 00:00:00+00:00
[2026-05-06T17:11:38.966+0000] {processor.py:183} INFO - Processing /opt/airflow/dags/stackoverflow_migration_dag.py took 4.370 seconds
[2026-05-06T17:12:09.454+0000] {processor.py:161} INFO - Started process (PID=175) to work on /opt/airflow/dags/stackoverflow_migration_dag.py
[2026-05-06T17:12:09.458+0000] {processor.py:830} INFO - Processing file /opt/airflow/dags/stackoverflow_migration_dag.py for tasks to queue
[2026-05-06T17:12:09.464+0000] {logging_mixin.py:188} INFO - [2026-05-06T17:12:09.463+0000] {dagbag.py:545} INFO - Filling up the DagBag from /opt/airflow/dags/stackoverflow_migration_dag.py
[2026-05-06T17:12:11.401+0000] {processor.py:840} INFO - DAG(s) 'stackoverflow_automated_mcp_pipeline' retrieved from /opt/airflow/dags/stackoverflow_migration_dag.py
[2026-05-06T17:12:11.451+0000] {logging_mixin.py:188} INFO - [2026-05-06T17:12:11.450+0000] {dag.py:3096} INFO - Sync 1 DAGs
[2026-05-06T17:12:11.550+0000] {logging_mixin.py:188} INFO - [2026-05-06T17:12:11.549+0000] {dag.py:3954} INFO - Setting next_dagrun for stackoverflow_automated_mcp_pipeline to 2026-05-06 00:00:00+00:00, run_after=2026-05-07 00:00:00+00:00
[2026-05-06T17:12:11.648+0000] {processor.py:183} INFO - Processing /opt/airflow/dags/stackoverflow_migration_dag.py took 2.227 seconds
[2026-05-06T17:12:41.852+0000] {processor.py:161} INFO - Started process (PID=180) to work on /opt/airflow/dags/stackoverflow_migration_dag.py
[2026-05-06T17:12:41.856+0000] {processor.py:830} INFO - Processing file /opt/airflow/dags/stackoverflow_migration_dag.py for tasks to queue
[2026-05-06T17:12:41.861+0000] {logging_mixin.py:188} INFO - [2026-05-06T17:12:41.860+0000] {dagbag.py:545} INFO - Filling up the DagBag from /opt/airflow/dags/stackoverflow_migration_dag.py
[2026-05-06T17:12:44.012+0000] {processor.py:840} INFO - DAG(s) 'stackoverflow_automated_mcp_pipeline' retrieved from /opt/airflow/dags/stackoverflow_migration_dag.py
[2026-05-06T17:12:44.050+0000] {logging_mixin.py:188} INFO - [2026-05-06T17:12:44.050+0000] {dag.py:3096} INFO - Sync 1 DAGs
[2026-05-06T17:12:44.152+0000] {logging_mixin.py:188} INFO - [2026-05-06T17:12:44.152+0000] {dag.py:3954} INFO - Setting next_dagrun for stackoverflow_automated_mcp_pipeline to 2026-05-06 00:00:00+00:00, run_after=2026-05-07 00:00:00+00:00
[2026-05-06T17:12:44.220+0000] {processor.py:183} INFO - Processing /opt/airflow/dags/stackoverflow_migration_dag.py took 2.384 seconds
[2026-05-06T17:13:14.691+0000] {processor.py:161} INFO - Started process (PID=185) to work on /opt/airflow/dags/stackoverflow_migration_dag.py
[2026-05-06T17:13:14.694+0000] {processor.py:830} INFO - Processing file /opt/airflow/dags/stackoverflow_migration_dag.py for tasks to queue
[2026-05-06T17:13:14.710+0000] {logging_mixin.py:188} INFO - [2026-05-06T17:13:14.709+0000] {dagbag.py:545} INFO - Filling up the DagBag from /opt/airflow/dags/stackoverflow_migration_dag.py
[2026-05-06T17:13:16.837+0000] {processor.py:840} INFO - DAG(s) 'stackoverflow_automated_mcp_pipeline' retrieved from /opt/airflow/dags/stackoverflow_migration_dag.py
[2026-05-06T17:13:16.880+0000] {logging_mixin.py:188} INFO - [2026-05-06T17:13:16.880+0000] {dag.py:3096} INFO - Sync 1 DAGs
[2026-05-06T17:13:16.979+0000] {logging_mixin.py:188} INFO - [2026-05-06T17:13:16.978+0000] {dag.py:3954} INFO - Setting next_dagrun for stackoverflow_automated_mcp_pipeline to 2026-05-06 00:00:00+00:00, run_after=2026-05-07 00:00:00+00:00
[2026-05-06T17:13:17.061+0000] {processor.py:183} INFO - Processing /opt/airflow/dags/stackoverflow_migration_dag.py took 2.383 seconds
[2026-05-06T17:13:47.481+0000] {processor.py:161} INFO - Started process (PID=190) to work on /opt/airflow/dags/stackoverflow_migration_dag.py
[2026-05-06T17:13:47.483+0000] {processor.py:830} INFO - Processing file /opt/airflow/dags/stackoverflow_migration_dag.py for tasks to queue
[2026-05-06T17:13:47.487+0000] {logging_mixin.py:188} INFO - [2026-05-06T17:13:47.487+0000] {dagbag.py:545} INFO - Filling up the DagBag from /opt/airflow/dags/stackoverflow_migration_dag.py
[2026-05-06T17:13:49.331+0000] {processor.py:840} INFO - DAG(s) 'stackoverflow_automated_mcp_pipeline' retrieved from /opt/airflow/dags/stackoverflow_migration_dag.py
[2026-05-06T17:13:49.356+0000] {logging_mixin.py:188} INFO - [2026-05-06T17:13:49.356+0000] {dag.py:3096} INFO - Sync 1 DAGs
[2026-05-06T17:13:49.578+0000] {logging_mixin.py:188} INFO - [2026-05-06T17:13:49.578+0000] {dag.py:3954} INFO - Setting next_dagrun for stackoverflow_automated_mcp_pipeline to 2026-05-06 00:00:00+00:00, run_after=2026-05-07 00:00:00+00:00
[2026-05-06T17:13:49.668+0000] {processor.py:183} INFO - Processing /opt/airflow/dags/stackoverflow_migration_dag.py took 2.197 seconds
[2026-05-06T17:15:41.391+0000] {processor.py:161} INFO - Started process (PID=164) to work on /opt/airflow/dags/stackoverflow_migration_dag.py
[2026-05-06T17:15:41.393+0000] {processor.py:830} INFO - Processing file /opt/airflow/dags/stackoverflow_migration_dag.py for tasks to queue
[2026-05-06T17:15:41.396+0000] {logging_mixin.py:188} INFO - [2026-05-06T17:15:41.396+0000] {dagbag.py:545} INFO - Filling up the DagBag from /opt/airflow/dags/stackoverflow_migration_dag.py
[2026-05-06T17:15:43.777+0000] {processor.py:840} INFO - DAG(s) 'stackoverflow_automated_mcp_pipeline' retrieved from /opt/airflow/dags/stackoverflow_migration_dag.py
[2026-05-06T17:15:43.795+0000] {logging_mixin.py:188} INFO - [2026-05-06T17:15:43.795+0000] {dag.py:3096} INFO - Sync 1 DAGs
[2026-05-06T17:15:43.896+0000] {logging_mixin.py:188} INFO - [2026-05-06T17:15:43.895+0000] {dag.py:3954} INFO - Setting next_dagrun for stackoverflow_automated_mcp_pipeline to 2026-05-06 00:00:00+00:00, run_after=2026-05-07 00:00:00+00:00
[2026-05-06T17:15:43.959+0000] {processor.py:183} INFO - Processing /opt/airflow/dags/stackoverflow_migration_dag.py took 2.601 seconds
[2026-05-06T17:16:14.562+0000] {processor.py:161} INFO - Started process (PID=169) to work on /opt/airflow/dags/stackoverflow_migration_dag.py
[2026-05-06T17:16:14.567+0000] {processor.py:830} INFO - Processing file /opt/airflow/dags/stackoverflow_migration_dag.py for tasks to queue
[2026-05-06T17:16:14.578+0000] {logging_mixin.py:188} INFO - [2026-05-06T17:16:14.575+0000] {dagbag.py:545} INFO - Filling up the DagBag from /opt/airflow/dags/stackoverflow_migration_dag.py
[2026-05-06T17:16:17.228+0000] {processor.py:840} INFO - DAG(s) 'stackoverflow_automated_mcp_pipeline' retrieved from /opt/airflow/dags/stackoverflow_migration_dag.py
[2026-05-06T17:16:17.810+0000] {logging_mixin.py:188} INFO - [2026-05-06T17:16:17.810+0000] {dag.py:3096} INFO - Sync 1 DAGs
[2026-05-06T17:16:17.893+0000] {logging_mixin.py:188} INFO - [2026-05-06T17:16:17.893+0000] {dag.py:3954} INFO - Setting next_dagrun for stackoverflow_automated_mcp_pipeline to 2026-05-06 00:00:00+00:00, run_after=2026-05-07 00:00:00+00:00
[2026-05-06T17:16:17.983+0000] {processor.py:183} INFO - Processing /opt/airflow/dags/stackoverflow_migration_dag.py took 3.448 seconds
[2026-05-06T17:16:48.549+0000] {processor.py:161} INFO - Started process (PID=174) to work on /opt/airflow/dags/stackoverflow_migration_dag.py
[2026-05-06T17:16:48.552+0000] {processor.py:830} INFO - Processing file /opt/airflow/dags/stackoverflow_migration_dag.py for tasks to queue
[2026-05-06T17:16:48.556+0000] {logging_mixin.py:188} INFO - [2026-05-06T17:16:48.556+0000] {dagbag.py:545} INFO - Filling up the DagBag from /opt/airflow/dags/stackoverflow_migration_dag.py
[2026-05-06T17:16:50.809+0000] {processor.py:840} INFO - DAG(s) 'stackoverflow_automated_mcp_pipeline' retrieved from /opt/airflow/dags/stackoverflow_migration_dag.py
[2026-05-06T17:16:50.859+0000] {logging_mixin.py:188} INFO - [2026-05-06T17:16:50.859+0000] {dag.py:3096} INFO - Sync 1 DAGs
[2026-05-06T17:16:50.984+0000] {logging_mixin.py:188} INFO - [2026-05-06T17:16:50.984+0000] {dag.py:3954} INFO - Setting next_dagrun for stackoverflow_automated_mcp_pipeline to 2026-05-06 00:00:00+00:00, run_after=2026-05-07 00:00:00+00:00
[2026-05-06T17:16:51.222+0000] {processor.py:183} INFO - Processing /opt/airflow/dags/stackoverflow_migration_dag.py took 2.687 seconds
[2026-05-06T17:17:21.979+0000] {processor.py:161} INFO - Started process (PID=181) to work on /opt/airflow/dags/stackoverflow_migration_dag.py
[2026-05-06T17:17:21.986+0000] {processor.py:830} INFO - Processing file /opt/airflow/dags/stackoverflow_migration_dag.py for tasks to queue
[2026-05-06T17:17:22.001+0000] {logging_mixin.py:188} INFO - [2026-05-06T17:17:21.998+0000] {dagbag.py:545} INFO - Filling up the DagBag from /opt/airflow/dags/stackoverflow_migration_dag.py
[2026-05-06T17:17:24.991+0000] {processor.py:840} INFO - DAG(s) 'stackoverflow_automated_mcp_pipeline' retrieved from /opt/airflow/dags/stackoverflow_migration_dag.py
[2026-05-06T17:17:25.041+0000] {logging_mixin.py:188} INFO - [2026-05-06T17:17:25.040+0000] {dag.py:3096} INFO - Sync 1 DAGs
[2026-05-06T17:17:25.171+0000] {logging_mixin.py:188} INFO - [2026-05-06T17:17:25.170+0000] {dag.py:3954} INFO - Setting next_dagrun for stackoverflow_automated_mcp_pipeline to 2026-05-06 00:00:00+00:00, run_after=2026-05-07 00:00:00+00:00
[2026-05-06T17:17:25.273+0000] {processor.py:183} INFO - Processing /opt/airflow/dags/stackoverflow_migration_dag.py took 3.332 seconds
[2026-05-06T17:17:55.837+0000] {processor.py:161} INFO - Started process (PID=186) to work on /opt/airflow/dags/stackoverflow_migration_dag.py
[2026-05-06T17:17:55.843+0000] {processor.py:830} INFO - Processing file /opt/airflow/dags/stackoverflow_migration_dag.py for tasks to queue
[2026-05-06T17:17:55.856+0000] {logging_mixin.py:188} INFO - [2026-05-06T17:17:55.854+0000] {dagbag.py:545} INFO - Filling up the DagBag from /opt/airflow/dags/stackoverflow_migration_dag.py
[2026-05-06T17:17:58.452+0000] {processor.py:840} INFO - DAG(s) 'stackoverflow_automated_mcp_pipeline' retrieved from /opt/airflow/dags/stackoverflow_migration_dag.py
[2026-05-06T17:17:58.494+0000] {logging_mixin.py:188} INFO - [2026-05-06T17:17:58.493+0000] {dag.py:3096} INFO - Sync 1 DAGs
[2026-05-06T17:17:58.592+0000] {logging_mixin.py:188} INFO - [2026-05-06T17:17:58.591+0000] {dag.py:3954} INFO - Setting next_dagrun for stackoverflow_automated_mcp_pipeline to 2026-05-06 00:00:00+00:00, run_after=2026-05-07 00:00:00+00:00
[2026-05-06T17:17:58.700+0000] {processor.py:183} INFO - Processing /opt/airflow/dags/stackoverflow_migration_dag.py took 2.904 seconds
[2026-05-06T17:18:29.510+0000] {processor.py:161} INFO - Started process (PID=191) to work on /opt/airflow/dags/stackoverflow_migration_dag.py
[2026-05-06T17:18:29.524+0000] {processor.py:830} INFO - Processing file /opt/airflow/dags/stackoverflow_migration_dag.py for tasks to queue
[2026-05-06T17:18:29.539+0000] {logging_mixin.py:188} INFO - [2026-05-06T17:18:29.537+0000] {dagbag.py:545} INFO - Filling up the DagBag from /opt/airflow/dags/stackoverflow_migration_dag.py
[2026-05-06T17:18:32.653+0000] {processor.py:840} INFO - DAG(s) 'stackoverflow_automated_mcp_pipeline' retrieved from /opt/airflow/dags/stackoverflow_migration_dag.py
[2026-05-06T17:18:32.700+0000] {logging_mixin.py:188} INFO - [2026-05-06T17:18:32.699+0000] {dag.py:3096} INFO - Sync 1 DAGs
[2026-05-06T17:18:32.828+0000] {logging_mixin.py:188} INFO - [2026-05-06T17:18:32.827+0000] {dag.py:3954} INFO - Setting next_dagrun for stackoverflow_automated_mcp_pipeline to 2026-05-06 00:00:00+00:00, run_after=2026-05-07 00:00:00+00:00
[2026-05-06T17:18:32.909+0000] {processor.py:183} INFO - Processing /opt/airflow/dags/stackoverflow_migration_dag.py took 3.452 seconds
[2026-05-06T17:19:03.286+0000] {processor.py:161} INFO - Started process (PID=196) to work on /opt/airflow/dags/stackoverflow_migration_dag.py
[2026-05-06T17:19:03.294+0000] {processor.py:830} INFO - Processing file /opt/airflow/dags/stackoverflow_migration_dag.py for tasks to queue
[2026-05-06T17:19:03.308+0000] {logging_mixin.py:188} INFO - [2026-05-06T17:19:03.306+0000] {dagbag.py:545} INFO - Filling up the DagBag from /opt/airflow/dags/stackoverflow_migration_dag.py
[2026-05-06T17:19:06.144+0000] {processor.py:840} INFO - DAG(s) 'stackoverflow_automated_mcp_pipeline' retrieved from /opt/airflow/dags/stackoverflow_migration_dag.py
[2026-05-06T17:19:06.184+0000] {logging_mixin.py:188} INFO - [2026-05-06T17:19:06.184+0000] {dag.py:3096} INFO - Sync 1 DAGs
[2026-05-06T17:19:06.288+0000] {logging_mixin.py:188} INFO - [2026-05-06T17:19:06.288+0000] {dag.py:3954} INFO - Setting next_dagrun for stackoverflow_automated_mcp_pipeline to 2026-05-06 00:00:00+00:00, run_after=2026-05-07 00:00:00+00:00
[2026-05-06T17:19:06.371+0000] {processor.py:183} INFO - Processing /opt/airflow/dags/stackoverflow_migration_dag.py took 3.132 seconds
[2026-05-06T17:19:36.743+0000] {processor.py:161} INFO - Started process (PID=214) to work on /opt/airflow/dags/stackoverflow_migration_dag.py
[2026-05-06T17:19:36.747+0000] {processor.py:830} INFO - Processing file /opt/airflow/dags/stackoverflow_migration_dag.py for tasks to queue
[2026-05-06T17:19:36.751+0000] {logging_mixin.py:188} INFO - [2026-05-06T17:19:36.750+0000] {dagbag.py:545} INFO - Filling up the DagBag from /opt/airflow/dags/stackoverflow_migration_dag.py
[2026-05-06T17:19:39.857+0000] {processor.py:840} INFO - DAG(s) 'stackoverflow_automated_mcp_pipeline' retrieved from /opt/airflow/dags/stackoverflow_migration_dag.py
[2026-05-06T17:19:39.896+0000] {logging_mixin.py:188} INFO - [2026-05-06T17:19:39.895+0000] {dag.py:3096} INFO - Sync 1 DAGs
[2026-05-06T17:19:40.005+0000] {logging_mixin.py:188} INFO - [2026-05-06T17:19:40.004+0000] {dag.py:3954} INFO - Setting next_dagrun for stackoverflow_automated_mcp_pipeline to 2026-05-06 00:00:00+00:00, run_after=2026-05-07 00:00:00+00:00
[2026-05-06T17:19:40.098+0000] {processor.py:183} INFO - Processing /opt/airflow/dags/stackoverflow_migration_dag.py took 3.370 seconds
[2026-05-06T17:20:10.555+0000] {processor.py:161} INFO - Started process (PID=232) to work on /opt/airflow/dags/stackoverflow_migration_dag.py
[2026-05-06T17:20:10.559+0000] {processor.py:830} INFO - Processing file /opt/airflow/dags/stackoverflow_migration_dag.py for tasks to queue
[2026-05-06T17:20:10.565+0000] {logging_mixin.py:188} INFO - [2026-05-06T17:20:10.564+0000] {dagbag.py:545} INFO - Filling up the DagBag from /opt/airflow/dags/stackoverflow_migration_dag.py
[2026-05-06T17:20:12.873+0000] {processor.py:840} INFO - DAG(s) 'stackoverflow_automated_mcp_pipeline' retrieved from /opt/airflow/dags/stackoverflow_migration_dag.py
[2026-05-06T17:20:12.918+0000] {logging_mixin.py:188} INFO - [2026-05-06T17:20:12.917+0000] {dag.py:3096} INFO - Sync 1 DAGs
[2026-05-06T17:20:13.024+0000] {logging_mixin.py:188} INFO - [2026-05-06T17:20:13.023+0000] {dag.py:3954} INFO - Setting next_dagrun for stackoverflow_automated_mcp_pipeline to 2026-05-06 00:00:00+00:00, run_after=2026-05-07 00:00:00+00:00
[2026-05-06T17:20:13.109+0000] {processor.py:183} INFO - Processing /opt/airflow/dags/stackoverflow_migration_dag.py took 2.573 seconds
[2026-05-06T17:20:43.319+0000] {processor.py:161} INFO - Started process (PID=250) to work on /opt/airflow/dags/stackoverflow_migration_dag.py
[2026-05-06T17:20:43.322+0000] {processor.py:830} INFO - Processing file /opt/airflow/dags/stackoverflow_migration_dag.py for tasks to queue
[2026-05-06T17:20:43.328+0000] {logging_mixin.py:188} INFO - [2026-05-06T17:20:43.327+0000] {dagbag.py:545} INFO - Filling up the DagBag from /opt/airflow/dags/stackoverflow_migration_dag.py
[2026-05-06T17:20:45.524+0000] {processor.py:840} INFO - DAG(s) 'stackoverflow_automated_mcp_pipeline' retrieved from /opt/airflow/dags/stackoverflow_migration_dag.py
[2026-05-06T17:20:45.563+0000] {logging_mixin.py:188} INFO - [2026-05-06T17:20:45.563+0000] {dag.py:3096} INFO - Sync 1 DAGs
[2026-05-06T17:20:45.710+0000] {logging_mixin.py:188} INFO - [2026-05-06T17:20:45.709+0000] {dag.py:3954} INFO - Setting next_dagrun for stackoverflow_automated_mcp_pipeline to 2026-05-06 00:00:00+00:00, run_after=2026-05-07 00:00:00+00:00
[2026-05-06T17:20:45.873+0000] {processor.py:183} INFO - Processing /opt/airflow/dags/stackoverflow_migration_dag.py took 2.572 seconds
[2026-05-06T17:21:16.524+0000] {processor.py:161} INFO - Started process (PID=255) to work on /opt/airflow/dags/stackoverflow_migration_dag.py
[2026-05-06T17:21:16.528+0000] {processor.py:830} INFO - Processing file /opt/airflow/dags/stackoverflow_migration_dag.py for tasks to queue
[2026-05-06T17:21:16.536+0000] {logging_mixin.py:188} INFO - [2026-05-06T17:21:16.535+0000] {dagbag.py:545} INFO - Filling up the DagBag from /opt/airflow/dags/stackoverflow_migration_dag.py
[2026-05-06T17:21:18.761+0000] {processor.py:840} INFO - DAG(s) 'stackoverflow_automated_mcp_pipeline' retrieved from /opt/airflow/dags/stackoverflow_migration_dag.py
[2026-05-06T17:21:18.804+0000] {logging_mixin.py:188} INFO - [2026-05-06T17:21:18.803+0000] {dag.py:3096} INFO - Sync 1 DAGs
[2026-05-06T17:21:18.915+0000] {logging_mixin.py:188} INFO - [2026-05-06T17:21:18.915+0000] {dag.py:3954} INFO - Setting next_dagrun for stackoverflow_automated_mcp_pipeline to 2026-05-06 00:00:00+00:00, run_after=2026-05-07 00:00:00+00:00
[2026-05-06T17:21:19.009+0000] {processor.py:183} INFO - Processing /opt/airflow/dags/stackoverflow_migration_dag.py took 2.509 seconds
[2026-05-06T17:21:49.272+0000] {processor.py:161} INFO - Started process (PID=260) to work on /opt/airflow/dags/stackoverflow_migration_dag.py
[2026-05-06T17:21:49.275+0000] {processor.py:830} INFO - Processing file /opt/airflow/dags/stackoverflow_migration_dag.py for tasks to queue
[2026-05-06T17:21:49.281+0000] {logging_mixin.py:188} INFO - [2026-05-06T17:21:49.280+0000] {dagbag.py:545} INFO - Filling up the DagBag from /opt/airflow/dags/stackoverflow_migration_dag.py
[2026-05-06T17:21:51.604+0000] {processor.py:840} INFO - DAG(s) 'stackoverflow_automated_mcp_pipeline' retrieved from /opt/airflow/dags/stackoverflow_migration_dag.py
[2026-05-06T17:21:51.645+0000] {logging_mixin.py:188} INFO - [2026-05-06T17:21:51.644+0000] {dag.py:3096} INFO - Sync 1 DAGs
[2026-05-06T17:21:51.752+0000] {logging_mixin.py:188} INFO - [2026-05-06T17:21:51.751+0000] {dag.py:3954} INFO - Setting next_dagrun for stackoverflow_automated_mcp_pipeline to 2026-05-06 00:00:00+00:00, run_after=2026-05-07 00:00:00+00:00
[2026-05-06T17:21:51.836+0000] {processor.py:183} INFO - Processing /opt/airflow/dags/stackoverflow_migration_dag.py took 2.582 seconds
[2026-05-06T17:22:22.231+0000] {processor.py:161} INFO - Started process (PID=266) to work on /opt/airflow/dags/stackoverflow_migration_dag.py
[2026-05-06T17:22:22.234+0000] {processor.py:830} INFO - Processing file /opt/airflow/dags/stackoverflow_migration_dag.py for tasks to queue
[2026-05-06T17:22:22.241+0000] {logging_mixin.py:188} INFO - [2026-05-06T17:22:22.239+0000] {dagbag.py:545} INFO - Filling up the DagBag from /opt/airflow/dags/stackoverflow_migration_dag.py
[2026-05-06T17:22:24.766+0000] {processor.py:840} INFO - DAG(s) 'stackoverflow_automated_mcp_pipeline' retrieved from /opt/airflow/dags/stackoverflow_migration_dag.py
[2026-05-06T17:22:24.825+0000] {logging_mixin.py:188} INFO - [2026-05-06T17:22:24.824+0000] {dag.py:3096} INFO - Sync 1 DAGs
[2026-05-06T17:22:24.928+0000] {logging_mixin.py:188} INFO - [2026-05-06T17:22:24.927+0000] {dag.py:3954} INFO - Setting next_dagrun for stackoverflow_automated_mcp_pipeline to 2026-05-06 00:00:00+00:00, run_after=2026-05-07 00:00:00+00:00
[2026-05-06T17:22:25.000+0000] {processor.py:183} INFO - Processing /opt/airflow/dags/stackoverflow_migration_dag.py took 2.793 seconds
[2026-05-06T17:22:55.676+0000] {processor.py:161} INFO - Started process (PID=283) to work on /opt/airflow/dags/stackoverflow_migration_dag.py
[2026-05-06T17:22:55.683+0000] {processor.py:830} INFO - Processing file /opt/airflow/dags/stackoverflow_migration_dag.py for tasks to queue
[2026-05-06T17:22:55.697+0000] {logging_mixin.py:188} INFO - [2026-05-06T17:22:55.695+0000] {dagbag.py:545} INFO - Filling up the DagBag from /opt/airflow/dags/stackoverflow_migration_dag.py
[2026-05-06T17:22:57.751+0000] {processor.py:840} INFO - DAG(s) 'stackoverflow_automated_mcp_pipeline' retrieved from /opt/airflow/dags/stackoverflow_migration_dag.py
[2026-05-06T17:22:57.796+0000] {logging_mixin.py:188} INFO - [2026-05-06T17:22:57.795+0000] {dag.py:3096} INFO - Sync 1 DAGs
[2026-05-06T17:22:57.909+0000] {logging_mixin.py:188} INFO - [2026-05-06T17:22:57.908+0000] {dag.py:3954} INFO - Setting next_dagrun for stackoverflow_automated_mcp_pipeline to 2026-05-06 00:00:00+00:00, run_after=2026-05-07 00:00:00+00:00
[2026-05-06T17:22:58.026+0000] {processor.py:183} INFO - Processing /opt/airflow/dags/stackoverflow_migration_dag.py took 2.387 seconds
[2026-05-06T17:23:28.375+0000] {processor.py:161} INFO - Started process (PID=301) to work on /opt/airflow/dags/stackoverflow_migration_dag.py
[2026-05-06T17:23:28.380+0000] {processor.py:830} INFO - Processing file /opt/airflow/dags/stackoverflow_migration_dag.py for tasks to queue
[2026-05-06T17:23:28.387+0000] {logging_mixin.py:188} INFO - [2026-05-06T17:23:28.385+0000] {dagbag.py:545} INFO - Filling up the DagBag from /opt/airflow/dags/stackoverflow_migration_dag.py
[2026-05-06T17:23:30.689+0000] {processor.py:840} INFO - DAG(s) 'stackoverflow_automated_mcp_pipeline' retrieved from /opt/airflow/dags/stackoverflow_migration_dag.py
[2026-05-06T17:23:30.751+0000] {logging_mixin.py:188} INFO - [2026-05-06T17:23:30.750+0000] {dag.py:3096} INFO - Sync 1 DAGs
[2026-05-06T17:23:30.859+0000] {logging_mixin.py:188} INFO - [2026-05-06T17:23:30.858+0000] {dag.py:3954} INFO - Setting next_dagrun for stackoverflow_automated_mcp_pipeline to 2026-05-06 00:00:00+00:00, run_after=2026-05-07 00:00:00+00:00
[2026-05-06T17:23:30.993+0000] {processor.py:183} INFO - Processing /opt/airflow/dags/stackoverflow_migration_dag.py took 2.636 seconds
[2026-05-06T17:24:01.591+0000] {processor.py:161} INFO - Started process (PID=319) to work on /opt/airflow/dags/stackoverflow_migration_dag.py
[2026-05-06T17:24:01.595+0000] {processor.py:830} INFO - Processing file /opt/airflow/dags/stackoverflow_migration_dag.py for tasks to queue
[2026-05-06T17:24:01.600+0000] {logging_mixin.py:188} INFO - [2026-05-06T17:24:01.599+0000] {dagbag.py:545} INFO - Filling up the DagBag from /opt/airflow/dags/stackoverflow_migration_dag.py
[2026-05-06T17:24:03.663+0000] {processor.py:840} INFO - DAG(s) 'stackoverflow_automated_mcp_pipeline' retrieved from /opt/airflow/dags/stackoverflow_migration_dag.py
[2026-05-06T17:24:03.703+0000] {logging_mixin.py:188} INFO - [2026-05-06T17:24:03.702+0000] {dag.py:3096} INFO - Sync 1 DAGs
[2026-05-06T17:24:03.803+0000] {logging_mixin.py:188} INFO - [2026-05-06T17:24:03.803+0000] {dag.py:3954} INFO - Setting next_dagrun for stackoverflow_automated_mcp_pipeline to 2026-05-06 00:00:00+00:00, run_after=2026-05-07 00:00:00+00:00
[2026-05-06T17:24:03.883+0000] {processor.py:183} INFO - Processing /opt/airflow/dags/stackoverflow_migration_dag.py took 2.309 seconds
[2026-05-06T17:24:34.542+0000] {processor.py:161} INFO - Started process (PID=324) to work on /opt/airflow/dags/stackoverflow_migration_dag.py
[2026-05-06T17:24:34.548+0000] {processor.py:830} INFO - Processing file /opt/airflow/dags/stackoverflow_migration_dag.py for tasks to queue
[2026-05-06T17:24:34.558+0000] {logging_mixin.py:188} INFO - [2026-05-06T17:24:34.557+0000] {dagbag.py:545} INFO - Filling up the DagBag from /opt/airflow/dags/stackoverflow_migration_dag.py
[2026-05-06T17:24:36.382+0000] {processor.py:840} INFO - DAG(s) 'stackoverflow_automated_mcp_pipeline' retrieved from /opt/airflow/dags/stackoverflow_migration_dag.py
[2026-05-06T17:24:36.411+0000] {logging_mixin.py:188} INFO - [2026-05-06T17:24:36.411+0000] {dag.py:3096} INFO - Sync 1 DAGs
[2026-05-06T17:24:36.478+0000] {logging_mixin.py:188} INFO - [2026-05-06T17:24:36.477+0000] {dag.py:3954} INFO - Setting next_dagrun for stackoverflow_automated_mcp_pipeline to 2026-05-06 00:00:00+00:00, run_after=2026-05-07 00:00:00+00:00
[2026-05-06T17:24:36.538+0000] {processor.py:183} INFO - Processing /opt/airflow/dags/stackoverflow_migration_dag.py took 2.027 seconds
[2026-05-06T17:25:07.025+0000] {processor.py:161} INFO - Started process (PID=329) to work on /opt/airflow/dags/stackoverflow_migration_dag.py
[2026-05-06T17:25:07.030+0000] {processor.py:830} INFO - Processing file /opt/airflow/dags/stackoverflow_migration_dag.py for tasks to queue
[2026-05-06T17:25:07.040+0000] {logging_mixin.py:188} INFO - [2026-05-06T17:25:07.039+0000] {dagbag.py:545} INFO - Filling up the DagBag from /opt/airflow/dags/stackoverflow_migration_dag.py
[2026-05-06T17:25:09.208+0000] {processor.py:840} INFO - DAG(s) 'stackoverflow_automated_mcp_pipeline' retrieved from /opt/airflow/dags/stackoverflow_migration_dag.py
[2026-05-06T17:25:09.272+0000] {logging_mixin.py:188} INFO - [2026-05-06T17:25:09.271+0000] {dag.py:3096} INFO - Sync 1 DAGs
[2026-05-06T17:25:09.413+0000] {logging_mixin.py:188} INFO - [2026-05-06T17:25:09.412+0000] {dag.py:3954} INFO - Setting next_dagrun for stackoverflow_automated_mcp_pipeline to 2026-05-06 00:00:00+00:00, run_after=2026-05-07 00:00:00+00:00
[2026-05-06T17:25:09.550+0000] {processor.py:183} INFO - Processing /opt/airflow/dags/stackoverflow_migration_dag.py took 2.553 seconds
[2026-05-06T17:25:40.322+0000] {processor.py:161} INFO - Started process (PID=334) to work on /opt/airflow/dags/stackoverflow_migration_dag.py
[2026-05-06T17:25:40.326+0000] {processor.py:830} INFO - Processing file /opt/airflow/dags/stackoverflow_migration_dag.py for tasks to queue
[2026-05-06T17:25:40.332+0000] {logging_mixin.py:188} INFO - [2026-05-06T17:25:40.331+0000] {dagbag.py:545} INFO - Filling up the DagBag from /opt/airflow/dags/stackoverflow_migration_dag.py
[2026-05-06T17:25:42.724+0000] {processor.py:840} INFO - DAG(s) 'stackoverflow_automated_mcp_pipeline' retrieved from /opt/airflow/dags/stackoverflow_migration_dag.py
[2026-05-06T17:25:42.780+0000] {logging_mixin.py:188} INFO - [2026-05-06T17:25:42.779+0000] {dag.py:3096} INFO - Sync 1 DAGs
[2026-05-06T17:25:42.933+0000] {logging_mixin.py:188} INFO - [2026-05-06T17:25:42.932+0000] {dag.py:3954} INFO - Setting next_dagrun for stackoverflow_automated_mcp_pipeline to 2026-05-06 00:00:00+00:00, run_after=2026-05-07 00:00:00+00:00
[2026-05-06T17:25:43.073+0000] {processor.py:183} INFO - Processing /opt/airflow/dags/stackoverflow_migration_dag.py took 2.772 seconds
[2026-05-06T17:26:13.869+0000] {processor.py:161} INFO - Started process (PID=339) to work on /opt/airflow/dags/stackoverflow_migration_dag.py
[2026-05-06T17:26:13.875+0000] {processor.py:830} INFO - Processing file /opt/airflow/dags/stackoverflow_migration_dag.py for tasks to queue
[2026-05-06T17:26:13.886+0000] {logging_mixin.py:188} INFO - [2026-05-06T17:26:13.884+0000] {dagbag.py:545} INFO - Filling up the DagBag from /opt/airflow/dags/stackoverflow_migration_dag.py
[2026-05-06T17:26:16.883+0000] {processor.py:840} INFO - DAG(s) 'stackoverflow_automated_mcp_pipeline' retrieved from /opt/airflow/dags/stackoverflow_migration_dag.py
[2026-05-06T17:26:16.922+0000] {logging_mixin.py:188} INFO - [2026-05-06T17:26:16.922+0000] {dag.py:3096} INFO - Sync 1 DAGs
[2026-05-06T17:26:17.019+0000] {logging_mixin.py:188} INFO - [2026-05-06T17:26:17.019+0000] {dag.py:3954} INFO - Setting next_dagrun for stackoverflow_automated_mcp_pipeline to 2026-05-06 00:00:00+00:00, run_after=2026-05-07 00:00:00+00:00
[2026-05-06T17:26:17.105+0000] {processor.py:183} INFO - Processing /opt/airflow/dags/stackoverflow_migration_dag.py took 3.268 seconds
[2026-05-06T17:26:47.440+0000] {processor.py:161} INFO - Started process (PID=344) to work on /opt/airflow/dags/stackoverflow_migration_dag.py
[2026-05-06T17:26:47.444+0000] {processor.py:830} INFO - Processing file /opt/airflow/dags/stackoverflow_migration_dag.py for tasks to queue
[2026-05-06T17:26:47.450+0000] {logging_mixin.py:188} INFO - [2026-05-06T17:26:47.449+0000] {dagbag.py:545} INFO - Filling up the DagBag from /opt/airflow/dags/stackoverflow_migration_dag.py
[2026-05-06T17:26:49.643+0000] {processor.py:840} INFO - DAG(s) 'stackoverflow_automated_mcp_pipeline' retrieved from /opt/airflow/dags/stackoverflow_migration_dag.py
[2026-05-06T17:26:49.680+0000] {logging_mixin.py:188} INFO - [2026-05-06T17:26:49.680+0000] {dag.py:3096} INFO - Sync 1 DAGs
[2026-05-06T17:26:49.781+0000] {logging_mixin.py:188} INFO - [2026-05-06T17:26:49.780+0000] {dag.py:3954} INFO - Setting next_dagrun for stackoverflow_automated_mcp_pipeline to 2026-05-06 00:00:00+00:00, run_after=2026-05-07 00:00:00+00:00
[2026-05-06T17:26:49.897+0000] {processor.py:183} INFO - Processing /opt/airflow/dags/stackoverflow_migration_dag.py took 2.476 seconds
[2026-05-06T17:27:20.197+0000] {processor.py:161} INFO - Started process (PID=349) to work on /opt/airflow/dags/stackoverflow_migration_dag.py
[2026-05-06T17:27:20.200+0000] {processor.py:830} INFO - Processing file /opt/airflow/dags/stackoverflow_migration_dag.py for tasks to queue
[2026-05-06T17:27:20.206+0000] {logging_mixin.py:188} INFO - [2026-05-06T17:27:20.205+0000] {dagbag.py:545} INFO - Filling up the DagBag from /opt/airflow/dags/stackoverflow_migration_dag.py
[2026-05-06T17:27:22.952+0000] {processor.py:840} INFO - DAG(s) 'stackoverflow_automated_mcp_pipeline' retrieved from /opt/airflow/dags/stackoverflow_migration_dag.py
[2026-05-06T17:27:23.001+0000] {logging_mixin.py:188} INFO - [2026-05-06T17:27:23.000+0000] {dag.py:3096} INFO - Sync 1 DAGs
[2026-05-06T17:27:23.112+0000] {logging_mixin.py:188} INFO - [2026-05-06T17:27:23.111+0000] {dag.py:3954} INFO - Setting next_dagrun for stackoverflow_automated_mcp_pipeline to 2026-05-06 00:00:00+00:00, run_after=2026-05-07 00:00:00+00:00
[2026-05-06T17:27:23.178+0000] {processor.py:183} INFO - Processing /opt/airflow/dags/stackoverflow_migration_dag.py took 2.999 seconds
[2026-05-06T17:27:53.732+0000] {processor.py:161} INFO - Started process (PID=354) to work on /opt/airflow/dags/stackoverflow_migration_dag.py
[2026-05-06T17:27:53.738+0000] {processor.py:830} INFO - Processing file /opt/airflow/dags/stackoverflow_migration_dag.py for tasks to queue
[2026-05-06T17:27:53.747+0000] {logging_mixin.py:188} INFO - [2026-05-06T17:27:53.746+0000] {dagbag.py:545} INFO - Filling up the DagBag from /opt/airflow/dags/stackoverflow_migration_dag.py
[2026-05-06T17:27:55.855+0000] {processor.py:840} INFO - DAG(s) 'stackoverflow_automated_mcp_pipeline' retrieved from /opt/airflow/dags/stackoverflow_migration_dag.py
[2026-05-06T17:27:55.898+0000] {logging_mixin.py:188} INFO - [2026-05-06T17:27:55.898+0000] {dag.py:3096} INFO - Sync 1 DAGs
[2026-05-06T17:27:56.001+0000] {logging_mixin.py:188} INFO - [2026-05-06T17:27:56.001+0000] {dag.py:3954} INFO - Setting next_dagrun for stackoverflow_automated_mcp_pipeline to 2026-05-06 00:00:00+00:00, run_after=2026-05-07 00:00:00+00:00
[2026-05-06T17:27:56.082+0000] {processor.py:183} INFO - Processing /opt/airflow/dags/stackoverflow_migration_dag.py took 2.376 seconds
[2026-05-06T17:28:26.764+0000] {processor.py:161} INFO - Started process (PID=359) to work on /opt/airflow/dags/stackoverflow_migration_dag.py
[2026-05-06T17:28:26.771+0000] {processor.py:830} INFO - Processing file /opt/airflow/dags/stackoverflow_migration_dag.py for tasks to queue
[2026-05-06T17:28:26.786+0000] {logging_mixin.py:188} INFO - [2026-05-06T17:28:26.784+0000] {dagbag.py:545} INFO - Filling up the DagBag from /opt/airflow/dags/stackoverflow_migration_dag.py
[2026-05-06T17:28:28.984+0000] {processor.py:840} INFO - DAG(s) 'stackoverflow_automated_mcp_pipeline' retrieved from /opt/airflow/dags/stackoverflow_migration_dag.py
[2026-05-06T17:28:29.021+0000] {logging_mixin.py:188} INFO - [2026-05-06T17:28:29.021+0000] {dag.py:3096} INFO - Sync 1 DAGs
[2026-05-06T17:28:29.118+0000] {logging_mixin.py:188} INFO - [2026-05-06T17:28:29.118+0000] {dag.py:3954} INFO - Setting next_dagrun for stackoverflow_automated_mcp_pipeline to 2026-05-06 00:00:00+00:00, run_after=2026-05-07 00:00:00+00:00
[2026-05-06T17:28:29.198+0000] {processor.py:183} INFO - Processing /opt/airflow/dags/stackoverflow_migration_dag.py took 2.484 seconds
[2026-05-06T17:28:59.691+0000] {processor.py:161} INFO - Started process (PID=364) to work on /opt/airflow/dags/stackoverflow_migration_dag.py
[2026-05-06T17:28:59.698+0000] {processor.py:830} INFO - Processing file /opt/airflow/dags/stackoverflow_migration_dag.py for tasks to queue
[2026-05-06T17:28:59.712+0000] {logging_mixin.py:188} INFO - [2026-05-06T17:28:59.710+0000] {dagbag.py:545} INFO - Filling up the DagBag from /opt/airflow/dags/stackoverflow_migration_dag.py
[2026-05-06T17:29:02.066+0000] {processor.py:840} INFO - DAG(s) 'stackoverflow_automated_mcp_pipeline' retrieved from /opt/airflow/dags/stackoverflow_migration_dag.py
[2026-05-06T17:29:02.120+0000] {logging_mixin.py:188} INFO - [2026-05-06T17:29:02.120+0000] {dag.py:3096} INFO - Sync 1 DAGs
[2026-05-06T17:29:02.257+0000] {logging_mixin.py:188} INFO - [2026-05-06T17:29:02.256+0000] {dag.py:3954} INFO - Setting next_dagrun for stackoverflow_automated_mcp_pipeline to 2026-05-06 00:00:00+00:00, run_after=2026-05-07 00:00:00+00:00
[2026-05-06T17:29:02.367+0000] {processor.py:183} INFO - Processing /opt/airflow/dags/stackoverflow_migration_dag.py took 2.705 seconds
[2026-05-06T17:29:33.054+0000] {processor.py:161} INFO - Started process (PID=369) to work on /opt/airflow/dags/stackoverflow_migration_dag.py
[2026-05-06T17:29:33.060+0000] {processor.py:830} INFO - Processing file /opt/airflow/dags/stackoverflow_migration_dag.py for tasks to queue
[2026-05-06T17:29:33.073+0000] {logging_mixin.py:188} INFO - [2026-05-06T17:29:33.071+0000] {dagbag.py:545} INFO - Filling up the DagBag from /opt/airflow/dags/stackoverflow_migration_dag.py
[2026-05-06T17:29:35.187+0000] {processor.py:840} INFO - DAG(s) 'stackoverflow_automated_mcp_pipeline' retrieved from /opt/airflow/dags/stackoverflow_migration_dag.py
[2026-05-06T17:29:35.243+0000] {logging_mixin.py:188} INFO - [2026-05-06T17:29:35.242+0000] {dag.py:3096} INFO - Sync 1 DAGs
[2026-05-06T17:29:35.387+0000] {logging_mixin.py:188} INFO - [2026-05-06T17:29:35.386+0000] {dag.py:3954} INFO - Setting next_dagrun for stackoverflow_automated_mcp_pipeline to 2026-05-06 00:00:00+00:00, run_after=2026-05-07 00:00:00+00:00
[2026-05-06T17:29:35.534+0000] {processor.py:183} INFO - Processing /opt/airflow/dags/stackoverflow_migration_dag.py took 2.519 seconds
[2026-05-06T17:30:06.164+0000] {processor.py:161} INFO - Started process (PID=374) to work on /opt/airflow/dags/stackoverflow_migration_dag.py
[2026-05-06T17:30:06.168+0000] {processor.py:830} INFO - Processing file /opt/airflow/dags/stackoverflow_migration_dag.py for tasks to queue
[2026-05-06T17:30:06.173+0000] {logging_mixin.py:188} INFO - [2026-05-06T17:30:06.172+0000] {dagbag.py:545} INFO - Filling up the DagBag from /opt/airflow/dags/stackoverflow_migration_dag.py
[2026-05-06T17:30:09.107+0000] {processor.py:840} INFO - DAG(s) 'stackoverflow_automated_mcp_pipeline' retrieved from /opt/airflow/dags/stackoverflow_migration_dag.py
[2026-05-06T17:30:09.156+0000] {logging_mixin.py:188} INFO - [2026-05-06T17:30:09.156+0000] {dag.py:3096} INFO - Sync 1 DAGs
[2026-05-06T17:30:09.309+0000] {logging_mixin.py:188} INFO - [2026-05-06T17:30:09.308+0000] {dag.py:3954} INFO - Setting next_dagrun for stackoverflow_automated_mcp_pipeline to 2026-05-06 00:00:00+00:00, run_after=2026-05-07 00:00:00+00:00
[2026-05-06T17:30:09.457+0000] {processor.py:183} INFO - Processing /opt/airflow/dags/stackoverflow_migration_dag.py took 3.309 seconds
[2026-05-06T17:30:39.929+0000] {processor.py:161} INFO - Started process (PID=379) to work on /opt/airflow/dags/stackoverflow_migration_dag.py
[2026-05-06T17:30:39.936+0000] {processor.py:830} INFO - Processing file /opt/airflow/dags/stackoverflow_migration_dag.py for tasks to queue
[2026-05-06T17:30:39.948+0000] {logging_mixin.py:188} INFO - [2026-05-06T17:30:39.946+0000] {dagbag.py:545} INFO - Filling up the DagBag from /opt/airflow/dags/stackoverflow_migration_dag.py
[2026-05-06T17:30:42.682+0000] {processor.py:840} INFO - DAG(s) 'stackoverflow_automated_mcp_pipeline' retrieved from /opt/airflow/dags/stackoverflow_migration_dag.py
[2026-05-06T17:30:42.754+0000] {logging_mixin.py:188} INFO - [2026-05-06T17:30:42.753+0000] {dag.py:3096} INFO - Sync 1 DAGs
[2026-05-06T17:30:42.943+0000] {logging_mixin.py:188} INFO - [2026-05-06T17:30:42.941+0000] {dag.py:3954} INFO - Setting next_dagrun for stackoverflow_automated_mcp_pipeline to 2026-05-06 00:00:00+00:00, run_after=2026-05-07 00:00:00+00:00
[2026-05-06T17:30:43.115+0000] {processor.py:183} INFO - Processing /opt/airflow/dags/stackoverflow_migration_dag.py took 3.222 seconds
[2026-05-06T17:31:13.808+0000] {processor.py:161} INFO - Started process (PID=384) to work on /opt/airflow/dags/stackoverflow_migration_dag.py
[2026-05-06T17:31:13.811+0000] {processor.py:830} INFO - Processing file /opt/airflow/dags/stackoverflow_migration_dag.py for tasks to queue
[2026-05-06T17:31:13.815+0000] {logging_mixin.py:188} INFO - [2026-05-06T17:31:13.814+0000] {dagbag.py:545} INFO - Filling up the DagBag from /opt/airflow/dags/stackoverflow_migration_dag.py
[2026-05-06T17:31:16.303+0000] {processor.py:840} INFO - DAG(s) 'stackoverflow_automated_mcp_pipeline' retrieved from /opt/airflow/dags/stackoverflow_migration_dag.py
[2026-05-06T17:31:16.344+0000] {logging_mixin.py:188} INFO - [2026-05-06T17:31:16.344+0000] {dag.py:3096} INFO - Sync 1 DAGs
[2026-05-06T17:31:16.465+0000] {logging_mixin.py:188} INFO - [2026-05-06T17:31:16.465+0000] {dag.py:3954} INFO - Setting next_dagrun for stackoverflow_automated_mcp_pipeline to 2026-05-06 00:00:00+00:00, run_after=2026-05-07 00:00:00+00:00
[2026-05-06T17:31:16.555+0000] {processor.py:183} INFO - Processing /opt/airflow/dags/stackoverflow_migration_dag.py took 2.762 seconds
[2026-05-06T17:31:47.257+0000] {processor.py:161} INFO - Started process (PID=389) to work on /opt/airflow/dags/stackoverflow_migration_dag.py
[2026-05-06T17:31:47.259+0000] {processor.py:830} INFO - Processing file /opt/airflow/dags/stackoverflow_migration_dag.py for tasks to queue
[2026-05-06T17:31:47.263+0000] {logging_mixin.py:188} INFO - [2026-05-06T17:31:47.263+0000] {dagbag.py:545} INFO - Filling up the DagBag from /opt/airflow/dags/stackoverflow_migration_dag.py
[2026-05-06T17:31:49.692+0000] {processor.py:840} INFO - DAG(s) 'stackoverflow_automated_mcp_pipeline' retrieved from /opt/airflow/dags/stackoverflow_migration_dag.py
[2026-05-06T17:31:49.904+0000] {logging_mixin.py:188} INFO - [2026-05-06T17:31:49.904+0000] {dag.py:3096} INFO - Sync 1 DAGs
[2026-05-06T17:31:50.017+0000] {logging_mixin.py:188} INFO - [2026-05-06T17:31:50.017+0000] {dag.py:3954} INFO - Setting next_dagrun for stackoverflow_automated_mcp_pipeline to 2026-05-06 00:00:00+00:00, run_after=2026-05-07 00:00:00+00:00
[2026-05-06T17:31:50.072+0000] {processor.py:183} INFO - Processing /opt/airflow/dags/stackoverflow_migration_dag.py took 2.826 seconds
[2026-05-06T17:32:20.693+0000] {processor.py:161} INFO - Started process (PID=394) to work on /opt/airflow/dags/stackoverflow_migration_dag.py
[2026-05-06T17:32:20.696+0000] {processor.py:830} INFO - Processing file /opt/airflow/dags/stackoverflow_migration_dag.py for tasks to queue
[2026-05-06T17:32:20.701+0000] {logging_mixin.py:188} INFO - [2026-05-06T17:32:20.700+0000] {dagbag.py:545} INFO - Filling up the DagBag from /opt/airflow/dags/stackoverflow_migration_dag.py
[2026-05-06T17:32:22.952+0000] {processor.py:840} INFO - DAG(s) 'stackoverflow_automated_mcp_pipeline' retrieved from /opt/airflow/dags/stackoverflow_migration_dag.py
[2026-05-06T17:32:22.977+0000] {logging_mixin.py:188} INFO - [2026-05-06T17:32:22.977+0000] {dag.py:3096} INFO - Sync 1 DAGs
[2026-05-06T17:32:23.079+0000] {logging_mixin.py:188} INFO - [2026-05-06T17:32:23.078+0000] {dag.py:3954} INFO - Setting next_dagrun for stackoverflow_automated_mcp_pipeline to 2026-05-06 00:00:00+00:00, run_after=2026-05-07 00:00:00+00:00
[2026-05-06T17:32:23.166+0000] {processor.py:183} INFO - Processing /opt/airflow/dags/stackoverflow_migration_dag.py took 2.487 seconds
