[2026-05-15T16:27:21.035+0000] {processor.py:161} INFO - Started process (PID=165) to work on /opt/airflow/dags/stackoverflow_migration_dag.py
[2026-05-15T16:27:21.037+0000] {processor.py:830} INFO - Processing file /opt/airflow/dags/stackoverflow_migration_dag.py for tasks to queue
[2026-05-15T16:27:21.041+0000] {logging_mixin.py:188} INFO - [2026-05-15T16:27:21.040+0000] {dagbag.py:545} INFO - Filling up the DagBag from /opt/airflow/dags/stackoverflow_migration_dag.py
[2026-05-15T16:27:21.114+0000] {processor.py:840} INFO - DAG(s) 'stackoverflow_medallion_pipeline' retrieved from /opt/airflow/dags/stackoverflow_migration_dag.py
[2026-05-15T16:27:21.195+0000] {logging_mixin.py:188} INFO - [2026-05-15T16:27:21.194+0000] {dag.py:3096} INFO - Sync 1 DAGs
[2026-05-15T16:27:21.279+0000] {logging_mixin.py:188} INFO - [2026-05-15T16:27:21.278+0000] {dag.py:3954} INFO - Setting next_dagrun for stackoverflow_medallion_pipeline to 2026-05-15 00:00:00+00:00, run_after=2026-05-16 00:00:00+00:00
[2026-05-15T16:27:21.365+0000] {processor.py:183} INFO - Processing /opt/airflow/dags/stackoverflow_migration_dag.py took 0.348 seconds
[2026-05-15T16:27:51.662+0000] {processor.py:161} INFO - Started process (PID=171) to work on /opt/airflow/dags/stackoverflow_migration_dag.py
[2026-05-15T16:27:51.664+0000] {processor.py:830} INFO - Processing file /opt/airflow/dags/stackoverflow_migration_dag.py for tasks to queue
[2026-05-15T16:27:51.668+0000] {logging_mixin.py:188} INFO - [2026-05-15T16:27:51.667+0000] {dagbag.py:545} INFO - Filling up the DagBag from /opt/airflow/dags/stackoverflow_migration_dag.py
[2026-05-15T16:27:51.698+0000] {processor.py:840} INFO - DAG(s) 'stackoverflow_medallion_pipeline' retrieved from /opt/airflow/dags/stackoverflow_migration_dag.py
[2026-05-15T16:27:51.997+0000] {logging_mixin.py:188} INFO - [2026-05-15T16:27:51.997+0000] {dag.py:3096} INFO - Sync 1 DAGs
[2026-05-15T16:27:52.041+0000] {logging_mixin.py:188} INFO - [2026-05-15T16:27:52.041+0000] {dag.py:3954} INFO - Setting next_dagrun for stackoverflow_medallion_pipeline to 2026-05-15 00:00:00+00:00, run_after=2026-05-16 00:00:00+00:00
[2026-05-15T16:27:52.081+0000] {processor.py:183} INFO - Processing /opt/airflow/dags/stackoverflow_migration_dag.py took 0.427 seconds
[2026-05-15T16:28:22.342+0000] {processor.py:161} INFO - Started process (PID=176) to work on /opt/airflow/dags/stackoverflow_migration_dag.py
[2026-05-15T16:28:22.345+0000] {processor.py:830} INFO - Processing file /opt/airflow/dags/stackoverflow_migration_dag.py for tasks to queue
[2026-05-15T16:28:22.352+0000] {logging_mixin.py:188} INFO - [2026-05-15T16:28:22.351+0000] {dagbag.py:545} INFO - Filling up the DagBag from /opt/airflow/dags/stackoverflow_migration_dag.py
[2026-05-15T16:28:22.394+0000] {processor.py:840} INFO - DAG(s) 'stackoverflow_medallion_pipeline' retrieved from /opt/airflow/dags/stackoverflow_migration_dag.py
[2026-05-15T16:28:22.478+0000] {logging_mixin.py:188} INFO - [2026-05-15T16:28:22.478+0000] {dag.py:3096} INFO - Sync 1 DAGs
[2026-05-15T16:28:22.541+0000] {logging_mixin.py:188} INFO - [2026-05-15T16:28:22.541+0000] {dag.py:3954} INFO - Setting next_dagrun for stackoverflow_medallion_pipeline to 2026-05-15 00:00:00+00:00, run_after=2026-05-16 00:00:00+00:00
[2026-05-15T16:28:22.590+0000] {processor.py:183} INFO - Processing /opt/airflow/dags/stackoverflow_migration_dag.py took 0.259 seconds
[2026-05-15T18:27:05.497+0000] {processor.py:161} INFO - Started process (PID=164) to work on /opt/airflow/dags/stackoverflow_migration_dag.py
[2026-05-15T18:27:05.500+0000] {processor.py:830} INFO - Processing file /opt/airflow/dags/stackoverflow_migration_dag.py for tasks to queue
[2026-05-15T18:27:05.504+0000] {logging_mixin.py:188} INFO - [2026-05-15T18:27:05.503+0000] {dagbag.py:545} INFO - Filling up the DagBag from /opt/airflow/dags/stackoverflow_migration_dag.py
[2026-05-15T18:27:09.823+0000] {processor.py:840} INFO - DAG(s) 'stackoverflow_medallion_pipeline_v2' retrieved from /opt/airflow/dags/stackoverflow_migration_dag.py
[2026-05-15T18:27:10.771+0000] {logging_mixin.py:188} INFO - [2026-05-15T18:27:10.770+0000] {dag.py:3096} INFO - Sync 1 DAGs
[2026-05-15T18:27:10.962+0000] {logging_mixin.py:188} INFO - [2026-05-15T18:27:10.962+0000] {dag.py:3954} INFO - Setting next_dagrun for stackoverflow_medallion_pipeline_v2 to 2026-05-14 00:00:00+00:00, run_after=2026-05-15 00:00:00+00:00
[2026-05-15T18:27:11.095+0000] {processor.py:183} INFO - Processing /opt/airflow/dags/stackoverflow_migration_dag.py took 5.626 seconds
[2026-05-15T18:27:41.625+0000] {processor.py:161} INFO - Started process (PID=169) to work on /opt/airflow/dags/stackoverflow_migration_dag.py
[2026-05-15T18:27:41.628+0000] {processor.py:830} INFO - Processing file /opt/airflow/dags/stackoverflow_migration_dag.py for tasks to queue
[2026-05-15T18:27:41.633+0000] {logging_mixin.py:188} INFO - [2026-05-15T18:27:41.632+0000] {dagbag.py:545} INFO - Filling up the DagBag from /opt/airflow/dags/stackoverflow_migration_dag.py
[2026-05-15T18:27:43.761+0000] {processor.py:840} INFO - DAG(s) 'stackoverflow_medallion_pipeline_v2' retrieved from /opt/airflow/dags/stackoverflow_migration_dag.py
[2026-05-15T18:27:43.847+0000] {logging_mixin.py:188} INFO - [2026-05-15T18:27:43.847+0000] {dag.py:3096} INFO - Sync 1 DAGs
[2026-05-15T18:27:43.936+0000] {logging_mixin.py:188} INFO - [2026-05-15T18:27:43.935+0000] {dag.py:3954} INFO - Setting next_dagrun for stackoverflow_medallion_pipeline_v2 to 2026-05-14 00:00:00+00:00, run_after=2026-05-15 00:00:00+00:00
[2026-05-15T18:27:44.004+0000] {processor.py:183} INFO - Processing /opt/airflow/dags/stackoverflow_migration_dag.py took 2.399 seconds
[2026-05-15T18:28:14.392+0000] {processor.py:161} INFO - Started process (PID=174) to work on /opt/airflow/dags/stackoverflow_migration_dag.py
[2026-05-15T18:28:14.394+0000] {processor.py:830} INFO - Processing file /opt/airflow/dags/stackoverflow_migration_dag.py for tasks to queue
[2026-05-15T18:28:14.395+0000] {logging_mixin.py:188} INFO - [2026-05-15T18:28:14.395+0000] {dagbag.py:545} INFO - Filling up the DagBag from /opt/airflow/dags/stackoverflow_migration_dag.py
[2026-05-15T18:28:16.047+0000] {processor.py:840} INFO - DAG(s) 'stackoverflow_medallion_pipeline_v2' retrieved from /opt/airflow/dags/stackoverflow_migration_dag.py
[2026-05-15T18:28:16.159+0000] {logging_mixin.py:188} INFO - [2026-05-15T18:28:16.159+0000] {dag.py:3096} INFO - Sync 1 DAGs
[2026-05-15T18:28:16.211+0000] {logging_mixin.py:188} INFO - [2026-05-15T18:28:16.211+0000] {dag.py:3954} INFO - Setting next_dagrun for stackoverflow_medallion_pipeline_v2 to 2026-05-14 00:00:00+00:00, run_after=2026-05-15 00:00:00+00:00
[2026-05-15T18:28:16.266+0000] {processor.py:183} INFO - Processing /opt/airflow/dags/stackoverflow_migration_dag.py took 1.886 seconds
[2026-05-15T18:28:46.789+0000] {processor.py:161} INFO - Started process (PID=181) to work on /opt/airflow/dags/stackoverflow_migration_dag.py
[2026-05-15T18:28:46.792+0000] {processor.py:830} INFO - Processing file /opt/airflow/dags/stackoverflow_migration_dag.py for tasks to queue
[2026-05-15T18:28:46.795+0000] {logging_mixin.py:188} INFO - [2026-05-15T18:28:46.794+0000] {dagbag.py:545} INFO - Filling up the DagBag from /opt/airflow/dags/stackoverflow_migration_dag.py
[2026-05-15T18:28:48.852+0000] {processor.py:840} INFO - DAG(s) 'stackoverflow_medallion_pipeline_v2' retrieved from /opt/airflow/dags/stackoverflow_migration_dag.py
[2026-05-15T18:28:49.010+0000] {logging_mixin.py:188} INFO - [2026-05-15T18:28:49.009+0000] {dag.py:3096} INFO - Sync 1 DAGs
[2026-05-15T18:28:49.111+0000] {logging_mixin.py:188} INFO - [2026-05-15T18:28:49.111+0000] {dag.py:3954} INFO - Setting next_dagrun for stackoverflow_medallion_pipeline_v2 to 2026-05-15 00:00:00+00:00, run_after=2026-05-16 00:00:00+00:00
[2026-05-15T18:28:49.198+0000] {processor.py:183} INFO - Processing /opt/airflow/dags/stackoverflow_migration_dag.py took 2.422 seconds
[2026-05-15T18:29:19.737+0000] {processor.py:161} INFO - Started process (PID=188) to work on /opt/airflow/dags/stackoverflow_migration_dag.py
[2026-05-15T18:29:19.740+0000] {processor.py:830} INFO - Processing file /opt/airflow/dags/stackoverflow_migration_dag.py for tasks to queue
[2026-05-15T18:29:19.744+0000] {logging_mixin.py:188} INFO - [2026-05-15T18:29:19.741+0000] {dagbag.py:545} INFO - Filling up the DagBag from /opt/airflow/dags/stackoverflow_migration_dag.py
[2026-05-15T18:29:20.939+0000] {processor.py:840} INFO - DAG(s) 'stackoverflow_medallion_pipeline_v2' retrieved from /opt/airflow/dags/stackoverflow_migration_dag.py
[2026-05-15T18:29:21.010+0000] {logging_mixin.py:188} INFO - [2026-05-15T18:29:21.010+0000] {dag.py:3096} INFO - Sync 1 DAGs
[2026-05-15T18:29:21.219+0000] {logging_mixin.py:188} INFO - [2026-05-15T18:29:21.218+0000] {dag.py:3954} INFO - Setting next_dagrun for stackoverflow_medallion_pipeline_v2 to 2026-05-15 00:00:00+00:00, run_after=2026-05-16 00:00:00+00:00
[2026-05-15T18:29:21.314+0000] {processor.py:183} INFO - Processing /opt/airflow/dags/stackoverflow_migration_dag.py took 1.589 seconds
[2026-05-15T18:29:51.647+0000] {processor.py:161} INFO - Started process (PID=193) to work on /opt/airflow/dags/stackoverflow_migration_dag.py
[2026-05-15T18:29:51.649+0000] {processor.py:830} INFO - Processing file /opt/airflow/dags/stackoverflow_migration_dag.py for tasks to queue
[2026-05-15T18:29:51.651+0000] {logging_mixin.py:188} INFO - [2026-05-15T18:29:51.650+0000] {dagbag.py:545} INFO - Filling up the DagBag from /opt/airflow/dags/stackoverflow_migration_dag.py
[2026-05-15T18:29:52.708+0000] {processor.py:840} INFO - DAG(s) 'stackoverflow_medallion_pipeline_v2' retrieved from /opt/airflow/dags/stackoverflow_migration_dag.py
[2026-05-15T18:29:52.792+0000] {logging_mixin.py:188} INFO - [2026-05-15T18:29:52.791+0000] {dag.py:3096} INFO - Sync 1 DAGs
[2026-05-15T18:29:52.881+0000] {logging_mixin.py:188} INFO - [2026-05-15T18:29:52.880+0000] {dag.py:3954} INFO - Setting next_dagrun for stackoverflow_medallion_pipeline_v2 to 2026-05-15 00:00:00+00:00, run_after=2026-05-16 00:00:00+00:00
[2026-05-15T18:29:52.956+0000] {processor.py:183} INFO - Processing /opt/airflow/dags/stackoverflow_migration_dag.py took 1.317 seconds
[2026-05-15T18:30:23.294+0000] {processor.py:161} INFO - Started process (PID=198) to work on /opt/airflow/dags/stackoverflow_migration_dag.py
[2026-05-15T18:30:23.295+0000] {processor.py:830} INFO - Processing file /opt/airflow/dags/stackoverflow_migration_dag.py for tasks to queue
[2026-05-15T18:30:23.297+0000] {logging_mixin.py:188} INFO - [2026-05-15T18:30:23.297+0000] {dagbag.py:545} INFO - Filling up the DagBag from /opt/airflow/dags/stackoverflow_migration_dag.py
[2026-05-15T18:30:24.873+0000] {processor.py:840} INFO - DAG(s) 'stackoverflow_medallion_pipeline_v2' retrieved from /opt/airflow/dags/stackoverflow_migration_dag.py
[2026-05-15T18:30:24.979+0000] {logging_mixin.py:188} INFO - [2026-05-15T18:30:24.978+0000] {dag.py:3096} INFO - Sync 1 DAGs
[2026-05-15T18:30:25.045+0000] {logging_mixin.py:188} INFO - [2026-05-15T18:30:25.045+0000] {dag.py:3954} INFO - Setting next_dagrun for stackoverflow_medallion_pipeline_v2 to 2026-05-15 00:00:00+00:00, run_after=2026-05-16 00:00:00+00:00
[2026-05-15T18:30:25.115+0000] {processor.py:183} INFO - Processing /opt/airflow/dags/stackoverflow_migration_dag.py took 1.831 seconds
[2026-05-15T18:30:55.550+0000] {processor.py:161} INFO - Started process (PID=205) to work on /opt/airflow/dags/stackoverflow_migration_dag.py
[2026-05-15T18:30:55.553+0000] {processor.py:830} INFO - Processing file /opt/airflow/dags/stackoverflow_migration_dag.py for tasks to queue
[2026-05-15T18:30:55.555+0000] {logging_mixin.py:188} INFO - [2026-05-15T18:30:55.554+0000] {dagbag.py:545} INFO - Filling up the DagBag from /opt/airflow/dags/stackoverflow_migration_dag.py
[2026-05-15T18:30:56.742+0000] {processor.py:840} INFO - DAG(s) 'stackoverflow_medallion_pipeline_v2' retrieved from /opt/airflow/dags/stackoverflow_migration_dag.py
[2026-05-15T18:30:56.880+0000] {logging_mixin.py:188} INFO - [2026-05-15T18:30:56.879+0000] {dag.py:3096} INFO - Sync 1 DAGs
[2026-05-15T18:30:56.976+0000] {logging_mixin.py:188} INFO - [2026-05-15T18:30:56.975+0000] {dag.py:3954} INFO - Setting next_dagrun for stackoverflow_medallion_pipeline_v2 to 2026-05-15 00:00:00+00:00, run_after=2026-05-16 00:00:00+00:00
[2026-05-15T18:30:57.054+0000] {processor.py:183} INFO - Processing /opt/airflow/dags/stackoverflow_migration_dag.py took 1.514 seconds
[2026-05-15T18:31:27.555+0000] {processor.py:161} INFO - Started process (PID=210) to work on /opt/airflow/dags/stackoverflow_migration_dag.py
[2026-05-15T18:31:27.558+0000] {processor.py:830} INFO - Processing file /opt/airflow/dags/stackoverflow_migration_dag.py for tasks to queue
[2026-05-15T18:31:27.559+0000] {logging_mixin.py:188} INFO - [2026-05-15T18:31:27.559+0000] {dagbag.py:545} INFO - Filling up the DagBag from /opt/airflow/dags/stackoverflow_migration_dag.py
[2026-05-15T18:31:28.686+0000] {processor.py:840} INFO - DAG(s) 'stackoverflow_medallion_pipeline_v2' retrieved from /opt/airflow/dags/stackoverflow_migration_dag.py
[2026-05-15T18:31:28.773+0000] {logging_mixin.py:188} INFO - [2026-05-15T18:31:28.773+0000] {dag.py:3096} INFO - Sync 1 DAGs
[2026-05-15T18:31:28.824+0000] {logging_mixin.py:188} INFO - [2026-05-15T18:31:28.823+0000] {dag.py:3954} INFO - Setting next_dagrun for stackoverflow_medallion_pipeline_v2 to 2026-05-15 00:00:00+00:00, run_after=2026-05-16 00:00:00+00:00
[2026-05-15T18:31:28.902+0000] {processor.py:183} INFO - Processing /opt/airflow/dags/stackoverflow_migration_dag.py took 1.359 seconds
[2026-05-15T18:31:59.375+0000] {processor.py:161} INFO - Started process (PID=215) to work on /opt/airflow/dags/stackoverflow_migration_dag.py
[2026-05-15T18:31:59.377+0000] {processor.py:830} INFO - Processing file /opt/airflow/dags/stackoverflow_migration_dag.py for tasks to queue
[2026-05-15T18:31:59.379+0000] {logging_mixin.py:188} INFO - [2026-05-15T18:31:59.378+0000] {dagbag.py:545} INFO - Filling up the DagBag from /opt/airflow/dags/stackoverflow_migration_dag.py
[2026-05-15T18:32:00.707+0000] {processor.py:840} INFO - DAG(s) 'stackoverflow_medallion_pipeline_v2' retrieved from /opt/airflow/dags/stackoverflow_migration_dag.py
[2026-05-15T18:32:00.784+0000] {logging_mixin.py:188} INFO - [2026-05-15T18:32:00.784+0000] {dag.py:3096} INFO - Sync 1 DAGs
[2026-05-15T18:32:00.840+0000] {logging_mixin.py:188} INFO - [2026-05-15T18:32:00.839+0000] {dag.py:3954} INFO - Setting next_dagrun for stackoverflow_medallion_pipeline_v2 to 2026-05-15 00:00:00+00:00, run_after=2026-05-16 00:00:00+00:00
[2026-05-15T18:32:00.892+0000] {processor.py:183} INFO - Processing /opt/airflow/dags/stackoverflow_migration_dag.py took 1.530 seconds
[2026-05-15T18:32:31.554+0000] {processor.py:161} INFO - Started process (PID=220) to work on /opt/airflow/dags/stackoverflow_migration_dag.py
[2026-05-15T18:32:31.557+0000] {processor.py:830} INFO - Processing file /opt/airflow/dags/stackoverflow_migration_dag.py for tasks to queue
[2026-05-15T18:32:31.561+0000] {logging_mixin.py:188} INFO - [2026-05-15T18:32:31.560+0000] {dagbag.py:545} INFO - Filling up the DagBag from /opt/airflow/dags/stackoverflow_migration_dag.py
[2026-05-15T18:32:32.767+0000] {processor.py:840} INFO - DAG(s) 'stackoverflow_medallion_pipeline_v2' retrieved from /opt/airflow/dags/stackoverflow_migration_dag.py
[2026-05-15T18:32:32.870+0000] {logging_mixin.py:188} INFO - [2026-05-15T18:32:32.870+0000] {dag.py:3096} INFO - Sync 1 DAGs
[2026-05-15T18:32:32.952+0000] {logging_mixin.py:188} INFO - [2026-05-15T18:32:32.952+0000] {dag.py:3954} INFO - Setting next_dagrun for stackoverflow_medallion_pipeline_v2 to 2026-05-15 00:00:00+00:00, run_after=2026-05-16 00:00:00+00:00
[2026-05-15T18:32:33.023+0000] {processor.py:183} INFO - Processing /opt/airflow/dags/stackoverflow_migration_dag.py took 1.490 seconds
[2026-05-15T18:33:03.616+0000] {processor.py:161} INFO - Started process (PID=225) to work on /opt/airflow/dags/stackoverflow_migration_dag.py
[2026-05-15T18:33:03.621+0000] {processor.py:830} INFO - Processing file /opt/airflow/dags/stackoverflow_migration_dag.py for tasks to queue
[2026-05-15T18:33:03.627+0000] {logging_mixin.py:188} INFO - [2026-05-15T18:33:03.625+0000] {dagbag.py:545} INFO - Filling up the DagBag from /opt/airflow/dags/stackoverflow_migration_dag.py
[2026-05-15T18:33:05.135+0000] {processor.py:840} INFO - DAG(s) 'stackoverflow_medallion_pipeline_v2' retrieved from /opt/airflow/dags/stackoverflow_migration_dag.py
[2026-05-15T18:33:05.241+0000] {logging_mixin.py:188} INFO - [2026-05-15T18:33:05.241+0000] {dag.py:3096} INFO - Sync 1 DAGs
[2026-05-15T18:33:05.317+0000] {logging_mixin.py:188} INFO - [2026-05-15T18:33:05.317+0000] {dag.py:3954} INFO - Setting next_dagrun for stackoverflow_medallion_pipeline_v2 to 2026-05-15 00:00:00+00:00, run_after=2026-05-16 00:00:00+00:00
[2026-05-15T18:33:05.380+0000] {processor.py:183} INFO - Processing /opt/airflow/dags/stackoverflow_migration_dag.py took 1.801 seconds
[2026-05-15T18:33:35.624+0000] {processor.py:161} INFO - Started process (PID=230) to work on /opt/airflow/dags/stackoverflow_migration_dag.py
[2026-05-15T18:33:35.626+0000] {processor.py:830} INFO - Processing file /opt/airflow/dags/stackoverflow_migration_dag.py for tasks to queue
[2026-05-15T18:33:35.627+0000] {logging_mixin.py:188} INFO - [2026-05-15T18:33:35.627+0000] {dagbag.py:545} INFO - Filling up the DagBag from /opt/airflow/dags/stackoverflow_migration_dag.py
[2026-05-15T18:33:36.785+0000] {processor.py:840} INFO - DAG(s) 'stackoverflow_medallion_pipeline_v2' retrieved from /opt/airflow/dags/stackoverflow_migration_dag.py
[2026-05-15T18:33:36.889+0000] {logging_mixin.py:188} INFO - [2026-05-15T18:33:36.889+0000] {dag.py:3096} INFO - Sync 1 DAGs
[2026-05-15T18:33:36.963+0000] {logging_mixin.py:188} INFO - [2026-05-15T18:33:36.963+0000] {dag.py:3954} INFO - Setting next_dagrun for stackoverflow_medallion_pipeline_v2 to 2026-05-15 00:00:00+00:00, run_after=2026-05-16 00:00:00+00:00
[2026-05-15T18:33:37.014+0000] {processor.py:183} INFO - Processing /opt/airflow/dags/stackoverflow_migration_dag.py took 1.399 seconds
[2026-05-15T18:34:07.234+0000] {processor.py:161} INFO - Started process (PID=235) to work on /opt/airflow/dags/stackoverflow_migration_dag.py
[2026-05-15T18:34:07.236+0000] {processor.py:830} INFO - Processing file /opt/airflow/dags/stackoverflow_migration_dag.py for tasks to queue
[2026-05-15T18:34:07.237+0000] {logging_mixin.py:188} INFO - [2026-05-15T18:34:07.237+0000] {dagbag.py:545} INFO - Filling up the DagBag from /opt/airflow/dags/stackoverflow_migration_dag.py
[2026-05-15T18:34:08.564+0000] {processor.py:840} INFO - DAG(s) 'stackoverflow_medallion_pipeline_v2' retrieved from /opt/airflow/dags/stackoverflow_migration_dag.py
[2026-05-15T18:34:08.658+0000] {logging_mixin.py:188} INFO - [2026-05-15T18:34:08.658+0000] {dag.py:3096} INFO - Sync 1 DAGs
[2026-05-15T18:34:08.709+0000] {logging_mixin.py:188} INFO - [2026-05-15T18:34:08.708+0000] {dag.py:3954} INFO - Setting next_dagrun for stackoverflow_medallion_pipeline_v2 to 2026-05-15 00:00:00+00:00, run_after=2026-05-16 00:00:00+00:00
[2026-05-15T18:34:08.757+0000] {processor.py:183} INFO - Processing /opt/airflow/dags/stackoverflow_migration_dag.py took 1.538 seconds
[2026-05-15T18:34:38.916+0000] {processor.py:161} INFO - Started process (PID=240) to work on /opt/airflow/dags/stackoverflow_migration_dag.py
[2026-05-15T18:34:38.919+0000] {processor.py:830} INFO - Processing file /opt/airflow/dags/stackoverflow_migration_dag.py for tasks to queue
[2026-05-15T18:34:38.920+0000] {logging_mixin.py:188} INFO - [2026-05-15T18:34:38.920+0000] {dagbag.py:545} INFO - Filling up the DagBag from /opt/airflow/dags/stackoverflow_migration_dag.py
[2026-05-15T18:34:41.220+0000] {processor.py:840} INFO - DAG(s) 'stackoverflow_medallion_pipeline_v2' retrieved from /opt/airflow/dags/stackoverflow_migration_dag.py
[2026-05-15T18:34:41.309+0000] {logging_mixin.py:188} INFO - [2026-05-15T18:34:41.308+0000] {dag.py:3096} INFO - Sync 1 DAGs
[2026-05-15T18:34:41.366+0000] {logging_mixin.py:188} INFO - [2026-05-15T18:34:41.366+0000] {dag.py:3954} INFO - Setting next_dagrun for stackoverflow_medallion_pipeline_v2 to 2026-05-15 00:00:00+00:00, run_after=2026-05-16 00:00:00+00:00
[2026-05-15T18:34:41.423+0000] {processor.py:183} INFO - Processing /opt/airflow/dags/stackoverflow_migration_dag.py took 2.521 seconds
[2026-05-15T18:35:11.636+0000] {processor.py:161} INFO - Started process (PID=245) to work on /opt/airflow/dags/stackoverflow_migration_dag.py
[2026-05-15T18:35:11.638+0000] {processor.py:830} INFO - Processing file /opt/airflow/dags/stackoverflow_migration_dag.py for tasks to queue
[2026-05-15T18:35:11.641+0000] {logging_mixin.py:188} INFO - [2026-05-15T18:35:11.640+0000] {dagbag.py:545} INFO - Filling up the DagBag from /opt/airflow/dags/stackoverflow_migration_dag.py
[2026-05-15T18:35:12.976+0000] {processor.py:840} INFO - DAG(s) 'stackoverflow_medallion_pipeline_v2' retrieved from /opt/airflow/dags/stackoverflow_migration_dag.py
[2026-05-15T18:35:13.048+0000] {logging_mixin.py:188} INFO - [2026-05-15T18:35:13.048+0000] {dag.py:3096} INFO - Sync 1 DAGs
[2026-05-15T18:35:13.125+0000] {logging_mixin.py:188} INFO - [2026-05-15T18:35:13.124+0000] {dag.py:3954} INFO - Setting next_dagrun for stackoverflow_medallion_pipeline_v2 to 2026-05-15 00:00:00+00:00, run_after=2026-05-16 00:00:00+00:00
[2026-05-15T18:35:13.195+0000] {processor.py:183} INFO - Processing /opt/airflow/dags/stackoverflow_migration_dag.py took 1.576 seconds
[2026-05-15T18:35:43.652+0000] {processor.py:161} INFO - Started process (PID=250) to work on /opt/airflow/dags/stackoverflow_migration_dag.py
[2026-05-15T18:35:43.654+0000] {processor.py:830} INFO - Processing file /opt/airflow/dags/stackoverflow_migration_dag.py for tasks to queue
[2026-05-15T18:35:43.655+0000] {logging_mixin.py:188} INFO - [2026-05-15T18:35:43.655+0000] {dagbag.py:545} INFO - Filling up the DagBag from /opt/airflow/dags/stackoverflow_migration_dag.py
[2026-05-15T18:35:44.958+0000] {processor.py:840} INFO - DAG(s) 'stackoverflow_medallion_pipeline_v2' retrieved from /opt/airflow/dags/stackoverflow_migration_dag.py
[2026-05-15T18:35:45.030+0000] {logging_mixin.py:188} INFO - [2026-05-15T18:35:45.030+0000] {dag.py:3096} INFO - Sync 1 DAGs
[2026-05-15T18:35:45.109+0000] {logging_mixin.py:188} INFO - [2026-05-15T18:35:45.109+0000] {dag.py:3954} INFO - Setting next_dagrun for stackoverflow_medallion_pipeline_v2 to 2026-05-15 00:00:00+00:00, run_after=2026-05-16 00:00:00+00:00
[2026-05-15T18:35:45.175+0000] {processor.py:183} INFO - Processing /opt/airflow/dags/stackoverflow_migration_dag.py took 1.531 seconds
[2026-05-15T18:36:15.579+0000] {processor.py:161} INFO - Started process (PID=257) to work on /opt/airflow/dags/stackoverflow_migration_dag.py
[2026-05-15T18:36:15.580+0000] {processor.py:830} INFO - Processing file /opt/airflow/dags/stackoverflow_migration_dag.py for tasks to queue
[2026-05-15T18:36:15.582+0000] {logging_mixin.py:188} INFO - [2026-05-15T18:36:15.581+0000] {dagbag.py:545} INFO - Filling up the DagBag from /opt/airflow/dags/stackoverflow_migration_dag.py
[2026-05-15T18:36:16.759+0000] {processor.py:840} INFO - DAG(s) 'stackoverflow_medallion_pipeline_v2' retrieved from /opt/airflow/dags/stackoverflow_migration_dag.py
[2026-05-15T18:36:16.860+0000] {logging_mixin.py:188} INFO - [2026-05-15T18:36:16.860+0000] {dag.py:3096} INFO - Sync 1 DAGs
[2026-05-15T18:36:16.948+0000] {logging_mixin.py:188} INFO - [2026-05-15T18:36:16.948+0000] {dag.py:3954} INFO - Setting next_dagrun for stackoverflow_medallion_pipeline_v2 to 2026-05-15 00:00:00+00:00, run_after=2026-05-16 00:00:00+00:00
[2026-05-15T18:36:17.020+0000] {processor.py:183} INFO - Processing /opt/airflow/dags/stackoverflow_migration_dag.py took 1.451 seconds
[2026-05-15T18:36:47.509+0000] {processor.py:161} INFO - Started process (PID=262) to work on /opt/airflow/dags/stackoverflow_migration_dag.py
[2026-05-15T18:36:47.511+0000] {processor.py:830} INFO - Processing file /opt/airflow/dags/stackoverflow_migration_dag.py for tasks to queue
[2026-05-15T18:36:47.513+0000] {logging_mixin.py:188} INFO - [2026-05-15T18:36:47.513+0000] {dagbag.py:545} INFO - Filling up the DagBag from /opt/airflow/dags/stackoverflow_migration_dag.py
[2026-05-15T18:36:48.778+0000] {processor.py:840} INFO - DAG(s) 'stackoverflow_medallion_pipeline_v2' retrieved from /opt/airflow/dags/stackoverflow_migration_dag.py
[2026-05-15T18:36:48.869+0000] {logging_mixin.py:188} INFO - [2026-05-15T18:36:48.869+0000] {dag.py:3096} INFO - Sync 1 DAGs
[2026-05-15T18:36:48.973+0000] {logging_mixin.py:188} INFO - [2026-05-15T18:36:48.973+0000] {dag.py:3954} INFO - Setting next_dagrun for stackoverflow_medallion_pipeline_v2 to 2026-05-15 00:00:00+00:00, run_after=2026-05-16 00:00:00+00:00
[2026-05-15T18:36:49.038+0000] {processor.py:183} INFO - Processing /opt/airflow/dags/stackoverflow_migration_dag.py took 1.542 seconds
[2026-05-15T18:37:19.556+0000] {processor.py:161} INFO - Started process (PID=267) to work on /opt/airflow/dags/stackoverflow_migration_dag.py
[2026-05-15T18:37:19.559+0000] {processor.py:830} INFO - Processing file /opt/airflow/dags/stackoverflow_migration_dag.py for tasks to queue
[2026-05-15T18:37:19.563+0000] {logging_mixin.py:188} INFO - [2026-05-15T18:37:19.562+0000] {dagbag.py:545} INFO - Filling up the DagBag from /opt/airflow/dags/stackoverflow_migration_dag.py
[2026-05-15T18:37:20.981+0000] {processor.py:840} INFO - DAG(s) 'stackoverflow_medallion_pipeline_v2' retrieved from /opt/airflow/dags/stackoverflow_migration_dag.py
[2026-05-15T18:37:21.085+0000] {logging_mixin.py:188} INFO - [2026-05-15T18:37:21.085+0000] {dag.py:3096} INFO - Sync 1 DAGs
[2026-05-15T18:37:21.173+0000] {logging_mixin.py:188} INFO - [2026-05-15T18:37:21.173+0000] {dag.py:3954} INFO - Setting next_dagrun for stackoverflow_medallion_pipeline_v2 to 2026-05-15 00:00:00+00:00, run_after=2026-05-16 00:00:00+00:00
[2026-05-15T18:37:21.248+0000] {processor.py:183} INFO - Processing /opt/airflow/dags/stackoverflow_migration_dag.py took 1.710 seconds
[2026-05-15T18:37:40.849+0000] {processor.py:161} INFO - Started process (PID=272) to work on /opt/airflow/dags/stackoverflow_migration_dag.py
[2026-05-15T18:37:40.852+0000] {processor.py:830} INFO - Processing file /opt/airflow/dags/stackoverflow_migration_dag.py for tasks to queue
[2026-05-15T18:37:40.856+0000] {logging_mixin.py:188} INFO - [2026-05-15T18:37:40.854+0000] {dagbag.py:545} INFO - Filling up the DagBag from /opt/airflow/dags/stackoverflow_migration_dag.py
[2026-05-15T18:37:41.993+0000] {logging_mixin.py:188} INFO - [2026-05-15T18:37:41.981+0000] {dagbag.py:355} ERROR - Failed to import: /opt/airflow/dags/stackoverflow_migration_dag.py
Traceback (most recent call last):
  File "/home/airflow/.local/lib/python3.12/site-packages/airflow/models/dagbag.py", line 351, in parse
    loader.exec_module(new_module)
  File "<frozen importlib._bootstrap_external>", line 995, in exec_module
  File "<frozen importlib._bootstrap>", line 488, in _call_with_frames_removed
  File "/opt/airflow/dags/stackoverflow_migration_dag.py", line 86, in <module>
    'retry_delay': timedelta(seconds=10),
             ^^^^^^^^^
NameError: name 'timedelta' is not defined
[2026-05-15T18:37:41.998+0000] {processor.py:842} WARNING - No viable dags retrieved from /opt/airflow/dags/stackoverflow_migration_dag.py
[2026-05-15T18:37:42.084+0000] {processor.py:183} INFO - Processing /opt/airflow/dags/stackoverflow_migration_dag.py took 1.256 seconds
[2026-05-15T18:38:12.203+0000] {processor.py:161} INFO - Started process (PID=277) to work on /opt/airflow/dags/stackoverflow_migration_dag.py
[2026-05-15T18:38:12.205+0000] {processor.py:830} INFO - Processing file /opt/airflow/dags/stackoverflow_migration_dag.py for tasks to queue
[2026-05-15T18:38:12.207+0000] {logging_mixin.py:188} INFO - [2026-05-15T18:38:12.206+0000] {dagbag.py:545} INFO - Filling up the DagBag from /opt/airflow/dags/stackoverflow_migration_dag.py
[2026-05-15T18:38:13.844+0000] {logging_mixin.py:188} INFO - [2026-05-15T18:38:13.821+0000] {dagbag.py:355} ERROR - Failed to import: /opt/airflow/dags/stackoverflow_migration_dag.py
Traceback (most recent call last):
  File "/home/airflow/.local/lib/python3.12/site-packages/airflow/models/dagbag.py", line 351, in parse
    loader.exec_module(new_module)
  File "<frozen importlib._bootstrap_external>", line 995, in exec_module
  File "<frozen importlib._bootstrap>", line 488, in _call_with_frames_removed
  File "/opt/airflow/dags/stackoverflow_migration_dag.py", line 86, in <module>
    'retry_delay': timedelta(seconds=10),
             ^^^^^^^^^
NameError: name 'timedelta' is not defined
[2026-05-15T18:38:13.855+0000] {processor.py:842} WARNING - No viable dags retrieved from /opt/airflow/dags/stackoverflow_migration_dag.py
[2026-05-15T18:38:13.989+0000] {processor.py:183} INFO - Processing /opt/airflow/dags/stackoverflow_migration_dag.py took 1.802 seconds
[2026-05-15T18:38:44.509+0000] {processor.py:161} INFO - Started process (PID=282) to work on /opt/airflow/dags/stackoverflow_migration_dag.py
[2026-05-15T18:38:44.511+0000] {processor.py:830} INFO - Processing file /opt/airflow/dags/stackoverflow_migration_dag.py for tasks to queue
[2026-05-15T18:38:44.513+0000] {logging_mixin.py:188} INFO - [2026-05-15T18:38:44.512+0000] {dagbag.py:545} INFO - Filling up the DagBag from /opt/airflow/dags/stackoverflow_migration_dag.py
[2026-05-15T18:38:45.900+0000] {logging_mixin.py:188} INFO - [2026-05-15T18:38:45.885+0000] {dagbag.py:355} ERROR - Failed to import: /opt/airflow/dags/stackoverflow_migration_dag.py
Traceback (most recent call last):
  File "/home/airflow/.local/lib/python3.12/site-packages/airflow/models/dagbag.py", line 351, in parse
    loader.exec_module(new_module)
  File "<frozen importlib._bootstrap_external>", line 995, in exec_module
  File "<frozen importlib._bootstrap>", line 488, in _call_with_frames_removed
  File "/opt/airflow/dags/stackoverflow_migration_dag.py", line 86, in <module>
    'retry_delay': timedelta(seconds=10),
             ^^^^^^^^^
NameError: name 'timedelta' is not defined
[2026-05-15T18:38:45.907+0000] {processor.py:842} WARNING - No viable dags retrieved from /opt/airflow/dags/stackoverflow_migration_dag.py
[2026-05-15T18:38:46.019+0000] {processor.py:183} INFO - Processing /opt/airflow/dags/stackoverflow_migration_dag.py took 1.525 seconds
[2026-05-15T18:39:16.397+0000] {processor.py:161} INFO - Started process (PID=287) to work on /opt/airflow/dags/stackoverflow_migration_dag.py
[2026-05-15T18:39:16.399+0000] {processor.py:830} INFO - Processing file /opt/airflow/dags/stackoverflow_migration_dag.py for tasks to queue
[2026-05-15T18:39:16.400+0000] {logging_mixin.py:188} INFO - [2026-05-15T18:39:16.400+0000] {dagbag.py:545} INFO - Filling up the DagBag from /opt/airflow/dags/stackoverflow_migration_dag.py
[2026-05-15T18:39:17.716+0000] {logging_mixin.py:188} INFO - [2026-05-15T18:39:17.705+0000] {dagbag.py:355} ERROR - Failed to import: /opt/airflow/dags/stackoverflow_migration_dag.py
Traceback (most recent call last):
  File "/home/airflow/.local/lib/python3.12/site-packages/airflow/models/dagbag.py", line 351, in parse
    loader.exec_module(new_module)
  File "<frozen importlib._bootstrap_external>", line 995, in exec_module
  File "<frozen importlib._bootstrap>", line 488, in _call_with_frames_removed
  File "/opt/airflow/dags/stackoverflow_migration_dag.py", line 86, in <module>
    'retry_delay': timedelta(seconds=10),
             ^^^^^^^^^
NameError: name 'timedelta' is not defined
[2026-05-15T18:39:17.722+0000] {processor.py:842} WARNING - No viable dags retrieved from /opt/airflow/dags/stackoverflow_migration_dag.py
[2026-05-15T18:39:17.801+0000] {processor.py:183} INFO - Processing /opt/airflow/dags/stackoverflow_migration_dag.py took 1.415 seconds
[2026-05-15T18:39:48.342+0000] {processor.py:161} INFO - Started process (PID=292) to work on /opt/airflow/dags/stackoverflow_migration_dag.py
[2026-05-15T18:39:48.344+0000] {processor.py:830} INFO - Processing file /opt/airflow/dags/stackoverflow_migration_dag.py for tasks to queue
[2026-05-15T18:39:48.346+0000] {logging_mixin.py:188} INFO - [2026-05-15T18:39:48.346+0000] {dagbag.py:545} INFO - Filling up the DagBag from /opt/airflow/dags/stackoverflow_migration_dag.py
[2026-05-15T18:39:50.359+0000] {logging_mixin.py:188} INFO - [2026-05-15T18:39:50.344+0000] {dagbag.py:355} ERROR - Failed to import: /opt/airflow/dags/stackoverflow_migration_dag.py
Traceback (most recent call last):
  File "/home/airflow/.local/lib/python3.12/site-packages/airflow/models/dagbag.py", line 351, in parse
    loader.exec_module(new_module)
  File "<frozen importlib._bootstrap_external>", line 995, in exec_module
  File "<frozen importlib._bootstrap>", line 488, in _call_with_frames_removed
  File "/opt/airflow/dags/stackoverflow_migration_dag.py", line 86, in <module>
    'retry_delay': timedelta(seconds=10),
             ^^^^^^^^^
NameError: name 'timedelta' is not defined
[2026-05-15T18:39:50.367+0000] {processor.py:842} WARNING - No viable dags retrieved from /opt/airflow/dags/stackoverflow_migration_dag.py
[2026-05-15T18:39:50.472+0000] {processor.py:183} INFO - Processing /opt/airflow/dags/stackoverflow_migration_dag.py took 2.140 seconds
[2026-05-15T18:40:20.764+0000] {processor.py:161} INFO - Started process (PID=297) to work on /opt/airflow/dags/stackoverflow_migration_dag.py
[2026-05-15T18:40:20.766+0000] {processor.py:830} INFO - Processing file /opt/airflow/dags/stackoverflow_migration_dag.py for tasks to queue
[2026-05-15T18:40:20.768+0000] {logging_mixin.py:188} INFO - [2026-05-15T18:40:20.767+0000] {dagbag.py:545} INFO - Filling up the DagBag from /opt/airflow/dags/stackoverflow_migration_dag.py
[2026-05-15T18:40:22.068+0000] {logging_mixin.py:188} INFO - [2026-05-15T18:40:22.057+0000] {dagbag.py:355} ERROR - Failed to import: /opt/airflow/dags/stackoverflow_migration_dag.py
Traceback (most recent call last):
  File "/home/airflow/.local/lib/python3.12/site-packages/airflow/models/dagbag.py", line 351, in parse
    loader.exec_module(new_module)
  File "<frozen importlib._bootstrap_external>", line 995, in exec_module
  File "<frozen importlib._bootstrap>", line 488, in _call_with_frames_removed
  File "/opt/airflow/dags/stackoverflow_migration_dag.py", line 86, in <module>
    'retry_delay': timedelta(seconds=10),
             ^^^^^^^^^
NameError: name 'timedelta' is not defined
[2026-05-15T18:40:22.073+0000] {processor.py:842} WARNING - No viable dags retrieved from /opt/airflow/dags/stackoverflow_migration_dag.py
[2026-05-15T18:40:22.176+0000] {processor.py:183} INFO - Processing /opt/airflow/dags/stackoverflow_migration_dag.py took 1.422 seconds
[2026-05-15T18:40:30.353+0000] {processor.py:161} INFO - Started process (PID=302) to work on /opt/airflow/dags/stackoverflow_migration_dag.py
[2026-05-15T18:40:30.356+0000] {processor.py:830} INFO - Processing file /opt/airflow/dags/stackoverflow_migration_dag.py for tasks to queue
[2026-05-15T18:40:30.357+0000] {logging_mixin.py:188} INFO - [2026-05-15T18:40:30.357+0000] {dagbag.py:545} INFO - Filling up the DagBag from /opt/airflow/dags/stackoverflow_migration_dag.py
[2026-05-15T18:40:31.536+0000] {processor.py:840} INFO - DAG(s) 'stackoverflow_medallion_pipeline_v2' retrieved from /opt/airflow/dags/stackoverflow_migration_dag.py
[2026-05-15T18:40:31.827+0000] {logging_mixin.py:188} INFO - [2026-05-15T18:40:31.826+0000] {dag.py:3096} INFO - Sync 1 DAGs
[2026-05-15T18:40:31.902+0000] {logging_mixin.py:188} INFO - [2026-05-15T18:40:31.902+0000] {dag.py:3954} INFO - Setting next_dagrun for stackoverflow_medallion_pipeline_v2 to 2026-05-15 00:00:00+00:00, run_after=2026-05-16 00:00:00+00:00
[2026-05-15T18:40:31.963+0000] {processor.py:183} INFO - Processing /opt/airflow/dags/stackoverflow_migration_dag.py took 1.620 seconds
[2026-05-15T18:40:34.236+0000] {processor.py:161} INFO - Started process (PID=307) to work on /opt/airflow/dags/stackoverflow_migration_dag.py
[2026-05-15T18:40:34.243+0000] {processor.py:830} INFO - Processing file /opt/airflow/dags/stackoverflow_migration_dag.py for tasks to queue
[2026-05-15T18:40:34.249+0000] {logging_mixin.py:188} INFO - [2026-05-15T18:40:34.247+0000] {dagbag.py:545} INFO - Filling up the DagBag from /opt/airflow/dags/stackoverflow_migration_dag.py
[2026-05-15T18:40:35.988+0000] {processor.py:840} INFO - DAG(s) 'stackoverflow_medallion_pipeline_v2' retrieved from /opt/airflow/dags/stackoverflow_migration_dag.py
[2026-05-15T18:40:36.047+0000] {logging_mixin.py:188} INFO - [2026-05-15T18:40:36.046+0000] {dag.py:3096} INFO - Sync 1 DAGs
[2026-05-15T18:40:36.111+0000] {logging_mixin.py:188} INFO - [2026-05-15T18:40:36.111+0000] {dag.py:3954} INFO - Setting next_dagrun for stackoverflow_medallion_pipeline_v2 to 2026-05-15 00:00:00+00:00, run_after=2026-05-16 00:00:00+00:00
[2026-05-15T18:40:36.185+0000] {processor.py:183} INFO - Processing /opt/airflow/dags/stackoverflow_migration_dag.py took 1.982 seconds
[2026-05-15T18:41:06.612+0000] {processor.py:161} INFO - Started process (PID=312) to work on /opt/airflow/dags/stackoverflow_migration_dag.py
[2026-05-15T18:41:06.614+0000] {processor.py:830} INFO - Processing file /opt/airflow/dags/stackoverflow_migration_dag.py for tasks to queue
[2026-05-15T18:41:06.616+0000] {logging_mixin.py:188} INFO - [2026-05-15T18:41:06.616+0000] {dagbag.py:545} INFO - Filling up the DagBag from /opt/airflow/dags/stackoverflow_migration_dag.py
[2026-05-15T18:41:08.060+0000] {processor.py:840} INFO - DAG(s) 'stackoverflow_medallion_pipeline_v2' retrieved from /opt/airflow/dags/stackoverflow_migration_dag.py
[2026-05-15T18:41:08.163+0000] {logging_mixin.py:188} INFO - [2026-05-15T18:41:08.162+0000] {dag.py:3096} INFO - Sync 1 DAGs
[2026-05-15T18:41:08.227+0000] {logging_mixin.py:188} INFO - [2026-05-15T18:41:08.227+0000] {dag.py:3954} INFO - Setting next_dagrun for stackoverflow_medallion_pipeline_v2 to 2026-05-15 00:00:00+00:00, run_after=2026-05-16 00:00:00+00:00
[2026-05-15T18:41:08.304+0000] {processor.py:183} INFO - Processing /opt/airflow/dags/stackoverflow_migration_dag.py took 1.703 seconds
[2026-05-15T18:41:38.844+0000] {processor.py:161} INFO - Started process (PID=317) to work on /opt/airflow/dags/stackoverflow_migration_dag.py
[2026-05-15T18:41:38.846+0000] {processor.py:830} INFO - Processing file /opt/airflow/dags/stackoverflow_migration_dag.py for tasks to queue
[2026-05-15T18:41:38.848+0000] {logging_mixin.py:188} INFO - [2026-05-15T18:41:38.847+0000] {dagbag.py:545} INFO - Filling up the DagBag from /opt/airflow/dags/stackoverflow_migration_dag.py
[2026-05-15T18:41:40.093+0000] {processor.py:840} INFO - DAG(s) 'stackoverflow_medallion_pipeline_v2' retrieved from /opt/airflow/dags/stackoverflow_migration_dag.py
[2026-05-15T18:41:40.157+0000] {logging_mixin.py:188} INFO - [2026-05-15T18:41:40.157+0000] {dag.py:3096} INFO - Sync 1 DAGs
[2026-05-15T18:41:40.206+0000] {logging_mixin.py:188} INFO - [2026-05-15T18:41:40.206+0000] {dag.py:3954} INFO - Setting next_dagrun for stackoverflow_medallion_pipeline_v2 to 2026-05-15 00:00:00+00:00, run_after=2026-05-16 00:00:00+00:00
[2026-05-15T18:41:40.250+0000] {processor.py:183} INFO - Processing /opt/airflow/dags/stackoverflow_migration_dag.py took 1.442 seconds
[2026-05-15T18:42:10.488+0000] {processor.py:161} INFO - Started process (PID=322) to work on /opt/airflow/dags/stackoverflow_migration_dag.py
[2026-05-15T18:42:10.492+0000] {processor.py:830} INFO - Processing file /opt/airflow/dags/stackoverflow_migration_dag.py for tasks to queue
[2026-05-15T18:42:10.496+0000] {logging_mixin.py:188} INFO - [2026-05-15T18:42:10.495+0000] {dagbag.py:545} INFO - Filling up the DagBag from /opt/airflow/dags/stackoverflow_migration_dag.py
[2026-05-15T18:42:11.734+0000] {processor.py:840} INFO - DAG(s) 'stackoverflow_medallion_pipeline_v2' retrieved from /opt/airflow/dags/stackoverflow_migration_dag.py
[2026-05-15T18:42:11.828+0000] {logging_mixin.py:188} INFO - [2026-05-15T18:42:11.827+0000] {dag.py:3096} INFO - Sync 1 DAGs
[2026-05-15T18:42:11.955+0000] {logging_mixin.py:188} INFO - [2026-05-15T18:42:11.954+0000] {dag.py:3954} INFO - Setting next_dagrun for stackoverflow_medallion_pipeline_v2 to 2026-05-15 00:00:00+00:00, run_after=2026-05-16 00:00:00+00:00
[2026-05-15T18:42:12.087+0000] {processor.py:183} INFO - Processing /opt/airflow/dags/stackoverflow_migration_dag.py took 1.620 seconds
[2026-05-15T18:42:42.559+0000] {processor.py:161} INFO - Started process (PID=327) to work on /opt/airflow/dags/stackoverflow_migration_dag.py
[2026-05-15T18:42:42.561+0000] {processor.py:830} INFO - Processing file /opt/airflow/dags/stackoverflow_migration_dag.py for tasks to queue
[2026-05-15T18:42:42.564+0000] {logging_mixin.py:188} INFO - [2026-05-15T18:42:42.563+0000] {dagbag.py:545} INFO - Filling up the DagBag from /opt/airflow/dags/stackoverflow_migration_dag.py
[2026-05-15T18:42:44.389+0000] {processor.py:840} INFO - DAG(s) 'stackoverflow_medallion_pipeline_v2' retrieved from /opt/airflow/dags/stackoverflow_migration_dag.py
[2026-05-15T18:42:44.482+0000] {logging_mixin.py:188} INFO - [2026-05-15T18:42:44.482+0000] {dag.py:3096} INFO - Sync 1 DAGs
[2026-05-15T18:42:44.565+0000] {logging_mixin.py:188} INFO - [2026-05-15T18:42:44.565+0000] {dag.py:3954} INFO - Setting next_dagrun for stackoverflow_medallion_pipeline_v2 to 2026-05-15 00:00:00+00:00, run_after=2026-05-16 00:00:00+00:00
[2026-05-15T18:42:44.627+0000] {processor.py:183} INFO - Processing /opt/airflow/dags/stackoverflow_migration_dag.py took 2.077 seconds
[2026-05-15T18:43:15.024+0000] {processor.py:161} INFO - Started process (PID=332) to work on /opt/airflow/dags/stackoverflow_migration_dag.py
[2026-05-15T18:43:15.027+0000] {processor.py:830} INFO - Processing file /opt/airflow/dags/stackoverflow_migration_dag.py for tasks to queue
[2026-05-15T18:43:15.029+0000] {logging_mixin.py:188} INFO - [2026-05-15T18:43:15.028+0000] {dagbag.py:545} INFO - Filling up the DagBag from /opt/airflow/dags/stackoverflow_migration_dag.py
[2026-05-15T18:43:16.718+0000] {processor.py:840} INFO - DAG(s) 'stackoverflow_medallion_pipeline_v2' retrieved from /opt/airflow/dags/stackoverflow_migration_dag.py
[2026-05-15T18:43:16.811+0000] {logging_mixin.py:188} INFO - [2026-05-15T18:43:16.811+0000] {dag.py:3096} INFO - Sync 1 DAGs
[2026-05-15T18:43:16.906+0000] {logging_mixin.py:188} INFO - [2026-05-15T18:43:16.905+0000] {dag.py:3954} INFO - Setting next_dagrun for stackoverflow_medallion_pipeline_v2 to 2026-05-15 00:00:00+00:00, run_after=2026-05-16 00:00:00+00:00
[2026-05-15T18:43:16.947+0000] {processor.py:183} INFO - Processing /opt/airflow/dags/stackoverflow_migration_dag.py took 1.939 seconds
[2026-05-15T18:43:47.429+0000] {processor.py:161} INFO - Started process (PID=337) to work on /opt/airflow/dags/stackoverflow_migration_dag.py
[2026-05-15T18:43:47.431+0000] {processor.py:830} INFO - Processing file /opt/airflow/dags/stackoverflow_migration_dag.py for tasks to queue
[2026-05-15T18:43:47.433+0000] {logging_mixin.py:188} INFO - [2026-05-15T18:43:47.432+0000] {dagbag.py:545} INFO - Filling up the DagBag from /opt/airflow/dags/stackoverflow_migration_dag.py
[2026-05-15T18:43:49.021+0000] {processor.py:840} INFO - DAG(s) 'stackoverflow_medallion_pipeline_v2' retrieved from /opt/airflow/dags/stackoverflow_migration_dag.py
[2026-05-15T18:43:49.162+0000] {logging_mixin.py:188} INFO - [2026-05-15T18:43:49.162+0000] {dag.py:3096} INFO - Sync 1 DAGs
[2026-05-15T18:43:49.234+0000] {logging_mixin.py:188} INFO - [2026-05-15T18:43:49.234+0000] {dag.py:3954} INFO - Setting next_dagrun for stackoverflow_medallion_pipeline_v2 to 2026-05-15 00:00:00+00:00, run_after=2026-05-16 00:00:00+00:00
[2026-05-15T18:43:49.290+0000] {processor.py:183} INFO - Processing /opt/airflow/dags/stackoverflow_migration_dag.py took 1.872 seconds
[2026-05-15T18:44:19.776+0000] {processor.py:161} INFO - Started process (PID=342) to work on /opt/airflow/dags/stackoverflow_migration_dag.py
[2026-05-15T18:44:19.778+0000] {processor.py:830} INFO - Processing file /opt/airflow/dags/stackoverflow_migration_dag.py for tasks to queue
[2026-05-15T18:44:19.780+0000] {logging_mixin.py:188} INFO - [2026-05-15T18:44:19.779+0000] {dagbag.py:545} INFO - Filling up the DagBag from /opt/airflow/dags/stackoverflow_migration_dag.py
[2026-05-15T18:44:21.115+0000] {processor.py:840} INFO - DAG(s) 'stackoverflow_medallion_pipeline_v2' retrieved from /opt/airflow/dags/stackoverflow_migration_dag.py
[2026-05-15T18:44:21.189+0000] {logging_mixin.py:188} INFO - [2026-05-15T18:44:21.189+0000] {dag.py:3096} INFO - Sync 1 DAGs
[2026-05-15T18:44:21.252+0000] {logging_mixin.py:188} INFO - [2026-05-15T18:44:21.252+0000] {dag.py:3954} INFO - Setting next_dagrun for stackoverflow_medallion_pipeline_v2 to 2026-05-15 00:00:00+00:00, run_after=2026-05-16 00:00:00+00:00
[2026-05-15T18:44:21.295+0000] {processor.py:183} INFO - Processing /opt/airflow/dags/stackoverflow_migration_dag.py took 1.533 seconds
[2026-05-15T18:44:51.902+0000] {processor.py:161} INFO - Started process (PID=347) to work on /opt/airflow/dags/stackoverflow_migration_dag.py
[2026-05-15T18:44:51.905+0000] {processor.py:830} INFO - Processing file /opt/airflow/dags/stackoverflow_migration_dag.py for tasks to queue
[2026-05-15T18:44:51.907+0000] {logging_mixin.py:188} INFO - [2026-05-15T18:44:51.906+0000] {dagbag.py:545} INFO - Filling up the DagBag from /opt/airflow/dags/stackoverflow_migration_dag.py
[2026-05-15T18:44:53.747+0000] {processor.py:840} INFO - DAG(s) 'stackoverflow_medallion_pipeline_v2' retrieved from /opt/airflow/dags/stackoverflow_migration_dag.py
[2026-05-15T18:44:53.854+0000] {logging_mixin.py:188} INFO - [2026-05-15T18:44:53.853+0000] {dag.py:3096} INFO - Sync 1 DAGs
[2026-05-15T18:44:53.927+0000] {logging_mixin.py:188} INFO - [2026-05-15T18:44:53.927+0000] {dag.py:3954} INFO - Setting next_dagrun for stackoverflow_medallion_pipeline_v2 to 2026-05-15 00:00:00+00:00, run_after=2026-05-16 00:00:00+00:00
[2026-05-15T18:44:53.973+0000] {processor.py:183} INFO - Processing /opt/airflow/dags/stackoverflow_migration_dag.py took 2.089 seconds
[2026-05-15T18:45:24.258+0000] {processor.py:161} INFO - Started process (PID=352) to work on /opt/airflow/dags/stackoverflow_migration_dag.py
[2026-05-15T18:45:24.260+0000] {processor.py:830} INFO - Processing file /opt/airflow/dags/stackoverflow_migration_dag.py for tasks to queue
[2026-05-15T18:45:24.261+0000] {logging_mixin.py:188} INFO - [2026-05-15T18:45:24.261+0000] {dagbag.py:545} INFO - Filling up the DagBag from /opt/airflow/dags/stackoverflow_migration_dag.py
[2026-05-15T18:45:25.928+0000] {processor.py:840} INFO - DAG(s) 'stackoverflow_medallion_pipeline_v2' retrieved from /opt/airflow/dags/stackoverflow_migration_dag.py
[2026-05-15T18:45:26.009+0000] {logging_mixin.py:188} INFO - [2026-05-15T18:45:26.009+0000] {dag.py:3096} INFO - Sync 1 DAGs
[2026-05-15T18:45:26.091+0000] {logging_mixin.py:188} INFO - [2026-05-15T18:45:26.091+0000] {dag.py:3954} INFO - Setting next_dagrun for stackoverflow_medallion_pipeline_v2 to 2026-05-15 00:00:00+00:00, run_after=2026-05-16 00:00:00+00:00
[2026-05-15T18:45:26.168+0000] {processor.py:183} INFO - Processing /opt/airflow/dags/stackoverflow_migration_dag.py took 1.921 seconds
[2026-05-15T18:45:56.646+0000] {processor.py:161} INFO - Started process (PID=357) to work on /opt/airflow/dags/stackoverflow_migration_dag.py
[2026-05-15T18:45:56.648+0000] {processor.py:830} INFO - Processing file /opt/airflow/dags/stackoverflow_migration_dag.py for tasks to queue
[2026-05-15T18:45:56.650+0000] {logging_mixin.py:188} INFO - [2026-05-15T18:45:56.650+0000] {dagbag.py:545} INFO - Filling up the DagBag from /opt/airflow/dags/stackoverflow_migration_dag.py
[2026-05-15T18:45:58.128+0000] {processor.py:840} INFO - DAG(s) 'stackoverflow_medallion_pipeline_v2' retrieved from /opt/airflow/dags/stackoverflow_migration_dag.py
[2026-05-15T18:45:58.211+0000] {logging_mixin.py:188} INFO - [2026-05-15T18:45:58.211+0000] {dag.py:3096} INFO - Sync 1 DAGs
[2026-05-15T18:45:58.257+0000] {logging_mixin.py:188} INFO - [2026-05-15T18:45:58.257+0000] {dag.py:3954} INFO - Setting next_dagrun for stackoverflow_medallion_pipeline_v2 to 2026-05-15 00:00:00+00:00, run_after=2026-05-16 00:00:00+00:00
[2026-05-15T18:45:58.316+0000] {processor.py:183} INFO - Processing /opt/airflow/dags/stackoverflow_migration_dag.py took 1.685 seconds
[2026-05-15T18:46:28.816+0000] {processor.py:161} INFO - Started process (PID=362) to work on /opt/airflow/dags/stackoverflow_migration_dag.py
[2026-05-15T18:46:28.818+0000] {processor.py:830} INFO - Processing file /opt/airflow/dags/stackoverflow_migration_dag.py for tasks to queue
[2026-05-15T18:46:28.819+0000] {logging_mixin.py:188} INFO - [2026-05-15T18:46:28.819+0000] {dagbag.py:545} INFO - Filling up the DagBag from /opt/airflow/dags/stackoverflow_migration_dag.py
[2026-05-15T18:46:30.134+0000] {processor.py:840} INFO - DAG(s) 'stackoverflow_medallion_pipeline_v2' retrieved from /opt/airflow/dags/stackoverflow_migration_dag.py
[2026-05-15T18:46:30.231+0000] {logging_mixin.py:188} INFO - [2026-05-15T18:46:30.230+0000] {dag.py:3096} INFO - Sync 1 DAGs
[2026-05-15T18:46:30.288+0000] {logging_mixin.py:188} INFO - [2026-05-15T18:46:30.288+0000] {dag.py:3954} INFO - Setting next_dagrun for stackoverflow_medallion_pipeline_v2 to 2026-05-15 00:00:00+00:00, run_after=2026-05-16 00:00:00+00:00
[2026-05-15T18:46:30.356+0000] {processor.py:183} INFO - Processing /opt/airflow/dags/stackoverflow_migration_dag.py took 1.549 seconds
[2026-05-15T18:47:00.555+0000] {processor.py:161} INFO - Started process (PID=367) to work on /opt/airflow/dags/stackoverflow_migration_dag.py
[2026-05-15T18:47:00.558+0000] {processor.py:830} INFO - Processing file /opt/airflow/dags/stackoverflow_migration_dag.py for tasks to queue
[2026-05-15T18:47:00.560+0000] {logging_mixin.py:188} INFO - [2026-05-15T18:47:00.559+0000] {dagbag.py:545} INFO - Filling up the DagBag from /opt/airflow/dags/stackoverflow_migration_dag.py
[2026-05-15T18:47:01.898+0000] {processor.py:840} INFO - DAG(s) 'stackoverflow_medallion_pipeline_v2' retrieved from /opt/airflow/dags/stackoverflow_migration_dag.py
[2026-05-15T18:47:02.005+0000] {logging_mixin.py:188} INFO - [2026-05-15T18:47:02.004+0000] {dag.py:3096} INFO - Sync 1 DAGs
[2026-05-15T18:47:02.060+0000] {logging_mixin.py:188} INFO - [2026-05-15T18:47:02.059+0000] {dag.py:3954} INFO - Setting next_dagrun for stackoverflow_medallion_pipeline_v2 to 2026-05-15 00:00:00+00:00, run_after=2026-05-16 00:00:00+00:00
[2026-05-15T18:47:02.125+0000] {processor.py:183} INFO - Processing /opt/airflow/dags/stackoverflow_migration_dag.py took 1.589 seconds
[2026-05-15T18:47:32.285+0000] {processor.py:161} INFO - Started process (PID=372) to work on /opt/airflow/dags/stackoverflow_migration_dag.py
[2026-05-15T18:47:32.288+0000] {processor.py:830} INFO - Processing file /opt/airflow/dags/stackoverflow_migration_dag.py for tasks to queue
[2026-05-15T18:47:32.292+0000] {logging_mixin.py:188} INFO - [2026-05-15T18:47:32.290+0000] {dagbag.py:545} INFO - Filling up the DagBag from /opt/airflow/dags/stackoverflow_migration_dag.py
[2026-05-15T18:47:34.034+0000] {processor.py:840} INFO - DAG(s) 'stackoverflow_medallion_pipeline_v2' retrieved from /opt/airflow/dags/stackoverflow_migration_dag.py
[2026-05-15T18:47:34.113+0000] {logging_mixin.py:188} INFO - [2026-05-15T18:47:34.113+0000] {dag.py:3096} INFO - Sync 1 DAGs
[2026-05-15T18:47:34.174+0000] {logging_mixin.py:188} INFO - [2026-05-15T18:47:34.174+0000] {dag.py:3954} INFO - Setting next_dagrun for stackoverflow_medallion_pipeline_v2 to 2026-05-15 00:00:00+00:00, run_after=2026-05-16 00:00:00+00:00
[2026-05-15T18:47:34.234+0000] {processor.py:183} INFO - Processing /opt/airflow/dags/stackoverflow_migration_dag.py took 1.966 seconds
[2026-05-15T18:48:04.747+0000] {processor.py:161} INFO - Started process (PID=377) to work on /opt/airflow/dags/stackoverflow_migration_dag.py
[2026-05-15T18:48:04.752+0000] {processor.py:830} INFO - Processing file /opt/airflow/dags/stackoverflow_migration_dag.py for tasks to queue
[2026-05-15T18:48:04.755+0000] {logging_mixin.py:188} INFO - [2026-05-15T18:48:04.754+0000] {dagbag.py:545} INFO - Filling up the DagBag from /opt/airflow/dags/stackoverflow_migration_dag.py
[2026-05-15T18:48:06.965+0000] {processor.py:840} INFO - DAG(s) 'stackoverflow_medallion_pipeline_v2' retrieved from /opt/airflow/dags/stackoverflow_migration_dag.py
[2026-05-15T18:48:07.076+0000] {logging_mixin.py:188} INFO - [2026-05-15T18:48:07.075+0000] {dag.py:3096} INFO - Sync 1 DAGs
[2026-05-15T18:48:07.131+0000] {logging_mixin.py:188} INFO - [2026-05-15T18:48:07.131+0000] {dag.py:3954} INFO - Setting next_dagrun for stackoverflow_medallion_pipeline_v2 to 2026-05-15 00:00:00+00:00, run_after=2026-05-16 00:00:00+00:00
[2026-05-15T18:48:07.188+0000] {processor.py:183} INFO - Processing /opt/airflow/dags/stackoverflow_migration_dag.py took 2.479 seconds
[2026-05-15T18:48:37.724+0000] {processor.py:161} INFO - Started process (PID=382) to work on /opt/airflow/dags/stackoverflow_migration_dag.py
[2026-05-15T18:48:37.726+0000] {processor.py:830} INFO - Processing file /opt/airflow/dags/stackoverflow_migration_dag.py for tasks to queue
[2026-05-15T18:48:37.728+0000] {logging_mixin.py:188} INFO - [2026-05-15T18:48:37.727+0000] {dagbag.py:545} INFO - Filling up the DagBag from /opt/airflow/dags/stackoverflow_migration_dag.py
[2026-05-15T18:48:39.237+0000] {processor.py:840} INFO - DAG(s) 'stackoverflow_medallion_pipeline_v2' retrieved from /opt/airflow/dags/stackoverflow_migration_dag.py
[2026-05-15T18:48:39.329+0000] {logging_mixin.py:188} INFO - [2026-05-15T18:48:39.329+0000] {dag.py:3096} INFO - Sync 1 DAGs
[2026-05-15T18:48:39.437+0000] {logging_mixin.py:188} INFO - [2026-05-15T18:48:39.437+0000] {dag.py:3954} INFO - Setting next_dagrun for stackoverflow_medallion_pipeline_v2 to 2026-05-15 00:00:00+00:00, run_after=2026-05-16 00:00:00+00:00
[2026-05-15T18:48:39.509+0000] {processor.py:183} INFO - Processing /opt/airflow/dags/stackoverflow_migration_dag.py took 1.798 seconds
[2026-05-15T18:50:03.473+0000] {processor.py:161} INFO - Started process (PID=164) to work on /opt/airflow/dags/stackoverflow_migration_dag.py
[2026-05-15T18:50:03.475+0000] {processor.py:830} INFO - Processing file /opt/airflow/dags/stackoverflow_migration_dag.py for tasks to queue
[2026-05-15T18:50:03.478+0000] {logging_mixin.py:188} INFO - [2026-05-15T18:50:03.477+0000] {dagbag.py:545} INFO - Filling up the DagBag from /opt/airflow/dags/stackoverflow_migration_dag.py
[2026-05-15T18:50:05.882+0000] {processor.py:840} INFO - DAG(s) 'stackoverflow_medallion_pipeline_v2' retrieved from /opt/airflow/dags/stackoverflow_migration_dag.py
[2026-05-15T18:50:05.971+0000] {logging_mixin.py:188} INFO - [2026-05-15T18:50:05.970+0000] {dag.py:3096} INFO - Sync 1 DAGs
[2026-05-15T18:50:06.054+0000] {logging_mixin.py:188} INFO - [2026-05-15T18:50:06.054+0000] {dag.py:3954} INFO - Setting next_dagrun for stackoverflow_medallion_pipeline_v2 to 2026-05-15 00:00:00+00:00, run_after=2026-05-16 00:00:00+00:00
[2026-05-15T18:50:06.125+0000] {processor.py:183} INFO - Processing /opt/airflow/dags/stackoverflow_migration_dag.py took 2.673 seconds
[2026-05-15T18:50:36.597+0000] {processor.py:161} INFO - Started process (PID=169) to work on /opt/airflow/dags/stackoverflow_migration_dag.py
[2026-05-15T18:50:36.599+0000] {processor.py:830} INFO - Processing file /opt/airflow/dags/stackoverflow_migration_dag.py for tasks to queue
[2026-05-15T18:50:36.603+0000] {logging_mixin.py:188} INFO - [2026-05-15T18:50:36.603+0000] {dagbag.py:545} INFO - Filling up the DagBag from /opt/airflow/dags/stackoverflow_migration_dag.py
[2026-05-15T18:50:38.288+0000] {processor.py:840} INFO - DAG(s) 'stackoverflow_medallion_pipeline_v2' retrieved from /opt/airflow/dags/stackoverflow_migration_dag.py
[2026-05-15T18:50:38.873+0000] {logging_mixin.py:188} INFO - [2026-05-15T18:50:38.873+0000] {dag.py:3096} INFO - Sync 1 DAGs
[2026-05-15T18:50:38.932+0000] {logging_mixin.py:188} INFO - [2026-05-15T18:50:38.931+0000] {dag.py:3954} INFO - Setting next_dagrun for stackoverflow_medallion_pipeline_v2 to 2026-05-15 00:00:00+00:00, run_after=2026-05-16 00:00:00+00:00
[2026-05-15T18:50:38.992+0000] {processor.py:183} INFO - Processing /opt/airflow/dags/stackoverflow_migration_dag.py took 2.412 seconds
[2026-05-15T18:51:09.334+0000] {processor.py:161} INFO - Started process (PID=174) to work on /opt/airflow/dags/stackoverflow_migration_dag.py
[2026-05-15T18:51:09.340+0000] {processor.py:830} INFO - Processing file /opt/airflow/dags/stackoverflow_migration_dag.py for tasks to queue
[2026-05-15T18:51:09.354+0000] {logging_mixin.py:188} INFO - [2026-05-15T18:51:09.347+0000] {dagbag.py:545} INFO - Filling up the DagBag from /opt/airflow/dags/stackoverflow_migration_dag.py
[2026-05-15T18:51:11.261+0000] {processor.py:840} INFO - DAG(s) 'stackoverflow_medallion_pipeline_v2' retrieved from /opt/airflow/dags/stackoverflow_migration_dag.py
[2026-05-15T18:51:11.444+0000] {logging_mixin.py:188} INFO - [2026-05-15T18:51:11.443+0000] {dag.py:3096} INFO - Sync 1 DAGs
[2026-05-15T18:51:11.582+0000] {logging_mixin.py:188} INFO - [2026-05-15T18:51:11.581+0000] {dag.py:3954} INFO - Setting next_dagrun for stackoverflow_medallion_pipeline_v2 to 2026-05-15 00:00:00+00:00, run_after=2026-05-16 00:00:00+00:00
[2026-05-15T18:51:11.669+0000] {processor.py:183} INFO - Processing /opt/airflow/dags/stackoverflow_migration_dag.py took 2.364 seconds
[2026-05-15T18:51:41.948+0000] {processor.py:161} INFO - Started process (PID=181) to work on /opt/airflow/dags/stackoverflow_migration_dag.py
[2026-05-15T18:51:41.955+0000] {processor.py:830} INFO - Processing file /opt/airflow/dags/stackoverflow_migration_dag.py for tasks to queue
[2026-05-15T18:51:41.972+0000] {logging_mixin.py:188} INFO - [2026-05-15T18:51:41.966+0000] {dagbag.py:545} INFO - Filling up the DagBag from /opt/airflow/dags/stackoverflow_migration_dag.py
[2026-05-15T18:51:43.952+0000] {processor.py:840} INFO - DAG(s) 'stackoverflow_medallion_pipeline_v2' retrieved from /opt/airflow/dags/stackoverflow_migration_dag.py
[2026-05-15T18:51:44.162+0000] {logging_mixin.py:188} INFO - [2026-05-15T18:51:44.162+0000] {dag.py:3096} INFO - Sync 1 DAGs
[2026-05-15T18:51:44.262+0000] {logging_mixin.py:188} INFO - [2026-05-15T18:51:44.261+0000] {dag.py:3954} INFO - Setting next_dagrun for stackoverflow_medallion_pipeline_v2 to 2026-05-15 00:00:00+00:00, run_after=2026-05-16 00:00:00+00:00
[2026-05-15T18:51:44.356+0000] {processor.py:183} INFO - Processing /opt/airflow/dags/stackoverflow_migration_dag.py took 2.448 seconds
[2026-05-15T18:52:14.751+0000] {processor.py:161} INFO - Started process (PID=186) to work on /opt/airflow/dags/stackoverflow_migration_dag.py
[2026-05-15T18:52:14.753+0000] {processor.py:830} INFO - Processing file /opt/airflow/dags/stackoverflow_migration_dag.py for tasks to queue
[2026-05-15T18:52:14.756+0000] {logging_mixin.py:188} INFO - [2026-05-15T18:52:14.756+0000] {dagbag.py:545} INFO - Filling up the DagBag from /opt/airflow/dags/stackoverflow_migration_dag.py
[2026-05-15T18:52:16.865+0000] {processor.py:840} INFO - DAG(s) 'stackoverflow_medallion_pipeline_v2' retrieved from /opt/airflow/dags/stackoverflow_migration_dag.py
[2026-05-15T18:52:16.956+0000] {logging_mixin.py:188} INFO - [2026-05-15T18:52:16.956+0000] {dag.py:3096} INFO - Sync 1 DAGs
[2026-05-15T18:52:17.038+0000] {logging_mixin.py:188} INFO - [2026-05-15T18:52:17.038+0000] {dag.py:3954} INFO - Setting next_dagrun for stackoverflow_medallion_pipeline_v2 to 2026-05-15 00:00:00+00:00, run_after=2026-05-16 00:00:00+00:00
[2026-05-15T18:52:17.095+0000] {processor.py:183} INFO - Processing /opt/airflow/dags/stackoverflow_migration_dag.py took 2.367 seconds
[2026-05-15T18:52:47.206+0000] {processor.py:161} INFO - Started process (PID=191) to work on /opt/airflow/dags/stackoverflow_migration_dag.py
[2026-05-15T18:52:47.208+0000] {processor.py:830} INFO - Processing file /opt/airflow/dags/stackoverflow_migration_dag.py for tasks to queue
[2026-05-15T18:52:47.211+0000] {logging_mixin.py:188} INFO - [2026-05-15T18:52:47.211+0000] {dagbag.py:545} INFO - Filling up the DagBag from /opt/airflow/dags/stackoverflow_migration_dag.py
[2026-05-15T18:52:48.686+0000] {processor.py:840} INFO - DAG(s) 'stackoverflow_medallion_pipeline_v2' retrieved from /opt/airflow/dags/stackoverflow_migration_dag.py
[2026-05-15T18:52:48.789+0000] {logging_mixin.py:188} INFO - [2026-05-15T18:52:48.788+0000] {dag.py:3096} INFO - Sync 1 DAGs
[2026-05-15T18:52:48.848+0000] {logging_mixin.py:188} INFO - [2026-05-15T18:52:48.847+0000] {dag.py:3954} INFO - Setting next_dagrun for stackoverflow_medallion_pipeline_v2 to 2026-05-15 00:00:00+00:00, run_after=2026-05-16 00:00:00+00:00
[2026-05-15T18:52:48.919+0000] {processor.py:183} INFO - Processing /opt/airflow/dags/stackoverflow_migration_dag.py took 1.722 seconds
[2026-05-15T18:53:19.392+0000] {processor.py:161} INFO - Started process (PID=196) to work on /opt/airflow/dags/stackoverflow_migration_dag.py
[2026-05-15T18:53:19.396+0000] {processor.py:830} INFO - Processing file /opt/airflow/dags/stackoverflow_migration_dag.py for tasks to queue
[2026-05-15T18:53:19.403+0000] {logging_mixin.py:188} INFO - [2026-05-15T18:53:19.401+0000] {dagbag.py:545} INFO - Filling up the DagBag from /opt/airflow/dags/stackoverflow_migration_dag.py
[2026-05-15T18:53:20.959+0000] {processor.py:840} INFO - DAG(s) 'stackoverflow_medallion_pipeline_v2' retrieved from /opt/airflow/dags/stackoverflow_migration_dag.py
[2026-05-15T18:53:21.022+0000] {logging_mixin.py:188} INFO - [2026-05-15T18:53:21.021+0000] {dag.py:3096} INFO - Sync 1 DAGs
[2026-05-15T18:53:21.074+0000] {logging_mixin.py:188} INFO - [2026-05-15T18:53:21.073+0000] {dag.py:3954} INFO - Setting next_dagrun for stackoverflow_medallion_pipeline_v2 to 2026-05-15 00:00:00+00:00, run_after=2026-05-16 00:00:00+00:00
[2026-05-15T18:53:21.176+0000] {processor.py:183} INFO - Processing /opt/airflow/dags/stackoverflow_migration_dag.py took 1.807 seconds
[2026-05-15T18:53:51.398+0000] {processor.py:161} INFO - Started process (PID=208) to work on /opt/airflow/dags/stackoverflow_migration_dag.py
[2026-05-15T18:53:51.401+0000] {processor.py:830} INFO - Processing file /opt/airflow/dags/stackoverflow_migration_dag.py for tasks to queue
[2026-05-15T18:53:51.405+0000] {logging_mixin.py:188} INFO - [2026-05-15T18:53:51.405+0000] {dagbag.py:545} INFO - Filling up the DagBag from /opt/airflow/dags/stackoverflow_migration_dag.py
[2026-05-15T18:53:53.520+0000] {processor.py:840} INFO - DAG(s) 'stackoverflow_medallion_pipeline_v2' retrieved from /opt/airflow/dags/stackoverflow_migration_dag.py
[2026-05-15T18:53:53.640+0000] {logging_mixin.py:188} INFO - [2026-05-15T18:53:53.639+0000] {dag.py:3096} INFO - Sync 1 DAGs
[2026-05-15T18:53:53.732+0000] {logging_mixin.py:188} INFO - [2026-05-15T18:53:53.731+0000] {dag.py:3954} INFO - Setting next_dagrun for stackoverflow_medallion_pipeline_v2 to 2026-05-15 00:00:00+00:00, run_after=2026-05-16 00:00:00+00:00
[2026-05-15T18:53:53.784+0000] {processor.py:183} INFO - Processing /opt/airflow/dags/stackoverflow_migration_dag.py took 2.425 seconds
[2026-05-15T18:54:24.081+0000] {processor.py:161} INFO - Started process (PID=218) to work on /opt/airflow/dags/stackoverflow_migration_dag.py
[2026-05-15T18:54:24.083+0000] {processor.py:830} INFO - Processing file /opt/airflow/dags/stackoverflow_migration_dag.py for tasks to queue
[2026-05-15T18:54:24.086+0000] {logging_mixin.py:188} INFO - [2026-05-15T18:54:24.085+0000] {dagbag.py:545} INFO - Filling up the DagBag from /opt/airflow/dags/stackoverflow_migration_dag.py
[2026-05-15T18:54:25.633+0000] {processor.py:840} INFO - DAG(s) 'stackoverflow_medallion_pipeline_v2' retrieved from /opt/airflow/dags/stackoverflow_migration_dag.py
[2026-05-15T18:54:25.764+0000] {logging_mixin.py:188} INFO - [2026-05-15T18:54:25.763+0000] {dag.py:3096} INFO - Sync 1 DAGs
[2026-05-15T18:54:25.863+0000] {logging_mixin.py:188} INFO - [2026-05-15T18:54:25.862+0000] {dag.py:3954} INFO - Setting next_dagrun for stackoverflow_medallion_pipeline_v2 to 2026-05-15 00:00:00+00:00, run_after=2026-05-16 00:00:00+00:00
[2026-05-15T18:54:25.935+0000] {processor.py:183} INFO - Processing /opt/airflow/dags/stackoverflow_migration_dag.py took 1.863 seconds
[2026-05-15T18:54:56.395+0000] {processor.py:161} INFO - Started process (PID=223) to work on /opt/airflow/dags/stackoverflow_migration_dag.py
[2026-05-15T18:54:56.397+0000] {processor.py:830} INFO - Processing file /opt/airflow/dags/stackoverflow_migration_dag.py for tasks to queue
[2026-05-15T18:54:56.400+0000] {logging_mixin.py:188} INFO - [2026-05-15T18:54:56.399+0000] {dagbag.py:545} INFO - Filling up the DagBag from /opt/airflow/dags/stackoverflow_migration_dag.py
[2026-05-15T18:54:57.854+0000] {processor.py:840} INFO - DAG(s) 'stackoverflow_medallion_pipeline_v2' retrieved from /opt/airflow/dags/stackoverflow_migration_dag.py
[2026-05-15T18:54:57.943+0000] {logging_mixin.py:188} INFO - [2026-05-15T18:54:57.943+0000] {dag.py:3096} INFO - Sync 1 DAGs
[2026-05-15T18:54:57.999+0000] {logging_mixin.py:188} INFO - [2026-05-15T18:54:57.998+0000] {dag.py:3954} INFO - Setting next_dagrun for stackoverflow_medallion_pipeline_v2 to 2026-05-15 00:00:00+00:00, run_after=2026-05-16 00:00:00+00:00
[2026-05-15T18:54:58.057+0000] {processor.py:183} INFO - Processing /opt/airflow/dags/stackoverflow_migration_dag.py took 1.674 seconds
[2026-05-15T18:55:28.529+0000] {processor.py:161} INFO - Started process (PID=228) to work on /opt/airflow/dags/stackoverflow_migration_dag.py
[2026-05-15T18:55:28.531+0000] {processor.py:830} INFO - Processing file /opt/airflow/dags/stackoverflow_migration_dag.py for tasks to queue
[2026-05-15T18:55:28.536+0000] {logging_mixin.py:188} INFO - [2026-05-15T18:55:28.534+0000] {dagbag.py:545} INFO - Filling up the DagBag from /opt/airflow/dags/stackoverflow_migration_dag.py
[2026-05-15T18:55:30.518+0000] {processor.py:840} INFO - DAG(s) 'stackoverflow_medallion_pipeline_v2' retrieved from /opt/airflow/dags/stackoverflow_migration_dag.py
[2026-05-15T18:55:30.608+0000] {logging_mixin.py:188} INFO - [2026-05-15T18:55:30.607+0000] {dag.py:3096} INFO - Sync 1 DAGs
[2026-05-15T18:55:30.664+0000] {logging_mixin.py:188} INFO - [2026-05-15T18:55:30.664+0000] {dag.py:3954} INFO - Setting next_dagrun for stackoverflow_medallion_pipeline_v2 to 2026-05-15 00:00:00+00:00, run_after=2026-05-16 00:00:00+00:00
[2026-05-15T18:55:30.730+0000] {processor.py:183} INFO - Processing /opt/airflow/dags/stackoverflow_migration_dag.py took 2.219 seconds
[2026-05-15T18:56:00.953+0000] {processor.py:161} INFO - Started process (PID=233) to work on /opt/airflow/dags/stackoverflow_migration_dag.py
[2026-05-15T18:56:00.955+0000] {processor.py:830} INFO - Processing file /opt/airflow/dags/stackoverflow_migration_dag.py for tasks to queue
[2026-05-15T18:56:00.960+0000] {logging_mixin.py:188} INFO - [2026-05-15T18:56:00.959+0000] {dagbag.py:545} INFO - Filling up the DagBag from /opt/airflow/dags/stackoverflow_migration_dag.py
[2026-05-15T18:56:02.976+0000] {processor.py:840} INFO - DAG(s) 'stackoverflow_medallion_pipeline_v2' retrieved from /opt/airflow/dags/stackoverflow_migration_dag.py
[2026-05-15T18:56:03.069+0000] {logging_mixin.py:188} INFO - [2026-05-15T18:56:03.069+0000] {dag.py:3096} INFO - Sync 1 DAGs
[2026-05-15T18:56:03.120+0000] {logging_mixin.py:188} INFO - [2026-05-15T18:56:03.119+0000] {dag.py:3954} INFO - Setting next_dagrun for stackoverflow_medallion_pipeline_v2 to 2026-05-15 00:00:00+00:00, run_after=2026-05-16 00:00:00+00:00
[2026-05-15T18:56:03.160+0000] {processor.py:183} INFO - Processing /opt/airflow/dags/stackoverflow_migration_dag.py took 2.224 seconds
[2026-05-15T18:56:33.526+0000] {processor.py:161} INFO - Started process (PID=238) to work on /opt/airflow/dags/stackoverflow_migration_dag.py
[2026-05-15T18:56:33.529+0000] {processor.py:830} INFO - Processing file /opt/airflow/dags/stackoverflow_migration_dag.py for tasks to queue
[2026-05-15T18:56:33.533+0000] {logging_mixin.py:188} INFO - [2026-05-15T18:56:33.532+0000] {dagbag.py:545} INFO - Filling up the DagBag from /opt/airflow/dags/stackoverflow_migration_dag.py
[2026-05-15T18:56:34.755+0000] {processor.py:840} INFO - DAG(s) 'stackoverflow_medallion_pipeline_v2' retrieved from /opt/airflow/dags/stackoverflow_migration_dag.py
[2026-05-15T18:56:34.850+0000] {logging_mixin.py:188} INFO - [2026-05-15T18:56:34.850+0000] {dag.py:3096} INFO - Sync 1 DAGs
[2026-05-15T18:56:34.928+0000] {logging_mixin.py:188} INFO - [2026-05-15T18:56:34.928+0000] {dag.py:3954} INFO - Setting next_dagrun for stackoverflow_medallion_pipeline_v2 to 2026-05-15 00:00:00+00:00, run_after=2026-05-16 00:00:00+00:00
[2026-05-15T18:56:34.981+0000] {processor.py:183} INFO - Processing /opt/airflow/dags/stackoverflow_migration_dag.py took 1.463 seconds
[2026-05-15T18:57:05.500+0000] {processor.py:161} INFO - Started process (PID=243) to work on /opt/airflow/dags/stackoverflow_migration_dag.py
[2026-05-15T18:57:05.502+0000] {processor.py:830} INFO - Processing file /opt/airflow/dags/stackoverflow_migration_dag.py for tasks to queue
[2026-05-15T18:57:05.506+0000] {logging_mixin.py:188} INFO - [2026-05-15T18:57:05.505+0000] {dagbag.py:545} INFO - Filling up the DagBag from /opt/airflow/dags/stackoverflow_migration_dag.py
[2026-05-15T18:57:06.848+0000] {processor.py:840} INFO - DAG(s) 'stackoverflow_medallion_pipeline_v2' retrieved from /opt/airflow/dags/stackoverflow_migration_dag.py
[2026-05-15T18:57:06.975+0000] {logging_mixin.py:188} INFO - [2026-05-15T18:57:06.974+0000] {dag.py:3096} INFO - Sync 1 DAGs
[2026-05-15T18:57:07.056+0000] {logging_mixin.py:188} INFO - [2026-05-15T18:57:07.056+0000] {dag.py:3954} INFO - Setting next_dagrun for stackoverflow_medallion_pipeline_v2 to 2026-05-15 00:00:00+00:00, run_after=2026-05-16 00:00:00+00:00
[2026-05-15T18:57:07.138+0000] {processor.py:183} INFO - Processing /opt/airflow/dags/stackoverflow_migration_dag.py took 1.650 seconds
[2026-05-15T18:57:37.401+0000] {processor.py:161} INFO - Started process (PID=248) to work on /opt/airflow/dags/stackoverflow_migration_dag.py
[2026-05-15T18:57:37.403+0000] {processor.py:830} INFO - Processing file /opt/airflow/dags/stackoverflow_migration_dag.py for tasks to queue
[2026-05-15T18:57:37.407+0000] {logging_mixin.py:188} INFO - [2026-05-15T18:57:37.406+0000] {dagbag.py:545} INFO - Filling up the DagBag from /opt/airflow/dags/stackoverflow_migration_dag.py
[2026-05-15T18:57:39.026+0000] {processor.py:840} INFO - DAG(s) 'stackoverflow_medallion_pipeline_v2' retrieved from /opt/airflow/dags/stackoverflow_migration_dag.py
[2026-05-15T18:57:39.138+0000] {logging_mixin.py:188} INFO - [2026-05-15T18:57:39.137+0000] {dag.py:3096} INFO - Sync 1 DAGs
[2026-05-15T18:57:39.198+0000] {logging_mixin.py:188} INFO - [2026-05-15T18:57:39.197+0000] {dag.py:3954} INFO - Setting next_dagrun for stackoverflow_medallion_pipeline_v2 to 2026-05-15 00:00:00+00:00, run_after=2026-05-16 00:00:00+00:00
[2026-05-15T18:57:39.267+0000] {processor.py:183} INFO - Processing /opt/airflow/dags/stackoverflow_migration_dag.py took 1.879 seconds
[2026-05-15T18:58:09.753+0000] {processor.py:161} INFO - Started process (PID=253) to work on /opt/airflow/dags/stackoverflow_migration_dag.py
[2026-05-15T18:58:09.755+0000] {processor.py:830} INFO - Processing file /opt/airflow/dags/stackoverflow_migration_dag.py for tasks to queue
[2026-05-15T18:58:09.765+0000] {logging_mixin.py:188} INFO - [2026-05-15T18:58:09.761+0000] {dagbag.py:545} INFO - Filling up the DagBag from /opt/airflow/dags/stackoverflow_migration_dag.py
[2026-05-15T18:58:11.039+0000] {processor.py:840} INFO - DAG(s) 'stackoverflow_medallion_pipeline_v2' retrieved from /opt/airflow/dags/stackoverflow_migration_dag.py
[2026-05-15T18:58:11.123+0000] {logging_mixin.py:188} INFO - [2026-05-15T18:58:11.123+0000] {dag.py:3096} INFO - Sync 1 DAGs
[2026-05-15T18:58:11.198+0000] {logging_mixin.py:188} INFO - [2026-05-15T18:58:11.197+0000] {dag.py:3954} INFO - Setting next_dagrun for stackoverflow_medallion_pipeline_v2 to 2026-05-15 00:00:00+00:00, run_after=2026-05-16 00:00:00+00:00
[2026-05-15T18:58:11.270+0000] {processor.py:183} INFO - Processing /opt/airflow/dags/stackoverflow_migration_dag.py took 1.526 seconds
[2026-05-15T18:58:41.773+0000] {processor.py:161} INFO - Started process (PID=258) to work on /opt/airflow/dags/stackoverflow_migration_dag.py
[2026-05-15T18:58:41.776+0000] {processor.py:830} INFO - Processing file /opt/airflow/dags/stackoverflow_migration_dag.py for tasks to queue
[2026-05-15T18:58:41.782+0000] {logging_mixin.py:188} INFO - [2026-05-15T18:58:41.781+0000] {dagbag.py:545} INFO - Filling up the DagBag from /opt/airflow/dags/stackoverflow_migration_dag.py
[2026-05-15T18:58:43.977+0000] {processor.py:840} INFO - DAG(s) 'stackoverflow_medallion_pipeline_v2' retrieved from /opt/airflow/dags/stackoverflow_migration_dag.py
[2026-05-15T18:58:44.078+0000] {logging_mixin.py:188} INFO - [2026-05-15T18:58:44.077+0000] {dag.py:3096} INFO - Sync 1 DAGs
[2026-05-15T18:58:44.174+0000] {logging_mixin.py:188} INFO - [2026-05-15T18:58:44.173+0000] {dag.py:3954} INFO - Setting next_dagrun for stackoverflow_medallion_pipeline_v2 to 2026-05-15 00:00:00+00:00, run_after=2026-05-16 00:00:00+00:00
[2026-05-15T18:58:44.269+0000] {processor.py:183} INFO - Processing /opt/airflow/dags/stackoverflow_migration_dag.py took 2.508 seconds
[2026-05-15T18:59:14.652+0000] {processor.py:161} INFO - Started process (PID=263) to work on /opt/airflow/dags/stackoverflow_migration_dag.py
[2026-05-15T18:59:14.654+0000] {processor.py:830} INFO - Processing file /opt/airflow/dags/stackoverflow_migration_dag.py for tasks to queue
[2026-05-15T18:59:14.658+0000] {logging_mixin.py:188} INFO - [2026-05-15T18:59:14.658+0000] {dagbag.py:545} INFO - Filling up the DagBag from /opt/airflow/dags/stackoverflow_migration_dag.py
[2026-05-15T18:59:16.411+0000] {processor.py:840} INFO - DAG(s) 'stackoverflow_medallion_pipeline_v2' retrieved from /opt/airflow/dags/stackoverflow_migration_dag.py
[2026-05-15T18:59:16.536+0000] {logging_mixin.py:188} INFO - [2026-05-15T18:59:16.536+0000] {dag.py:3096} INFO - Sync 1 DAGs
[2026-05-15T18:59:16.609+0000] {logging_mixin.py:188} INFO - [2026-05-15T18:59:16.608+0000] {dag.py:3954} INFO - Setting next_dagrun for stackoverflow_medallion_pipeline_v2 to 2026-05-15 00:00:00+00:00, run_after=2026-05-16 00:00:00+00:00
[2026-05-15T18:59:16.668+0000] {processor.py:183} INFO - Processing /opt/airflow/dags/stackoverflow_migration_dag.py took 2.032 seconds
[2026-05-15T18:59:47.114+0000] {processor.py:161} INFO - Started process (PID=268) to work on /opt/airflow/dags/stackoverflow_migration_dag.py
[2026-05-15T18:59:47.118+0000] {processor.py:830} INFO - Processing file /opt/airflow/dags/stackoverflow_migration_dag.py for tasks to queue
[2026-05-15T18:59:47.124+0000] {logging_mixin.py:188} INFO - [2026-05-15T18:59:47.123+0000] {dagbag.py:545} INFO - Filling up the DagBag from /opt/airflow/dags/stackoverflow_migration_dag.py
[2026-05-15T18:59:49.795+0000] {processor.py:840} INFO - DAG(s) 'stackoverflow_medallion_pipeline_v2' retrieved from /opt/airflow/dags/stackoverflow_migration_dag.py
[2026-05-15T18:59:49.953+0000] {logging_mixin.py:188} INFO - [2026-05-15T18:59:49.952+0000] {dag.py:3096} INFO - Sync 1 DAGs
[2026-05-15T18:59:50.058+0000] {logging_mixin.py:188} INFO - [2026-05-15T18:59:50.057+0000] {dag.py:3954} INFO - Setting next_dagrun for stackoverflow_medallion_pipeline_v2 to 2026-05-15 00:00:00+00:00, run_after=2026-05-16 00:00:00+00:00
[2026-05-15T18:59:50.145+0000] {processor.py:183} INFO - Processing /opt/airflow/dags/stackoverflow_migration_dag.py took 3.055 seconds
[2026-05-15T19:00:20.631+0000] {processor.py:161} INFO - Started process (PID=273) to work on /opt/airflow/dags/stackoverflow_migration_dag.py
[2026-05-15T19:00:20.634+0000] {processor.py:830} INFO - Processing file /opt/airflow/dags/stackoverflow_migration_dag.py for tasks to queue
[2026-05-15T19:00:20.641+0000] {logging_mixin.py:188} INFO - [2026-05-15T19:00:20.639+0000] {dagbag.py:545} INFO - Filling up the DagBag from /opt/airflow/dags/stackoverflow_migration_dag.py
[2026-05-15T19:00:22.623+0000] {processor.py:840} INFO - DAG(s) 'stackoverflow_medallion_pipeline_v2' retrieved from /opt/airflow/dags/stackoverflow_migration_dag.py
[2026-05-15T19:00:22.747+0000] {logging_mixin.py:188} INFO - [2026-05-15T19:00:22.747+0000] {dag.py:3096} INFO - Sync 1 DAGs
[2026-05-15T19:00:22.843+0000] {logging_mixin.py:188} INFO - [2026-05-15T19:00:22.842+0000] {dag.py:3954} INFO - Setting next_dagrun for stackoverflow_medallion_pipeline_v2 to 2026-05-15 00:00:00+00:00, run_after=2026-05-16 00:00:00+00:00
[2026-05-15T19:00:22.915+0000] {processor.py:183} INFO - Processing /opt/airflow/dags/stackoverflow_migration_dag.py took 2.302 seconds
[2026-05-15T19:00:53.083+0000] {processor.py:161} INFO - Started process (PID=278) to work on /opt/airflow/dags/stackoverflow_migration_dag.py
[2026-05-15T19:00:53.085+0000] {processor.py:830} INFO - Processing file /opt/airflow/dags/stackoverflow_migration_dag.py for tasks to queue
[2026-05-15T19:00:53.090+0000] {logging_mixin.py:188} INFO - [2026-05-15T19:00:53.089+0000] {dagbag.py:545} INFO - Filling up the DagBag from /opt/airflow/dags/stackoverflow_migration_dag.py
[2026-05-15T19:00:54.978+0000] {processor.py:840} INFO - DAG(s) 'stackoverflow_medallion_pipeline_v2' retrieved from /opt/airflow/dags/stackoverflow_migration_dag.py
[2026-05-15T19:00:55.127+0000] {logging_mixin.py:188} INFO - [2026-05-15T19:00:55.126+0000] {dag.py:3096} INFO - Sync 1 DAGs
[2026-05-15T19:00:55.221+0000] {logging_mixin.py:188} INFO - [2026-05-15T19:00:55.221+0000] {dag.py:3954} INFO - Setting next_dagrun for stackoverflow_medallion_pipeline_v2 to 2026-05-15 00:00:00+00:00, run_after=2026-05-16 00:00:00+00:00
[2026-05-15T19:00:55.294+0000] {processor.py:183} INFO - Processing /opt/airflow/dags/stackoverflow_migration_dag.py took 2.227 seconds
[2026-05-15T19:01:25.731+0000] {processor.py:161} INFO - Started process (PID=283) to work on /opt/airflow/dags/stackoverflow_migration_dag.py
[2026-05-15T19:01:25.733+0000] {processor.py:830} INFO - Processing file /opt/airflow/dags/stackoverflow_migration_dag.py for tasks to queue
[2026-05-15T19:01:25.736+0000] {logging_mixin.py:188} INFO - [2026-05-15T19:01:25.735+0000] {dagbag.py:545} INFO - Filling up the DagBag from /opt/airflow/dags/stackoverflow_migration_dag.py
[2026-05-15T19:01:27.768+0000] {processor.py:840} INFO - DAG(s) 'stackoverflow_medallion_pipeline_v2' retrieved from /opt/airflow/dags/stackoverflow_migration_dag.py
[2026-05-15T19:01:27.897+0000] {logging_mixin.py:188} INFO - [2026-05-15T19:01:27.897+0000] {dag.py:3096} INFO - Sync 1 DAGs
[2026-05-15T19:01:27.988+0000] {logging_mixin.py:188} INFO - [2026-05-15T19:01:27.987+0000] {dag.py:3954} INFO - Setting next_dagrun for stackoverflow_medallion_pipeline_v2 to 2026-05-15 00:00:00+00:00, run_after=2026-05-16 00:00:00+00:00
[2026-05-15T19:01:28.104+0000] {processor.py:183} INFO - Processing /opt/airflow/dags/stackoverflow_migration_dag.py took 2.384 seconds
[2026-05-15T19:03:16.320+0000] {processor.py:161} INFO - Started process (PID=164) to work on /opt/airflow/dags/stackoverflow_migration_dag.py
[2026-05-15T19:03:16.322+0000] {processor.py:830} INFO - Processing file /opt/airflow/dags/stackoverflow_migration_dag.py for tasks to queue
[2026-05-15T19:03:16.326+0000] {logging_mixin.py:188} INFO - [2026-05-15T19:03:16.325+0000] {dagbag.py:545} INFO - Filling up the DagBag from /opt/airflow/dags/stackoverflow_migration_dag.py
[2026-05-15T19:03:18.075+0000] {processor.py:840} INFO - DAG(s) 'stackoverflow_medallion_pipeline_v2' retrieved from /opt/airflow/dags/stackoverflow_migration_dag.py
[2026-05-15T19:03:18.165+0000] {logging_mixin.py:188} INFO - [2026-05-15T19:03:18.164+0000] {dag.py:3096} INFO - Sync 1 DAGs
[2026-05-15T19:03:18.272+0000] {logging_mixin.py:188} INFO - [2026-05-15T19:03:18.272+0000] {dag.py:3954} INFO - Setting next_dagrun for stackoverflow_medallion_pipeline_v2 to 2026-05-15 00:00:00+00:00, run_after=2026-05-16 00:00:00+00:00
[2026-05-15T19:03:18.370+0000] {processor.py:183} INFO - Processing /opt/airflow/dags/stackoverflow_migration_dag.py took 2.062 seconds
[2026-05-15T19:03:48.722+0000] {processor.py:161} INFO - Started process (PID=169) to work on /opt/airflow/dags/stackoverflow_migration_dag.py
[2026-05-15T19:03:48.726+0000] {processor.py:830} INFO - Processing file /opt/airflow/dags/stackoverflow_migration_dag.py for tasks to queue
[2026-05-15T19:03:48.735+0000] {logging_mixin.py:188} INFO - [2026-05-15T19:03:48.733+0000] {dagbag.py:545} INFO - Filling up the DagBag from /opt/airflow/dags/stackoverflow_migration_dag.py
[2026-05-15T19:03:50.773+0000] {processor.py:840} INFO - DAG(s) 'stackoverflow_medallion_pipeline_v2' retrieved from /opt/airflow/dags/stackoverflow_migration_dag.py
[2026-05-15T19:03:51.459+0000] {logging_mixin.py:188} INFO - [2026-05-15T19:03:51.459+0000] {dag.py:3096} INFO - Sync 1 DAGs
[2026-05-15T19:03:51.551+0000] {logging_mixin.py:188} INFO - [2026-05-15T19:03:51.551+0000] {dag.py:3954} INFO - Setting next_dagrun for stackoverflow_medallion_pipeline_v2 to 2026-05-15 00:00:00+00:00, run_after=2026-05-16 00:00:00+00:00
[2026-05-15T19:03:51.637+0000] {processor.py:183} INFO - Processing /opt/airflow/dags/stackoverflow_migration_dag.py took 2.935 seconds
[2026-05-15T19:04:22.079+0000] {processor.py:161} INFO - Started process (PID=174) to work on /opt/airflow/dags/stackoverflow_migration_dag.py
[2026-05-15T19:04:22.083+0000] {processor.py:830} INFO - Processing file /opt/airflow/dags/stackoverflow_migration_dag.py for tasks to queue
[2026-05-15T19:04:22.091+0000] {logging_mixin.py:188} INFO - [2026-05-15T19:04:22.090+0000] {dagbag.py:545} INFO - Filling up the DagBag from /opt/airflow/dags/stackoverflow_migration_dag.py
[2026-05-15T19:04:25.228+0000] {processor.py:840} INFO - DAG(s) 'stackoverflow_medallion_pipeline_v2' retrieved from /opt/airflow/dags/stackoverflow_migration_dag.py
[2026-05-15T19:04:25.394+0000] {logging_mixin.py:188} INFO - [2026-05-15T19:04:25.394+0000] {dag.py:3096} INFO - Sync 1 DAGs
[2026-05-15T19:04:25.476+0000] {logging_mixin.py:188} INFO - [2026-05-15T19:04:25.476+0000] {dag.py:3954} INFO - Setting next_dagrun for stackoverflow_medallion_pipeline_v2 to 2026-05-15 00:00:00+00:00, run_after=2026-05-16 00:00:00+00:00
[2026-05-15T19:04:25.550+0000] {processor.py:183} INFO - Processing /opt/airflow/dags/stackoverflow_migration_dag.py took 3.493 seconds
[2026-05-15T19:04:56.049+0000] {processor.py:161} INFO - Started process (PID=181) to work on /opt/airflow/dags/stackoverflow_migration_dag.py
[2026-05-15T19:04:56.054+0000] {processor.py:830} INFO - Processing file /opt/airflow/dags/stackoverflow_migration_dag.py for tasks to queue
[2026-05-15T19:04:56.062+0000] {logging_mixin.py:188} INFO - [2026-05-15T19:04:56.060+0000] {dagbag.py:545} INFO - Filling up the DagBag from /opt/airflow/dags/stackoverflow_migration_dag.py
[2026-05-15T19:04:58.950+0000] {processor.py:840} INFO - DAG(s) 'stackoverflow_medallion_pipeline_v2' retrieved from /opt/airflow/dags/stackoverflow_migration_dag.py
[2026-05-15T19:04:59.066+0000] {logging_mixin.py:188} INFO - [2026-05-15T19:04:59.066+0000] {dag.py:3096} INFO - Sync 1 DAGs
[2026-05-15T19:04:59.174+0000] {logging_mixin.py:188} INFO - [2026-05-15T19:04:59.173+0000] {dag.py:3954} INFO - Setting next_dagrun for stackoverflow_medallion_pipeline_v2 to 2026-05-15 00:00:00+00:00, run_after=2026-05-16 00:00:00+00:00
[2026-05-15T19:04:59.267+0000] {processor.py:183} INFO - Processing /opt/airflow/dags/stackoverflow_migration_dag.py took 3.241 seconds
[2026-05-15T19:05:29.830+0000] {processor.py:161} INFO - Started process (PID=186) to work on /opt/airflow/dags/stackoverflow_migration_dag.py
[2026-05-15T19:05:29.832+0000] {processor.py:830} INFO - Processing file /opt/airflow/dags/stackoverflow_migration_dag.py for tasks to queue
[2026-05-15T19:05:29.837+0000] {logging_mixin.py:188} INFO - [2026-05-15T19:05:29.835+0000] {dagbag.py:545} INFO - Filling up the DagBag from /opt/airflow/dags/stackoverflow_migration_dag.py
[2026-05-15T19:05:31.918+0000] {processor.py:840} INFO - DAG(s) 'stackoverflow_medallion_pipeline_v2' retrieved from /opt/airflow/dags/stackoverflow_migration_dag.py
[2026-05-15T19:05:32.006+0000] {logging_mixin.py:188} INFO - [2026-05-15T19:05:32.006+0000] {dag.py:3096} INFO - Sync 1 DAGs
[2026-05-15T19:05:32.079+0000] {logging_mixin.py:188} INFO - [2026-05-15T19:05:32.078+0000] {dag.py:3954} INFO - Setting next_dagrun for stackoverflow_medallion_pipeline_v2 to 2026-05-15 00:00:00+00:00, run_after=2026-05-16 00:00:00+00:00
[2026-05-15T19:05:32.141+0000] {processor.py:183} INFO - Processing /opt/airflow/dags/stackoverflow_migration_dag.py took 2.324 seconds
[2026-05-15T19:06:02.673+0000] {processor.py:161} INFO - Started process (PID=191) to work on /opt/airflow/dags/stackoverflow_migration_dag.py
[2026-05-15T19:06:02.678+0000] {processor.py:830} INFO - Processing file /opt/airflow/dags/stackoverflow_migration_dag.py for tasks to queue
[2026-05-15T19:06:02.686+0000] {logging_mixin.py:188} INFO - [2026-05-15T19:06:02.685+0000] {dagbag.py:545} INFO - Filling up the DagBag from /opt/airflow/dags/stackoverflow_migration_dag.py
[2026-05-15T19:06:05.238+0000] {processor.py:840} INFO - DAG(s) 'stackoverflow_medallion_pipeline_v2' retrieved from /opt/airflow/dags/stackoverflow_migration_dag.py
[2026-05-15T19:06:05.375+0000] {logging_mixin.py:188} INFO - [2026-05-15T19:06:05.374+0000] {dag.py:3096} INFO - Sync 1 DAGs
[2026-05-15T19:06:05.470+0000] {logging_mixin.py:188} INFO - [2026-05-15T19:06:05.470+0000] {dag.py:3954} INFO - Setting next_dagrun for stackoverflow_medallion_pipeline_v2 to 2026-05-15 00:00:00+00:00, run_after=2026-05-16 00:00:00+00:00
[2026-05-15T19:06:05.554+0000] {processor.py:183} INFO - Processing /opt/airflow/dags/stackoverflow_migration_dag.py took 2.907 seconds
[2026-05-15T19:06:36.150+0000] {processor.py:161} INFO - Started process (PID=196) to work on /opt/airflow/dags/stackoverflow_migration_dag.py
[2026-05-15T19:06:36.156+0000] {processor.py:830} INFO - Processing file /opt/airflow/dags/stackoverflow_migration_dag.py for tasks to queue
[2026-05-15T19:06:36.167+0000] {logging_mixin.py:188} INFO - [2026-05-15T19:06:36.165+0000] {dagbag.py:545} INFO - Filling up the DagBag from /opt/airflow/dags/stackoverflow_migration_dag.py
[2026-05-15T19:06:38.324+0000] {processor.py:840} INFO - DAG(s) 'stackoverflow_medallion_pipeline_v2' retrieved from /opt/airflow/dags/stackoverflow_migration_dag.py
[2026-05-15T19:06:38.570+0000] {logging_mixin.py:188} INFO - [2026-05-15T19:06:38.569+0000] {dag.py:3096} INFO - Sync 1 DAGs
[2026-05-15T19:06:38.782+0000] {logging_mixin.py:188} INFO - [2026-05-15T19:06:38.780+0000] {dag.py:3954} INFO - Setting next_dagrun for stackoverflow_medallion_pipeline_v2 to 2026-05-15 00:00:00+00:00, run_after=2026-05-16 00:00:00+00:00
[2026-05-15T19:06:38.845+0000] {processor.py:183} INFO - Processing /opt/airflow/dags/stackoverflow_migration_dag.py took 2.727 seconds
[2026-05-15T19:07:09.271+0000] {processor.py:161} INFO - Started process (PID=203) to work on /opt/airflow/dags/stackoverflow_migration_dag.py
[2026-05-15T19:07:09.275+0000] {processor.py:830} INFO - Processing file /opt/airflow/dags/stackoverflow_migration_dag.py for tasks to queue
[2026-05-15T19:07:09.284+0000] {logging_mixin.py:188} INFO - [2026-05-15T19:07:09.283+0000] {dagbag.py:545} INFO - Filling up the DagBag from /opt/airflow/dags/stackoverflow_migration_dag.py
[2026-05-15T19:07:11.419+0000] {processor.py:840} INFO - DAG(s) 'stackoverflow_medallion_pipeline_v2' retrieved from /opt/airflow/dags/stackoverflow_migration_dag.py
[2026-05-15T19:07:11.529+0000] {logging_mixin.py:188} INFO - [2026-05-15T19:07:11.528+0000] {dag.py:3096} INFO - Sync 1 DAGs
[2026-05-15T19:07:11.604+0000] {logging_mixin.py:188} INFO - [2026-05-15T19:07:11.603+0000] {dag.py:3954} INFO - Setting next_dagrun for stackoverflow_medallion_pipeline_v2 to 2026-05-15 00:00:00+00:00, run_after=2026-05-16 00:00:00+00:00
[2026-05-15T19:07:11.675+0000] {processor.py:183} INFO - Processing /opt/airflow/dags/stackoverflow_migration_dag.py took 2.428 seconds
[2026-05-15T19:07:42.269+0000] {processor.py:161} INFO - Started process (PID=214) to work on /opt/airflow/dags/stackoverflow_migration_dag.py
[2026-05-15T19:07:42.274+0000] {processor.py:830} INFO - Processing file /opt/airflow/dags/stackoverflow_migration_dag.py for tasks to queue
[2026-05-15T19:07:42.289+0000] {logging_mixin.py:188} INFO - [2026-05-15T19:07:42.287+0000] {dagbag.py:545} INFO - Filling up the DagBag from /opt/airflow/dags/stackoverflow_migration_dag.py
[2026-05-15T19:07:45.647+0000] {processor.py:840} INFO - DAG(s) 'stackoverflow_medallion_pipeline_v2' retrieved from /opt/airflow/dags/stackoverflow_migration_dag.py
[2026-05-15T19:07:45.791+0000] {logging_mixin.py:188} INFO - [2026-05-15T19:07:45.790+0000] {dag.py:3096} INFO - Sync 1 DAGs
[2026-05-15T19:07:45.876+0000] {logging_mixin.py:188} INFO - [2026-05-15T19:07:45.875+0000] {dag.py:3954} INFO - Setting next_dagrun for stackoverflow_medallion_pipeline_v2 to 2026-05-15 00:00:00+00:00, run_after=2026-05-16 00:00:00+00:00
[2026-05-15T19:07:45.942+0000] {processor.py:183} INFO - Processing /opt/airflow/dags/stackoverflow_migration_dag.py took 3.713 seconds
[2026-05-15T19:08:16.186+0000] {processor.py:161} INFO - Started process (PID=223) to work on /opt/airflow/dags/stackoverflow_migration_dag.py
[2026-05-15T19:08:16.190+0000] {processor.py:830} INFO - Processing file /opt/airflow/dags/stackoverflow_migration_dag.py for tasks to queue
[2026-05-15T19:08:16.198+0000] {logging_mixin.py:188} INFO - [2026-05-15T19:08:16.196+0000] {dagbag.py:545} INFO - Filling up the DagBag from /opt/airflow/dags/stackoverflow_migration_dag.py
[2026-05-15T19:08:18.626+0000] {processor.py:840} INFO - DAG(s) 'stackoverflow_medallion_pipeline_v2' retrieved from /opt/airflow/dags/stackoverflow_migration_dag.py
[2026-05-15T19:08:18.750+0000] {logging_mixin.py:188} INFO - [2026-05-15T19:08:18.749+0000] {dag.py:3096} INFO - Sync 1 DAGs
[2026-05-15T19:08:18.843+0000] {logging_mixin.py:188} INFO - [2026-05-15T19:08:18.842+0000] {dag.py:3954} INFO - Setting next_dagrun for stackoverflow_medallion_pipeline_v2 to 2026-05-15 00:00:00+00:00, run_after=2026-05-16 00:00:00+00:00
[2026-05-15T19:08:18.907+0000] {processor.py:183} INFO - Processing /opt/airflow/dags/stackoverflow_migration_dag.py took 2.745 seconds
[2026-05-15T19:08:49.322+0000] {processor.py:161} INFO - Started process (PID=228) to work on /opt/airflow/dags/stackoverflow_migration_dag.py
[2026-05-15T19:08:49.325+0000] {processor.py:830} INFO - Processing file /opt/airflow/dags/stackoverflow_migration_dag.py for tasks to queue
[2026-05-15T19:08:49.331+0000] {logging_mixin.py:188} INFO - [2026-05-15T19:08:49.330+0000] {dagbag.py:545} INFO - Filling up the DagBag from /opt/airflow/dags/stackoverflow_migration_dag.py
[2026-05-15T19:08:51.335+0000] {processor.py:840} INFO - DAG(s) 'stackoverflow_medallion_pipeline_v2' retrieved from /opt/airflow/dags/stackoverflow_migration_dag.py
[2026-05-15T19:08:51.473+0000] {logging_mixin.py:188} INFO - [2026-05-15T19:08:51.472+0000] {dag.py:3096} INFO - Sync 1 DAGs
[2026-05-15T19:08:51.579+0000] {logging_mixin.py:188} INFO - [2026-05-15T19:08:51.578+0000] {dag.py:3954} INFO - Setting next_dagrun for stackoverflow_medallion_pipeline_v2 to 2026-05-15 00:00:00+00:00, run_after=2026-05-16 00:00:00+00:00
[2026-05-15T19:08:51.662+0000] {processor.py:183} INFO - Processing /opt/airflow/dags/stackoverflow_migration_dag.py took 2.358 seconds
[2026-05-15T19:09:22.121+0000] {processor.py:161} INFO - Started process (PID=233) to work on /opt/airflow/dags/stackoverflow_migration_dag.py
[2026-05-15T19:09:22.123+0000] {processor.py:830} INFO - Processing file /opt/airflow/dags/stackoverflow_migration_dag.py for tasks to queue
[2026-05-15T19:09:22.127+0000] {logging_mixin.py:188} INFO - [2026-05-15T19:09:22.127+0000] {dagbag.py:545} INFO - Filling up the DagBag from /opt/airflow/dags/stackoverflow_migration_dag.py
[2026-05-15T19:09:23.690+0000] {processor.py:840} INFO - DAG(s) 'stackoverflow_medallion_pipeline_v2' retrieved from /opt/airflow/dags/stackoverflow_migration_dag.py
[2026-05-15T19:09:23.782+0000] {logging_mixin.py:188} INFO - [2026-05-15T19:09:23.782+0000] {dag.py:3096} INFO - Sync 1 DAGs
[2026-05-15T19:09:23.883+0000] {logging_mixin.py:188} INFO - [2026-05-15T19:09:23.883+0000] {dag.py:3954} INFO - Setting next_dagrun for stackoverflow_medallion_pipeline_v2 to 2026-05-15 00:00:00+00:00, run_after=2026-05-16 00:00:00+00:00
[2026-05-15T19:09:23.962+0000] {processor.py:183} INFO - Processing /opt/airflow/dags/stackoverflow_migration_dag.py took 1.852 seconds
[2026-05-15T19:09:54.432+0000] {processor.py:161} INFO - Started process (PID=238) to work on /opt/airflow/dags/stackoverflow_migration_dag.py
[2026-05-15T19:09:54.436+0000] {processor.py:830} INFO - Processing file /opt/airflow/dags/stackoverflow_migration_dag.py for tasks to queue
[2026-05-15T19:09:54.441+0000] {logging_mixin.py:188} INFO - [2026-05-15T19:09:54.440+0000] {dagbag.py:545} INFO - Filling up the DagBag from /opt/airflow/dags/stackoverflow_migration_dag.py
[2026-05-15T19:09:56.290+0000] {processor.py:840} INFO - DAG(s) 'stackoverflow_medallion_pipeline_v2' retrieved from /opt/airflow/dags/stackoverflow_migration_dag.py
[2026-05-15T19:09:56.410+0000] {logging_mixin.py:188} INFO - [2026-05-15T19:09:56.410+0000] {dag.py:3096} INFO - Sync 1 DAGs
[2026-05-15T19:09:56.474+0000] {logging_mixin.py:188} INFO - [2026-05-15T19:09:56.474+0000] {dag.py:3954} INFO - Setting next_dagrun for stackoverflow_medallion_pipeline_v2 to 2026-05-15 00:00:00+00:00, run_after=2026-05-16 00:00:00+00:00
[2026-05-15T19:09:56.544+0000] {processor.py:183} INFO - Processing /opt/airflow/dags/stackoverflow_migration_dag.py took 2.127 seconds
[2026-05-15T19:10:26.987+0000] {processor.py:161} INFO - Started process (PID=243) to work on /opt/airflow/dags/stackoverflow_migration_dag.py
[2026-05-15T19:10:26.991+0000] {processor.py:830} INFO - Processing file /opt/airflow/dags/stackoverflow_migration_dag.py for tasks to queue
[2026-05-15T19:10:27.005+0000] {logging_mixin.py:188} INFO - [2026-05-15T19:10:27.002+0000] {dagbag.py:545} INFO - Filling up the DagBag from /opt/airflow/dags/stackoverflow_migration_dag.py
[2026-05-15T19:10:31.254+0000] {processor.py:840} INFO - DAG(s) 'stackoverflow_medallion_pipeline_v2' retrieved from /opt/airflow/dags/stackoverflow_migration_dag.py
[2026-05-15T19:10:31.362+0000] {logging_mixin.py:188} INFO - [2026-05-15T19:10:31.362+0000] {dag.py:3096} INFO - Sync 1 DAGs
[2026-05-15T19:10:31.449+0000] {logging_mixin.py:188} INFO - [2026-05-15T19:10:31.448+0000] {dag.py:3954} INFO - Setting next_dagrun for stackoverflow_medallion_pipeline_v2 to 2026-05-15 00:00:00+00:00, run_after=2026-05-16 00:00:00+00:00
[2026-05-15T19:10:31.521+0000] {processor.py:183} INFO - Processing /opt/airflow/dags/stackoverflow_migration_dag.py took 4.568 seconds
[2026-05-15T19:11:02.018+0000] {processor.py:161} INFO - Started process (PID=248) to work on /opt/airflow/dags/stackoverflow_migration_dag.py
[2026-05-15T19:11:02.021+0000] {processor.py:830} INFO - Processing file /opt/airflow/dags/stackoverflow_migration_dag.py for tasks to queue
[2026-05-15T19:11:02.027+0000] {logging_mixin.py:188} INFO - [2026-05-15T19:11:02.026+0000] {dagbag.py:545} INFO - Filling up the DagBag from /opt/airflow/dags/stackoverflow_migration_dag.py
[2026-05-15T19:11:04.364+0000] {processor.py:840} INFO - DAG(s) 'stackoverflow_medallion_pipeline_v2' retrieved from /opt/airflow/dags/stackoverflow_migration_dag.py
[2026-05-15T19:11:04.517+0000] {logging_mixin.py:188} INFO - [2026-05-15T19:11:04.516+0000] {dag.py:3096} INFO - Sync 1 DAGs
[2026-05-15T19:11:04.606+0000] {logging_mixin.py:188} INFO - [2026-05-15T19:11:04.606+0000] {dag.py:3954} INFO - Setting next_dagrun for stackoverflow_medallion_pipeline_v2 to 2026-05-15 00:00:00+00:00, run_after=2026-05-16 00:00:00+00:00
[2026-05-15T19:11:04.681+0000] {processor.py:183} INFO - Processing /opt/airflow/dags/stackoverflow_migration_dag.py took 2.682 seconds
[2026-05-15T19:11:35.174+0000] {processor.py:161} INFO - Started process (PID=253) to work on /opt/airflow/dags/stackoverflow_migration_dag.py
[2026-05-15T19:11:35.177+0000] {processor.py:830} INFO - Processing file /opt/airflow/dags/stackoverflow_migration_dag.py for tasks to queue
[2026-05-15T19:11:35.187+0000] {logging_mixin.py:188} INFO - [2026-05-15T19:11:35.185+0000] {dagbag.py:545} INFO - Filling up the DagBag from /opt/airflow/dags/stackoverflow_migration_dag.py
[2026-05-15T19:11:37.208+0000] {processor.py:840} INFO - DAG(s) 'stackoverflow_medallion_pipeline_v2' retrieved from /opt/airflow/dags/stackoverflow_migration_dag.py
[2026-05-15T19:11:37.342+0000] {logging_mixin.py:188} INFO - [2026-05-15T19:11:37.341+0000] {dag.py:3096} INFO - Sync 1 DAGs
[2026-05-15T19:11:37.431+0000] {logging_mixin.py:188} INFO - [2026-05-15T19:11:37.430+0000] {dag.py:3954} INFO - Setting next_dagrun for stackoverflow_medallion_pipeline_v2 to 2026-05-15 00:00:00+00:00, run_after=2026-05-16 00:00:00+00:00
[2026-05-15T19:11:37.516+0000] {processor.py:183} INFO - Processing /opt/airflow/dags/stackoverflow_migration_dag.py took 2.364 seconds
[2026-05-15T19:11:47.381+0000] {processor.py:161} INFO - Started process (PID=258) to work on /opt/airflow/dags/stackoverflow_migration_dag.py
[2026-05-15T19:11:47.386+0000] {processor.py:830} INFO - Processing file /opt/airflow/dags/stackoverflow_migration_dag.py for tasks to queue
[2026-05-15T19:11:47.393+0000] {logging_mixin.py:188} INFO - [2026-05-15T19:11:47.392+0000] {dagbag.py:545} INFO - Filling up the DagBag from /opt/airflow/dags/stackoverflow_migration_dag.py
[2026-05-15T19:11:47.440+0000] {logging_mixin.py:188} INFO - [2026-05-15T19:11:47.437+0000] {dagbag.py:355} ERROR - Failed to import: /opt/airflow/dags/stackoverflow_migration_dag.py
Traceback (most recent call last):
  File "/home/airflow/.local/lib/python3.12/site-packages/airflow/models/dagbag.py", line 351, in parse
    loader.exec_module(new_module)
  File "<frozen importlib._bootstrap_external>", line 991, in exec_module
  File "<frozen importlib._bootstrap_external>", line 1129, in get_code
  File "<frozen importlib._bootstrap_external>", line 1059, in source_to_code
  File "<frozen importlib._bootstrap>", line 488, in _call_with_frames_removed
  File "/opt/airflow/dags/stackoverflow_migration_dag.py", line 53
    api_key = Variable.get("ANTHROPIC_API_KEY")
    ^^^^^^^
IndentationError: expected an indented block after function definition on line 52
[2026-05-15T19:11:47.442+0000] {processor.py:842} WARNING - No viable dags retrieved from /opt/airflow/dags/stackoverflow_migration_dag.py
[2026-05-15T19:11:47.595+0000] {processor.py:183} INFO - Processing /opt/airflow/dags/stackoverflow_migration_dag.py took 0.246 seconds
[2026-05-15T19:12:18.057+0000] {processor.py:161} INFO - Started process (PID=263) to work on /opt/airflow/dags/stackoverflow_migration_dag.py
[2026-05-15T19:12:18.060+0000] {processor.py:830} INFO - Processing file /opt/airflow/dags/stackoverflow_migration_dag.py for tasks to queue
[2026-05-15T19:12:18.067+0000] {logging_mixin.py:188} INFO - [2026-05-15T19:12:18.066+0000] {dagbag.py:545} INFO - Filling up the DagBag from /opt/airflow/dags/stackoverflow_migration_dag.py
[2026-05-15T19:12:18.121+0000] {logging_mixin.py:188} INFO - [2026-05-15T19:12:18.119+0000] {dagbag.py:355} ERROR - Failed to import: /opt/airflow/dags/stackoverflow_migration_dag.py
Traceback (most recent call last):
  File "/home/airflow/.local/lib/python3.12/site-packages/airflow/models/dagbag.py", line 351, in parse
    loader.exec_module(new_module)
  File "<frozen importlib._bootstrap_external>", line 991, in exec_module
  File "<frozen importlib._bootstrap_external>", line 1129, in get_code
  File "<frozen importlib._bootstrap_external>", line 1059, in source_to_code
  File "<frozen importlib._bootstrap>", line 488, in _call_with_frames_removed
  File "/opt/airflow/dags/stackoverflow_migration_dag.py", line 53
    api_key = Variable.get("ANTHROPIC_API_KEY")
    ^^^^^^^
IndentationError: expected an indented block after function definition on line 52
[2026-05-15T19:12:18.123+0000] {processor.py:842} WARNING - No viable dags retrieved from /opt/airflow/dags/stackoverflow_migration_dag.py
[2026-05-15T19:12:18.255+0000] {processor.py:183} INFO - Processing /opt/airflow/dags/stackoverflow_migration_dag.py took 0.215 seconds
[2026-05-15T19:12:48.544+0000] {processor.py:161} INFO - Started process (PID=268) to work on /opt/airflow/dags/stackoverflow_migration_dag.py
[2026-05-15T19:12:48.561+0000] {processor.py:830} INFO - Processing file /opt/airflow/dags/stackoverflow_migration_dag.py for tasks to queue
[2026-05-15T19:12:48.638+0000] {logging_mixin.py:188} INFO - [2026-05-15T19:12:48.636+0000] {dagbag.py:545} INFO - Filling up the DagBag from /opt/airflow/dags/stackoverflow_migration_dag.py
[2026-05-15T19:12:48.724+0000] {logging_mixin.py:188} INFO - [2026-05-15T19:12:48.721+0000] {dagbag.py:355} ERROR - Failed to import: /opt/airflow/dags/stackoverflow_migration_dag.py
Traceback (most recent call last):
  File "/home/airflow/.local/lib/python3.12/site-packages/airflow/models/dagbag.py", line 351, in parse
    loader.exec_module(new_module)
  File "<frozen importlib._bootstrap_external>", line 991, in exec_module
  File "<frozen importlib._bootstrap_external>", line 1129, in get_code
  File "<frozen importlib._bootstrap_external>", line 1059, in source_to_code
  File "<frozen importlib._bootstrap>", line 488, in _call_with_frames_removed
  File "/opt/airflow/dags/stackoverflow_migration_dag.py", line 53
    api_key = Variable.get("ANTHROPIC_API_KEY")
    ^^^^^^^
IndentationError: expected an indented block after function definition on line 52
[2026-05-15T19:12:48.725+0000] {processor.py:842} WARNING - No viable dags retrieved from /opt/airflow/dags/stackoverflow_migration_dag.py
[2026-05-15T19:12:48.840+0000] {processor.py:183} INFO - Processing /opt/airflow/dags/stackoverflow_migration_dag.py took 0.400 seconds
[2026-05-15T19:13:18.927+0000] {processor.py:161} INFO - Started process (PID=273) to work on /opt/airflow/dags/stackoverflow_migration_dag.py
[2026-05-15T19:13:18.929+0000] {processor.py:830} INFO - Processing file /opt/airflow/dags/stackoverflow_migration_dag.py for tasks to queue
[2026-05-15T19:13:18.932+0000] {logging_mixin.py:188} INFO - [2026-05-15T19:13:18.931+0000] {dagbag.py:545} INFO - Filling up the DagBag from /opt/airflow/dags/stackoverflow_migration_dag.py
[2026-05-15T19:13:18.958+0000] {logging_mixin.py:188} INFO - [2026-05-15T19:13:18.957+0000] {dagbag.py:355} ERROR - Failed to import: /opt/airflow/dags/stackoverflow_migration_dag.py
Traceback (most recent call last):
  File "/home/airflow/.local/lib/python3.12/site-packages/airflow/models/dagbag.py", line 351, in parse
    loader.exec_module(new_module)
  File "<frozen importlib._bootstrap_external>", line 991, in exec_module
  File "<frozen importlib._bootstrap_external>", line 1129, in get_code
  File "<frozen importlib._bootstrap_external>", line 1059, in source_to_code
  File "<frozen importlib._bootstrap>", line 488, in _call_with_frames_removed
  File "/opt/airflow/dags/stackoverflow_migration_dag.py", line 53
    api_key = Variable.get("ANTHROPIC_API_KEY")
    ^^^^^^^
IndentationError: expected an indented block after function definition on line 52
[2026-05-15T19:13:18.959+0000] {processor.py:842} WARNING - No viable dags retrieved from /opt/airflow/dags/stackoverflow_migration_dag.py
[2026-05-15T19:13:19.029+0000] {processor.py:183} INFO - Processing /opt/airflow/dags/stackoverflow_migration_dag.py took 0.112 seconds
[2026-05-15T19:13:49.111+0000] {processor.py:161} INFO - Started process (PID=278) to work on /opt/airflow/dags/stackoverflow_migration_dag.py
[2026-05-15T19:13:49.112+0000] {processor.py:830} INFO - Processing file /opt/airflow/dags/stackoverflow_migration_dag.py for tasks to queue
[2026-05-15T19:13:49.114+0000] {logging_mixin.py:188} INFO - [2026-05-15T19:13:49.113+0000] {dagbag.py:545} INFO - Filling up the DagBag from /opt/airflow/dags/stackoverflow_migration_dag.py
[2026-05-15T19:13:49.144+0000] {logging_mixin.py:188} INFO - [2026-05-15T19:13:49.142+0000] {dagbag.py:355} ERROR - Failed to import: /opt/airflow/dags/stackoverflow_migration_dag.py
Traceback (most recent call last):
  File "/home/airflow/.local/lib/python3.12/site-packages/airflow/models/dagbag.py", line 351, in parse
    loader.exec_module(new_module)
  File "<frozen importlib._bootstrap_external>", line 991, in exec_module
  File "<frozen importlib._bootstrap_external>", line 1129, in get_code
  File "<frozen importlib._bootstrap_external>", line 1059, in source_to_code
  File "<frozen importlib._bootstrap>", line 488, in _call_with_frames_removed
  File "/opt/airflow/dags/stackoverflow_migration_dag.py", line 53
    api_key = Variable.get("ANTHROPIC_API_KEY")
    ^^^^^^^
IndentationError: expected an indented block after function definition on line 52
[2026-05-15T19:13:49.145+0000] {processor.py:842} WARNING - No viable dags retrieved from /opt/airflow/dags/stackoverflow_migration_dag.py
[2026-05-15T19:13:49.215+0000] {processor.py:183} INFO - Processing /opt/airflow/dags/stackoverflow_migration_dag.py took 0.113 seconds
[2026-05-15T19:14:19.438+0000] {processor.py:161} INFO - Started process (PID=283) to work on /opt/airflow/dags/stackoverflow_migration_dag.py
[2026-05-15T19:14:19.439+0000] {processor.py:830} INFO - Processing file /opt/airflow/dags/stackoverflow_migration_dag.py for tasks to queue
[2026-05-15T19:14:19.441+0000] {logging_mixin.py:188} INFO - [2026-05-15T19:14:19.441+0000] {dagbag.py:545} INFO - Filling up the DagBag from /opt/airflow/dags/stackoverflow_migration_dag.py
[2026-05-15T19:14:19.469+0000] {logging_mixin.py:188} INFO - [2026-05-15T19:14:19.468+0000] {dagbag.py:355} ERROR - Failed to import: /opt/airflow/dags/stackoverflow_migration_dag.py
Traceback (most recent call last):
  File "/home/airflow/.local/lib/python3.12/site-packages/airflow/models/dagbag.py", line 351, in parse
    loader.exec_module(new_module)
  File "<frozen importlib._bootstrap_external>", line 991, in exec_module
  File "<frozen importlib._bootstrap_external>", line 1129, in get_code
  File "<frozen importlib._bootstrap_external>", line 1059, in source_to_code
  File "<frozen importlib._bootstrap>", line 488, in _call_with_frames_removed
  File "/opt/airflow/dags/stackoverflow_migration_dag.py", line 53
    api_key = Variable.get("ANTHROPIC_API_KEY")
    ^^^^^^^
IndentationError: expected an indented block after function definition on line 52
[2026-05-15T19:14:19.470+0000] {processor.py:842} WARNING - No viable dags retrieved from /opt/airflow/dags/stackoverflow_migration_dag.py
[2026-05-15T19:14:19.540+0000] {processor.py:183} INFO - Processing /opt/airflow/dags/stackoverflow_migration_dag.py took 0.111 seconds
[2026-05-15T19:14:26.556+0000] {processor.py:161} INFO - Started process (PID=288) to work on /opt/airflow/dags/stackoverflow_migration_dag.py
[2026-05-15T19:14:26.558+0000] {processor.py:830} INFO - Processing file /opt/airflow/dags/stackoverflow_migration_dag.py for tasks to queue
[2026-05-15T19:14:26.562+0000] {logging_mixin.py:188} INFO - [2026-05-15T19:14:26.561+0000] {dagbag.py:545} INFO - Filling up the DagBag from /opt/airflow/dags/stackoverflow_migration_dag.py
[2026-05-15T19:14:28.553+0000] {processor.py:840} INFO - DAG(s) 'stackoverflow_medallion_pipeline_v2' retrieved from /opt/airflow/dags/stackoverflow_migration_dag.py
[2026-05-15T19:14:28.820+0000] {logging_mixin.py:188} INFO - [2026-05-15T19:14:28.819+0000] {dag.py:3096} INFO - Sync 1 DAGs
[2026-05-15T19:14:28.871+0000] {logging_mixin.py:188} INFO - [2026-05-15T19:14:28.870+0000] {dag.py:3954} INFO - Setting next_dagrun for stackoverflow_medallion_pipeline_v2 to 2026-05-15 00:00:00+00:00, run_after=2026-05-16 00:00:00+00:00
[2026-05-15T19:14:28.928+0000] {processor.py:183} INFO - Processing /opt/airflow/dags/stackoverflow_migration_dag.py took 2.386 seconds
[2026-05-15T19:14:29.681+0000] {processor.py:161} INFO - Started process (PID=293) to work on /opt/airflow/dags/stackoverflow_migration_dag.py
[2026-05-15T19:14:29.683+0000] {processor.py:830} INFO - Processing file /opt/airflow/dags/stackoverflow_migration_dag.py for tasks to queue
[2026-05-15T19:14:29.685+0000] {logging_mixin.py:188} INFO - [2026-05-15T19:14:29.684+0000] {dagbag.py:545} INFO - Filling up the DagBag from /opt/airflow/dags/stackoverflow_migration_dag.py
[2026-05-15T19:14:30.987+0000] {processor.py:840} INFO - DAG(s) 'stackoverflow_medallion_pipeline_v2' retrieved from /opt/airflow/dags/stackoverflow_migration_dag.py
[2026-05-15T19:14:31.066+0000] {logging_mixin.py:188} INFO - [2026-05-15T19:14:31.066+0000] {dag.py:3096} INFO - Sync 1 DAGs
[2026-05-15T19:14:31.139+0000] {logging_mixin.py:188} INFO - [2026-05-15T19:14:31.139+0000] {dag.py:3954} INFO - Setting next_dagrun for stackoverflow_medallion_pipeline_v2 to 2026-05-15 00:00:00+00:00, run_after=2026-05-16 00:00:00+00:00
[2026-05-15T19:14:31.209+0000] {processor.py:183} INFO - Processing /opt/airflow/dags/stackoverflow_migration_dag.py took 1.538 seconds
[2026-05-15T19:15:58.412+0000] {processor.py:161} INFO - Started process (PID=164) to work on /opt/airflow/dags/stackoverflow_migration_dag.py
[2026-05-15T19:15:58.414+0000] {processor.py:830} INFO - Processing file /opt/airflow/dags/stackoverflow_migration_dag.py for tasks to queue
[2026-05-15T19:15:58.417+0000] {logging_mixin.py:188} INFO - [2026-05-15T19:15:58.416+0000] {dagbag.py:545} INFO - Filling up the DagBag from /opt/airflow/dags/stackoverflow_migration_dag.py
[2026-05-15T19:16:00.208+0000] {processor.py:840} INFO - DAG(s) 'stackoverflow_medallion_pipeline_v2' retrieved from /opt/airflow/dags/stackoverflow_migration_dag.py
[2026-05-15T19:16:00.281+0000] {logging_mixin.py:188} INFO - [2026-05-15T19:16:00.280+0000] {dag.py:3096} INFO - Sync 1 DAGs
[2026-05-15T19:16:00.347+0000] {logging_mixin.py:188} INFO - [2026-05-15T19:16:00.346+0000] {dag.py:3954} INFO - Setting next_dagrun for stackoverflow_medallion_pipeline_v2 to 2026-05-15 00:00:00+00:00, run_after=2026-05-16 00:00:00+00:00
[2026-05-15T19:16:00.400+0000] {processor.py:183} INFO - Processing /opt/airflow/dags/stackoverflow_migration_dag.py took 2.003 seconds
[2026-05-15T19:16:30.681+0000] {processor.py:161} INFO - Started process (PID=169) to work on /opt/airflow/dags/stackoverflow_migration_dag.py
[2026-05-15T19:16:30.683+0000] {processor.py:830} INFO - Processing file /opt/airflow/dags/stackoverflow_migration_dag.py for tasks to queue
[2026-05-15T19:16:30.686+0000] {logging_mixin.py:188} INFO - [2026-05-15T19:16:30.686+0000] {dagbag.py:545} INFO - Filling up the DagBag from /opt/airflow/dags/stackoverflow_migration_dag.py
[2026-05-15T19:16:31.984+0000] {processor.py:840} INFO - DAG(s) 'stackoverflow_medallion_pipeline_v2' retrieved from /opt/airflow/dags/stackoverflow_migration_dag.py
[2026-05-15T19:16:32.526+0000] {logging_mixin.py:188} INFO - [2026-05-15T19:16:32.525+0000] {dag.py:3096} INFO - Sync 1 DAGs
[2026-05-15T19:16:32.599+0000] {logging_mixin.py:188} INFO - [2026-05-15T19:16:32.599+0000] {dag.py:3954} INFO - Setting next_dagrun for stackoverflow_medallion_pipeline_v2 to 2026-05-15 00:00:00+00:00, run_after=2026-05-16 00:00:00+00:00
[2026-05-15T19:16:32.651+0000] {processor.py:183} INFO - Processing /opt/airflow/dags/stackoverflow_migration_dag.py took 1.980 seconds
[2026-05-15T19:17:03.018+0000] {processor.py:161} INFO - Started process (PID=174) to work on /opt/airflow/dags/stackoverflow_migration_dag.py
[2026-05-15T19:17:03.020+0000] {processor.py:830} INFO - Processing file /opt/airflow/dags/stackoverflow_migration_dag.py for tasks to queue
[2026-05-15T19:17:03.024+0000] {logging_mixin.py:188} INFO - [2026-05-15T19:17:03.024+0000] {dagbag.py:545} INFO - Filling up the DagBag from /opt/airflow/dags/stackoverflow_migration_dag.py
[2026-05-15T19:17:04.588+0000] {processor.py:840} INFO - DAG(s) 'stackoverflow_medallion_pipeline_v2' retrieved from /opt/airflow/dags/stackoverflow_migration_dag.py
[2026-05-15T19:17:04.709+0000] {logging_mixin.py:188} INFO - [2026-05-15T19:17:04.708+0000] {dag.py:3096} INFO - Sync 1 DAGs
[2026-05-15T19:17:04.794+0000] {logging_mixin.py:188} INFO - [2026-05-15T19:17:04.794+0000] {dag.py:3954} INFO - Setting next_dagrun for stackoverflow_medallion_pipeline_v2 to 2026-05-15 00:00:00+00:00, run_after=2026-05-16 00:00:00+00:00
[2026-05-15T19:17:04.851+0000] {processor.py:183} INFO - Processing /opt/airflow/dags/stackoverflow_migration_dag.py took 1.843 seconds
[2026-05-15T19:17:35.322+0000] {processor.py:161} INFO - Started process (PID=179) to work on /opt/airflow/dags/stackoverflow_migration_dag.py
[2026-05-15T19:17:35.333+0000] {processor.py:830} INFO - Processing file /opt/airflow/dags/stackoverflow_migration_dag.py for tasks to queue
[2026-05-15T19:17:35.342+0000] {logging_mixin.py:188} INFO - [2026-05-15T19:17:35.341+0000] {dagbag.py:545} INFO - Filling up the DagBag from /opt/airflow/dags/stackoverflow_migration_dag.py
[2026-05-15T19:17:37.438+0000] {processor.py:840} INFO - DAG(s) 'stackoverflow_medallion_pipeline_v2' retrieved from /opt/airflow/dags/stackoverflow_migration_dag.py
[2026-05-15T19:17:37.545+0000] {logging_mixin.py:188} INFO - [2026-05-15T19:17:37.544+0000] {dag.py:3096} INFO - Sync 1 DAGs
[2026-05-15T19:17:37.618+0000] {logging_mixin.py:188} INFO - [2026-05-15T19:17:37.617+0000] {dag.py:3954} INFO - Setting next_dagrun for stackoverflow_medallion_pipeline_v2 to 2026-05-15 00:00:00+00:00, run_after=2026-05-16 00:00:00+00:00
[2026-05-15T19:17:37.680+0000] {processor.py:183} INFO - Processing /opt/airflow/dags/stackoverflow_migration_dag.py took 2.399 seconds
[2026-05-15T19:18:08.022+0000] {processor.py:161} INFO - Started process (PID=186) to work on /opt/airflow/dags/stackoverflow_migration_dag.py
[2026-05-15T19:18:08.026+0000] {processor.py:830} INFO - Processing file /opt/airflow/dags/stackoverflow_migration_dag.py for tasks to queue
[2026-05-15T19:18:08.032+0000] {logging_mixin.py:188} INFO - [2026-05-15T19:18:08.031+0000] {dagbag.py:545} INFO - Filling up the DagBag from /opt/airflow/dags/stackoverflow_migration_dag.py
[2026-05-15T19:18:10.570+0000] {processor.py:840} INFO - DAG(s) 'stackoverflow_medallion_pipeline_v2' retrieved from /opt/airflow/dags/stackoverflow_migration_dag.py
[2026-05-15T19:18:10.692+0000] {logging_mixin.py:188} INFO - [2026-05-15T19:18:10.691+0000] {dag.py:3096} INFO - Sync 1 DAGs
[2026-05-15T19:18:10.775+0000] {logging_mixin.py:188} INFO - [2026-05-15T19:18:10.774+0000] {dag.py:3954} INFO - Setting next_dagrun for stackoverflow_medallion_pipeline_v2 to 2026-05-15 00:00:00+00:00, run_after=2026-05-16 00:00:00+00:00
[2026-05-15T19:18:10.839+0000] {processor.py:183} INFO - Processing /opt/airflow/dags/stackoverflow_migration_dag.py took 2.840 seconds
[2026-05-15T19:18:41.218+0000] {processor.py:161} INFO - Started process (PID=191) to work on /opt/airflow/dags/stackoverflow_migration_dag.py
[2026-05-15T19:18:41.221+0000] {processor.py:830} INFO - Processing file /opt/airflow/dags/stackoverflow_migration_dag.py for tasks to queue
[2026-05-15T19:18:41.228+0000] {logging_mixin.py:188} INFO - [2026-05-15T19:18:41.225+0000] {dagbag.py:545} INFO - Filling up the DagBag from /opt/airflow/dags/stackoverflow_migration_dag.py
[2026-05-15T19:18:42.827+0000] {processor.py:840} INFO - DAG(s) 'stackoverflow_medallion_pipeline_v2' retrieved from /opt/airflow/dags/stackoverflow_migration_dag.py
[2026-05-15T19:18:42.939+0000] {logging_mixin.py:188} INFO - [2026-05-15T19:18:42.938+0000] {dag.py:3096} INFO - Sync 1 DAGs
[2026-05-15T19:18:43.011+0000] {logging_mixin.py:188} INFO - [2026-05-15T19:18:43.011+0000] {dag.py:3954} INFO - Setting next_dagrun for stackoverflow_medallion_pipeline_v2 to 2026-05-15 00:00:00+00:00, run_after=2026-05-16 00:00:00+00:00
[2026-05-15T19:18:43.123+0000] {processor.py:183} INFO - Processing /opt/airflow/dags/stackoverflow_migration_dag.py took 1.992 seconds
[2026-05-15T19:19:13.384+0000] {processor.py:161} INFO - Started process (PID=196) to work on /opt/airflow/dags/stackoverflow_migration_dag.py
[2026-05-15T19:19:13.386+0000] {processor.py:830} INFO - Processing file /opt/airflow/dags/stackoverflow_migration_dag.py for tasks to queue
[2026-05-15T19:19:13.389+0000] {logging_mixin.py:188} INFO - [2026-05-15T19:19:13.389+0000] {dagbag.py:545} INFO - Filling up the DagBag from /opt/airflow/dags/stackoverflow_migration_dag.py
[2026-05-15T19:19:14.795+0000] {processor.py:840} INFO - DAG(s) 'stackoverflow_medallion_pipeline_v2' retrieved from /opt/airflow/dags/stackoverflow_migration_dag.py
[2026-05-15T19:19:14.885+0000] {logging_mixin.py:188} INFO - [2026-05-15T19:19:14.885+0000] {dag.py:3096} INFO - Sync 1 DAGs
[2026-05-15T19:19:14.946+0000] {logging_mixin.py:188} INFO - [2026-05-15T19:19:14.946+0000] {dag.py:3954} INFO - Setting next_dagrun for stackoverflow_medallion_pipeline_v2 to 2026-05-15 00:00:00+00:00, run_after=2026-05-16 00:00:00+00:00
[2026-05-15T19:19:15.003+0000] {processor.py:183} INFO - Processing /opt/airflow/dags/stackoverflow_migration_dag.py took 1.629 seconds
[2026-05-15T19:19:45.303+0000] {processor.py:161} INFO - Started process (PID=201) to work on /opt/airflow/dags/stackoverflow_migration_dag.py
[2026-05-15T19:19:45.306+0000] {processor.py:830} INFO - Processing file /opt/airflow/dags/stackoverflow_migration_dag.py for tasks to queue
[2026-05-15T19:19:45.310+0000] {logging_mixin.py:188} INFO - [2026-05-15T19:19:45.309+0000] {dagbag.py:545} INFO - Filling up the DagBag from /opt/airflow/dags/stackoverflow_migration_dag.py
[2026-05-15T19:19:46.743+0000] {processor.py:840} INFO - DAG(s) 'stackoverflow_medallion_pipeline_v2' retrieved from /opt/airflow/dags/stackoverflow_migration_dag.py
[2026-05-15T19:19:46.835+0000] {logging_mixin.py:188} INFO - [2026-05-15T19:19:46.834+0000] {dag.py:3096} INFO - Sync 1 DAGs
[2026-05-15T19:19:46.904+0000] {logging_mixin.py:188} INFO - [2026-05-15T19:19:46.903+0000] {dag.py:3954} INFO - Setting next_dagrun for stackoverflow_medallion_pipeline_v2 to 2026-05-15 00:00:00+00:00, run_after=2026-05-16 00:00:00+00:00
[2026-05-15T19:19:46.960+0000] {processor.py:183} INFO - Processing /opt/airflow/dags/stackoverflow_migration_dag.py took 1.671 seconds
[2026-05-15T19:20:17.263+0000] {processor.py:161} INFO - Started process (PID=209) to work on /opt/airflow/dags/stackoverflow_migration_dag.py
[2026-05-15T19:20:17.265+0000] {processor.py:830} INFO - Processing file /opt/airflow/dags/stackoverflow_migration_dag.py for tasks to queue
[2026-05-15T19:20:17.269+0000] {logging_mixin.py:188} INFO - [2026-05-15T19:20:17.268+0000] {dagbag.py:545} INFO - Filling up the DagBag from /opt/airflow/dags/stackoverflow_migration_dag.py
[2026-05-15T19:20:18.646+0000] {processor.py:840} INFO - DAG(s) 'stackoverflow_medallion_pipeline_v2' retrieved from /opt/airflow/dags/stackoverflow_migration_dag.py
[2026-05-15T19:20:18.731+0000] {logging_mixin.py:188} INFO - [2026-05-15T19:20:18.730+0000] {dag.py:3096} INFO - Sync 1 DAGs
[2026-05-15T19:20:18.794+0000] {logging_mixin.py:188} INFO - [2026-05-15T19:20:18.794+0000] {dag.py:3954} INFO - Setting next_dagrun for stackoverflow_medallion_pipeline_v2 to 2026-05-15 00:00:00+00:00, run_after=2026-05-16 00:00:00+00:00
[2026-05-15T19:20:18.848+0000] {processor.py:183} INFO - Processing /opt/airflow/dags/stackoverflow_migration_dag.py took 1.603 seconds
[2026-05-15T19:20:49.113+0000] {processor.py:161} INFO - Started process (PID=217) to work on /opt/airflow/dags/stackoverflow_migration_dag.py
[2026-05-15T19:20:49.116+0000] {processor.py:830} INFO - Processing file /opt/airflow/dags/stackoverflow_migration_dag.py for tasks to queue
[2026-05-15T19:20:49.120+0000] {logging_mixin.py:188} INFO - [2026-05-15T19:20:49.120+0000] {dagbag.py:545} INFO - Filling up the DagBag from /opt/airflow/dags/stackoverflow_migration_dag.py
[2026-05-15T19:20:50.628+0000] {processor.py:840} INFO - DAG(s) 'stackoverflow_medallion_pipeline_v2' retrieved from /opt/airflow/dags/stackoverflow_migration_dag.py
[2026-05-15T19:20:50.725+0000] {logging_mixin.py:188} INFO - [2026-05-15T19:20:50.725+0000] {dag.py:3096} INFO - Sync 1 DAGs
[2026-05-15T19:20:50.786+0000] {logging_mixin.py:188} INFO - [2026-05-15T19:20:50.785+0000] {dag.py:3954} INFO - Setting next_dagrun for stackoverflow_medallion_pipeline_v2 to 2026-05-15 00:00:00+00:00, run_after=2026-05-16 00:00:00+00:00
[2026-05-15T19:20:50.839+0000] {processor.py:183} INFO - Processing /opt/airflow/dags/stackoverflow_migration_dag.py took 1.741 seconds
[2026-05-15T19:21:21.161+0000] {processor.py:161} INFO - Started process (PID=226) to work on /opt/airflow/dags/stackoverflow_migration_dag.py
[2026-05-15T19:21:21.164+0000] {processor.py:830} INFO - Processing file /opt/airflow/dags/stackoverflow_migration_dag.py for tasks to queue
[2026-05-15T19:21:21.171+0000] {logging_mixin.py:188} INFO - [2026-05-15T19:21:21.168+0000] {dagbag.py:545} INFO - Filling up the DagBag from /opt/airflow/dags/stackoverflow_migration_dag.py
[2026-05-15T19:21:23.229+0000] {processor.py:840} INFO - DAG(s) 'stackoverflow_medallion_pipeline_v2' retrieved from /opt/airflow/dags/stackoverflow_migration_dag.py
[2026-05-15T19:21:23.329+0000] {logging_mixin.py:188} INFO - [2026-05-15T19:21:23.329+0000] {dag.py:3096} INFO - Sync 1 DAGs
[2026-05-15T19:21:23.395+0000] {logging_mixin.py:188} INFO - [2026-05-15T19:21:23.395+0000] {dag.py:3954} INFO - Setting next_dagrun for stackoverflow_medallion_pipeline_v2 to 2026-05-15 00:00:00+00:00, run_after=2026-05-16 00:00:00+00:00
[2026-05-15T19:21:23.450+0000] {processor.py:183} INFO - Processing /opt/airflow/dags/stackoverflow_migration_dag.py took 2.305 seconds
[2026-05-15T19:21:53.627+0000] {processor.py:161} INFO - Started process (PID=233) to work on /opt/airflow/dags/stackoverflow_migration_dag.py
[2026-05-15T19:21:53.629+0000] {processor.py:830} INFO - Processing file /opt/airflow/dags/stackoverflow_migration_dag.py for tasks to queue
[2026-05-15T19:21:53.633+0000] {logging_mixin.py:188} INFO - [2026-05-15T19:21:53.632+0000] {dagbag.py:545} INFO - Filling up the DagBag from /opt/airflow/dags/stackoverflow_migration_dag.py
[2026-05-15T19:21:54.895+0000] {processor.py:840} INFO - DAG(s) 'stackoverflow_medallion_pipeline_v2' retrieved from /opt/airflow/dags/stackoverflow_migration_dag.py
[2026-05-15T19:21:54.980+0000] {logging_mixin.py:188} INFO - [2026-05-15T19:21:54.980+0000] {dag.py:3096} INFO - Sync 1 DAGs
[2026-05-15T19:21:55.040+0000] {logging_mixin.py:188} INFO - [2026-05-15T19:21:55.040+0000] {dag.py:3954} INFO - Setting next_dagrun for stackoverflow_medallion_pipeline_v2 to 2026-05-15 00:00:00+00:00, run_after=2026-05-16 00:00:00+00:00
[2026-05-15T19:21:55.093+0000] {processor.py:183} INFO - Processing /opt/airflow/dags/stackoverflow_migration_dag.py took 1.477 seconds
[2026-05-15T19:22:25.440+0000] {processor.py:161} INFO - Started process (PID=238) to work on /opt/airflow/dags/stackoverflow_migration_dag.py
[2026-05-15T19:22:25.443+0000] {processor.py:830} INFO - Processing file /opt/airflow/dags/stackoverflow_migration_dag.py for tasks to queue
[2026-05-15T19:22:25.449+0000] {logging_mixin.py:188} INFO - [2026-05-15T19:22:25.448+0000] {dagbag.py:545} INFO - Filling up the DagBag from /opt/airflow/dags/stackoverflow_migration_dag.py
[2026-05-15T19:22:27.107+0000] {processor.py:840} INFO - DAG(s) 'stackoverflow_medallion_pipeline_v2' retrieved from /opt/airflow/dags/stackoverflow_migration_dag.py
[2026-05-15T19:22:27.214+0000] {logging_mixin.py:188} INFO - [2026-05-15T19:22:27.214+0000] {dag.py:3096} INFO - Sync 1 DAGs
[2026-05-15T19:22:27.295+0000] {logging_mixin.py:188} INFO - [2026-05-15T19:22:27.295+0000] {dag.py:3954} INFO - Setting next_dagrun for stackoverflow_medallion_pipeline_v2 to 2026-05-15 00:00:00+00:00, run_after=2026-05-16 00:00:00+00:00
[2026-05-15T19:22:27.358+0000] {processor.py:183} INFO - Processing /opt/airflow/dags/stackoverflow_migration_dag.py took 1.939 seconds
[2026-05-15T19:22:57.820+0000] {processor.py:161} INFO - Started process (PID=243) to work on /opt/airflow/dags/stackoverflow_migration_dag.py
[2026-05-15T19:22:57.823+0000] {processor.py:830} INFO - Processing file /opt/airflow/dags/stackoverflow_migration_dag.py for tasks to queue
[2026-05-15T19:22:57.827+0000] {logging_mixin.py:188} INFO - [2026-05-15T19:22:57.827+0000] {dagbag.py:545} INFO - Filling up the DagBag from /opt/airflow/dags/stackoverflow_migration_dag.py
[2026-05-15T19:22:59.980+0000] {processor.py:840} INFO - DAG(s) 'stackoverflow_medallion_pipeline_v2' retrieved from /opt/airflow/dags/stackoverflow_migration_dag.py
[2026-05-15T19:23:00.132+0000] {logging_mixin.py:188} INFO - [2026-05-15T19:23:00.131+0000] {dag.py:3096} INFO - Sync 1 DAGs
[2026-05-15T19:23:00.221+0000] {logging_mixin.py:188} INFO - [2026-05-15T19:23:00.221+0000] {dag.py:3954} INFO - Setting next_dagrun for stackoverflow_medallion_pipeline_v2 to 2026-05-15 00:00:00+00:00, run_after=2026-05-16 00:00:00+00:00
[2026-05-15T19:23:00.289+0000] {processor.py:183} INFO - Processing /opt/airflow/dags/stackoverflow_migration_dag.py took 2.483 seconds
[2026-05-15T19:23:30.630+0000] {processor.py:161} INFO - Started process (PID=248) to work on /opt/airflow/dags/stackoverflow_migration_dag.py
[2026-05-15T19:23:30.632+0000] {processor.py:830} INFO - Processing file /opt/airflow/dags/stackoverflow_migration_dag.py for tasks to queue
[2026-05-15T19:23:30.636+0000] {logging_mixin.py:188} INFO - [2026-05-15T19:23:30.636+0000] {dagbag.py:545} INFO - Filling up the DagBag from /opt/airflow/dags/stackoverflow_migration_dag.py
[2026-05-15T19:23:32.062+0000] {processor.py:840} INFO - DAG(s) 'stackoverflow_medallion_pipeline_v2' retrieved from /opt/airflow/dags/stackoverflow_migration_dag.py
[2026-05-15T19:23:32.149+0000] {logging_mixin.py:188} INFO - [2026-05-15T19:23:32.148+0000] {dag.py:3096} INFO - Sync 1 DAGs
[2026-05-15T19:23:32.212+0000] {logging_mixin.py:188} INFO - [2026-05-15T19:23:32.211+0000] {dag.py:3954} INFO - Setting next_dagrun for stackoverflow_medallion_pipeline_v2 to 2026-05-15 00:00:00+00:00, run_after=2026-05-16 00:00:00+00:00
[2026-05-15T19:23:32.263+0000] {processor.py:183} INFO - Processing /opt/airflow/dags/stackoverflow_migration_dag.py took 1.643 seconds
[2026-05-15T19:24:02.688+0000] {processor.py:161} INFO - Started process (PID=253) to work on /opt/airflow/dags/stackoverflow_migration_dag.py
[2026-05-15T19:24:02.699+0000] {processor.py:830} INFO - Processing file /opt/airflow/dags/stackoverflow_migration_dag.py for tasks to queue
[2026-05-15T19:24:02.714+0000] {logging_mixin.py:188} INFO - [2026-05-15T19:24:02.713+0000] {dagbag.py:545} INFO - Filling up the DagBag from /opt/airflow/dags/stackoverflow_migration_dag.py
[2026-05-15T19:24:05.291+0000] {processor.py:840} INFO - DAG(s) 'stackoverflow_medallion_pipeline_v2' retrieved from /opt/airflow/dags/stackoverflow_migration_dag.py
[2026-05-15T19:24:05.395+0000] {logging_mixin.py:188} INFO - [2026-05-15T19:24:05.394+0000] {dag.py:3096} INFO - Sync 1 DAGs
[2026-05-15T19:24:05.466+0000] {logging_mixin.py:188} INFO - [2026-05-15T19:24:05.466+0000] {dag.py:3954} INFO - Setting next_dagrun for stackoverflow_medallion_pipeline_v2 to 2026-05-15 00:00:00+00:00, run_after=2026-05-16 00:00:00+00:00
[2026-05-15T19:24:05.518+0000] {processor.py:183} INFO - Processing /opt/airflow/dags/stackoverflow_migration_dag.py took 2.854 seconds
[2026-05-15T19:24:35.826+0000] {processor.py:161} INFO - Started process (PID=258) to work on /opt/airflow/dags/stackoverflow_migration_dag.py
[2026-05-15T19:24:35.830+0000] {processor.py:830} INFO - Processing file /opt/airflow/dags/stackoverflow_migration_dag.py for tasks to queue
[2026-05-15T19:24:35.841+0000] {logging_mixin.py:188} INFO - [2026-05-15T19:24:35.836+0000] {dagbag.py:545} INFO - Filling up the DagBag from /opt/airflow/dags/stackoverflow_migration_dag.py
[2026-05-15T19:24:38.072+0000] {processor.py:840} INFO - DAG(s) 'stackoverflow_medallion_pipeline_v2' retrieved from /opt/airflow/dags/stackoverflow_migration_dag.py
[2026-05-15T19:24:38.168+0000] {logging_mixin.py:188} INFO - [2026-05-15T19:24:38.168+0000] {dag.py:3096} INFO - Sync 1 DAGs
[2026-05-15T19:24:38.239+0000] {logging_mixin.py:188} INFO - [2026-05-15T19:24:38.238+0000] {dag.py:3954} INFO - Setting next_dagrun for stackoverflow_medallion_pipeline_v2 to 2026-05-15 00:00:00+00:00, run_after=2026-05-16 00:00:00+00:00
[2026-05-15T19:24:38.293+0000] {processor.py:183} INFO - Processing /opt/airflow/dags/stackoverflow_migration_dag.py took 2.488 seconds
[2026-05-15T19:25:08.612+0000] {processor.py:161} INFO - Started process (PID=263) to work on /opt/airflow/dags/stackoverflow_migration_dag.py
[2026-05-15T19:25:08.614+0000] {processor.py:830} INFO - Processing file /opt/airflow/dags/stackoverflow_migration_dag.py for tasks to queue
[2026-05-15T19:25:08.617+0000] {logging_mixin.py:188} INFO - [2026-05-15T19:25:08.617+0000] {dagbag.py:545} INFO - Filling up the DagBag from /opt/airflow/dags/stackoverflow_migration_dag.py
[2026-05-15T19:25:10.240+0000] {processor.py:840} INFO - DAG(s) 'stackoverflow_medallion_pipeline_v2' retrieved from /opt/airflow/dags/stackoverflow_migration_dag.py
[2026-05-15T19:25:10.335+0000] {logging_mixin.py:188} INFO - [2026-05-15T19:25:10.335+0000] {dag.py:3096} INFO - Sync 1 DAGs
[2026-05-15T19:25:10.404+0000] {logging_mixin.py:188} INFO - [2026-05-15T19:25:10.403+0000] {dag.py:3954} INFO - Setting next_dagrun for stackoverflow_medallion_pipeline_v2 to 2026-05-15 00:00:00+00:00, run_after=2026-05-16 00:00:00+00:00
[2026-05-15T19:25:10.460+0000] {processor.py:183} INFO - Processing /opt/airflow/dags/stackoverflow_migration_dag.py took 1.858 seconds
[2026-05-15T19:25:40.764+0000] {processor.py:161} INFO - Started process (PID=268) to work on /opt/airflow/dags/stackoverflow_migration_dag.py
[2026-05-15T19:25:40.766+0000] {processor.py:830} INFO - Processing file /opt/airflow/dags/stackoverflow_migration_dag.py for tasks to queue
[2026-05-15T19:25:40.770+0000] {logging_mixin.py:188} INFO - [2026-05-15T19:25:40.769+0000] {dagbag.py:545} INFO - Filling up the DagBag from /opt/airflow/dags/stackoverflow_migration_dag.py
[2026-05-15T19:25:42.291+0000] {processor.py:840} INFO - DAG(s) 'stackoverflow_medallion_pipeline_v2' retrieved from /opt/airflow/dags/stackoverflow_migration_dag.py
[2026-05-15T19:25:42.386+0000] {logging_mixin.py:188} INFO - [2026-05-15T19:25:42.386+0000] {dag.py:3096} INFO - Sync 1 DAGs
[2026-05-15T19:25:42.451+0000] {logging_mixin.py:188} INFO - [2026-05-15T19:25:42.450+0000] {dag.py:3954} INFO - Setting next_dagrun for stackoverflow_medallion_pipeline_v2 to 2026-05-15 00:00:00+00:00, run_after=2026-05-16 00:00:00+00:00
[2026-05-15T19:25:42.509+0000] {processor.py:183} INFO - Processing /opt/airflow/dags/stackoverflow_migration_dag.py took 1.756 seconds
[2026-05-15T19:26:12.635+0000] {processor.py:161} INFO - Started process (PID=273) to work on /opt/airflow/dags/stackoverflow_migration_dag.py
[2026-05-15T19:26:12.637+0000] {processor.py:830} INFO - Processing file /opt/airflow/dags/stackoverflow_migration_dag.py for tasks to queue
[2026-05-15T19:26:12.640+0000] {logging_mixin.py:188} INFO - [2026-05-15T19:26:12.640+0000] {dagbag.py:545} INFO - Filling up the DagBag from /opt/airflow/dags/stackoverflow_migration_dag.py
[2026-05-15T19:26:14.007+0000] {processor.py:840} INFO - DAG(s) 'stackoverflow_medallion_pipeline_v2' retrieved from /opt/airflow/dags/stackoverflow_migration_dag.py
[2026-05-15T19:26:14.095+0000] {logging_mixin.py:188} INFO - [2026-05-15T19:26:14.095+0000] {dag.py:3096} INFO - Sync 1 DAGs
[2026-05-15T19:26:14.170+0000] {logging_mixin.py:188} INFO - [2026-05-15T19:26:14.170+0000] {dag.py:3954} INFO - Setting next_dagrun for stackoverflow_medallion_pipeline_v2 to 2026-05-15 00:00:00+00:00, run_after=2026-05-16 00:00:00+00:00
[2026-05-15T19:26:14.225+0000] {processor.py:183} INFO - Processing /opt/airflow/dags/stackoverflow_migration_dag.py took 1.600 seconds
[2026-05-15T19:26:44.561+0000] {processor.py:161} INFO - Started process (PID=278) to work on /opt/airflow/dags/stackoverflow_migration_dag.py
[2026-05-15T19:26:44.564+0000] {processor.py:830} INFO - Processing file /opt/airflow/dags/stackoverflow_migration_dag.py for tasks to queue
[2026-05-15T19:26:44.570+0000] {logging_mixin.py:188} INFO - [2026-05-15T19:26:44.569+0000] {dagbag.py:545} INFO - Filling up the DagBag from /opt/airflow/dags/stackoverflow_migration_dag.py
[2026-05-15T19:26:46.643+0000] {processor.py:840} INFO - DAG(s) 'stackoverflow_medallion_pipeline_v2' retrieved from /opt/airflow/dags/stackoverflow_migration_dag.py
[2026-05-15T19:26:46.759+0000] {logging_mixin.py:188} INFO - [2026-05-15T19:26:46.759+0000] {dag.py:3096} INFO - Sync 1 DAGs
[2026-05-15T19:26:46.853+0000] {logging_mixin.py:188} INFO - [2026-05-15T19:26:46.852+0000] {dag.py:3954} INFO - Setting next_dagrun for stackoverflow_medallion_pipeline_v2 to 2026-05-15 00:00:00+00:00, run_after=2026-05-16 00:00:00+00:00
[2026-05-15T19:26:46.914+0000] {processor.py:183} INFO - Processing /opt/airflow/dags/stackoverflow_migration_dag.py took 2.368 seconds
[2026-05-15T19:27:17.337+0000] {processor.py:161} INFO - Started process (PID=283) to work on /opt/airflow/dags/stackoverflow_migration_dag.py
[2026-05-15T19:27:17.339+0000] {processor.py:830} INFO - Processing file /opt/airflow/dags/stackoverflow_migration_dag.py for tasks to queue
[2026-05-15T19:27:17.347+0000] {logging_mixin.py:188} INFO - [2026-05-15T19:27:17.346+0000] {dagbag.py:545} INFO - Filling up the DagBag from /opt/airflow/dags/stackoverflow_migration_dag.py
[2026-05-15T19:27:19.868+0000] {processor.py:840} INFO - DAG(s) 'stackoverflow_medallion_pipeline_v2' retrieved from /opt/airflow/dags/stackoverflow_migration_dag.py
[2026-05-15T19:27:19.982+0000] {logging_mixin.py:188} INFO - [2026-05-15T19:27:19.982+0000] {dag.py:3096} INFO - Sync 1 DAGs
[2026-05-15T19:27:20.063+0000] {logging_mixin.py:188} INFO - [2026-05-15T19:27:20.062+0000] {dag.py:3954} INFO - Setting next_dagrun for stackoverflow_medallion_pipeline_v2 to 2026-05-15 00:00:00+00:00, run_after=2026-05-16 00:00:00+00:00
[2026-05-15T19:27:20.133+0000] {processor.py:183} INFO - Processing /opt/airflow/dags/stackoverflow_migration_dag.py took 2.813 seconds
[2026-05-15T19:29:10.125+0000] {processor.py:161} INFO - Started process (PID=164) to work on /opt/airflow/dags/stackoverflow_migration_dag.py
[2026-05-15T19:29:10.127+0000] {processor.py:830} INFO - Processing file /opt/airflow/dags/stackoverflow_migration_dag.py for tasks to queue
[2026-05-15T19:29:10.134+0000] {logging_mixin.py:188} INFO - [2026-05-15T19:29:10.132+0000] {dagbag.py:545} INFO - Filling up the DagBag from /opt/airflow/dags/stackoverflow_migration_dag.py
[2026-05-15T19:29:12.458+0000] {processor.py:840} INFO - DAG(s) 'stackoverflow_medallion_pipeline_v2' retrieved from /opt/airflow/dags/stackoverflow_migration_dag.py
[2026-05-15T19:29:13.114+0000] {logging_mixin.py:188} INFO - [2026-05-15T19:29:13.114+0000] {dag.py:3096} INFO - Sync 1 DAGs
[2026-05-15T19:29:13.212+0000] {logging_mixin.py:188} INFO - [2026-05-15T19:29:13.212+0000] {dag.py:3954} INFO - Setting next_dagrun for stackoverflow_medallion_pipeline_v2 to 2026-05-15 00:00:00+00:00, run_after=2026-05-16 00:00:00+00:00
[2026-05-15T19:29:13.300+0000] {processor.py:183} INFO - Processing /opt/airflow/dags/stackoverflow_migration_dag.py took 3.193 seconds
[2026-05-15T19:29:43.441+0000] {processor.py:161} INFO - Started process (PID=169) to work on /opt/airflow/dags/stackoverflow_migration_dag.py
[2026-05-15T19:29:43.443+0000] {processor.py:830} INFO - Processing file /opt/airflow/dags/stackoverflow_migration_dag.py for tasks to queue
[2026-05-15T19:29:43.447+0000] {logging_mixin.py:188} INFO - [2026-05-15T19:29:43.446+0000] {dagbag.py:545} INFO - Filling up the DagBag from /opt/airflow/dags/stackoverflow_migration_dag.py
[2026-05-15T19:29:48.699+0000] {processor.py:840} INFO - DAG(s) 'stackoverflow_medallion_pipeline_v2' retrieved from /opt/airflow/dags/stackoverflow_migration_dag.py
[2026-05-15T19:29:48.920+0000] {logging_mixin.py:188} INFO - [2026-05-15T19:29:48.919+0000] {dag.py:3096} INFO - Sync 1 DAGs
[2026-05-15T19:29:49.006+0000] {logging_mixin.py:188} INFO - [2026-05-15T19:29:49.005+0000] {dag.py:3954} INFO - Setting next_dagrun for stackoverflow_medallion_pipeline_v2 to 2026-05-15 00:00:00+00:00, run_after=2026-05-16 00:00:00+00:00
[2026-05-15T19:29:49.065+0000] {processor.py:183} INFO - Processing /opt/airflow/dags/stackoverflow_migration_dag.py took 5.634 seconds
[2026-05-15T19:30:19.301+0000] {processor.py:161} INFO - Started process (PID=174) to work on /opt/airflow/dags/stackoverflow_migration_dag.py
[2026-05-15T19:30:19.303+0000] {processor.py:830} INFO - Processing file /opt/airflow/dags/stackoverflow_migration_dag.py for tasks to queue
[2026-05-15T19:30:19.306+0000] {logging_mixin.py:188} INFO - [2026-05-15T19:30:19.306+0000] {dagbag.py:545} INFO - Filling up the DagBag from /opt/airflow/dags/stackoverflow_migration_dag.py
[2026-05-15T19:30:20.638+0000] {processor.py:840} INFO - DAG(s) 'stackoverflow_medallion_pipeline_v2' retrieved from /opt/airflow/dags/stackoverflow_migration_dag.py
[2026-05-15T19:30:20.721+0000] {logging_mixin.py:188} INFO - [2026-05-15T19:30:20.721+0000] {dag.py:3096} INFO - Sync 1 DAGs
[2026-05-15T19:30:20.781+0000] {logging_mixin.py:188} INFO - [2026-05-15T19:30:20.781+0000] {dag.py:3954} INFO - Setting next_dagrun for stackoverflow_medallion_pipeline_v2 to 2026-05-15 00:00:00+00:00, run_after=2026-05-16 00:00:00+00:00
[2026-05-15T19:30:20.828+0000] {processor.py:183} INFO - Processing /opt/airflow/dags/stackoverflow_migration_dag.py took 1.540 seconds
[2026-05-15T19:30:51.082+0000] {processor.py:161} INFO - Started process (PID=179) to work on /opt/airflow/dags/stackoverflow_migration_dag.py
[2026-05-15T19:30:51.083+0000] {processor.py:830} INFO - Processing file /opt/airflow/dags/stackoverflow_migration_dag.py for tasks to queue
[2026-05-15T19:30:51.086+0000] {logging_mixin.py:188} INFO - [2026-05-15T19:30:51.085+0000] {dagbag.py:545} INFO - Filling up the DagBag from /opt/airflow/dags/stackoverflow_migration_dag.py
[2026-05-15T19:30:52.131+0000] {processor.py:840} INFO - DAG(s) 'stackoverflow_medallion_pipeline_v2' retrieved from /opt/airflow/dags/stackoverflow_migration_dag.py
[2026-05-15T19:30:52.207+0000] {logging_mixin.py:188} INFO - [2026-05-15T19:30:52.207+0000] {dag.py:3096} INFO - Sync 1 DAGs
[2026-05-15T19:30:52.258+0000] {logging_mixin.py:188} INFO - [2026-05-15T19:30:52.258+0000] {dag.py:3954} INFO - Setting next_dagrun for stackoverflow_medallion_pipeline_v2 to 2026-05-15 00:00:00+00:00, run_after=2026-05-16 00:00:00+00:00
[2026-05-15T19:30:52.300+0000] {processor.py:183} INFO - Processing /opt/airflow/dags/stackoverflow_migration_dag.py took 1.227 seconds
[2026-05-15T19:31:22.529+0000] {processor.py:161} INFO - Started process (PID=184) to work on /opt/airflow/dags/stackoverflow_migration_dag.py
[2026-05-15T19:31:22.531+0000] {processor.py:830} INFO - Processing file /opt/airflow/dags/stackoverflow_migration_dag.py for tasks to queue
[2026-05-15T19:31:22.533+0000] {logging_mixin.py:188} INFO - [2026-05-15T19:31:22.533+0000] {dagbag.py:545} INFO - Filling up the DagBag from /opt/airflow/dags/stackoverflow_migration_dag.py
[2026-05-15T19:31:23.707+0000] {processor.py:840} INFO - DAG(s) 'stackoverflow_medallion_pipeline_v2' retrieved from /opt/airflow/dags/stackoverflow_migration_dag.py
[2026-05-15T19:31:23.778+0000] {logging_mixin.py:188} INFO - [2026-05-15T19:31:23.778+0000] {dag.py:3096} INFO - Sync 1 DAGs
[2026-05-15T19:31:23.839+0000] {logging_mixin.py:188} INFO - [2026-05-15T19:31:23.839+0000] {dag.py:3954} INFO - Setting next_dagrun for stackoverflow_medallion_pipeline_v2 to 2026-05-15 00:00:00+00:00, run_after=2026-05-16 00:00:00+00:00
[2026-05-15T19:31:23.885+0000] {processor.py:183} INFO - Processing /opt/airflow/dags/stackoverflow_migration_dag.py took 1.363 seconds
[2026-05-15T19:31:54.105+0000] {processor.py:161} INFO - Started process (PID=189) to work on /opt/airflow/dags/stackoverflow_migration_dag.py
[2026-05-15T19:31:54.106+0000] {processor.py:830} INFO - Processing file /opt/airflow/dags/stackoverflow_migration_dag.py for tasks to queue
[2026-05-15T19:31:54.109+0000] {logging_mixin.py:188} INFO - [2026-05-15T19:31:54.109+0000] {dagbag.py:545} INFO - Filling up the DagBag from /opt/airflow/dags/stackoverflow_migration_dag.py
[2026-05-15T19:31:55.176+0000] {processor.py:840} INFO - DAG(s) 'stackoverflow_medallion_pipeline_v2' retrieved from /opt/airflow/dags/stackoverflow_migration_dag.py
[2026-05-15T19:31:55.253+0000] {logging_mixin.py:188} INFO - [2026-05-15T19:31:55.253+0000] {dag.py:3096} INFO - Sync 1 DAGs
[2026-05-15T19:31:55.304+0000] {logging_mixin.py:188} INFO - [2026-05-15T19:31:55.304+0000] {dag.py:3954} INFO - Setting next_dagrun for stackoverflow_medallion_pipeline_v2 to 2026-05-15 00:00:00+00:00, run_after=2026-05-16 00:00:00+00:00
[2026-05-15T19:31:55.348+0000] {processor.py:183} INFO - Processing /opt/airflow/dags/stackoverflow_migration_dag.py took 1.251 seconds
[2026-05-15T19:32:25.579+0000] {processor.py:161} INFO - Started process (PID=194) to work on /opt/airflow/dags/stackoverflow_migration_dag.py
[2026-05-15T19:32:25.581+0000] {processor.py:830} INFO - Processing file /opt/airflow/dags/stackoverflow_migration_dag.py for tasks to queue
[2026-05-15T19:32:25.584+0000] {logging_mixin.py:188} INFO - [2026-05-15T19:32:25.583+0000] {dagbag.py:545} INFO - Filling up the DagBag from /opt/airflow/dags/stackoverflow_migration_dag.py
[2026-05-15T19:32:26.753+0000] {processor.py:840} INFO - DAG(s) 'stackoverflow_medallion_pipeline_v2' retrieved from /opt/airflow/dags/stackoverflow_migration_dag.py
[2026-05-15T19:32:26.825+0000] {logging_mixin.py:188} INFO - [2026-05-15T19:32:26.825+0000] {dag.py:3096} INFO - Sync 1 DAGs
[2026-05-15T19:32:26.880+0000] {logging_mixin.py:188} INFO - [2026-05-15T19:32:26.880+0000] {dag.py:3954} INFO - Setting next_dagrun for stackoverflow_medallion_pipeline_v2 to 2026-05-15 00:00:00+00:00, run_after=2026-05-16 00:00:00+00:00
[2026-05-15T19:32:26.930+0000] {processor.py:183} INFO - Processing /opt/airflow/dags/stackoverflow_migration_dag.py took 1.360 seconds
[2026-05-15T19:32:57.190+0000] {processor.py:161} INFO - Started process (PID=199) to work on /opt/airflow/dags/stackoverflow_migration_dag.py
[2026-05-15T19:32:57.192+0000] {processor.py:830} INFO - Processing file /opt/airflow/dags/stackoverflow_migration_dag.py for tasks to queue
[2026-05-15T19:32:57.195+0000] {logging_mixin.py:188} INFO - [2026-05-15T19:32:57.194+0000] {dagbag.py:545} INFO - Filling up the DagBag from /opt/airflow/dags/stackoverflow_migration_dag.py
[2026-05-15T19:32:58.264+0000] {processor.py:840} INFO - DAG(s) 'stackoverflow_medallion_pipeline_v2' retrieved from /opt/airflow/dags/stackoverflow_migration_dag.py
[2026-05-15T19:32:58.334+0000] {logging_mixin.py:188} INFO - [2026-05-15T19:32:58.334+0000] {dag.py:3096} INFO - Sync 1 DAGs
[2026-05-15T19:32:58.388+0000] {logging_mixin.py:188} INFO - [2026-05-15T19:32:58.387+0000] {dag.py:3954} INFO - Setting next_dagrun for stackoverflow_medallion_pipeline_v2 to 2026-05-15 00:00:00+00:00, run_after=2026-05-16 00:00:00+00:00
[2026-05-15T19:32:58.432+0000] {processor.py:183} INFO - Processing /opt/airflow/dags/stackoverflow_migration_dag.py took 1.251 seconds
[2026-05-15T19:33:28.662+0000] {processor.py:161} INFO - Started process (PID=204) to work on /opt/airflow/dags/stackoverflow_migration_dag.py
[2026-05-15T19:33:28.664+0000] {processor.py:830} INFO - Processing file /opt/airflow/dags/stackoverflow_migration_dag.py for tasks to queue
[2026-05-15T19:33:28.667+0000] {logging_mixin.py:188} INFO - [2026-05-15T19:33:28.667+0000] {dagbag.py:545} INFO - Filling up the DagBag from /opt/airflow/dags/stackoverflow_migration_dag.py
[2026-05-15T19:33:29.812+0000] {processor.py:840} INFO - DAG(s) 'stackoverflow_medallion_pipeline_v2' retrieved from /opt/airflow/dags/stackoverflow_migration_dag.py
[2026-05-15T19:33:29.885+0000] {logging_mixin.py:188} INFO - [2026-05-15T19:33:29.885+0000] {dag.py:3096} INFO - Sync 1 DAGs
[2026-05-15T19:33:29.941+0000] {logging_mixin.py:188} INFO - [2026-05-15T19:33:29.941+0000] {dag.py:3954} INFO - Setting next_dagrun for stackoverflow_medallion_pipeline_v2 to 2026-05-15 00:00:00+00:00, run_after=2026-05-16 00:00:00+00:00
[2026-05-15T19:33:29.990+0000] {processor.py:183} INFO - Processing /opt/airflow/dags/stackoverflow_migration_dag.py took 1.337 seconds
[2026-05-15T19:34:00.333+0000] {processor.py:161} INFO - Started process (PID=209) to work on /opt/airflow/dags/stackoverflow_migration_dag.py
[2026-05-15T19:34:00.336+0000] {processor.py:830} INFO - Processing file /opt/airflow/dags/stackoverflow_migration_dag.py for tasks to queue
[2026-05-15T19:34:00.341+0000] {logging_mixin.py:188} INFO - [2026-05-15T19:34:00.340+0000] {dagbag.py:545} INFO - Filling up the DagBag from /opt/airflow/dags/stackoverflow_migration_dag.py
[2026-05-15T19:34:02.018+0000] {processor.py:840} INFO - DAG(s) 'stackoverflow_medallion_pipeline_v2' retrieved from /opt/airflow/dags/stackoverflow_migration_dag.py
[2026-05-15T19:34:02.119+0000] {logging_mixin.py:188} INFO - [2026-05-15T19:34:02.119+0000] {dag.py:3096} INFO - Sync 1 DAGs
[2026-05-15T19:34:02.189+0000] {logging_mixin.py:188} INFO - [2026-05-15T19:34:02.188+0000] {dag.py:3954} INFO - Setting next_dagrun for stackoverflow_medallion_pipeline_v2 to 2026-05-15 00:00:00+00:00, run_after=2026-05-16 00:00:00+00:00
[2026-05-15T19:34:02.245+0000] {processor.py:183} INFO - Processing /opt/airflow/dags/stackoverflow_migration_dag.py took 1.925 seconds
[2026-05-15T19:34:32.551+0000] {processor.py:161} INFO - Started process (PID=214) to work on /opt/airflow/dags/stackoverflow_migration_dag.py
[2026-05-15T19:34:32.553+0000] {processor.py:830} INFO - Processing file /opt/airflow/dags/stackoverflow_migration_dag.py for tasks to queue
[2026-05-15T19:34:32.557+0000] {logging_mixin.py:188} INFO - [2026-05-15T19:34:32.557+0000] {dagbag.py:545} INFO - Filling up the DagBag from /opt/airflow/dags/stackoverflow_migration_dag.py
[2026-05-15T19:34:34.084+0000] {processor.py:840} INFO - DAG(s) 'stackoverflow_medallion_pipeline_v2' retrieved from /opt/airflow/dags/stackoverflow_migration_dag.py
[2026-05-15T19:34:34.171+0000] {logging_mixin.py:188} INFO - [2026-05-15T19:34:34.170+0000] {dag.py:3096} INFO - Sync 1 DAGs
[2026-05-15T19:34:34.236+0000] {logging_mixin.py:188} INFO - [2026-05-15T19:34:34.236+0000] {dag.py:3954} INFO - Setting next_dagrun for stackoverflow_medallion_pipeline_v2 to 2026-05-15 00:00:00+00:00, run_after=2026-05-16 00:00:00+00:00
[2026-05-15T19:34:34.289+0000] {processor.py:183} INFO - Processing /opt/airflow/dags/stackoverflow_migration_dag.py took 1.749 seconds
[2026-05-15T19:35:04.426+0000] {processor.py:161} INFO - Started process (PID=219) to work on /opt/airflow/dags/stackoverflow_migration_dag.py
[2026-05-15T19:35:04.427+0000] {processor.py:830} INFO - Processing file /opt/airflow/dags/stackoverflow_migration_dag.py for tasks to queue
[2026-05-15T19:35:04.430+0000] {logging_mixin.py:188} INFO - [2026-05-15T19:35:04.430+0000] {dagbag.py:545} INFO - Filling up the DagBag from /opt/airflow/dags/stackoverflow_migration_dag.py
[2026-05-15T19:35:05.441+0000] {processor.py:840} INFO - DAG(s) 'stackoverflow_medallion_pipeline_v2' retrieved from /opt/airflow/dags/stackoverflow_migration_dag.py
[2026-05-15T19:35:05.520+0000] {logging_mixin.py:188} INFO - [2026-05-15T19:35:05.520+0000] {dag.py:3096} INFO - Sync 1 DAGs
[2026-05-15T19:35:05.571+0000] {logging_mixin.py:188} INFO - [2026-05-15T19:35:05.570+0000] {dag.py:3954} INFO - Setting next_dagrun for stackoverflow_medallion_pipeline_v2 to 2026-05-15 00:00:00+00:00, run_after=2026-05-16 00:00:00+00:00
[2026-05-15T19:35:05.611+0000] {processor.py:183} INFO - Processing /opt/airflow/dags/stackoverflow_migration_dag.py took 1.194 seconds
[2026-05-15T19:35:35.742+0000] {processor.py:161} INFO - Started process (PID=224) to work on /opt/airflow/dags/stackoverflow_migration_dag.py
[2026-05-15T19:35:35.744+0000] {processor.py:830} INFO - Processing file /opt/airflow/dags/stackoverflow_migration_dag.py for tasks to queue
[2026-05-15T19:35:35.747+0000] {logging_mixin.py:188} INFO - [2026-05-15T19:35:35.747+0000] {dagbag.py:545} INFO - Filling up the DagBag from /opt/airflow/dags/stackoverflow_migration_dag.py
[2026-05-15T19:35:36.853+0000] {processor.py:840} INFO - DAG(s) 'stackoverflow_medallion_pipeline_v2' retrieved from /opt/airflow/dags/stackoverflow_migration_dag.py
[2026-05-15T19:35:36.927+0000] {logging_mixin.py:188} INFO - [2026-05-15T19:35:36.926+0000] {dag.py:3096} INFO - Sync 1 DAGs
[2026-05-15T19:35:36.976+0000] {logging_mixin.py:188} INFO - [2026-05-15T19:35:36.976+0000] {dag.py:3954} INFO - Setting next_dagrun for stackoverflow_medallion_pipeline_v2 to 2026-05-15 00:00:00+00:00, run_after=2026-05-16 00:00:00+00:00
[2026-05-15T19:35:37.021+0000] {processor.py:183} INFO - Processing /opt/airflow/dags/stackoverflow_migration_dag.py took 1.286 seconds
[2026-05-15T19:36:07.241+0000] {processor.py:161} INFO - Started process (PID=229) to work on /opt/airflow/dags/stackoverflow_migration_dag.py
[2026-05-15T19:36:07.243+0000] {processor.py:830} INFO - Processing file /opt/airflow/dags/stackoverflow_migration_dag.py for tasks to queue
[2026-05-15T19:36:07.246+0000] {logging_mixin.py:188} INFO - [2026-05-15T19:36:07.245+0000] {dagbag.py:545} INFO - Filling up the DagBag from /opt/airflow/dags/stackoverflow_migration_dag.py
[2026-05-15T19:36:08.319+0000] {processor.py:840} INFO - DAG(s) 'stackoverflow_medallion_pipeline_v2' retrieved from /opt/airflow/dags/stackoverflow_migration_dag.py
[2026-05-15T19:36:08.395+0000] {logging_mixin.py:188} INFO - [2026-05-15T19:36:08.395+0000] {dag.py:3096} INFO - Sync 1 DAGs
[2026-05-15T19:36:08.447+0000] {logging_mixin.py:188} INFO - [2026-05-15T19:36:08.447+0000] {dag.py:3954} INFO - Setting next_dagrun for stackoverflow_medallion_pipeline_v2 to 2026-05-15 00:00:00+00:00, run_after=2026-05-16 00:00:00+00:00
[2026-05-15T19:36:08.493+0000] {processor.py:183} INFO - Processing /opt/airflow/dags/stackoverflow_migration_dag.py took 1.261 seconds
[2026-05-15T19:36:38.717+0000] {processor.py:161} INFO - Started process (PID=234) to work on /opt/airflow/dags/stackoverflow_migration_dag.py
[2026-05-15T19:36:38.718+0000] {processor.py:830} INFO - Processing file /opt/airflow/dags/stackoverflow_migration_dag.py for tasks to queue
[2026-05-15T19:36:38.721+0000] {logging_mixin.py:188} INFO - [2026-05-15T19:36:38.720+0000] {dagbag.py:545} INFO - Filling up the DagBag from /opt/airflow/dags/stackoverflow_migration_dag.py
[2026-05-15T19:36:40.055+0000] {processor.py:840} INFO - DAG(s) 'stackoverflow_medallion_pipeline_v2' retrieved from /opt/airflow/dags/stackoverflow_migration_dag.py
[2026-05-15T19:36:40.144+0000] {logging_mixin.py:188} INFO - [2026-05-15T19:36:40.144+0000] {dag.py:3096} INFO - Sync 1 DAGs
[2026-05-15T19:36:40.213+0000] {logging_mixin.py:188} INFO - [2026-05-15T19:36:40.213+0000] {dag.py:3954} INFO - Setting next_dagrun for stackoverflow_medallion_pipeline_v2 to 2026-05-15 00:00:00+00:00, run_after=2026-05-16 00:00:00+00:00
[2026-05-15T19:36:40.267+0000] {processor.py:183} INFO - Processing /opt/airflow/dags/stackoverflow_migration_dag.py took 1.558 seconds
[2026-05-15T19:37:10.498+0000] {processor.py:161} INFO - Started process (PID=239) to work on /opt/airflow/dags/stackoverflow_migration_dag.py
[2026-05-15T19:37:10.500+0000] {processor.py:830} INFO - Processing file /opt/airflow/dags/stackoverflow_migration_dag.py for tasks to queue
[2026-05-15T19:37:10.503+0000] {logging_mixin.py:188} INFO - [2026-05-15T19:37:10.502+0000] {dagbag.py:545} INFO - Filling up the DagBag from /opt/airflow/dags/stackoverflow_migration_dag.py
[2026-05-15T19:37:11.597+0000] {processor.py:840} INFO - DAG(s) 'stackoverflow_medallion_pipeline_v2' retrieved from /opt/airflow/dags/stackoverflow_migration_dag.py
[2026-05-15T19:37:11.686+0000] {logging_mixin.py:188} INFO - [2026-05-15T19:37:11.685+0000] {dag.py:3096} INFO - Sync 1 DAGs
[2026-05-15T19:37:11.752+0000] {logging_mixin.py:188} INFO - [2026-05-15T19:37:11.751+0000] {dag.py:3954} INFO - Setting next_dagrun for stackoverflow_medallion_pipeline_v2 to 2026-05-15 00:00:00+00:00, run_after=2026-05-16 00:00:00+00:00
[2026-05-15T19:37:11.808+0000] {processor.py:183} INFO - Processing /opt/airflow/dags/stackoverflow_migration_dag.py took 1.318 seconds
[2026-05-15T19:37:42.057+0000] {processor.py:161} INFO - Started process (PID=244) to work on /opt/airflow/dags/stackoverflow_migration_dag.py
[2026-05-15T19:37:42.059+0000] {processor.py:830} INFO - Processing file /opt/airflow/dags/stackoverflow_migration_dag.py for tasks to queue
[2026-05-15T19:37:42.062+0000] {logging_mixin.py:188} INFO - [2026-05-15T19:37:42.062+0000] {dagbag.py:545} INFO - Filling up the DagBag from /opt/airflow/dags/stackoverflow_migration_dag.py
[2026-05-15T19:37:43.143+0000] {processor.py:840} INFO - DAG(s) 'stackoverflow_medallion_pipeline_v2' retrieved from /opt/airflow/dags/stackoverflow_migration_dag.py
[2026-05-15T19:37:43.209+0000] {logging_mixin.py:188} INFO - [2026-05-15T19:37:43.209+0000] {dag.py:3096} INFO - Sync 1 DAGs
[2026-05-15T19:37:43.259+0000] {logging_mixin.py:188} INFO - [2026-05-15T19:37:43.259+0000] {dag.py:3954} INFO - Setting next_dagrun for stackoverflow_medallion_pipeline_v2 to 2026-05-15 00:00:00+00:00, run_after=2026-05-16 00:00:00+00:00
[2026-05-15T19:37:43.303+0000] {processor.py:183} INFO - Processing /opt/airflow/dags/stackoverflow_migration_dag.py took 1.256 seconds
[2026-05-15T19:38:13.525+0000] {processor.py:161} INFO - Started process (PID=249) to work on /opt/airflow/dags/stackoverflow_migration_dag.py
[2026-05-15T19:38:13.527+0000] {processor.py:830} INFO - Processing file /opt/airflow/dags/stackoverflow_migration_dag.py for tasks to queue
[2026-05-15T19:38:13.530+0000] {logging_mixin.py:188} INFO - [2026-05-15T19:38:13.530+0000] {dagbag.py:545} INFO - Filling up the DagBag from /opt/airflow/dags/stackoverflow_migration_dag.py
[2026-05-15T19:38:14.694+0000] {processor.py:840} INFO - DAG(s) 'stackoverflow_medallion_pipeline_v2' retrieved from /opt/airflow/dags/stackoverflow_migration_dag.py
[2026-05-15T19:38:14.777+0000] {logging_mixin.py:188} INFO - [2026-05-15T19:38:14.777+0000] {dag.py:3096} INFO - Sync 1 DAGs
[2026-05-15T19:38:14.832+0000] {logging_mixin.py:188} INFO - [2026-05-15T19:38:14.832+0000] {dag.py:3954} INFO - Setting next_dagrun for stackoverflow_medallion_pipeline_v2 to 2026-05-15 00:00:00+00:00, run_after=2026-05-16 00:00:00+00:00
[2026-05-15T19:38:14.878+0000] {processor.py:183} INFO - Processing /opt/airflow/dags/stackoverflow_migration_dag.py took 1.363 seconds
[2026-05-15T19:38:45.102+0000] {processor.py:161} INFO - Started process (PID=254) to work on /opt/airflow/dags/stackoverflow_migration_dag.py
[2026-05-15T19:38:45.103+0000] {processor.py:830} INFO - Processing file /opt/airflow/dags/stackoverflow_migration_dag.py for tasks to queue
[2026-05-15T19:38:45.106+0000] {logging_mixin.py:188} INFO - [2026-05-15T19:38:45.106+0000] {dagbag.py:545} INFO - Filling up the DagBag from /opt/airflow/dags/stackoverflow_migration_dag.py
[2026-05-15T19:38:46.121+0000] {processor.py:840} INFO - DAG(s) 'stackoverflow_medallion_pipeline_v2' retrieved from /opt/airflow/dags/stackoverflow_migration_dag.py
[2026-05-15T19:38:46.190+0000] {logging_mixin.py:188} INFO - [2026-05-15T19:38:46.190+0000] {dag.py:3096} INFO - Sync 1 DAGs
[2026-05-15T19:38:46.240+0000] {logging_mixin.py:188} INFO - [2026-05-15T19:38:46.239+0000] {dag.py:3954} INFO - Setting next_dagrun for stackoverflow_medallion_pipeline_v2 to 2026-05-15 00:00:00+00:00, run_after=2026-05-16 00:00:00+00:00
[2026-05-15T19:38:46.286+0000] {processor.py:183} INFO - Processing /opt/airflow/dags/stackoverflow_migration_dag.py took 1.192 seconds
[2026-05-15T19:39:16.502+0000] {processor.py:161} INFO - Started process (PID=259) to work on /opt/airflow/dags/stackoverflow_migration_dag.py
[2026-05-15T19:39:16.503+0000] {processor.py:830} INFO - Processing file /opt/airflow/dags/stackoverflow_migration_dag.py for tasks to queue
[2026-05-15T19:39:16.506+0000] {logging_mixin.py:188} INFO - [2026-05-15T19:39:16.505+0000] {dagbag.py:545} INFO - Filling up the DagBag from /opt/airflow/dags/stackoverflow_migration_dag.py
[2026-05-15T19:39:17.600+0000] {processor.py:840} INFO - DAG(s) 'stackoverflow_medallion_pipeline_v2' retrieved from /opt/airflow/dags/stackoverflow_migration_dag.py
[2026-05-15T19:39:17.669+0000] {logging_mixin.py:188} INFO - [2026-05-15T19:39:17.668+0000] {dag.py:3096} INFO - Sync 1 DAGs
[2026-05-15T19:39:17.720+0000] {logging_mixin.py:188} INFO - [2026-05-15T19:39:17.720+0000] {dag.py:3954} INFO - Setting next_dagrun for stackoverflow_medallion_pipeline_v2 to 2026-05-15 00:00:00+00:00, run_after=2026-05-16 00:00:00+00:00
[2026-05-15T19:39:17.763+0000] {processor.py:183} INFO - Processing /opt/airflow/dags/stackoverflow_migration_dag.py took 1.270 seconds
[2026-05-15T19:39:47.976+0000] {processor.py:161} INFO - Started process (PID=264) to work on /opt/airflow/dags/stackoverflow_migration_dag.py
[2026-05-15T19:39:47.977+0000] {processor.py:830} INFO - Processing file /opt/airflow/dags/stackoverflow_migration_dag.py for tasks to queue
[2026-05-15T19:39:47.980+0000] {logging_mixin.py:188} INFO - [2026-05-15T19:39:47.980+0000] {dagbag.py:545} INFO - Filling up the DagBag from /opt/airflow/dags/stackoverflow_migration_dag.py
[2026-05-15T19:39:49.002+0000] {processor.py:840} INFO - DAG(s) 'stackoverflow_medallion_pipeline_v2' retrieved from /opt/airflow/dags/stackoverflow_migration_dag.py
[2026-05-15T19:39:49.080+0000] {logging_mixin.py:188} INFO - [2026-05-15T19:39:49.079+0000] {dag.py:3096} INFO - Sync 1 DAGs
[2026-05-15T19:39:49.134+0000] {logging_mixin.py:188} INFO - [2026-05-15T19:39:49.134+0000] {dag.py:3954} INFO - Setting next_dagrun for stackoverflow_medallion_pipeline_v2 to 2026-05-15 00:00:00+00:00, run_after=2026-05-16 00:00:00+00:00
[2026-05-15T19:39:49.177+0000] {processor.py:183} INFO - Processing /opt/airflow/dags/stackoverflow_migration_dag.py took 1.209 seconds
[2026-05-15T19:40:19.878+0000] {processor.py:161} INFO - Started process (PID=269) to work on /opt/airflow/dags/stackoverflow_migration_dag.py
[2026-05-15T19:40:19.889+0000] {processor.py:830} INFO - Processing file /opt/airflow/dags/stackoverflow_migration_dag.py for tasks to queue
[2026-05-15T19:40:19.895+0000] {logging_mixin.py:188} INFO - [2026-05-15T19:40:19.894+0000] {dagbag.py:545} INFO - Filling up the DagBag from /opt/airflow/dags/stackoverflow_migration_dag.py
[2026-05-15T19:40:24.972+0000] {processor.py:840} INFO - DAG(s) 'stackoverflow_medallion_pipeline_v2' retrieved from /opt/airflow/dags/stackoverflow_migration_dag.py
[2026-05-15T19:40:25.099+0000] {logging_mixin.py:188} INFO - [2026-05-15T19:40:25.099+0000] {dag.py:3096} INFO - Sync 1 DAGs
[2026-05-15T19:40:25.214+0000] {logging_mixin.py:188} INFO - [2026-05-15T19:40:25.214+0000] {dag.py:3954} INFO - Setting next_dagrun for stackoverflow_medallion_pipeline_v2 to 2026-05-15 00:00:00+00:00, run_after=2026-05-16 00:00:00+00:00
[2026-05-15T19:40:25.301+0000] {processor.py:183} INFO - Processing /opt/airflow/dags/stackoverflow_migration_dag.py took 5.453 seconds
[2026-05-15T19:40:55.721+0000] {processor.py:161} INFO - Started process (PID=274) to work on /opt/airflow/dags/stackoverflow_migration_dag.py
[2026-05-15T19:40:55.723+0000] {processor.py:830} INFO - Processing file /opt/airflow/dags/stackoverflow_migration_dag.py for tasks to queue
[2026-05-15T19:40:55.726+0000] {logging_mixin.py:188} INFO - [2026-05-15T19:40:55.725+0000] {dagbag.py:545} INFO - Filling up the DagBag from /opt/airflow/dags/stackoverflow_migration_dag.py
[2026-05-15T19:40:56.917+0000] {processor.py:840} INFO - DAG(s) 'stackoverflow_medallion_pipeline_v2' retrieved from /opt/airflow/dags/stackoverflow_migration_dag.py
[2026-05-15T19:40:56.988+0000] {logging_mixin.py:188} INFO - [2026-05-15T19:40:56.988+0000] {dag.py:3096} INFO - Sync 1 DAGs
[2026-05-15T19:40:57.042+0000] {logging_mixin.py:188} INFO - [2026-05-15T19:40:57.041+0000] {dag.py:3954} INFO - Setting next_dagrun for stackoverflow_medallion_pipeline_v2 to 2026-05-15 00:00:00+00:00, run_after=2026-05-16 00:00:00+00:00
[2026-05-15T19:40:57.088+0000] {processor.py:183} INFO - Processing /opt/airflow/dags/stackoverflow_migration_dag.py took 1.375 seconds
[2026-05-15T19:42:29.014+0000] {processor.py:161} INFO - Started process (PID=164) to work on /opt/airflow/dags/stackoverflow_migration_dag.py
[2026-05-15T19:42:29.016+0000] {processor.py:830} INFO - Processing file /opt/airflow/dags/stackoverflow_migration_dag.py for tasks to queue
[2026-05-15T19:42:29.020+0000] {logging_mixin.py:188} INFO - [2026-05-15T19:42:29.019+0000] {dagbag.py:545} INFO - Filling up the DagBag from /opt/airflow/dags/stackoverflow_migration_dag.py
[2026-05-15T19:42:32.762+0000] {processor.py:840} INFO - DAG(s) 'stackoverflow_medallion_pipeline_v2' retrieved from /opt/airflow/dags/stackoverflow_migration_dag.py
[2026-05-15T19:42:32.916+0000] {logging_mixin.py:188} INFO - [2026-05-15T19:42:32.915+0000] {dag.py:3096} INFO - Sync 1 DAGs
[2026-05-15T19:42:33.213+0000] {logging_mixin.py:188} INFO - [2026-05-15T19:42:33.207+0000] {dag.py:3954} INFO - Setting next_dagrun for stackoverflow_medallion_pipeline_v2 to 2026-05-15 00:00:00+00:00, run_after=2026-05-16 00:00:00+00:00
[2026-05-15T19:42:33.365+0000] {processor.py:183} INFO - Processing /opt/airflow/dags/stackoverflow_migration_dag.py took 4.369 seconds
[2026-05-15T19:43:03.710+0000] {processor.py:161} INFO - Started process (PID=169) to work on /opt/airflow/dags/stackoverflow_migration_dag.py
[2026-05-15T19:43:03.712+0000] {processor.py:830} INFO - Processing file /opt/airflow/dags/stackoverflow_migration_dag.py for tasks to queue
[2026-05-15T19:43:03.716+0000] {logging_mixin.py:188} INFO - [2026-05-15T19:43:03.716+0000] {dagbag.py:545} INFO - Filling up the DagBag from /opt/airflow/dags/stackoverflow_migration_dag.py
[2026-05-15T19:43:04.850+0000] {processor.py:840} INFO - DAG(s) 'stackoverflow_medallion_pipeline_v2' retrieved from /opt/airflow/dags/stackoverflow_migration_dag.py
[2026-05-15T19:43:05.269+0000] {logging_mixin.py:188} INFO - [2026-05-15T19:43:05.268+0000] {dag.py:3096} INFO - Sync 1 DAGs
[2026-05-15T19:43:05.334+0000] {logging_mixin.py:188} INFO - [2026-05-15T19:43:05.334+0000] {dag.py:3954} INFO - Setting next_dagrun for stackoverflow_medallion_pipeline_v2 to 2026-05-15 00:00:00+00:00, run_after=2026-05-16 00:00:00+00:00
[2026-05-15T19:43:05.391+0000] {processor.py:183} INFO - Processing /opt/airflow/dags/stackoverflow_migration_dag.py took 1.691 seconds
[2026-05-15T19:43:35.702+0000] {processor.py:161} INFO - Started process (PID=176) to work on /opt/airflow/dags/stackoverflow_migration_dag.py
[2026-05-15T19:43:35.704+0000] {processor.py:830} INFO - Processing file /opt/airflow/dags/stackoverflow_migration_dag.py for tasks to queue
[2026-05-15T19:43:35.709+0000] {logging_mixin.py:188} INFO - [2026-05-15T19:43:35.708+0000] {dagbag.py:545} INFO - Filling up the DagBag from /opt/airflow/dags/stackoverflow_migration_dag.py
[2026-05-15T19:43:37.491+0000] {processor.py:840} INFO - DAG(s) 'stackoverflow_medallion_pipeline_v2' retrieved from /opt/airflow/dags/stackoverflow_migration_dag.py
[2026-05-15T19:43:37.577+0000] {logging_mixin.py:188} INFO - [2026-05-15T19:43:37.577+0000] {dag.py:3096} INFO - Sync 1 DAGs
[2026-05-15T19:43:37.641+0000] {logging_mixin.py:188} INFO - [2026-05-15T19:43:37.641+0000] {dag.py:3954} INFO - Setting next_dagrun for stackoverflow_medallion_pipeline_v2 to 2026-05-15 00:00:00+00:00, run_after=2026-05-16 00:00:00+00:00
[2026-05-15T19:43:37.691+0000] {processor.py:183} INFO - Processing /opt/airflow/dags/stackoverflow_migration_dag.py took 2.003 seconds
[2026-05-15T19:44:07.941+0000] {processor.py:161} INFO - Started process (PID=181) to work on /opt/airflow/dags/stackoverflow_migration_dag.py
[2026-05-15T19:44:07.943+0000] {processor.py:830} INFO - Processing file /opt/airflow/dags/stackoverflow_migration_dag.py for tasks to queue
[2026-05-15T19:44:07.947+0000] {logging_mixin.py:188} INFO - [2026-05-15T19:44:07.946+0000] {dagbag.py:545} INFO - Filling up the DagBag from /opt/airflow/dags/stackoverflow_migration_dag.py
[2026-05-15T19:44:09.179+0000] {processor.py:840} INFO - DAG(s) 'stackoverflow_medallion_pipeline_v2' retrieved from /opt/airflow/dags/stackoverflow_migration_dag.py
[2026-05-15T19:44:09.269+0000] {logging_mixin.py:188} INFO - [2026-05-15T19:44:09.269+0000] {dag.py:3096} INFO - Sync 1 DAGs
[2026-05-15T19:44:09.366+0000] {logging_mixin.py:188} INFO - [2026-05-15T19:44:09.366+0000] {dag.py:3954} INFO - Setting next_dagrun for stackoverflow_medallion_pipeline_v2 to 2026-05-15 00:00:00+00:00, run_after=2026-05-16 00:00:00+00:00
[2026-05-15T19:44:09.419+0000] {processor.py:183} INFO - Processing /opt/airflow/dags/stackoverflow_migration_dag.py took 1.490 seconds
[2026-05-15T19:44:39.729+0000] {processor.py:161} INFO - Started process (PID=186) to work on /opt/airflow/dags/stackoverflow_migration_dag.py
[2026-05-15T19:44:39.732+0000] {processor.py:830} INFO - Processing file /opt/airflow/dags/stackoverflow_migration_dag.py for tasks to queue
[2026-05-15T19:44:39.739+0000] {logging_mixin.py:188} INFO - [2026-05-15T19:44:39.738+0000] {dagbag.py:545} INFO - Filling up the DagBag from /opt/airflow/dags/stackoverflow_migration_dag.py
[2026-05-15T19:44:41.306+0000] {processor.py:840} INFO - DAG(s) 'stackoverflow_medallion_pipeline_v2' retrieved from /opt/airflow/dags/stackoverflow_migration_dag.py
[2026-05-15T19:44:41.413+0000] {logging_mixin.py:188} INFO - [2026-05-15T19:44:41.412+0000] {dag.py:3096} INFO - Sync 1 DAGs
[2026-05-15T19:44:41.476+0000] {logging_mixin.py:188} INFO - [2026-05-15T19:44:41.475+0000] {dag.py:3954} INFO - Setting next_dagrun for stackoverflow_medallion_pipeline_v2 to 2026-05-15 00:00:00+00:00, run_after=2026-05-16 00:00:00+00:00
[2026-05-15T19:44:41.527+0000] {processor.py:183} INFO - Processing /opt/airflow/dags/stackoverflow_migration_dag.py took 1.820 seconds
[2026-05-15T19:45:11.785+0000] {processor.py:161} INFO - Started process (PID=191) to work on /opt/airflow/dags/stackoverflow_migration_dag.py
[2026-05-15T19:45:11.788+0000] {processor.py:830} INFO - Processing file /opt/airflow/dags/stackoverflow_migration_dag.py for tasks to queue
[2026-05-15T19:45:11.791+0000] {logging_mixin.py:188} INFO - [2026-05-15T19:45:11.791+0000] {dagbag.py:545} INFO - Filling up the DagBag from /opt/airflow/dags/stackoverflow_migration_dag.py
[2026-05-15T19:45:13.111+0000] {processor.py:840} INFO - DAG(s) 'stackoverflow_medallion_pipeline_v2' retrieved from /opt/airflow/dags/stackoverflow_migration_dag.py
[2026-05-15T19:45:13.194+0000] {logging_mixin.py:188} INFO - [2026-05-15T19:45:13.194+0000] {dag.py:3096} INFO - Sync 1 DAGs
[2026-05-15T19:45:13.263+0000] {logging_mixin.py:188} INFO - [2026-05-15T19:45:13.262+0000] {dag.py:3954} INFO - Setting next_dagrun for stackoverflow_medallion_pipeline_v2 to 2026-05-15 00:00:00+00:00, run_after=2026-05-16 00:00:00+00:00
[2026-05-15T19:45:13.339+0000] {processor.py:183} INFO - Processing /opt/airflow/dags/stackoverflow_migration_dag.py took 1.562 seconds
[2026-05-15T19:45:43.604+0000] {processor.py:161} INFO - Started process (PID=199) to work on /opt/airflow/dags/stackoverflow_migration_dag.py
[2026-05-15T19:45:43.607+0000] {processor.py:830} INFO - Processing file /opt/airflow/dags/stackoverflow_migration_dag.py for tasks to queue
[2026-05-15T19:45:43.613+0000] {logging_mixin.py:188} INFO - [2026-05-15T19:45:43.612+0000] {dagbag.py:545} INFO - Filling up the DagBag from /opt/airflow/dags/stackoverflow_migration_dag.py
[2026-05-15T19:45:44.993+0000] {processor.py:840} INFO - DAG(s) 'stackoverflow_medallion_pipeline_v2' retrieved from /opt/airflow/dags/stackoverflow_migration_dag.py
[2026-05-15T19:45:45.106+0000] {logging_mixin.py:188} INFO - [2026-05-15T19:45:45.105+0000] {dag.py:3096} INFO - Sync 1 DAGs
[2026-05-15T19:45:45.161+0000] {logging_mixin.py:188} INFO - [2026-05-15T19:45:45.161+0000] {dag.py:3954} INFO - Setting next_dagrun for stackoverflow_medallion_pipeline_v2 to 2026-05-15 00:00:00+00:00, run_after=2026-05-16 00:00:00+00:00
[2026-05-15T19:45:45.208+0000] {processor.py:183} INFO - Processing /opt/airflow/dags/stackoverflow_migration_dag.py took 1.623 seconds
[2026-05-15T19:46:15.457+0000] {processor.py:161} INFO - Started process (PID=207) to work on /opt/airflow/dags/stackoverflow_migration_dag.py
[2026-05-15T19:46:15.459+0000] {processor.py:830} INFO - Processing file /opt/airflow/dags/stackoverflow_migration_dag.py for tasks to queue
[2026-05-15T19:46:15.462+0000] {logging_mixin.py:188} INFO - [2026-05-15T19:46:15.461+0000] {dagbag.py:545} INFO - Filling up the DagBag from /opt/airflow/dags/stackoverflow_migration_dag.py
[2026-05-15T19:46:16.849+0000] {processor.py:840} INFO - DAG(s) 'stackoverflow_medallion_pipeline_v2' retrieved from /opt/airflow/dags/stackoverflow_migration_dag.py
[2026-05-15T19:46:16.918+0000] {logging_mixin.py:188} INFO - [2026-05-15T19:46:16.917+0000] {dag.py:3096} INFO - Sync 1 DAGs
[2026-05-15T19:46:16.972+0000] {logging_mixin.py:188} INFO - [2026-05-15T19:46:16.972+0000] {dag.py:3954} INFO - Setting next_dagrun for stackoverflow_medallion_pipeline_v2 to 2026-05-15 00:00:00+00:00, run_after=2026-05-16 00:00:00+00:00
[2026-05-15T19:46:17.020+0000] {processor.py:183} INFO - Processing /opt/airflow/dags/stackoverflow_migration_dag.py took 1.571 seconds
[2026-05-15T19:46:47.334+0000] {processor.py:161} INFO - Started process (PID=215) to work on /opt/airflow/dags/stackoverflow_migration_dag.py
[2026-05-15T19:46:47.336+0000] {processor.py:830} INFO - Processing file /opt/airflow/dags/stackoverflow_migration_dag.py for tasks to queue
[2026-05-15T19:46:47.339+0000] {logging_mixin.py:188} INFO - [2026-05-15T19:46:47.338+0000] {dagbag.py:545} INFO - Filling up the DagBag from /opt/airflow/dags/stackoverflow_migration_dag.py
[2026-05-15T19:46:48.574+0000] {processor.py:840} INFO - DAG(s) 'stackoverflow_medallion_pipeline_v2' retrieved from /opt/airflow/dags/stackoverflow_migration_dag.py
[2026-05-15T19:46:48.673+0000] {logging_mixin.py:188} INFO - [2026-05-15T19:46:48.673+0000] {dag.py:3096} INFO - Sync 1 DAGs
[2026-05-15T19:46:48.808+0000] {logging_mixin.py:188} INFO - [2026-05-15T19:46:48.807+0000] {dag.py:3954} INFO - Setting next_dagrun for stackoverflow_medallion_pipeline_v2 to 2026-05-15 00:00:00+00:00, run_after=2026-05-16 00:00:00+00:00
[2026-05-15T19:46:48.888+0000] {processor.py:183} INFO - Processing /opt/airflow/dags/stackoverflow_migration_dag.py took 1.565 seconds
[2026-05-15T19:47:19.172+0000] {processor.py:161} INFO - Started process (PID=223) to work on /opt/airflow/dags/stackoverflow_migration_dag.py
[2026-05-15T19:47:19.173+0000] {processor.py:830} INFO - Processing file /opt/airflow/dags/stackoverflow_migration_dag.py for tasks to queue
[2026-05-15T19:47:19.176+0000] {logging_mixin.py:188} INFO - [2026-05-15T19:47:19.176+0000] {dagbag.py:545} INFO - Filling up the DagBag from /opt/airflow/dags/stackoverflow_migration_dag.py
[2026-05-15T19:47:20.637+0000] {processor.py:840} INFO - DAG(s) 'stackoverflow_medallion_pipeline_v2' retrieved from /opt/airflow/dags/stackoverflow_migration_dag.py
[2026-05-15T19:47:20.717+0000] {logging_mixin.py:188} INFO - [2026-05-15T19:47:20.717+0000] {dag.py:3096} INFO - Sync 1 DAGs
[2026-05-15T19:47:20.771+0000] {logging_mixin.py:188} INFO - [2026-05-15T19:47:20.771+0000] {dag.py:3954} INFO - Setting next_dagrun for stackoverflow_medallion_pipeline_v2 to 2026-05-15 00:00:00+00:00, run_after=2026-05-16 00:00:00+00:00
[2026-05-15T19:47:20.815+0000] {processor.py:183} INFO - Processing /opt/airflow/dags/stackoverflow_migration_dag.py took 1.651 seconds
[2026-05-15T19:47:51.058+0000] {processor.py:161} INFO - Started process (PID=228) to work on /opt/airflow/dags/stackoverflow_migration_dag.py
[2026-05-15T19:47:51.060+0000] {processor.py:830} INFO - Processing file /opt/airflow/dags/stackoverflow_migration_dag.py for tasks to queue
[2026-05-15T19:47:51.063+0000] {logging_mixin.py:188} INFO - [2026-05-15T19:47:51.062+0000] {dagbag.py:545} INFO - Filling up the DagBag from /opt/airflow/dags/stackoverflow_migration_dag.py
[2026-05-15T19:47:52.121+0000] {processor.py:840} INFO - DAG(s) 'stackoverflow_medallion_pipeline_v2' retrieved from /opt/airflow/dags/stackoverflow_migration_dag.py
[2026-05-15T19:47:52.198+0000] {logging_mixin.py:188} INFO - [2026-05-15T19:47:52.198+0000] {dag.py:3096} INFO - Sync 1 DAGs
[2026-05-15T19:47:52.245+0000] {logging_mixin.py:188} INFO - [2026-05-15T19:47:52.245+0000] {dag.py:3954} INFO - Setting next_dagrun for stackoverflow_medallion_pipeline_v2 to 2026-05-15 00:00:00+00:00, run_after=2026-05-16 00:00:00+00:00
[2026-05-15T19:47:52.286+0000] {processor.py:183} INFO - Processing /opt/airflow/dags/stackoverflow_migration_dag.py took 1.237 seconds
[2026-05-15T19:48:22.541+0000] {processor.py:161} INFO - Started process (PID=233) to work on /opt/airflow/dags/stackoverflow_migration_dag.py
[2026-05-15T19:48:22.543+0000] {processor.py:830} INFO - Processing file /opt/airflow/dags/stackoverflow_migration_dag.py for tasks to queue
[2026-05-15T19:48:22.547+0000] {logging_mixin.py:188} INFO - [2026-05-15T19:48:22.546+0000] {dagbag.py:545} INFO - Filling up the DagBag from /opt/airflow/dags/stackoverflow_migration_dag.py
[2026-05-15T19:48:24.202+0000] {processor.py:840} INFO - DAG(s) 'stackoverflow_medallion_pipeline_v2' retrieved from /opt/airflow/dags/stackoverflow_migration_dag.py
[2026-05-15T19:48:24.288+0000] {logging_mixin.py:188} INFO - [2026-05-15T19:48:24.287+0000] {dag.py:3096} INFO - Sync 1 DAGs
[2026-05-15T19:48:24.344+0000] {logging_mixin.py:188} INFO - [2026-05-15T19:48:24.344+0000] {dag.py:3954} INFO - Setting next_dagrun for stackoverflow_medallion_pipeline_v2 to 2026-05-15 00:00:00+00:00, run_after=2026-05-16 00:00:00+00:00
[2026-05-15T19:48:24.389+0000] {processor.py:183} INFO - Processing /opt/airflow/dags/stackoverflow_migration_dag.py took 1.860 seconds
[2026-05-15T19:48:54.703+0000] {processor.py:161} INFO - Started process (PID=238) to work on /opt/airflow/dags/stackoverflow_migration_dag.py
[2026-05-15T19:48:54.708+0000] {processor.py:830} INFO - Processing file /opt/airflow/dags/stackoverflow_migration_dag.py for tasks to queue
[2026-05-15T19:48:54.717+0000] {logging_mixin.py:188} INFO - [2026-05-15T19:48:54.716+0000] {dagbag.py:545} INFO - Filling up the DagBag from /opt/airflow/dags/stackoverflow_migration_dag.py
[2026-05-15T19:48:57.189+0000] {processor.py:840} INFO - DAG(s) 'stackoverflow_medallion_pipeline_v2' retrieved from /opt/airflow/dags/stackoverflow_migration_dag.py
[2026-05-15T19:48:57.296+0000] {logging_mixin.py:188} INFO - [2026-05-15T19:48:57.296+0000] {dag.py:3096} INFO - Sync 1 DAGs
[2026-05-15T19:48:57.367+0000] {logging_mixin.py:188} INFO - [2026-05-15T19:48:57.367+0000] {dag.py:3954} INFO - Setting next_dagrun for stackoverflow_medallion_pipeline_v2 to 2026-05-15 00:00:00+00:00, run_after=2026-05-16 00:00:00+00:00
[2026-05-15T19:48:57.441+0000] {processor.py:183} INFO - Processing /opt/airflow/dags/stackoverflow_migration_dag.py took 2.769 seconds
[2026-05-15T19:49:27.901+0000] {processor.py:161} INFO - Started process (PID=243) to work on /opt/airflow/dags/stackoverflow_migration_dag.py
[2026-05-15T19:49:27.903+0000] {processor.py:830} INFO - Processing file /opt/airflow/dags/stackoverflow_migration_dag.py for tasks to queue
[2026-05-15T19:49:27.906+0000] {logging_mixin.py:188} INFO - [2026-05-15T19:49:27.905+0000] {dagbag.py:545} INFO - Filling up the DagBag from /opt/airflow/dags/stackoverflow_migration_dag.py
[2026-05-15T19:49:29.144+0000] {processor.py:840} INFO - DAG(s) 'stackoverflow_medallion_pipeline_v2' retrieved from /opt/airflow/dags/stackoverflow_migration_dag.py
[2026-05-15T19:49:29.226+0000] {logging_mixin.py:188} INFO - [2026-05-15T19:49:29.226+0000] {dag.py:3096} INFO - Sync 1 DAGs
[2026-05-15T19:49:29.299+0000] {logging_mixin.py:188} INFO - [2026-05-15T19:49:29.298+0000] {dag.py:3954} INFO - Setting next_dagrun for stackoverflow_medallion_pipeline_v2 to 2026-05-15 00:00:00+00:00, run_after=2026-05-16 00:00:00+00:00
[2026-05-15T19:49:29.359+0000] {processor.py:183} INFO - Processing /opt/airflow/dags/stackoverflow_migration_dag.py took 1.466 seconds
[2026-05-15T19:49:59.616+0000] {processor.py:161} INFO - Started process (PID=248) to work on /opt/airflow/dags/stackoverflow_migration_dag.py
[2026-05-15T19:49:59.618+0000] {processor.py:830} INFO - Processing file /opt/airflow/dags/stackoverflow_migration_dag.py for tasks to queue
[2026-05-15T19:49:59.622+0000] {logging_mixin.py:188} INFO - [2026-05-15T19:49:59.621+0000] {dagbag.py:545} INFO - Filling up the DagBag from /opt/airflow/dags/stackoverflow_migration_dag.py
[2026-05-15T19:50:00.788+0000] {processor.py:840} INFO - DAG(s) 'stackoverflow_medallion_pipeline_v2' retrieved from /opt/airflow/dags/stackoverflow_migration_dag.py
[2026-05-15T19:50:00.864+0000] {logging_mixin.py:188} INFO - [2026-05-15T19:50:00.863+0000] {dag.py:3096} INFO - Sync 1 DAGs
[2026-05-15T19:50:00.921+0000] {logging_mixin.py:188} INFO - [2026-05-15T19:50:00.920+0000] {dag.py:3954} INFO - Setting next_dagrun for stackoverflow_medallion_pipeline_v2 to 2026-05-15 00:00:00+00:00, run_after=2026-05-16 00:00:00+00:00
[2026-05-15T19:50:00.969+0000] {processor.py:183} INFO - Processing /opt/airflow/dags/stackoverflow_migration_dag.py took 1.364 seconds
[2026-05-15T19:50:31.429+0000] {processor.py:161} INFO - Started process (PID=253) to work on /opt/airflow/dags/stackoverflow_migration_dag.py
[2026-05-15T19:50:31.433+0000] {processor.py:830} INFO - Processing file /opt/airflow/dags/stackoverflow_migration_dag.py for tasks to queue
[2026-05-15T19:50:31.438+0000] {logging_mixin.py:188} INFO - [2026-05-15T19:50:31.437+0000] {dagbag.py:545} INFO - Filling up the DagBag from /opt/airflow/dags/stackoverflow_migration_dag.py
[2026-05-15T19:50:33.340+0000] {processor.py:840} INFO - DAG(s) 'stackoverflow_medallion_pipeline_v2' retrieved from /opt/airflow/dags/stackoverflow_migration_dag.py
[2026-05-15T19:50:33.418+0000] {logging_mixin.py:188} INFO - [2026-05-15T19:50:33.418+0000] {dag.py:3096} INFO - Sync 1 DAGs
[2026-05-15T19:50:33.470+0000] {logging_mixin.py:188} INFO - [2026-05-15T19:50:33.470+0000] {dag.py:3954} INFO - Setting next_dagrun for stackoverflow_medallion_pipeline_v2 to 2026-05-15 00:00:00+00:00, run_after=2026-05-16 00:00:00+00:00
[2026-05-15T19:50:33.519+0000] {processor.py:183} INFO - Processing /opt/airflow/dags/stackoverflow_migration_dag.py took 2.123 seconds
[2026-05-15T19:51:03.793+0000] {processor.py:161} INFO - Started process (PID=258) to work on /opt/airflow/dags/stackoverflow_migration_dag.py
[2026-05-15T19:51:03.794+0000] {processor.py:830} INFO - Processing file /opt/airflow/dags/stackoverflow_migration_dag.py for tasks to queue
[2026-05-15T19:51:03.798+0000] {logging_mixin.py:188} INFO - [2026-05-15T19:51:03.797+0000] {dagbag.py:545} INFO - Filling up the DagBag from /opt/airflow/dags/stackoverflow_migration_dag.py
[2026-05-15T19:51:04.890+0000] {processor.py:840} INFO - DAG(s) 'stackoverflow_medallion_pipeline_v2' retrieved from /opt/airflow/dags/stackoverflow_migration_dag.py
[2026-05-15T19:51:04.967+0000] {logging_mixin.py:188} INFO - [2026-05-15T19:51:04.966+0000] {dag.py:3096} INFO - Sync 1 DAGs
[2026-05-15T19:51:05.023+0000] {logging_mixin.py:188} INFO - [2026-05-15T19:51:05.023+0000] {dag.py:3954} INFO - Setting next_dagrun for stackoverflow_medallion_pipeline_v2 to 2026-05-15 00:00:00+00:00, run_after=2026-05-16 00:00:00+00:00
[2026-05-15T19:51:05.075+0000] {processor.py:183} INFO - Processing /opt/airflow/dags/stackoverflow_migration_dag.py took 1.291 seconds
[2026-05-15T19:51:35.334+0000] {processor.py:161} INFO - Started process (PID=263) to work on /opt/airflow/dags/stackoverflow_migration_dag.py
[2026-05-15T19:51:35.337+0000] {processor.py:830} INFO - Processing file /opt/airflow/dags/stackoverflow_migration_dag.py for tasks to queue
[2026-05-15T19:51:35.342+0000] {logging_mixin.py:188} INFO - [2026-05-15T19:51:35.341+0000] {dagbag.py:545} INFO - Filling up the DagBag from /opt/airflow/dags/stackoverflow_migration_dag.py
[2026-05-15T19:51:36.878+0000] {processor.py:840} INFO - DAG(s) 'stackoverflow_medallion_pipeline_v2' retrieved from /opt/airflow/dags/stackoverflow_migration_dag.py
[2026-05-15T19:51:36.964+0000] {logging_mixin.py:188} INFO - [2026-05-15T19:51:36.964+0000] {dag.py:3096} INFO - Sync 1 DAGs
[2026-05-15T19:51:37.027+0000] {logging_mixin.py:188} INFO - [2026-05-15T19:51:37.026+0000] {dag.py:3954} INFO - Setting next_dagrun for stackoverflow_medallion_pipeline_v2 to 2026-05-15 00:00:00+00:00, run_after=2026-05-16 00:00:00+00:00
[2026-05-15T19:51:37.081+0000] {processor.py:183} INFO - Processing /opt/airflow/dags/stackoverflow_migration_dag.py took 1.759 seconds
[2026-05-15T19:52:07.200+0000] {processor.py:161} INFO - Started process (PID=268) to work on /opt/airflow/dags/stackoverflow_migration_dag.py
[2026-05-15T19:52:07.202+0000] {processor.py:830} INFO - Processing file /opt/airflow/dags/stackoverflow_migration_dag.py for tasks to queue
[2026-05-15T19:52:07.205+0000] {logging_mixin.py:188} INFO - [2026-05-15T19:52:07.205+0000] {dagbag.py:545} INFO - Filling up the DagBag from /opt/airflow/dags/stackoverflow_migration_dag.py
[2026-05-15T19:52:08.871+0000] {processor.py:840} INFO - DAG(s) 'stackoverflow_medallion_pipeline_v2' retrieved from /opt/airflow/dags/stackoverflow_migration_dag.py
[2026-05-15T19:52:08.942+0000] {logging_mixin.py:188} INFO - [2026-05-15T19:52:08.941+0000] {dag.py:3096} INFO - Sync 1 DAGs
[2026-05-15T19:52:08.989+0000] {logging_mixin.py:188} INFO - [2026-05-15T19:52:08.988+0000] {dag.py:3954} INFO - Setting next_dagrun for stackoverflow_medallion_pipeline_v2 to 2026-05-15 00:00:00+00:00, run_after=2026-05-16 00:00:00+00:00
[2026-05-15T19:52:09.033+0000] {processor.py:183} INFO - Processing /opt/airflow/dags/stackoverflow_migration_dag.py took 1.842 seconds
[2026-05-15T19:52:13.139+0000] {processor.py:161} INFO - Started process (PID=273) to work on /opt/airflow/dags/stackoverflow_migration_dag.py
[2026-05-15T19:52:13.141+0000] {processor.py:830} INFO - Processing file /opt/airflow/dags/stackoverflow_migration_dag.py for tasks to queue
[2026-05-15T19:52:13.144+0000] {logging_mixin.py:188} INFO - [2026-05-15T19:52:13.143+0000] {dagbag.py:545} INFO - Filling up the DagBag from /opt/airflow/dags/stackoverflow_migration_dag.py
[2026-05-15T19:52:14.615+0000] {processor.py:840} INFO - DAG(s) 'stackoverflow_medallion_pipeline_v2' retrieved from /opt/airflow/dags/stackoverflow_migration_dag.py
[2026-05-15T19:52:14.702+0000] {logging_mixin.py:188} INFO - [2026-05-15T19:52:14.702+0000] {dag.py:3096} INFO - Sync 1 DAGs
[2026-05-15T19:52:14.764+0000] {logging_mixin.py:188} INFO - [2026-05-15T19:52:14.763+0000] {dag.py:3954} INFO - Setting next_dagrun for stackoverflow_medallion_pipeline_v2 to 2026-05-15 00:00:00+00:00, run_after=2026-05-16 00:00:00+00:00
[2026-05-15T19:52:14.839+0000] {processor.py:183} INFO - Processing /opt/airflow/dags/stackoverflow_migration_dag.py took 1.708 seconds
[2026-05-15T19:52:15.399+0000] {processor.py:161} INFO - Started process (PID=278) to work on /opt/airflow/dags/stackoverflow_migration_dag.py
[2026-05-15T19:52:15.403+0000] {processor.py:830} INFO - Processing file /opt/airflow/dags/stackoverflow_migration_dag.py for tasks to queue
[2026-05-15T19:52:15.407+0000] {logging_mixin.py:188} INFO - [2026-05-15T19:52:15.406+0000] {dagbag.py:545} INFO - Filling up the DagBag from /opt/airflow/dags/stackoverflow_migration_dag.py
[2026-05-15T19:52:16.668+0000] {processor.py:840} INFO - DAG(s) 'stackoverflow_medallion_pipeline_v2' retrieved from /opt/airflow/dags/stackoverflow_migration_dag.py
[2026-05-15T19:52:16.739+0000] {logging_mixin.py:188} INFO - [2026-05-15T19:52:16.739+0000] {dag.py:3096} INFO - Sync 1 DAGs
[2026-05-15T19:52:16.789+0000] {logging_mixin.py:188} INFO - [2026-05-15T19:52:16.788+0000] {dag.py:3954} INFO - Setting next_dagrun for stackoverflow_medallion_pipeline_v2 to 2026-05-15 00:00:00+00:00, run_after=2026-05-16 00:00:00+00:00
[2026-05-15T19:52:16.840+0000] {processor.py:183} INFO - Processing /opt/airflow/dags/stackoverflow_migration_dag.py took 1.452 seconds
[2026-05-15T19:56:34.932+0000] {processor.py:161} INFO - Started process (PID=164) to work on /opt/airflow/dags/stackoverflow_migration_dag.py
[2026-05-15T19:56:34.934+0000] {processor.py:830} INFO - Processing file /opt/airflow/dags/stackoverflow_migration_dag.py for tasks to queue
[2026-05-15T19:56:34.938+0000] {logging_mixin.py:188} INFO - [2026-05-15T19:56:34.937+0000] {dagbag.py:545} INFO - Filling up the DagBag from /opt/airflow/dags/stackoverflow_migration_dag.py
[2026-05-15T19:56:36.463+0000] {processor.py:840} INFO - DAG(s) 'stackoverflow_medallion_pipeline_v2' retrieved from /opt/airflow/dags/stackoverflow_migration_dag.py
[2026-05-15T19:56:36.535+0000] {logging_mixin.py:188} INFO - [2026-05-15T19:56:36.534+0000] {dag.py:3096} INFO - Sync 1 DAGs
[2026-05-15T19:56:36.598+0000] {logging_mixin.py:188} INFO - [2026-05-15T19:56:36.597+0000] {dag.py:3954} INFO - Setting next_dagrun for stackoverflow_medallion_pipeline_v2 to 2026-05-15 00:00:00+00:00, run_after=2026-05-16 00:00:00+00:00
[2026-05-15T19:56:36.645+0000] {processor.py:183} INFO - Processing /opt/airflow/dags/stackoverflow_migration_dag.py took 1.725 seconds
[2026-05-15T19:57:07.049+0000] {processor.py:161} INFO - Started process (PID=169) to work on /opt/airflow/dags/stackoverflow_migration_dag.py
[2026-05-15T19:57:07.053+0000] {processor.py:830} INFO - Processing file /opt/airflow/dags/stackoverflow_migration_dag.py for tasks to queue
[2026-05-15T19:57:07.060+0000] {logging_mixin.py:188} INFO - [2026-05-15T19:57:07.059+0000] {dagbag.py:545} INFO - Filling up the DagBag from /opt/airflow/dags/stackoverflow_migration_dag.py
[2026-05-15T19:57:09.057+0000] {processor.py:840} INFO - DAG(s) 'stackoverflow_medallion_pipeline_v2' retrieved from /opt/airflow/dags/stackoverflow_migration_dag.py
[2026-05-15T19:57:09.528+0000] {logging_mixin.py:188} INFO - [2026-05-15T19:57:09.527+0000] {dag.py:3096} INFO - Sync 1 DAGs
[2026-05-15T19:57:09.598+0000] {logging_mixin.py:188} INFO - [2026-05-15T19:57:09.597+0000] {dag.py:3954} INFO - Setting next_dagrun for stackoverflow_medallion_pipeline_v2 to 2026-05-15 00:00:00+00:00, run_after=2026-05-16 00:00:00+00:00
[2026-05-15T19:57:09.653+0000] {processor.py:183} INFO - Processing /opt/airflow/dags/stackoverflow_migration_dag.py took 2.628 seconds
[2026-05-15T19:57:39.991+0000] {processor.py:161} INFO - Started process (PID=176) to work on /opt/airflow/dags/stackoverflow_migration_dag.py
[2026-05-15T19:57:39.993+0000] {processor.py:830} INFO - Processing file /opt/airflow/dags/stackoverflow_migration_dag.py for tasks to queue
[2026-05-15T19:57:39.998+0000] {logging_mixin.py:188} INFO - [2026-05-15T19:57:39.997+0000] {dagbag.py:545} INFO - Filling up the DagBag from /opt/airflow/dags/stackoverflow_migration_dag.py
[2026-05-15T19:57:41.421+0000] {processor.py:840} INFO - DAG(s) 'stackoverflow_medallion_pipeline_v2' retrieved from /opt/airflow/dags/stackoverflow_migration_dag.py
[2026-05-15T19:57:41.517+0000] {logging_mixin.py:188} INFO - [2026-05-15T19:57:41.517+0000] {dag.py:3096} INFO - Sync 1 DAGs
[2026-05-15T19:57:41.586+0000] {logging_mixin.py:188} INFO - [2026-05-15T19:57:41.586+0000] {dag.py:3954} INFO - Setting next_dagrun for stackoverflow_medallion_pipeline_v2 to 2026-05-15 00:00:00+00:00, run_after=2026-05-16 00:00:00+00:00
[2026-05-15T19:57:41.635+0000] {processor.py:183} INFO - Processing /opt/airflow/dags/stackoverflow_migration_dag.py took 1.657 seconds
[2026-05-15T19:58:11.869+0000] {processor.py:161} INFO - Started process (PID=181) to work on /opt/airflow/dags/stackoverflow_migration_dag.py
[2026-05-15T19:58:11.871+0000] {processor.py:830} INFO - Processing file /opt/airflow/dags/stackoverflow_migration_dag.py for tasks to queue
[2026-05-15T19:58:11.875+0000] {logging_mixin.py:188} INFO - [2026-05-15T19:58:11.873+0000] {dagbag.py:545} INFO - Filling up the DagBag from /opt/airflow/dags/stackoverflow_migration_dag.py
[2026-05-15T19:58:12.991+0000] {processor.py:840} INFO - DAG(s) 'stackoverflow_medallion_pipeline_v2' retrieved from /opt/airflow/dags/stackoverflow_migration_dag.py
[2026-05-15T19:58:13.071+0000] {logging_mixin.py:188} INFO - [2026-05-15T19:58:13.071+0000] {dag.py:3096} INFO - Sync 1 DAGs
[2026-05-15T19:58:13.129+0000] {logging_mixin.py:188} INFO - [2026-05-15T19:58:13.129+0000] {dag.py:3954} INFO - Setting next_dagrun for stackoverflow_medallion_pipeline_v2 to 2026-05-15 00:00:00+00:00, run_after=2026-05-16 00:00:00+00:00
[2026-05-15T19:58:13.176+0000] {processor.py:183} INFO - Processing /opt/airflow/dags/stackoverflow_migration_dag.py took 1.317 seconds
[2026-05-15T19:58:43.423+0000] {processor.py:161} INFO - Started process (PID=186) to work on /opt/airflow/dags/stackoverflow_migration_dag.py
[2026-05-15T19:58:43.425+0000] {processor.py:830} INFO - Processing file /opt/airflow/dags/stackoverflow_migration_dag.py for tasks to queue
[2026-05-15T19:58:43.428+0000] {logging_mixin.py:188} INFO - [2026-05-15T19:58:43.427+0000] {dagbag.py:545} INFO - Filling up the DagBag from /opt/airflow/dags/stackoverflow_migration_dag.py
[2026-05-15T19:58:44.633+0000] {processor.py:840} INFO - DAG(s) 'stackoverflow_medallion_pipeline_v2' retrieved from /opt/airflow/dags/stackoverflow_migration_dag.py
[2026-05-15T19:58:44.704+0000] {logging_mixin.py:188} INFO - [2026-05-15T19:58:44.704+0000] {dag.py:3096} INFO - Sync 1 DAGs
[2026-05-15T19:58:44.752+0000] {logging_mixin.py:188} INFO - [2026-05-15T19:58:44.751+0000] {dag.py:3954} INFO - Setting next_dagrun for stackoverflow_medallion_pipeline_v2 to 2026-05-15 00:00:00+00:00, run_after=2026-05-16 00:00:00+00:00
[2026-05-15T19:58:44.791+0000] {processor.py:183} INFO - Processing /opt/airflow/dags/stackoverflow_migration_dag.py took 1.380 seconds
[2026-05-15T19:59:15.027+0000] {processor.py:161} INFO - Started process (PID=194) to work on /opt/airflow/dags/stackoverflow_migration_dag.py
[2026-05-15T19:59:15.029+0000] {processor.py:830} INFO - Processing file /opt/airflow/dags/stackoverflow_migration_dag.py for tasks to queue
[2026-05-15T19:59:15.033+0000] {logging_mixin.py:188} INFO - [2026-05-15T19:59:15.032+0000] {dagbag.py:545} INFO - Filling up the DagBag from /opt/airflow/dags/stackoverflow_migration_dag.py
[2026-05-15T19:59:16.128+0000] {processor.py:840} INFO - DAG(s) 'stackoverflow_medallion_pipeline_v2' retrieved from /opt/airflow/dags/stackoverflow_migration_dag.py
[2026-05-15T19:59:16.213+0000] {logging_mixin.py:188} INFO - [2026-05-15T19:59:16.213+0000] {dag.py:3096} INFO - Sync 1 DAGs
[2026-05-15T19:59:16.269+0000] {logging_mixin.py:188} INFO - [2026-05-15T19:59:16.268+0000] {dag.py:3954} INFO - Setting next_dagrun for stackoverflow_medallion_pipeline_v2 to 2026-05-15 00:00:00+00:00, run_after=2026-05-16 00:00:00+00:00
[2026-05-15T19:59:16.315+0000] {processor.py:183} INFO - Processing /opt/airflow/dags/stackoverflow_migration_dag.py took 1.297 seconds
[2026-05-15T19:59:46.592+0000] {processor.py:161} INFO - Started process (PID=202) to work on /opt/airflow/dags/stackoverflow_migration_dag.py
[2026-05-15T19:59:46.594+0000] {processor.py:830} INFO - Processing file /opt/airflow/dags/stackoverflow_migration_dag.py for tasks to queue
[2026-05-15T19:59:46.601+0000] {logging_mixin.py:188} INFO - [2026-05-15T19:59:46.599+0000] {dagbag.py:545} INFO - Filling up the DagBag from /opt/airflow/dags/stackoverflow_migration_dag.py
[2026-05-15T19:59:48.019+0000] {processor.py:840} INFO - DAG(s) 'stackoverflow_medallion_pipeline_v2' retrieved from /opt/airflow/dags/stackoverflow_migration_dag.py
[2026-05-15T19:59:48.142+0000] {logging_mixin.py:188} INFO - [2026-05-15T19:59:48.142+0000] {dag.py:3096} INFO - Sync 1 DAGs
[2026-05-15T19:59:48.224+0000] {logging_mixin.py:188} INFO - [2026-05-15T19:59:48.223+0000] {dag.py:3954} INFO - Setting next_dagrun for stackoverflow_medallion_pipeline_v2 to 2026-05-15 00:00:00+00:00, run_after=2026-05-16 00:00:00+00:00
[2026-05-15T19:59:48.283+0000] {processor.py:183} INFO - Processing /opt/airflow/dags/stackoverflow_migration_dag.py took 1.707 seconds
[2026-05-15T20:00:18.484+0000] {processor.py:161} INFO - Started process (PID=210) to work on /opt/airflow/dags/stackoverflow_migration_dag.py
[2026-05-15T20:00:18.487+0000] {processor.py:830} INFO - Processing file /opt/airflow/dags/stackoverflow_migration_dag.py for tasks to queue
[2026-05-15T20:00:18.493+0000] {logging_mixin.py:188} INFO - [2026-05-15T20:00:18.492+0000] {dagbag.py:545} INFO - Filling up the DagBag from /opt/airflow/dags/stackoverflow_migration_dag.py
[2026-05-15T20:00:20.327+0000] {processor.py:840} INFO - DAG(s) 'stackoverflow_medallion_pipeline_v2' retrieved from /opt/airflow/dags/stackoverflow_migration_dag.py
[2026-05-15T20:00:20.425+0000] {logging_mixin.py:188} INFO - [2026-05-15T20:00:20.425+0000] {dag.py:3096} INFO - Sync 1 DAGs
[2026-05-15T20:00:20.485+0000] {logging_mixin.py:188} INFO - [2026-05-15T20:00:20.484+0000] {dag.py:3954} INFO - Setting next_dagrun for stackoverflow_medallion_pipeline_v2 to 2026-05-15 00:00:00+00:00, run_after=2026-05-16 00:00:00+00:00
[2026-05-15T20:00:20.536+0000] {processor.py:183} INFO - Processing /opt/airflow/dags/stackoverflow_migration_dag.py took 2.072 seconds
[2026-05-15T20:00:50.753+0000] {processor.py:161} INFO - Started process (PID=218) to work on /opt/airflow/dags/stackoverflow_migration_dag.py
[2026-05-15T20:00:50.755+0000] {processor.py:830} INFO - Processing file /opt/airflow/dags/stackoverflow_migration_dag.py for tasks to queue
[2026-05-15T20:00:50.760+0000] {logging_mixin.py:188} INFO - [2026-05-15T20:00:50.759+0000] {dagbag.py:545} INFO - Filling up the DagBag from /opt/airflow/dags/stackoverflow_migration_dag.py
[2026-05-15T20:00:52.224+0000] {processor.py:840} INFO - DAG(s) 'stackoverflow_medallion_pipeline_v2' retrieved from /opt/airflow/dags/stackoverflow_migration_dag.py
[2026-05-15T20:00:52.300+0000] {logging_mixin.py:188} INFO - [2026-05-15T20:00:52.300+0000] {dag.py:3096} INFO - Sync 1 DAGs
[2026-05-15T20:00:52.361+0000] {logging_mixin.py:188} INFO - [2026-05-15T20:00:52.361+0000] {dag.py:3954} INFO - Setting next_dagrun for stackoverflow_medallion_pipeline_v2 to 2026-05-15 00:00:00+00:00, run_after=2026-05-16 00:00:00+00:00
[2026-05-15T20:00:52.408+0000] {processor.py:183} INFO - Processing /opt/airflow/dags/stackoverflow_migration_dag.py took 1.666 seconds
[2026-05-15T20:01:22.698+0000] {processor.py:161} INFO - Started process (PID=234) to work on /opt/airflow/dags/stackoverflow_migration_dag.py
[2026-05-15T20:01:22.701+0000] {processor.py:830} INFO - Processing file /opt/airflow/dags/stackoverflow_migration_dag.py for tasks to queue
[2026-05-15T20:01:22.705+0000] {logging_mixin.py:188} INFO - [2026-05-15T20:01:22.704+0000] {dagbag.py:545} INFO - Filling up the DagBag from /opt/airflow/dags/stackoverflow_migration_dag.py
[2026-05-15T20:01:24.373+0000] {processor.py:840} INFO - DAG(s) 'stackoverflow_medallion_pipeline_v2' retrieved from /opt/airflow/dags/stackoverflow_migration_dag.py
[2026-05-15T20:01:24.461+0000] {logging_mixin.py:188} INFO - [2026-05-15T20:01:24.460+0000] {dag.py:3096} INFO - Sync 1 DAGs
[2026-05-15T20:01:24.522+0000] {logging_mixin.py:188} INFO - [2026-05-15T20:01:24.521+0000] {dag.py:3954} INFO - Setting next_dagrun for stackoverflow_medallion_pipeline_v2 to 2026-05-15 00:00:00+00:00, run_after=2026-05-16 00:00:00+00:00
[2026-05-15T20:01:24.579+0000] {processor.py:183} INFO - Processing /opt/airflow/dags/stackoverflow_migration_dag.py took 1.893 seconds
[2026-05-15T20:01:54.908+0000] {processor.py:161} INFO - Started process (PID=250) to work on /opt/airflow/dags/stackoverflow_migration_dag.py
[2026-05-15T20:01:54.910+0000] {processor.py:830} INFO - Processing file /opt/airflow/dags/stackoverflow_migration_dag.py for tasks to queue
[2026-05-15T20:01:54.913+0000] {logging_mixin.py:188} INFO - [2026-05-15T20:01:54.912+0000] {dagbag.py:545} INFO - Filling up the DagBag from /opt/airflow/dags/stackoverflow_migration_dag.py
[2026-05-15T20:01:55.990+0000] {processor.py:840} INFO - DAG(s) 'stackoverflow_medallion_pipeline_v2' retrieved from /opt/airflow/dags/stackoverflow_migration_dag.py
[2026-05-15T20:01:56.059+0000] {logging_mixin.py:188} INFO - [2026-05-15T20:01:56.059+0000] {dag.py:3096} INFO - Sync 1 DAGs
[2026-05-15T20:01:56.111+0000] {logging_mixin.py:188} INFO - [2026-05-15T20:01:56.110+0000] {dag.py:3954} INFO - Setting next_dagrun for stackoverflow_medallion_pipeline_v2 to 2026-05-15 00:00:00+00:00, run_after=2026-05-16 00:00:00+00:00
[2026-05-15T20:01:56.157+0000] {processor.py:183} INFO - Processing /opt/airflow/dags/stackoverflow_migration_dag.py took 1.257 seconds
[2026-05-15T20:02:26.545+0000] {processor.py:161} INFO - Started process (PID=255) to work on /opt/airflow/dags/stackoverflow_migration_dag.py
[2026-05-15T20:02:26.562+0000] {processor.py:830} INFO - Processing file /opt/airflow/dags/stackoverflow_migration_dag.py for tasks to queue
[2026-05-15T20:02:26.573+0000] {logging_mixin.py:188} INFO - [2026-05-15T20:02:26.571+0000] {dagbag.py:545} INFO - Filling up the DagBag from /opt/airflow/dags/stackoverflow_migration_dag.py
[2026-05-15T20:02:29.245+0000] {processor.py:840} INFO - DAG(s) 'stackoverflow_medallion_pipeline_v2' retrieved from /opt/airflow/dags/stackoverflow_migration_dag.py
[2026-05-15T20:02:29.310+0000] {logging_mixin.py:188} INFO - [2026-05-15T20:02:29.310+0000] {dag.py:3096} INFO - Sync 1 DAGs
[2026-05-15T20:02:29.360+0000] {logging_mixin.py:188} INFO - [2026-05-15T20:02:29.360+0000] {dag.py:3954} INFO - Setting next_dagrun for stackoverflow_medallion_pipeline_v2 to 2026-05-15 00:00:00+00:00, run_after=2026-05-16 00:00:00+00:00
[2026-05-15T20:02:29.402+0000] {processor.py:183} INFO - Processing /opt/airflow/dags/stackoverflow_migration_dag.py took 2.887 seconds
[2026-05-15T20:02:59.703+0000] {processor.py:161} INFO - Started process (PID=260) to work on /opt/airflow/dags/stackoverflow_migration_dag.py
[2026-05-15T20:02:59.705+0000] {processor.py:830} INFO - Processing file /opt/airflow/dags/stackoverflow_migration_dag.py for tasks to queue
[2026-05-15T20:02:59.710+0000] {logging_mixin.py:188} INFO - [2026-05-15T20:02:59.709+0000] {dagbag.py:545} INFO - Filling up the DagBag from /opt/airflow/dags/stackoverflow_migration_dag.py
[2026-05-15T20:03:01.102+0000] {processor.py:840} INFO - DAG(s) 'stackoverflow_medallion_pipeline_v2' retrieved from /opt/airflow/dags/stackoverflow_migration_dag.py
[2026-05-15T20:03:01.184+0000] {logging_mixin.py:188} INFO - [2026-05-15T20:03:01.184+0000] {dag.py:3096} INFO - Sync 1 DAGs
[2026-05-15T20:03:01.237+0000] {logging_mixin.py:188} INFO - [2026-05-15T20:03:01.236+0000] {dag.py:3954} INFO - Setting next_dagrun for stackoverflow_medallion_pipeline_v2 to 2026-05-15 00:00:00+00:00, run_after=2026-05-16 00:00:00+00:00
[2026-05-15T20:03:01.282+0000] {processor.py:183} INFO - Processing /opt/airflow/dags/stackoverflow_migration_dag.py took 1.593 seconds
[2026-05-15T20:03:31.537+0000] {processor.py:161} INFO - Started process (PID=265) to work on /opt/airflow/dags/stackoverflow_migration_dag.py
[2026-05-15T20:03:31.538+0000] {processor.py:830} INFO - Processing file /opt/airflow/dags/stackoverflow_migration_dag.py for tasks to queue
[2026-05-15T20:03:31.543+0000] {logging_mixin.py:188} INFO - [2026-05-15T20:03:31.542+0000] {dagbag.py:545} INFO - Filling up the DagBag from /opt/airflow/dags/stackoverflow_migration_dag.py
[2026-05-15T20:03:32.769+0000] {processor.py:840} INFO - DAG(s) 'stackoverflow_medallion_pipeline_v2' retrieved from /opt/airflow/dags/stackoverflow_migration_dag.py
[2026-05-15T20:03:32.861+0000] {logging_mixin.py:188} INFO - [2026-05-15T20:03:32.860+0000] {dag.py:3096} INFO - Sync 1 DAGs
[2026-05-15T20:03:32.936+0000] {logging_mixin.py:188} INFO - [2026-05-15T20:03:32.935+0000] {dag.py:3954} INFO - Setting next_dagrun for stackoverflow_medallion_pipeline_v2 to 2026-05-15 00:00:00+00:00, run_after=2026-05-16 00:00:00+00:00
[2026-05-15T20:03:32.991+0000] {processor.py:183} INFO - Processing /opt/airflow/dags/stackoverflow_migration_dag.py took 1.464 seconds
[2026-05-15T20:04:03.097+0000] {processor.py:161} INFO - Started process (PID=270) to work on /opt/airflow/dags/stackoverflow_migration_dag.py
[2026-05-15T20:04:03.099+0000] {processor.py:830} INFO - Processing file /opt/airflow/dags/stackoverflow_migration_dag.py for tasks to queue
[2026-05-15T20:04:03.103+0000] {logging_mixin.py:188} INFO - [2026-05-15T20:04:03.102+0000] {dagbag.py:545} INFO - Filling up the DagBag from /opt/airflow/dags/stackoverflow_migration_dag.py
[2026-05-15T20:04:04.291+0000] {processor.py:840} INFO - DAG(s) 'stackoverflow_medallion_pipeline_v2' retrieved from /opt/airflow/dags/stackoverflow_migration_dag.py
[2026-05-15T20:04:04.374+0000] {logging_mixin.py:188} INFO - [2026-05-15T20:04:04.373+0000] {dag.py:3096} INFO - Sync 1 DAGs
[2026-05-15T20:04:04.427+0000] {logging_mixin.py:188} INFO - [2026-05-15T20:04:04.427+0000] {dag.py:3954} INFO - Setting next_dagrun for stackoverflow_medallion_pipeline_v2 to 2026-05-15 00:00:00+00:00, run_after=2026-05-16 00:00:00+00:00
[2026-05-15T20:04:04.474+0000] {processor.py:183} INFO - Processing /opt/airflow/dags/stackoverflow_migration_dag.py took 1.387 seconds
[2026-05-15T20:04:34.700+0000] {processor.py:161} INFO - Started process (PID=275) to work on /opt/airflow/dags/stackoverflow_migration_dag.py
[2026-05-15T20:04:34.703+0000] {processor.py:830} INFO - Processing file /opt/airflow/dags/stackoverflow_migration_dag.py for tasks to queue
[2026-05-15T20:04:34.706+0000] {logging_mixin.py:188} INFO - [2026-05-15T20:04:34.706+0000] {dagbag.py:545} INFO - Filling up the DagBag from /opt/airflow/dags/stackoverflow_migration_dag.py
[2026-05-15T20:04:35.828+0000] {processor.py:840} INFO - DAG(s) 'stackoverflow_medallion_pipeline_v2' retrieved from /opt/airflow/dags/stackoverflow_migration_dag.py
[2026-05-15T20:04:35.897+0000] {logging_mixin.py:188} INFO - [2026-05-15T20:04:35.897+0000] {dag.py:3096} INFO - Sync 1 DAGs
[2026-05-15T20:04:35.947+0000] {logging_mixin.py:188} INFO - [2026-05-15T20:04:35.947+0000] {dag.py:3954} INFO - Setting next_dagrun for stackoverflow_medallion_pipeline_v2 to 2026-05-15 00:00:00+00:00, run_after=2026-05-16 00:00:00+00:00
[2026-05-15T20:04:35.998+0000] {processor.py:183} INFO - Processing /opt/airflow/dags/stackoverflow_migration_dag.py took 1.309 seconds
[2026-05-15T20:05:06.281+0000] {processor.py:161} INFO - Started process (PID=280) to work on /opt/airflow/dags/stackoverflow_migration_dag.py
[2026-05-15T20:05:06.282+0000] {processor.py:830} INFO - Processing file /opt/airflow/dags/stackoverflow_migration_dag.py for tasks to queue
[2026-05-15T20:05:06.285+0000] {logging_mixin.py:188} INFO - [2026-05-15T20:05:06.284+0000] {dagbag.py:545} INFO - Filling up the DagBag from /opt/airflow/dags/stackoverflow_migration_dag.py
[2026-05-15T20:05:07.491+0000] {processor.py:840} INFO - DAG(s) 'stackoverflow_medallion_pipeline_v2' retrieved from /opt/airflow/dags/stackoverflow_migration_dag.py
[2026-05-15T20:05:07.566+0000] {logging_mixin.py:188} INFO - [2026-05-15T20:05:07.565+0000] {dag.py:3096} INFO - Sync 1 DAGs
[2026-05-15T20:05:07.616+0000] {logging_mixin.py:188} INFO - [2026-05-15T20:05:07.616+0000] {dag.py:3954} INFO - Setting next_dagrun for stackoverflow_medallion_pipeline_v2 to 2026-05-15 00:00:00+00:00, run_after=2026-05-16 00:00:00+00:00
[2026-05-15T20:05:07.658+0000] {processor.py:183} INFO - Processing /opt/airflow/dags/stackoverflow_migration_dag.py took 1.387 seconds
[2026-05-15T20:05:37.910+0000] {processor.py:161} INFO - Started process (PID=285) to work on /opt/airflow/dags/stackoverflow_migration_dag.py
[2026-05-15T20:05:37.912+0000] {processor.py:830} INFO - Processing file /opt/airflow/dags/stackoverflow_migration_dag.py for tasks to queue
[2026-05-15T20:05:37.915+0000] {logging_mixin.py:188} INFO - [2026-05-15T20:05:37.914+0000] {dagbag.py:545} INFO - Filling up the DagBag from /opt/airflow/dags/stackoverflow_migration_dag.py
[2026-05-15T20:05:38.946+0000] {processor.py:840} INFO - DAG(s) 'stackoverflow_medallion_pipeline_v2' retrieved from /opt/airflow/dags/stackoverflow_migration_dag.py
[2026-05-15T20:05:39.017+0000] {logging_mixin.py:188} INFO - [2026-05-15T20:05:39.017+0000] {dag.py:3096} INFO - Sync 1 DAGs
[2026-05-15T20:05:39.067+0000] {logging_mixin.py:188} INFO - [2026-05-15T20:05:39.066+0000] {dag.py:3954} INFO - Setting next_dagrun for stackoverflow_medallion_pipeline_v2 to 2026-05-15 00:00:00+00:00, run_after=2026-05-16 00:00:00+00:00
[2026-05-15T20:05:39.108+0000] {processor.py:183} INFO - Processing /opt/airflow/dags/stackoverflow_migration_dag.py took 1.208 seconds
[2026-05-15T20:06:09.331+0000] {processor.py:161} INFO - Started process (PID=290) to work on /opt/airflow/dags/stackoverflow_migration_dag.py
[2026-05-15T20:06:09.333+0000] {processor.py:830} INFO - Processing file /opt/airflow/dags/stackoverflow_migration_dag.py for tasks to queue
[2026-05-15T20:06:09.336+0000] {logging_mixin.py:188} INFO - [2026-05-15T20:06:09.335+0000] {dagbag.py:545} INFO - Filling up the DagBag from /opt/airflow/dags/stackoverflow_migration_dag.py
[2026-05-15T20:06:10.512+0000] {processor.py:840} INFO - DAG(s) 'stackoverflow_medallion_pipeline_v2' retrieved from /opt/airflow/dags/stackoverflow_migration_dag.py
[2026-05-15T20:06:10.592+0000] {logging_mixin.py:188} INFO - [2026-05-15T20:06:10.591+0000] {dag.py:3096} INFO - Sync 1 DAGs
[2026-05-15T20:06:10.646+0000] {logging_mixin.py:188} INFO - [2026-05-15T20:06:10.646+0000] {dag.py:3954} INFO - Setting next_dagrun for stackoverflow_medallion_pipeline_v2 to 2026-05-15 00:00:00+00:00, run_after=2026-05-16 00:00:00+00:00
[2026-05-15T20:06:10.697+0000] {processor.py:183} INFO - Processing /opt/airflow/dags/stackoverflow_migration_dag.py took 1.378 seconds
[2026-05-15T20:06:41.045+0000] {processor.py:161} INFO - Started process (PID=295) to work on /opt/airflow/dags/stackoverflow_migration_dag.py
[2026-05-15T20:06:41.047+0000] {processor.py:830} INFO - Processing file /opt/airflow/dags/stackoverflow_migration_dag.py for tasks to queue
[2026-05-15T20:06:41.050+0000] {logging_mixin.py:188} INFO - [2026-05-15T20:06:41.050+0000] {dagbag.py:545} INFO - Filling up the DagBag from /opt/airflow/dags/stackoverflow_migration_dag.py
[2026-05-15T20:06:42.453+0000] {processor.py:840} INFO - DAG(s) 'stackoverflow_medallion_pipeline_v2' retrieved from /opt/airflow/dags/stackoverflow_migration_dag.py
[2026-05-15T20:06:42.536+0000] {logging_mixin.py:188} INFO - [2026-05-15T20:06:42.535+0000] {dag.py:3096} INFO - Sync 1 DAGs
[2026-05-15T20:06:42.594+0000] {logging_mixin.py:188} INFO - [2026-05-15T20:06:42.593+0000] {dag.py:3954} INFO - Setting next_dagrun for stackoverflow_medallion_pipeline_v2 to 2026-05-15 00:00:00+00:00, run_after=2026-05-16 00:00:00+00:00
[2026-05-15T20:06:42.640+0000] {processor.py:183} INFO - Processing /opt/airflow/dags/stackoverflow_migration_dag.py took 1.605 seconds
[2026-05-15T20:06:57.747+0000] {processor.py:161} INFO - Started process (PID=300) to work on /opt/airflow/dags/stackoverflow_migration_dag.py
[2026-05-15T20:06:57.750+0000] {processor.py:830} INFO - Processing file /opt/airflow/dags/stackoverflow_migration_dag.py for tasks to queue
[2026-05-15T20:06:57.755+0000] {logging_mixin.py:188} INFO - [2026-05-15T20:06:57.754+0000] {dagbag.py:545} INFO - Filling up the DagBag from /opt/airflow/dags/stackoverflow_migration_dag.py
[2026-05-15T20:06:59.425+0000] {processor.py:840} INFO - DAG(s) 'stackoverflow_medallion_pipeline_v2' retrieved from /opt/airflow/dags/stackoverflow_migration_dag.py
[2026-05-15T20:06:59.704+0000] {logging_mixin.py:188} INFO - [2026-05-15T20:06:59.704+0000] {dag.py:3096} INFO - Sync 1 DAGs
[2026-05-15T20:06:59.774+0000] {logging_mixin.py:188} INFO - [2026-05-15T20:06:59.773+0000] {dag.py:3954} INFO - Setting next_dagrun for stackoverflow_medallion_pipeline_v2 to 2026-05-15 00:00:00+00:00, run_after=2026-05-16 00:00:00+00:00
[2026-05-15T20:06:59.860+0000] {processor.py:183} INFO - Processing /opt/airflow/dags/stackoverflow_migration_dag.py took 2.129 seconds
[2026-05-15T20:07:02.872+0000] {processor.py:161} INFO - Started process (PID=305) to work on /opt/airflow/dags/stackoverflow_migration_dag.py
[2026-05-15T20:07:02.874+0000] {processor.py:830} INFO - Processing file /opt/airflow/dags/stackoverflow_migration_dag.py for tasks to queue
[2026-05-15T20:07:02.878+0000] {logging_mixin.py:188} INFO - [2026-05-15T20:07:02.877+0000] {dagbag.py:545} INFO - Filling up the DagBag from /opt/airflow/dags/stackoverflow_migration_dag.py
[2026-05-15T20:07:04.754+0000] {processor.py:840} INFO - DAG(s) 'stackoverflow_medallion_pipeline_v2' retrieved from /opt/airflow/dags/stackoverflow_migration_dag.py
[2026-05-15T20:07:04.835+0000] {logging_mixin.py:188} INFO - [2026-05-15T20:07:04.835+0000] {dag.py:3096} INFO - Sync 1 DAGs
[2026-05-15T20:07:04.929+0000] {logging_mixin.py:188} INFO - [2026-05-15T20:07:04.929+0000] {dag.py:3954} INFO - Setting next_dagrun for stackoverflow_medallion_pipeline_v2 to 2026-05-15 00:00:00+00:00, run_after=2026-05-16 00:00:00+00:00
[2026-05-15T20:07:05.023+0000] {processor.py:183} INFO - Processing /opt/airflow/dags/stackoverflow_migration_dag.py took 2.166 seconds
