[2026-05-11T13:20:17.839+0000] {processor.py:161} INFO - Started process (PID=164) to work on /opt/airflow/dags/stackoverflow_migration_dag.py
[2026-05-11T13:20:17.841+0000] {processor.py:830} INFO - Processing file /opt/airflow/dags/stackoverflow_migration_dag.py for tasks to queue
[2026-05-11T13:20:17.847+0000] {logging_mixin.py:188} INFO - [2026-05-11T13:20:17.845+0000] {dagbag.py:545} INFO - Filling up the DagBag from /opt/airflow/dags/stackoverflow_migration_dag.py
[2026-05-11T13:20:17.961+0000] {processor.py:840} INFO - DAG(s) 'stackoverflow_medallion_pipeline' retrieved from /opt/airflow/dags/stackoverflow_migration_dag.py
[2026-05-11T13:20:18.038+0000] {logging_mixin.py:188} INFO - [2026-05-11T13:20:18.036+0000] {dag.py:3096} INFO - Sync 1 DAGs
[2026-05-11T13:20:18.128+0000] {logging_mixin.py:188} INFO - [2026-05-11T13:20:18.127+0000] {dag.py:3954} INFO - Setting next_dagrun for stackoverflow_medallion_pipeline to 2026-05-10 00:00:00+00:00, run_after=2026-05-11 00:00:00+00:00
[2026-05-11T13:20:18.188+0000] {processor.py:183} INFO - Processing /opt/airflow/dags/stackoverflow_migration_dag.py took 0.373 seconds
[2026-05-11T13:20:48.477+0000] {processor.py:161} INFO - Started process (PID=169) to work on /opt/airflow/dags/stackoverflow_migration_dag.py
[2026-05-11T13:20:48.479+0000] {processor.py:830} INFO - Processing file /opt/airflow/dags/stackoverflow_migration_dag.py for tasks to queue
[2026-05-11T13:20:48.485+0000] {logging_mixin.py:188} INFO - [2026-05-11T13:20:48.485+0000] {dagbag.py:545} INFO - Filling up the DagBag from /opt/airflow/dags/stackoverflow_migration_dag.py
[2026-05-11T13:20:48.524+0000] {processor.py:840} INFO - DAG(s) 'stackoverflow_medallion_pipeline' retrieved from /opt/airflow/dags/stackoverflow_migration_dag.py
[2026-05-11T13:20:48.924+0000] {logging_mixin.py:188} INFO - [2026-05-11T13:20:48.924+0000] {dag.py:3096} INFO - Sync 1 DAGs
[2026-05-11T13:20:48.986+0000] {logging_mixin.py:188} INFO - [2026-05-11T13:20:48.986+0000] {dag.py:3954} INFO - Setting next_dagrun for stackoverflow_medallion_pipeline to 2026-05-10 00:00:00+00:00, run_after=2026-05-11 00:00:00+00:00
[2026-05-11T13:20:49.044+0000] {processor.py:183} INFO - Processing /opt/airflow/dags/stackoverflow_migration_dag.py took 0.577 seconds
[2026-05-11T13:21:19.298+0000] {processor.py:161} INFO - Started process (PID=174) to work on /opt/airflow/dags/stackoverflow_migration_dag.py
[2026-05-11T13:21:19.301+0000] {processor.py:830} INFO - Processing file /opt/airflow/dags/stackoverflow_migration_dag.py for tasks to queue
[2026-05-11T13:21:19.303+0000] {logging_mixin.py:188} INFO - [2026-05-11T13:21:19.302+0000] {dagbag.py:545} INFO - Filling up the DagBag from /opt/airflow/dags/stackoverflow_migration_dag.py
[2026-05-11T13:21:19.343+0000] {processor.py:840} INFO - DAG(s) 'stackoverflow_medallion_pipeline' retrieved from /opt/airflow/dags/stackoverflow_migration_dag.py
[2026-05-11T13:21:19.415+0000] {logging_mixin.py:188} INFO - [2026-05-11T13:21:19.414+0000] {dag.py:3096} INFO - Sync 1 DAGs
[2026-05-11T13:21:19.475+0000] {logging_mixin.py:188} INFO - [2026-05-11T13:21:19.474+0000] {dag.py:3954} INFO - Setting next_dagrun for stackoverflow_medallion_pipeline to 2026-05-10 00:00:00+00:00, run_after=2026-05-11 00:00:00+00:00
[2026-05-11T13:21:19.528+0000] {processor.py:183} INFO - Processing /opt/airflow/dags/stackoverflow_migration_dag.py took 0.239 seconds
[2026-05-11T13:21:49.764+0000] {processor.py:161} INFO - Started process (PID=179) to work on /opt/airflow/dags/stackoverflow_migration_dag.py
[2026-05-11T13:21:49.766+0000] {processor.py:830} INFO - Processing file /opt/airflow/dags/stackoverflow_migration_dag.py for tasks to queue
[2026-05-11T13:21:49.769+0000] {logging_mixin.py:188} INFO - [2026-05-11T13:21:49.768+0000] {dagbag.py:545} INFO - Filling up the DagBag from /opt/airflow/dags/stackoverflow_migration_dag.py
[2026-05-11T13:21:49.821+0000] {processor.py:840} INFO - DAG(s) 'stackoverflow_medallion_pipeline' retrieved from /opt/airflow/dags/stackoverflow_migration_dag.py
[2026-05-11T13:21:49.920+0000] {logging_mixin.py:188} INFO - [2026-05-11T13:21:49.920+0000] {dag.py:3096} INFO - Sync 1 DAGs
[2026-05-11T13:21:49.988+0000] {logging_mixin.py:188} INFO - [2026-05-11T13:21:49.988+0000] {dag.py:3954} INFO - Setting next_dagrun for stackoverflow_medallion_pipeline to 2026-05-10 00:00:00+00:00, run_after=2026-05-11 00:00:00+00:00
[2026-05-11T13:21:50.044+0000] {processor.py:183} INFO - Processing /opt/airflow/dags/stackoverflow_migration_dag.py took 0.293 seconds
[2026-05-11T13:22:20.277+0000] {processor.py:161} INFO - Started process (PID=184) to work on /opt/airflow/dags/stackoverflow_migration_dag.py
[2026-05-11T13:22:20.279+0000] {processor.py:830} INFO - Processing file /opt/airflow/dags/stackoverflow_migration_dag.py for tasks to queue
[2026-05-11T13:22:20.280+0000] {logging_mixin.py:188} INFO - [2026-05-11T13:22:20.280+0000] {dagbag.py:545} INFO - Filling up the DagBag from /opt/airflow/dags/stackoverflow_migration_dag.py
[2026-05-11T13:22:20.316+0000] {processor.py:840} INFO - DAG(s) 'stackoverflow_medallion_pipeline' retrieved from /opt/airflow/dags/stackoverflow_migration_dag.py
[2026-05-11T13:22:20.385+0000] {logging_mixin.py:188} INFO - [2026-05-11T13:22:20.385+0000] {dag.py:3096} INFO - Sync 1 DAGs
[2026-05-11T13:22:20.436+0000] {logging_mixin.py:188} INFO - [2026-05-11T13:22:20.436+0000] {dag.py:3954} INFO - Setting next_dagrun for stackoverflow_medallion_pipeline to 2026-05-10 00:00:00+00:00, run_after=2026-05-11 00:00:00+00:00
[2026-05-11T13:22:20.510+0000] {processor.py:183} INFO - Processing /opt/airflow/dags/stackoverflow_migration_dag.py took 0.242 seconds
[2026-05-11T13:22:50.789+0000] {processor.py:161} INFO - Started process (PID=189) to work on /opt/airflow/dags/stackoverflow_migration_dag.py
[2026-05-11T13:22:50.792+0000] {processor.py:830} INFO - Processing file /opt/airflow/dags/stackoverflow_migration_dag.py for tasks to queue
[2026-05-11T13:22:50.794+0000] {logging_mixin.py:188} INFO - [2026-05-11T13:22:50.793+0000] {dagbag.py:545} INFO - Filling up the DagBag from /opt/airflow/dags/stackoverflow_migration_dag.py
[2026-05-11T13:22:50.845+0000] {processor.py:840} INFO - DAG(s) 'stackoverflow_medallion_pipeline' retrieved from /opt/airflow/dags/stackoverflow_migration_dag.py
[2026-05-11T13:22:50.956+0000] {logging_mixin.py:188} INFO - [2026-05-11T13:22:50.955+0000] {dag.py:3096} INFO - Sync 1 DAGs
[2026-05-11T13:22:51.025+0000] {logging_mixin.py:188} INFO - [2026-05-11T13:22:51.025+0000] {dag.py:3954} INFO - Setting next_dagrun for stackoverflow_medallion_pipeline to 2026-05-10 00:00:00+00:00, run_after=2026-05-11 00:00:00+00:00
[2026-05-11T13:22:51.075+0000] {processor.py:183} INFO - Processing /opt/airflow/dags/stackoverflow_migration_dag.py took 0.302 seconds
[2026-05-11T13:23:21.378+0000] {processor.py:161} INFO - Started process (PID=198) to work on /opt/airflow/dags/stackoverflow_migration_dag.py
[2026-05-11T13:23:21.380+0000] {processor.py:830} INFO - Processing file /opt/airflow/dags/stackoverflow_migration_dag.py for tasks to queue
[2026-05-11T13:23:21.382+0000] {logging_mixin.py:188} INFO - [2026-05-11T13:23:21.381+0000] {dagbag.py:545} INFO - Filling up the DagBag from /opt/airflow/dags/stackoverflow_migration_dag.py
[2026-05-11T13:23:21.430+0000] {processor.py:840} INFO - DAG(s) 'stackoverflow_medallion_pipeline' retrieved from /opt/airflow/dags/stackoverflow_migration_dag.py
[2026-05-11T13:23:21.532+0000] {logging_mixin.py:188} INFO - [2026-05-11T13:23:21.532+0000] {dag.py:3096} INFO - Sync 1 DAGs
[2026-05-11T13:23:21.624+0000] {logging_mixin.py:188} INFO - [2026-05-11T13:23:21.624+0000] {dag.py:3954} INFO - Setting next_dagrun for stackoverflow_medallion_pipeline to 2026-05-11 00:00:00+00:00, run_after=2026-05-12 00:00:00+00:00
[2026-05-11T13:23:21.677+0000] {processor.py:183} INFO - Processing /opt/airflow/dags/stackoverflow_migration_dag.py took 0.310 seconds
[2026-05-11T13:23:52.178+0000] {processor.py:161} INFO - Started process (PID=203) to work on /opt/airflow/dags/stackoverflow_migration_dag.py
[2026-05-11T13:23:52.181+0000] {processor.py:830} INFO - Processing file /opt/airflow/dags/stackoverflow_migration_dag.py for tasks to queue
[2026-05-11T13:23:52.185+0000] {logging_mixin.py:188} INFO - [2026-05-11T13:23:52.183+0000] {dagbag.py:545} INFO - Filling up the DagBag from /opt/airflow/dags/stackoverflow_migration_dag.py
[2026-05-11T13:23:52.266+0000] {processor.py:840} INFO - DAG(s) 'stackoverflow_medallion_pipeline' retrieved from /opt/airflow/dags/stackoverflow_migration_dag.py
[2026-05-11T13:23:52.440+0000] {logging_mixin.py:188} INFO - [2026-05-11T13:23:52.439+0000] {dag.py:3096} INFO - Sync 1 DAGs
[2026-05-11T13:23:52.530+0000] {logging_mixin.py:188} INFO - [2026-05-11T13:23:52.529+0000] {dag.py:3954} INFO - Setting next_dagrun for stackoverflow_medallion_pipeline to 2026-05-11 00:00:00+00:00, run_after=2026-05-12 00:00:00+00:00
[2026-05-11T13:23:52.592+0000] {processor.py:183} INFO - Processing /opt/airflow/dags/stackoverflow_migration_dag.py took 0.437 seconds
[2026-05-11T13:24:22.937+0000] {processor.py:161} INFO - Started process (PID=208) to work on /opt/airflow/dags/stackoverflow_migration_dag.py
[2026-05-11T13:24:22.940+0000] {processor.py:830} INFO - Processing file /opt/airflow/dags/stackoverflow_migration_dag.py for tasks to queue
[2026-05-11T13:24:22.942+0000] {logging_mixin.py:188} INFO - [2026-05-11T13:24:22.941+0000] {dagbag.py:545} INFO - Filling up the DagBag from /opt/airflow/dags/stackoverflow_migration_dag.py
[2026-05-11T13:24:23.002+0000] {processor.py:840} INFO - DAG(s) 'stackoverflow_medallion_pipeline' retrieved from /opt/airflow/dags/stackoverflow_migration_dag.py
[2026-05-11T13:24:23.141+0000] {logging_mixin.py:188} INFO - [2026-05-11T13:24:23.140+0000] {dag.py:3096} INFO - Sync 1 DAGs
[2026-05-11T13:24:23.253+0000] {logging_mixin.py:188} INFO - [2026-05-11T13:24:23.252+0000] {dag.py:3954} INFO - Setting next_dagrun for stackoverflow_medallion_pipeline to 2026-05-11 00:00:00+00:00, run_after=2026-05-12 00:00:00+00:00
[2026-05-11T13:24:23.334+0000] {processor.py:183} INFO - Processing /opt/airflow/dags/stackoverflow_migration_dag.py took 0.413 seconds
[2026-05-11T13:24:53.611+0000] {processor.py:161} INFO - Started process (PID=213) to work on /opt/airflow/dags/stackoverflow_migration_dag.py
[2026-05-11T13:24:53.615+0000] {processor.py:830} INFO - Processing file /opt/airflow/dags/stackoverflow_migration_dag.py for tasks to queue
[2026-05-11T13:24:53.617+0000] {logging_mixin.py:188} INFO - [2026-05-11T13:24:53.616+0000] {dagbag.py:545} INFO - Filling up the DagBag from /opt/airflow/dags/stackoverflow_migration_dag.py
[2026-05-11T13:24:53.681+0000] {processor.py:840} INFO - DAG(s) 'stackoverflow_medallion_pipeline' retrieved from /opt/airflow/dags/stackoverflow_migration_dag.py
[2026-05-11T13:24:53.795+0000] {logging_mixin.py:188} INFO - [2026-05-11T13:24:53.795+0000] {dag.py:3096} INFO - Sync 1 DAGs
[2026-05-11T13:24:53.876+0000] {logging_mixin.py:188} INFO - [2026-05-11T13:24:53.876+0000] {dag.py:3954} INFO - Setting next_dagrun for stackoverflow_medallion_pipeline to 2026-05-11 00:00:00+00:00, run_after=2026-05-12 00:00:00+00:00
[2026-05-11T13:24:53.929+0000] {processor.py:183} INFO - Processing /opt/airflow/dags/stackoverflow_migration_dag.py took 0.333 seconds
[2026-05-11T13:25:24.261+0000] {processor.py:161} INFO - Started process (PID=220) to work on /opt/airflow/dags/stackoverflow_migration_dag.py
[2026-05-11T13:25:24.264+0000] {processor.py:830} INFO - Processing file /opt/airflow/dags/stackoverflow_migration_dag.py for tasks to queue
[2026-05-11T13:25:24.266+0000] {logging_mixin.py:188} INFO - [2026-05-11T13:25:24.265+0000] {dagbag.py:545} INFO - Filling up the DagBag from /opt/airflow/dags/stackoverflow_migration_dag.py
[2026-05-11T13:25:24.328+0000] {processor.py:840} INFO - DAG(s) 'stackoverflow_medallion_pipeline' retrieved from /opt/airflow/dags/stackoverflow_migration_dag.py
[2026-05-11T13:25:24.441+0000] {logging_mixin.py:188} INFO - [2026-05-11T13:25:24.441+0000] {dag.py:3096} INFO - Sync 1 DAGs
[2026-05-11T13:25:24.520+0000] {logging_mixin.py:188} INFO - [2026-05-11T13:25:24.520+0000] {dag.py:3954} INFO - Setting next_dagrun for stackoverflow_medallion_pipeline to 2026-05-11 00:00:00+00:00, run_after=2026-05-12 00:00:00+00:00
[2026-05-11T13:25:24.590+0000] {processor.py:183} INFO - Processing /opt/airflow/dags/stackoverflow_migration_dag.py took 0.348 seconds
[2026-05-11T13:25:55.030+0000] {processor.py:161} INFO - Started process (PID=225) to work on /opt/airflow/dags/stackoverflow_migration_dag.py
[2026-05-11T13:25:55.034+0000] {processor.py:830} INFO - Processing file /opt/airflow/dags/stackoverflow_migration_dag.py for tasks to queue
[2026-05-11T13:25:55.037+0000] {logging_mixin.py:188} INFO - [2026-05-11T13:25:55.036+0000] {dagbag.py:545} INFO - Filling up the DagBag from /opt/airflow/dags/stackoverflow_migration_dag.py
[2026-05-11T13:25:55.095+0000] {processor.py:840} INFO - DAG(s) 'stackoverflow_medallion_pipeline' retrieved from /opt/airflow/dags/stackoverflow_migration_dag.py
[2026-05-11T13:25:55.208+0000] {logging_mixin.py:188} INFO - [2026-05-11T13:25:55.208+0000] {dag.py:3096} INFO - Sync 1 DAGs
[2026-05-11T13:25:55.302+0000] {logging_mixin.py:188} INFO - [2026-05-11T13:25:55.301+0000] {dag.py:3954} INFO - Setting next_dagrun for stackoverflow_medallion_pipeline to 2026-05-11 00:00:00+00:00, run_after=2026-05-12 00:00:00+00:00
[2026-05-11T13:25:55.398+0000] {processor.py:183} INFO - Processing /opt/airflow/dags/stackoverflow_migration_dag.py took 0.386 seconds
[2026-05-11T13:26:25.707+0000] {processor.py:161} INFO - Started process (PID=230) to work on /opt/airflow/dags/stackoverflow_migration_dag.py
[2026-05-11T13:26:25.709+0000] {processor.py:830} INFO - Processing file /opt/airflow/dags/stackoverflow_migration_dag.py for tasks to queue
[2026-05-11T13:26:25.712+0000] {logging_mixin.py:188} INFO - [2026-05-11T13:26:25.711+0000] {dagbag.py:545} INFO - Filling up the DagBag from /opt/airflow/dags/stackoverflow_migration_dag.py
[2026-05-11T13:26:25.767+0000] {processor.py:840} INFO - DAG(s) 'stackoverflow_medallion_pipeline' retrieved from /opt/airflow/dags/stackoverflow_migration_dag.py
[2026-05-11T13:26:25.962+0000] {logging_mixin.py:188} INFO - [2026-05-11T13:26:25.961+0000] {dag.py:3096} INFO - Sync 1 DAGs
[2026-05-11T13:26:26.069+0000] {logging_mixin.py:188} INFO - [2026-05-11T13:26:26.069+0000] {dag.py:3954} INFO - Setting next_dagrun for stackoverflow_medallion_pipeline to 2026-05-11 00:00:00+00:00, run_after=2026-05-12 00:00:00+00:00
[2026-05-11T13:26:26.400+0000] {processor.py:183} INFO - Processing /opt/airflow/dags/stackoverflow_migration_dag.py took 0.708 seconds
[2026-05-11T13:26:56.585+0000] {processor.py:161} INFO - Started process (PID=235) to work on /opt/airflow/dags/stackoverflow_migration_dag.py
[2026-05-11T13:26:56.587+0000] {processor.py:830} INFO - Processing file /opt/airflow/dags/stackoverflow_migration_dag.py for tasks to queue
[2026-05-11T13:26:56.589+0000] {logging_mixin.py:188} INFO - [2026-05-11T13:26:56.588+0000] {dagbag.py:545} INFO - Filling up the DagBag from /opt/airflow/dags/stackoverflow_migration_dag.py
[2026-05-11T13:26:56.646+0000] {processor.py:840} INFO - DAG(s) 'stackoverflow_medallion_pipeline' retrieved from /opt/airflow/dags/stackoverflow_migration_dag.py
[2026-05-11T13:26:56.745+0000] {logging_mixin.py:188} INFO - [2026-05-11T13:26:56.744+0000] {dag.py:3096} INFO - Sync 1 DAGs
[2026-05-11T13:26:56.821+0000] {logging_mixin.py:188} INFO - [2026-05-11T13:26:56.821+0000] {dag.py:3954} INFO - Setting next_dagrun for stackoverflow_medallion_pipeline to 2026-05-11 00:00:00+00:00, run_after=2026-05-12 00:00:00+00:00
[2026-05-11T13:26:56.882+0000] {processor.py:183} INFO - Processing /opt/airflow/dags/stackoverflow_migration_dag.py took 0.311 seconds
[2026-05-11T13:27:27.285+0000] {processor.py:161} INFO - Started process (PID=240) to work on /opt/airflow/dags/stackoverflow_migration_dag.py
[2026-05-11T13:27:27.291+0000] {processor.py:830} INFO - Processing file /opt/airflow/dags/stackoverflow_migration_dag.py for tasks to queue
[2026-05-11T13:27:27.294+0000] {logging_mixin.py:188} INFO - [2026-05-11T13:27:27.293+0000] {dagbag.py:545} INFO - Filling up the DagBag from /opt/airflow/dags/stackoverflow_migration_dag.py
[2026-05-11T13:27:27.385+0000] {processor.py:840} INFO - DAG(s) 'stackoverflow_medallion_pipeline' retrieved from /opt/airflow/dags/stackoverflow_migration_dag.py
[2026-05-11T13:27:27.572+0000] {logging_mixin.py:188} INFO - [2026-05-11T13:27:27.572+0000] {dag.py:3096} INFO - Sync 1 DAGs
[2026-05-11T13:27:27.715+0000] {logging_mixin.py:188} INFO - [2026-05-11T13:27:27.714+0000] {dag.py:3954} INFO - Setting next_dagrun for stackoverflow_medallion_pipeline to 2026-05-11 00:00:00+00:00, run_after=2026-05-12 00:00:00+00:00
[2026-05-11T13:27:27.802+0000] {processor.py:183} INFO - Processing /opt/airflow/dags/stackoverflow_migration_dag.py took 0.537 seconds
[2026-05-11T13:27:58.472+0000] {processor.py:161} INFO - Started process (PID=245) to work on /opt/airflow/dags/stackoverflow_migration_dag.py
[2026-05-11T13:27:58.477+0000] {processor.py:830} INFO - Processing file /opt/airflow/dags/stackoverflow_migration_dag.py for tasks to queue
[2026-05-11T13:27:58.480+0000] {logging_mixin.py:188} INFO - [2026-05-11T13:27:58.478+0000] {dagbag.py:545} INFO - Filling up the DagBag from /opt/airflow/dags/stackoverflow_migration_dag.py
[2026-05-11T13:27:58.587+0000] {processor.py:840} INFO - DAG(s) 'stackoverflow_medallion_pipeline' retrieved from /opt/airflow/dags/stackoverflow_migration_dag.py
[2026-05-11T13:27:58.876+0000] {logging_mixin.py:188} INFO - [2026-05-11T13:27:58.875+0000] {dag.py:3096} INFO - Sync 1 DAGs
[2026-05-11T13:27:59.082+0000] {logging_mixin.py:188} INFO - [2026-05-11T13:27:59.081+0000] {dag.py:3954} INFO - Setting next_dagrun for stackoverflow_medallion_pipeline to 2026-05-11 00:00:00+00:00, run_after=2026-05-12 00:00:00+00:00
[2026-05-11T13:27:59.254+0000] {processor.py:183} INFO - Processing /opt/airflow/dags/stackoverflow_migration_dag.py took 0.821 seconds
[2026-05-11T13:28:29.736+0000] {processor.py:161} INFO - Started process (PID=250) to work on /opt/airflow/dags/stackoverflow_migration_dag.py
[2026-05-11T13:28:29.740+0000] {processor.py:830} INFO - Processing file /opt/airflow/dags/stackoverflow_migration_dag.py for tasks to queue
[2026-05-11T13:28:29.743+0000] {logging_mixin.py:188} INFO - [2026-05-11T13:28:29.742+0000] {dagbag.py:545} INFO - Filling up the DagBag from /opt/airflow/dags/stackoverflow_migration_dag.py
[2026-05-11T13:28:29.846+0000] {processor.py:840} INFO - DAG(s) 'stackoverflow_medallion_pipeline' retrieved from /opt/airflow/dags/stackoverflow_migration_dag.py
[2026-05-11T13:28:30.161+0000] {logging_mixin.py:188} INFO - [2026-05-11T13:28:30.161+0000] {dag.py:3096} INFO - Sync 1 DAGs
[2026-05-11T13:28:30.331+0000] {logging_mixin.py:188} INFO - [2026-05-11T13:28:30.330+0000] {dag.py:3954} INFO - Setting next_dagrun for stackoverflow_medallion_pipeline to 2026-05-11 00:00:00+00:00, run_after=2026-05-12 00:00:00+00:00
[2026-05-11T13:28:30.448+0000] {processor.py:183} INFO - Processing /opt/airflow/dags/stackoverflow_migration_dag.py took 0.747 seconds
[2026-05-11T13:29:00.907+0000] {processor.py:161} INFO - Started process (PID=255) to work on /opt/airflow/dags/stackoverflow_migration_dag.py
[2026-05-11T13:29:00.910+0000] {processor.py:830} INFO - Processing file /opt/airflow/dags/stackoverflow_migration_dag.py for tasks to queue
[2026-05-11T13:29:00.914+0000] {logging_mixin.py:188} INFO - [2026-05-11T13:29:00.913+0000] {dagbag.py:545} INFO - Filling up the DagBag from /opt/airflow/dags/stackoverflow_migration_dag.py
[2026-05-11T13:29:00.984+0000] {processor.py:840} INFO - DAG(s) 'stackoverflow_medallion_pipeline' retrieved from /opt/airflow/dags/stackoverflow_migration_dag.py
[2026-05-11T13:29:01.213+0000] {logging_mixin.py:188} INFO - [2026-05-11T13:29:01.212+0000] {dag.py:3096} INFO - Sync 1 DAGs
[2026-05-11T13:29:01.668+0000] {logging_mixin.py:188} INFO - [2026-05-11T13:29:01.667+0000] {dag.py:3954} INFO - Setting next_dagrun for stackoverflow_medallion_pipeline to 2026-05-11 00:00:00+00:00, run_after=2026-05-12 00:00:00+00:00
[2026-05-11T13:29:01.869+0000] {processor.py:183} INFO - Processing /opt/airflow/dags/stackoverflow_migration_dag.py took 0.983 seconds
[2026-05-11T13:29:32.237+0000] {processor.py:161} INFO - Started process (PID=260) to work on /opt/airflow/dags/stackoverflow_migration_dag.py
[2026-05-11T13:29:32.239+0000] {processor.py:830} INFO - Processing file /opt/airflow/dags/stackoverflow_migration_dag.py for tasks to queue
[2026-05-11T13:29:32.242+0000] {logging_mixin.py:188} INFO - [2026-05-11T13:29:32.241+0000] {dagbag.py:545} INFO - Filling up the DagBag from /opt/airflow/dags/stackoverflow_migration_dag.py
[2026-05-11T13:29:32.298+0000] {processor.py:840} INFO - DAG(s) 'stackoverflow_medallion_pipeline' retrieved from /opt/airflow/dags/stackoverflow_migration_dag.py
[2026-05-11T13:29:32.397+0000] {logging_mixin.py:188} INFO - [2026-05-11T13:29:32.397+0000] {dag.py:3096} INFO - Sync 1 DAGs
[2026-05-11T13:29:32.468+0000] {logging_mixin.py:188} INFO - [2026-05-11T13:29:32.467+0000] {dag.py:3954} INFO - Setting next_dagrun for stackoverflow_medallion_pipeline to 2026-05-11 00:00:00+00:00, run_after=2026-05-12 00:00:00+00:00
[2026-05-11T13:29:32.535+0000] {processor.py:183} INFO - Processing /opt/airflow/dags/stackoverflow_migration_dag.py took 0.312 seconds
[2026-05-11T13:30:02.843+0000] {processor.py:161} INFO - Started process (PID=265) to work on /opt/airflow/dags/stackoverflow_migration_dag.py
[2026-05-11T13:30:02.845+0000] {processor.py:830} INFO - Processing file /opt/airflow/dags/stackoverflow_migration_dag.py for tasks to queue
[2026-05-11T13:30:02.848+0000] {logging_mixin.py:188} INFO - [2026-05-11T13:30:02.847+0000] {dagbag.py:545} INFO - Filling up the DagBag from /opt/airflow/dags/stackoverflow_migration_dag.py
[2026-05-11T13:30:02.897+0000] {processor.py:840} INFO - DAG(s) 'stackoverflow_medallion_pipeline' retrieved from /opt/airflow/dags/stackoverflow_migration_dag.py
[2026-05-11T13:30:03.000+0000] {logging_mixin.py:188} INFO - [2026-05-11T13:30:02.999+0000] {dag.py:3096} INFO - Sync 1 DAGs
[2026-05-11T13:30:03.069+0000] {logging_mixin.py:188} INFO - [2026-05-11T13:30:03.069+0000] {dag.py:3954} INFO - Setting next_dagrun for stackoverflow_medallion_pipeline to 2026-05-11 00:00:00+00:00, run_after=2026-05-12 00:00:00+00:00
[2026-05-11T13:30:03.136+0000] {processor.py:183} INFO - Processing /opt/airflow/dags/stackoverflow_migration_dag.py took 0.306 seconds
[2026-05-11T13:30:33.466+0000] {processor.py:161} INFO - Started process (PID=270) to work on /opt/airflow/dags/stackoverflow_migration_dag.py
[2026-05-11T13:30:33.468+0000] {processor.py:830} INFO - Processing file /opt/airflow/dags/stackoverflow_migration_dag.py for tasks to queue
[2026-05-11T13:30:33.470+0000] {logging_mixin.py:188} INFO - [2026-05-11T13:30:33.469+0000] {dagbag.py:545} INFO - Filling up the DagBag from /opt/airflow/dags/stackoverflow_migration_dag.py
[2026-05-11T13:30:33.517+0000] {processor.py:840} INFO - DAG(s) 'stackoverflow_medallion_pipeline' retrieved from /opt/airflow/dags/stackoverflow_migration_dag.py
[2026-05-11T13:30:33.628+0000] {logging_mixin.py:188} INFO - [2026-05-11T13:30:33.627+0000] {dag.py:3096} INFO - Sync 1 DAGs
[2026-05-11T13:30:33.706+0000] {logging_mixin.py:188} INFO - [2026-05-11T13:30:33.706+0000] {dag.py:3954} INFO - Setting next_dagrun for stackoverflow_medallion_pipeline to 2026-05-11 00:00:00+00:00, run_after=2026-05-12 00:00:00+00:00
[2026-05-11T13:30:33.767+0000] {processor.py:183} INFO - Processing /opt/airflow/dags/stackoverflow_migration_dag.py took 0.311 seconds
[2026-05-11T13:31:04.059+0000] {processor.py:161} INFO - Started process (PID=275) to work on /opt/airflow/dags/stackoverflow_migration_dag.py
[2026-05-11T13:31:04.061+0000] {processor.py:830} INFO - Processing file /opt/airflow/dags/stackoverflow_migration_dag.py for tasks to queue
[2026-05-11T13:31:04.064+0000] {logging_mixin.py:188} INFO - [2026-05-11T13:31:04.063+0000] {dagbag.py:545} INFO - Filling up the DagBag from /opt/airflow/dags/stackoverflow_migration_dag.py
[2026-05-11T13:31:04.128+0000] {processor.py:840} INFO - DAG(s) 'stackoverflow_medallion_pipeline' retrieved from /opt/airflow/dags/stackoverflow_migration_dag.py
[2026-05-11T13:31:04.259+0000] {logging_mixin.py:188} INFO - [2026-05-11T13:31:04.259+0000] {dag.py:3096} INFO - Sync 1 DAGs
[2026-05-11T13:31:04.340+0000] {logging_mixin.py:188} INFO - [2026-05-11T13:31:04.340+0000] {dag.py:3954} INFO - Setting next_dagrun for stackoverflow_medallion_pipeline to 2026-05-11 00:00:00+00:00, run_after=2026-05-12 00:00:00+00:00
[2026-05-11T13:31:04.397+0000] {processor.py:183} INFO - Processing /opt/airflow/dags/stackoverflow_migration_dag.py took 0.353 seconds
[2026-05-11T13:31:34.765+0000] {processor.py:161} INFO - Started process (PID=280) to work on /opt/airflow/dags/stackoverflow_migration_dag.py
[2026-05-11T13:31:34.768+0000] {processor.py:830} INFO - Processing file /opt/airflow/dags/stackoverflow_migration_dag.py for tasks to queue
[2026-05-11T13:31:34.771+0000] {logging_mixin.py:188} INFO - [2026-05-11T13:31:34.770+0000] {dagbag.py:545} INFO - Filling up the DagBag from /opt/airflow/dags/stackoverflow_migration_dag.py
[2026-05-11T13:31:34.857+0000] {processor.py:840} INFO - DAG(s) 'stackoverflow_medallion_pipeline' retrieved from /opt/airflow/dags/stackoverflow_migration_dag.py
[2026-05-11T13:31:35.024+0000] {logging_mixin.py:188} INFO - [2026-05-11T13:31:35.024+0000] {dag.py:3096} INFO - Sync 1 DAGs
[2026-05-11T13:31:35.121+0000] {logging_mixin.py:188} INFO - [2026-05-11T13:31:35.120+0000] {dag.py:3954} INFO - Setting next_dagrun for stackoverflow_medallion_pipeline to 2026-05-11 00:00:00+00:00, run_after=2026-05-12 00:00:00+00:00
[2026-05-11T13:31:35.190+0000] {processor.py:183} INFO - Processing /opt/airflow/dags/stackoverflow_migration_dag.py took 0.446 seconds
[2026-05-11T13:32:05.547+0000] {processor.py:161} INFO - Started process (PID=285) to work on /opt/airflow/dags/stackoverflow_migration_dag.py
[2026-05-11T13:32:05.551+0000] {processor.py:830} INFO - Processing file /opt/airflow/dags/stackoverflow_migration_dag.py for tasks to queue
[2026-05-11T13:32:05.555+0000] {logging_mixin.py:188} INFO - [2026-05-11T13:32:05.554+0000] {dagbag.py:545} INFO - Filling up the DagBag from /opt/airflow/dags/stackoverflow_migration_dag.py
[2026-05-11T13:32:05.626+0000] {processor.py:840} INFO - DAG(s) 'stackoverflow_medallion_pipeline' retrieved from /opt/airflow/dags/stackoverflow_migration_dag.py
[2026-05-11T13:32:05.752+0000] {logging_mixin.py:188} INFO - [2026-05-11T13:32:05.752+0000] {dag.py:3096} INFO - Sync 1 DAGs
[2026-05-11T13:32:05.837+0000] {logging_mixin.py:188} INFO - [2026-05-11T13:32:05.836+0000] {dag.py:3954} INFO - Setting next_dagrun for stackoverflow_medallion_pipeline to 2026-05-11 00:00:00+00:00, run_after=2026-05-12 00:00:00+00:00
[2026-05-11T13:32:05.906+0000] {processor.py:183} INFO - Processing /opt/airflow/dags/stackoverflow_migration_dag.py took 0.378 seconds
[2026-05-11T13:32:36.257+0000] {processor.py:161} INFO - Started process (PID=290) to work on /opt/airflow/dags/stackoverflow_migration_dag.py
[2026-05-11T13:32:36.260+0000] {processor.py:830} INFO - Processing file /opt/airflow/dags/stackoverflow_migration_dag.py for tasks to queue
[2026-05-11T13:32:36.263+0000] {logging_mixin.py:188} INFO - [2026-05-11T13:32:36.262+0000] {dagbag.py:545} INFO - Filling up the DagBag from /opt/airflow/dags/stackoverflow_migration_dag.py
[2026-05-11T13:32:36.327+0000] {processor.py:840} INFO - DAG(s) 'stackoverflow_medallion_pipeline' retrieved from /opt/airflow/dags/stackoverflow_migration_dag.py
[2026-05-11T13:32:36.461+0000] {logging_mixin.py:188} INFO - [2026-05-11T13:32:36.460+0000] {dag.py:3096} INFO - Sync 1 DAGs
[2026-05-11T13:32:36.582+0000] {logging_mixin.py:188} INFO - [2026-05-11T13:32:36.581+0000] {dag.py:3954} INFO - Setting next_dagrun for stackoverflow_medallion_pipeline to 2026-05-11 00:00:00+00:00, run_after=2026-05-12 00:00:00+00:00
[2026-05-11T13:32:36.660+0000] {processor.py:183} INFO - Processing /opt/airflow/dags/stackoverflow_migration_dag.py took 0.418 seconds
[2026-05-11T13:33:07.054+0000] {processor.py:161} INFO - Started process (PID=295) to work on /opt/airflow/dags/stackoverflow_migration_dag.py
[2026-05-11T13:33:07.057+0000] {processor.py:830} INFO - Processing file /opt/airflow/dags/stackoverflow_migration_dag.py for tasks to queue
[2026-05-11T13:33:07.059+0000] {logging_mixin.py:188} INFO - [2026-05-11T13:33:07.058+0000] {dagbag.py:545} INFO - Filling up the DagBag from /opt/airflow/dags/stackoverflow_migration_dag.py
[2026-05-11T13:33:07.120+0000] {processor.py:840} INFO - DAG(s) 'stackoverflow_medallion_pipeline' retrieved from /opt/airflow/dags/stackoverflow_migration_dag.py
[2026-05-11T13:33:07.234+0000] {logging_mixin.py:188} INFO - [2026-05-11T13:33:07.234+0000] {dag.py:3096} INFO - Sync 1 DAGs
[2026-05-11T13:33:07.317+0000] {logging_mixin.py:188} INFO - [2026-05-11T13:33:07.316+0000] {dag.py:3954} INFO - Setting next_dagrun for stackoverflow_medallion_pipeline to 2026-05-11 00:00:00+00:00, run_after=2026-05-12 00:00:00+00:00
[2026-05-11T13:33:07.386+0000] {processor.py:183} INFO - Processing /opt/airflow/dags/stackoverflow_migration_dag.py took 0.347 seconds
[2026-05-11T13:33:37.740+0000] {processor.py:161} INFO - Started process (PID=301) to work on /opt/airflow/dags/stackoverflow_migration_dag.py
[2026-05-11T13:33:37.744+0000] {processor.py:830} INFO - Processing file /opt/airflow/dags/stackoverflow_migration_dag.py for tasks to queue
[2026-05-11T13:33:37.746+0000] {logging_mixin.py:188} INFO - [2026-05-11T13:33:37.745+0000] {dagbag.py:545} INFO - Filling up the DagBag from /opt/airflow/dags/stackoverflow_migration_dag.py
[2026-05-11T13:33:37.837+0000] {processor.py:840} INFO - DAG(s) 'stackoverflow_medallion_pipeline' retrieved from /opt/airflow/dags/stackoverflow_migration_dag.py
[2026-05-11T13:33:38.019+0000] {logging_mixin.py:188} INFO - [2026-05-11T13:33:38.015+0000] {dag.py:3096} INFO - Sync 1 DAGs
[2026-05-11T13:33:38.154+0000] {logging_mixin.py:188} INFO - [2026-05-11T13:33:38.153+0000] {dag.py:3954} INFO - Setting next_dagrun for stackoverflow_medallion_pipeline to 2026-05-11 00:00:00+00:00, run_after=2026-05-12 00:00:00+00:00
[2026-05-11T13:33:38.233+0000] {processor.py:183} INFO - Processing /opt/airflow/dags/stackoverflow_migration_dag.py took 0.523 seconds
[2026-05-11T13:34:08.547+0000] {processor.py:161} INFO - Started process (PID=318) to work on /opt/airflow/dags/stackoverflow_migration_dag.py
[2026-05-11T13:34:08.550+0000] {processor.py:830} INFO - Processing file /opt/airflow/dags/stackoverflow_migration_dag.py for tasks to queue
[2026-05-11T13:34:08.553+0000] {logging_mixin.py:188} INFO - [2026-05-11T13:34:08.552+0000] {dagbag.py:545} INFO - Filling up the DagBag from /opt/airflow/dags/stackoverflow_migration_dag.py
[2026-05-11T13:34:08.620+0000] {processor.py:840} INFO - DAG(s) 'stackoverflow_medallion_pipeline' retrieved from /opt/airflow/dags/stackoverflow_migration_dag.py
[2026-05-11T13:34:08.740+0000] {logging_mixin.py:188} INFO - [2026-05-11T13:34:08.739+0000] {dag.py:3096} INFO - Sync 1 DAGs
[2026-05-11T13:34:08.834+0000] {logging_mixin.py:188} INFO - [2026-05-11T13:34:08.834+0000] {dag.py:3954} INFO - Setting next_dagrun for stackoverflow_medallion_pipeline to 2026-05-11 00:00:00+00:00, run_after=2026-05-12 00:00:00+00:00
[2026-05-11T13:34:08.900+0000] {processor.py:183} INFO - Processing /opt/airflow/dags/stackoverflow_migration_dag.py took 0.372 seconds
[2026-05-11T13:34:39.201+0000] {processor.py:161} INFO - Started process (PID=332) to work on /opt/airflow/dags/stackoverflow_migration_dag.py
[2026-05-11T13:34:39.205+0000] {processor.py:830} INFO - Processing file /opt/airflow/dags/stackoverflow_migration_dag.py for tasks to queue
[2026-05-11T13:34:39.208+0000] {logging_mixin.py:188} INFO - [2026-05-11T13:34:39.207+0000] {dagbag.py:545} INFO - Filling up the DagBag from /opt/airflow/dags/stackoverflow_migration_dag.py
[2026-05-11T13:34:39.274+0000] {processor.py:840} INFO - DAG(s) 'stackoverflow_medallion_pipeline' retrieved from /opt/airflow/dags/stackoverflow_migration_dag.py
[2026-05-11T13:34:39.380+0000] {logging_mixin.py:188} INFO - [2026-05-11T13:34:39.379+0000] {dag.py:3096} INFO - Sync 1 DAGs
[2026-05-11T13:34:39.455+0000] {logging_mixin.py:188} INFO - [2026-05-11T13:34:39.454+0000] {dag.py:3954} INFO - Setting next_dagrun for stackoverflow_medallion_pipeline to 2026-05-11 00:00:00+00:00, run_after=2026-05-12 00:00:00+00:00
[2026-05-11T13:34:39.512+0000] {processor.py:183} INFO - Processing /opt/airflow/dags/stackoverflow_migration_dag.py took 0.330 seconds
[2026-05-11T13:35:10.082+0000] {processor.py:161} INFO - Started process (PID=337) to work on /opt/airflow/dags/stackoverflow_migration_dag.py
[2026-05-11T13:35:10.089+0000] {processor.py:830} INFO - Processing file /opt/airflow/dags/stackoverflow_migration_dag.py for tasks to queue
[2026-05-11T13:35:10.097+0000] {logging_mixin.py:188} INFO - [2026-05-11T13:35:10.096+0000] {dagbag.py:545} INFO - Filling up the DagBag from /opt/airflow/dags/stackoverflow_migration_dag.py
[2026-05-11T13:35:10.327+0000] {processor.py:840} INFO - DAG(s) 'stackoverflow_medallion_pipeline' retrieved from /opt/airflow/dags/stackoverflow_migration_dag.py
[2026-05-11T13:35:10.538+0000] {logging_mixin.py:188} INFO - [2026-05-11T13:35:10.537+0000] {dag.py:3096} INFO - Sync 1 DAGs
[2026-05-11T13:35:10.758+0000] {logging_mixin.py:188} INFO - [2026-05-11T13:35:10.758+0000] {dag.py:3954} INFO - Setting next_dagrun for stackoverflow_medallion_pipeline to 2026-05-11 00:00:00+00:00, run_after=2026-05-12 00:00:00+00:00
[2026-05-11T13:35:11.041+0000] {processor.py:183} INFO - Processing /opt/airflow/dags/stackoverflow_migration_dag.py took 0.997 seconds
[2026-05-11T13:35:41.422+0000] {processor.py:161} INFO - Started process (PID=342) to work on /opt/airflow/dags/stackoverflow_migration_dag.py
[2026-05-11T13:35:41.425+0000] {processor.py:830} INFO - Processing file /opt/airflow/dags/stackoverflow_migration_dag.py for tasks to queue
[2026-05-11T13:35:41.427+0000] {logging_mixin.py:188} INFO - [2026-05-11T13:35:41.426+0000] {dagbag.py:545} INFO - Filling up the DagBag from /opt/airflow/dags/stackoverflow_migration_dag.py
[2026-05-11T13:35:41.486+0000] {processor.py:840} INFO - DAG(s) 'stackoverflow_medallion_pipeline' retrieved from /opt/airflow/dags/stackoverflow_migration_dag.py
[2026-05-11T13:35:41.587+0000] {logging_mixin.py:188} INFO - [2026-05-11T13:35:41.587+0000] {dag.py:3096} INFO - Sync 1 DAGs
[2026-05-11T13:35:41.672+0000] {logging_mixin.py:188} INFO - [2026-05-11T13:35:41.671+0000] {dag.py:3954} INFO - Setting next_dagrun for stackoverflow_medallion_pipeline to 2026-05-11 00:00:00+00:00, run_after=2026-05-12 00:00:00+00:00
[2026-05-11T13:35:41.735+0000] {processor.py:183} INFO - Processing /opt/airflow/dags/stackoverflow_migration_dag.py took 0.326 seconds
[2026-05-11T13:36:12.045+0000] {processor.py:161} INFO - Started process (PID=347) to work on /opt/airflow/dags/stackoverflow_migration_dag.py
[2026-05-11T13:36:12.047+0000] {processor.py:830} INFO - Processing file /opt/airflow/dags/stackoverflow_migration_dag.py for tasks to queue
[2026-05-11T13:36:12.049+0000] {logging_mixin.py:188} INFO - [2026-05-11T13:36:12.048+0000] {dagbag.py:545} INFO - Filling up the DagBag from /opt/airflow/dags/stackoverflow_migration_dag.py
[2026-05-11T13:36:12.111+0000] {processor.py:840} INFO - DAG(s) 'stackoverflow_medallion_pipeline' retrieved from /opt/airflow/dags/stackoverflow_migration_dag.py
[2026-05-11T13:36:12.212+0000] {logging_mixin.py:188} INFO - [2026-05-11T13:36:12.212+0000] {dag.py:3096} INFO - Sync 1 DAGs
[2026-05-11T13:36:12.284+0000] {logging_mixin.py:188} INFO - [2026-05-11T13:36:12.283+0000] {dag.py:3954} INFO - Setting next_dagrun for stackoverflow_medallion_pipeline to 2026-05-11 00:00:00+00:00, run_after=2026-05-12 00:00:00+00:00
[2026-05-11T13:36:12.346+0000] {processor.py:183} INFO - Processing /opt/airflow/dags/stackoverflow_migration_dag.py took 0.318 seconds
[2026-05-11T13:36:42.727+0000] {processor.py:161} INFO - Started process (PID=352) to work on /opt/airflow/dags/stackoverflow_migration_dag.py
[2026-05-11T13:36:42.729+0000] {processor.py:830} INFO - Processing file /opt/airflow/dags/stackoverflow_migration_dag.py for tasks to queue
[2026-05-11T13:36:42.731+0000] {logging_mixin.py:188} INFO - [2026-05-11T13:36:42.731+0000] {dagbag.py:545} INFO - Filling up the DagBag from /opt/airflow/dags/stackoverflow_migration_dag.py
[2026-05-11T13:36:42.784+0000] {processor.py:840} INFO - DAG(s) 'stackoverflow_medallion_pipeline' retrieved from /opt/airflow/dags/stackoverflow_migration_dag.py
[2026-05-11T13:36:42.881+0000] {logging_mixin.py:188} INFO - [2026-05-11T13:36:42.880+0000] {dag.py:3096} INFO - Sync 1 DAGs
[2026-05-11T13:36:42.958+0000] {logging_mixin.py:188} INFO - [2026-05-11T13:36:42.958+0000] {dag.py:3954} INFO - Setting next_dagrun for stackoverflow_medallion_pipeline to 2026-05-11 00:00:00+00:00, run_after=2026-05-12 00:00:00+00:00
[2026-05-11T13:36:43.021+0000] {processor.py:183} INFO - Processing /opt/airflow/dags/stackoverflow_migration_dag.py took 0.311 seconds
[2026-05-11T13:37:13.436+0000] {processor.py:161} INFO - Started process (PID=357) to work on /opt/airflow/dags/stackoverflow_migration_dag.py
[2026-05-11T13:37:13.439+0000] {processor.py:830} INFO - Processing file /opt/airflow/dags/stackoverflow_migration_dag.py for tasks to queue
[2026-05-11T13:37:13.442+0000] {logging_mixin.py:188} INFO - [2026-05-11T13:37:13.441+0000] {dagbag.py:545} INFO - Filling up the DagBag from /opt/airflow/dags/stackoverflow_migration_dag.py
[2026-05-11T13:37:13.505+0000] {processor.py:840} INFO - DAG(s) 'stackoverflow_medallion_pipeline' retrieved from /opt/airflow/dags/stackoverflow_migration_dag.py
[2026-05-11T13:37:13.639+0000] {logging_mixin.py:188} INFO - [2026-05-11T13:37:13.638+0000] {dag.py:3096} INFO - Sync 1 DAGs
[2026-05-11T13:37:13.737+0000] {logging_mixin.py:188} INFO - [2026-05-11T13:37:13.736+0000] {dag.py:3954} INFO - Setting next_dagrun for stackoverflow_medallion_pipeline to 2026-05-11 00:00:00+00:00, run_after=2026-05-12 00:00:00+00:00
[2026-05-11T13:37:13.808+0000] {processor.py:183} INFO - Processing /opt/airflow/dags/stackoverflow_migration_dag.py took 0.395 seconds
[2026-05-11T13:37:44.165+0000] {processor.py:161} INFO - Started process (PID=362) to work on /opt/airflow/dags/stackoverflow_migration_dag.py
[2026-05-11T13:37:44.168+0000] {processor.py:830} INFO - Processing file /opt/airflow/dags/stackoverflow_migration_dag.py for tasks to queue
[2026-05-11T13:37:44.171+0000] {logging_mixin.py:188} INFO - [2026-05-11T13:37:44.170+0000] {dagbag.py:545} INFO - Filling up the DagBag from /opt/airflow/dags/stackoverflow_migration_dag.py
[2026-05-11T13:37:44.244+0000] {processor.py:840} INFO - DAG(s) 'stackoverflow_medallion_pipeline' retrieved from /opt/airflow/dags/stackoverflow_migration_dag.py
[2026-05-11T13:37:44.401+0000] {logging_mixin.py:188} INFO - [2026-05-11T13:37:44.400+0000] {dag.py:3096} INFO - Sync 1 DAGs
[2026-05-11T13:37:44.536+0000] {logging_mixin.py:188} INFO - [2026-05-11T13:37:44.535+0000] {dag.py:3954} INFO - Setting next_dagrun for stackoverflow_medallion_pipeline to 2026-05-11 00:00:00+00:00, run_after=2026-05-12 00:00:00+00:00
[2026-05-11T13:37:44.618+0000] {processor.py:183} INFO - Processing /opt/airflow/dags/stackoverflow_migration_dag.py took 0.472 seconds
[2026-05-11T13:38:15.005+0000] {processor.py:161} INFO - Started process (PID=369) to work on /opt/airflow/dags/stackoverflow_migration_dag.py
[2026-05-11T13:38:15.008+0000] {processor.py:830} INFO - Processing file /opt/airflow/dags/stackoverflow_migration_dag.py for tasks to queue
[2026-05-11T13:38:15.011+0000] {logging_mixin.py:188} INFO - [2026-05-11T13:38:15.010+0000] {dagbag.py:545} INFO - Filling up the DagBag from /opt/airflow/dags/stackoverflow_migration_dag.py
[2026-05-11T13:38:15.093+0000] {processor.py:840} INFO - DAG(s) 'stackoverflow_medallion_pipeline' retrieved from /opt/airflow/dags/stackoverflow_migration_dag.py
[2026-05-11T13:38:15.229+0000] {logging_mixin.py:188} INFO - [2026-05-11T13:38:15.228+0000] {dag.py:3096} INFO - Sync 1 DAGs
[2026-05-11T13:38:15.309+0000] {logging_mixin.py:188} INFO - [2026-05-11T13:38:15.309+0000] {dag.py:3954} INFO - Setting next_dagrun for stackoverflow_medallion_pipeline to 2026-05-11 00:00:00+00:00, run_after=2026-05-12 00:00:00+00:00
[2026-05-11T13:38:15.371+0000] {processor.py:183} INFO - Processing /opt/airflow/dags/stackoverflow_migration_dag.py took 0.387 seconds
[2026-05-11T13:38:45.619+0000] {processor.py:161} INFO - Started process (PID=374) to work on /opt/airflow/dags/stackoverflow_migration_dag.py
[2026-05-11T13:38:45.621+0000] {processor.py:830} INFO - Processing file /opt/airflow/dags/stackoverflow_migration_dag.py for tasks to queue
[2026-05-11T13:38:45.623+0000] {logging_mixin.py:188} INFO - [2026-05-11T13:38:45.622+0000] {dagbag.py:545} INFO - Filling up the DagBag from /opt/airflow/dags/stackoverflow_migration_dag.py
[2026-05-11T13:38:45.680+0000] {processor.py:840} INFO - DAG(s) 'stackoverflow_medallion_pipeline' retrieved from /opt/airflow/dags/stackoverflow_migration_dag.py
[2026-05-11T13:38:45.786+0000] {logging_mixin.py:188} INFO - [2026-05-11T13:38:45.785+0000] {dag.py:3096} INFO - Sync 1 DAGs
[2026-05-11T13:38:45.866+0000] {logging_mixin.py:188} INFO - [2026-05-11T13:38:45.865+0000] {dag.py:3954} INFO - Setting next_dagrun for stackoverflow_medallion_pipeline to 2026-05-11 00:00:00+00:00, run_after=2026-05-12 00:00:00+00:00
[2026-05-11T13:38:45.972+0000] {processor.py:183} INFO - Processing /opt/airflow/dags/stackoverflow_migration_dag.py took 0.365 seconds
[2026-05-11T13:39:16.262+0000] {processor.py:161} INFO - Started process (PID=379) to work on /opt/airflow/dags/stackoverflow_migration_dag.py
[2026-05-11T13:39:16.264+0000] {processor.py:830} INFO - Processing file /opt/airflow/dags/stackoverflow_migration_dag.py for tasks to queue
[2026-05-11T13:39:16.267+0000] {logging_mixin.py:188} INFO - [2026-05-11T13:39:16.266+0000] {dagbag.py:545} INFO - Filling up the DagBag from /opt/airflow/dags/stackoverflow_migration_dag.py
[2026-05-11T13:39:16.334+0000] {processor.py:840} INFO - DAG(s) 'stackoverflow_medallion_pipeline' retrieved from /opt/airflow/dags/stackoverflow_migration_dag.py
[2026-05-11T13:39:16.456+0000] {logging_mixin.py:188} INFO - [2026-05-11T13:39:16.456+0000] {dag.py:3096} INFO - Sync 1 DAGs
[2026-05-11T13:39:16.543+0000] {logging_mixin.py:188} INFO - [2026-05-11T13:39:16.542+0000] {dag.py:3954} INFO - Setting next_dagrun for stackoverflow_medallion_pipeline to 2026-05-11 00:00:00+00:00, run_after=2026-05-12 00:00:00+00:00
[2026-05-11T13:39:16.607+0000] {processor.py:183} INFO - Processing /opt/airflow/dags/stackoverflow_migration_dag.py took 0.366 seconds
[2026-05-11T13:39:46.908+0000] {processor.py:161} INFO - Started process (PID=384) to work on /opt/airflow/dags/stackoverflow_migration_dag.py
[2026-05-11T13:39:46.911+0000] {processor.py:830} INFO - Processing file /opt/airflow/dags/stackoverflow_migration_dag.py for tasks to queue
[2026-05-11T13:39:46.913+0000] {logging_mixin.py:188} INFO - [2026-05-11T13:39:46.913+0000] {dagbag.py:545} INFO - Filling up the DagBag from /opt/airflow/dags/stackoverflow_migration_dag.py
[2026-05-11T13:39:46.975+0000] {processor.py:840} INFO - DAG(s) 'stackoverflow_medallion_pipeline' retrieved from /opt/airflow/dags/stackoverflow_migration_dag.py
[2026-05-11T13:39:47.096+0000] {logging_mixin.py:188} INFO - [2026-05-11T13:39:47.095+0000] {dag.py:3096} INFO - Sync 1 DAGs
[2026-05-11T13:39:47.177+0000] {logging_mixin.py:188} INFO - [2026-05-11T13:39:47.177+0000] {dag.py:3954} INFO - Setting next_dagrun for stackoverflow_medallion_pipeline to 2026-05-11 00:00:00+00:00, run_after=2026-05-12 00:00:00+00:00
[2026-05-11T13:39:47.583+0000] {processor.py:183} INFO - Processing /opt/airflow/dags/stackoverflow_migration_dag.py took 0.689 seconds
[2026-05-11T13:40:17.806+0000] {processor.py:161} INFO - Started process (PID=391) to work on /opt/airflow/dags/stackoverflow_migration_dag.py
[2026-05-11T13:40:17.808+0000] {processor.py:830} INFO - Processing file /opt/airflow/dags/stackoverflow_migration_dag.py for tasks to queue
[2026-05-11T13:40:17.813+0000] {logging_mixin.py:188} INFO - [2026-05-11T13:40:17.811+0000] {dagbag.py:545} INFO - Filling up the DagBag from /opt/airflow/dags/stackoverflow_migration_dag.py
[2026-05-11T13:40:17.871+0000] {processor.py:840} INFO - DAG(s) 'stackoverflow_medallion_pipeline' retrieved from /opt/airflow/dags/stackoverflow_migration_dag.py
[2026-05-11T13:40:18.033+0000] {logging_mixin.py:188} INFO - [2026-05-11T13:40:18.032+0000] {dag.py:3096} INFO - Sync 1 DAGs
[2026-05-11T13:40:18.129+0000] {logging_mixin.py:188} INFO - [2026-05-11T13:40:18.128+0000] {dag.py:3954} INFO - Setting next_dagrun for stackoverflow_medallion_pipeline to 2026-05-11 00:00:00+00:00, run_after=2026-05-12 00:00:00+00:00
[2026-05-11T13:40:18.218+0000] {processor.py:183} INFO - Processing /opt/airflow/dags/stackoverflow_migration_dag.py took 0.428 seconds
[2026-05-11T13:40:48.603+0000] {processor.py:161} INFO - Started process (PID=396) to work on /opt/airflow/dags/stackoverflow_migration_dag.py
[2026-05-11T13:40:48.605+0000] {processor.py:830} INFO - Processing file /opt/airflow/dags/stackoverflow_migration_dag.py for tasks to queue
[2026-05-11T13:40:48.607+0000] {logging_mixin.py:188} INFO - [2026-05-11T13:40:48.606+0000] {dagbag.py:545} INFO - Filling up the DagBag from /opt/airflow/dags/stackoverflow_migration_dag.py
[2026-05-11T13:40:48.665+0000] {processor.py:840} INFO - DAG(s) 'stackoverflow_medallion_pipeline' retrieved from /opt/airflow/dags/stackoverflow_migration_dag.py
[2026-05-11T13:40:48.781+0000] {logging_mixin.py:188} INFO - [2026-05-11T13:40:48.781+0000] {dag.py:3096} INFO - Sync 1 DAGs
[2026-05-11T13:40:48.874+0000] {logging_mixin.py:188} INFO - [2026-05-11T13:40:48.873+0000] {dag.py:3954} INFO - Setting next_dagrun for stackoverflow_medallion_pipeline to 2026-05-11 00:00:00+00:00, run_after=2026-05-12 00:00:00+00:00
[2026-05-11T13:40:48.944+0000] {processor.py:183} INFO - Processing /opt/airflow/dags/stackoverflow_migration_dag.py took 0.353 seconds
[2026-05-11T13:41:19.287+0000] {processor.py:161} INFO - Started process (PID=401) to work on /opt/airflow/dags/stackoverflow_migration_dag.py
[2026-05-11T13:41:19.289+0000] {processor.py:830} INFO - Processing file /opt/airflow/dags/stackoverflow_migration_dag.py for tasks to queue
[2026-05-11T13:41:19.292+0000] {logging_mixin.py:188} INFO - [2026-05-11T13:41:19.291+0000] {dagbag.py:545} INFO - Filling up the DagBag from /opt/airflow/dags/stackoverflow_migration_dag.py
[2026-05-11T13:41:19.350+0000] {processor.py:840} INFO - DAG(s) 'stackoverflow_medallion_pipeline' retrieved from /opt/airflow/dags/stackoverflow_migration_dag.py
[2026-05-11T13:41:19.479+0000] {logging_mixin.py:188} INFO - [2026-05-11T13:41:19.478+0000] {dag.py:3096} INFO - Sync 1 DAGs
[2026-05-11T13:41:19.563+0000] {logging_mixin.py:188} INFO - [2026-05-11T13:41:19.563+0000] {dag.py:3954} INFO - Setting next_dagrun for stackoverflow_medallion_pipeline to 2026-05-11 00:00:00+00:00, run_after=2026-05-12 00:00:00+00:00
[2026-05-11T13:41:19.635+0000] {processor.py:183} INFO - Processing /opt/airflow/dags/stackoverflow_migration_dag.py took 0.365 seconds
[2026-05-11T13:41:49.979+0000] {processor.py:161} INFO - Started process (PID=406) to work on /opt/airflow/dags/stackoverflow_migration_dag.py
[2026-05-11T13:41:49.982+0000] {processor.py:830} INFO - Processing file /opt/airflow/dags/stackoverflow_migration_dag.py for tasks to queue
[2026-05-11T13:41:49.985+0000] {logging_mixin.py:188} INFO - [2026-05-11T13:41:49.984+0000] {dagbag.py:545} INFO - Filling up the DagBag from /opt/airflow/dags/stackoverflow_migration_dag.py
[2026-05-11T13:41:50.059+0000] {processor.py:840} INFO - DAG(s) 'stackoverflow_medallion_pipeline' retrieved from /opt/airflow/dags/stackoverflow_migration_dag.py
[2026-05-11T13:41:50.204+0000] {logging_mixin.py:188} INFO - [2026-05-11T13:41:50.201+0000] {dag.py:3096} INFO - Sync 1 DAGs
[2026-05-11T13:41:50.311+0000] {logging_mixin.py:188} INFO - [2026-05-11T13:41:50.310+0000] {dag.py:3954} INFO - Setting next_dagrun for stackoverflow_medallion_pipeline to 2026-05-11 00:00:00+00:00, run_after=2026-05-12 00:00:00+00:00
[2026-05-11T13:41:50.386+0000] {processor.py:183} INFO - Processing /opt/airflow/dags/stackoverflow_migration_dag.py took 0.424 seconds
[2026-05-11T13:42:20.764+0000] {processor.py:161} INFO - Started process (PID=422) to work on /opt/airflow/dags/stackoverflow_migration_dag.py
[2026-05-11T13:42:20.767+0000] {processor.py:830} INFO - Processing file /opt/airflow/dags/stackoverflow_migration_dag.py for tasks to queue
[2026-05-11T13:42:20.770+0000] {logging_mixin.py:188} INFO - [2026-05-11T13:42:20.769+0000] {dagbag.py:545} INFO - Filling up the DagBag from /opt/airflow/dags/stackoverflow_migration_dag.py
[2026-05-11T13:42:20.836+0000] {processor.py:840} INFO - DAG(s) 'stackoverflow_medallion_pipeline' retrieved from /opt/airflow/dags/stackoverflow_migration_dag.py
[2026-05-11T13:42:20.954+0000] {logging_mixin.py:188} INFO - [2026-05-11T13:42:20.953+0000] {dag.py:3096} INFO - Sync 1 DAGs
[2026-05-11T13:42:21.040+0000] {logging_mixin.py:188} INFO - [2026-05-11T13:42:21.039+0000] {dag.py:3954} INFO - Setting next_dagrun for stackoverflow_medallion_pipeline to 2026-05-11 00:00:00+00:00, run_after=2026-05-12 00:00:00+00:00
[2026-05-11T13:42:21.107+0000] {processor.py:183} INFO - Processing /opt/airflow/dags/stackoverflow_migration_dag.py took 0.359 seconds
[2026-05-11T13:42:51.425+0000] {processor.py:161} INFO - Started process (PID=428) to work on /opt/airflow/dags/stackoverflow_migration_dag.py
[2026-05-11T13:42:51.429+0000] {processor.py:830} INFO - Processing file /opt/airflow/dags/stackoverflow_migration_dag.py for tasks to queue
[2026-05-11T13:42:51.432+0000] {logging_mixin.py:188} INFO - [2026-05-11T13:42:51.430+0000] {dagbag.py:545} INFO - Filling up the DagBag from /opt/airflow/dags/stackoverflow_migration_dag.py
[2026-05-11T13:42:51.506+0000] {processor.py:840} INFO - DAG(s) 'stackoverflow_medallion_pipeline' retrieved from /opt/airflow/dags/stackoverflow_migration_dag.py
[2026-05-11T13:42:51.626+0000] {logging_mixin.py:188} INFO - [2026-05-11T13:42:51.626+0000] {dag.py:3096} INFO - Sync 1 DAGs
[2026-05-11T13:42:51.718+0000] {logging_mixin.py:188} INFO - [2026-05-11T13:42:51.717+0000] {dag.py:3954} INFO - Setting next_dagrun for stackoverflow_medallion_pipeline to 2026-05-11 00:00:00+00:00, run_after=2026-05-12 00:00:00+00:00
[2026-05-11T13:42:51.793+0000] {processor.py:183} INFO - Processing /opt/airflow/dags/stackoverflow_migration_dag.py took 0.387 seconds
[2026-05-11T13:43:22.096+0000] {processor.py:161} INFO - Started process (PID=443) to work on /opt/airflow/dags/stackoverflow_migration_dag.py
[2026-05-11T13:43:22.098+0000] {processor.py:830} INFO - Processing file /opt/airflow/dags/stackoverflow_migration_dag.py for tasks to queue
[2026-05-11T13:43:22.100+0000] {logging_mixin.py:188} INFO - [2026-05-11T13:43:22.100+0000] {dagbag.py:545} INFO - Filling up the DagBag from /opt/airflow/dags/stackoverflow_migration_dag.py
[2026-05-11T13:43:22.155+0000] {processor.py:840} INFO - DAG(s) 'stackoverflow_medallion_pipeline' retrieved from /opt/airflow/dags/stackoverflow_migration_dag.py
[2026-05-11T13:43:22.267+0000] {logging_mixin.py:188} INFO - [2026-05-11T13:43:22.267+0000] {dag.py:3096} INFO - Sync 1 DAGs
[2026-05-11T13:43:22.338+0000] {logging_mixin.py:188} INFO - [2026-05-11T13:43:22.338+0000] {dag.py:3954} INFO - Setting next_dagrun for stackoverflow_medallion_pipeline to 2026-05-11 00:00:00+00:00, run_after=2026-05-12 00:00:00+00:00
[2026-05-11T13:43:22.398+0000] {processor.py:183} INFO - Processing /opt/airflow/dags/stackoverflow_migration_dag.py took 0.318 seconds
[2026-05-11T13:43:52.722+0000] {processor.py:161} INFO - Started process (PID=448) to work on /opt/airflow/dags/stackoverflow_migration_dag.py
[2026-05-11T13:43:52.726+0000] {processor.py:830} INFO - Processing file /opt/airflow/dags/stackoverflow_migration_dag.py for tasks to queue
[2026-05-11T13:43:52.728+0000] {logging_mixin.py:188} INFO - [2026-05-11T13:43:52.728+0000] {dagbag.py:545} INFO - Filling up the DagBag from /opt/airflow/dags/stackoverflow_migration_dag.py
[2026-05-11T13:43:52.780+0000] {processor.py:840} INFO - DAG(s) 'stackoverflow_medallion_pipeline' retrieved from /opt/airflow/dags/stackoverflow_migration_dag.py
[2026-05-11T13:43:52.895+0000] {logging_mixin.py:188} INFO - [2026-05-11T13:43:52.894+0000] {dag.py:3096} INFO - Sync 1 DAGs
[2026-05-11T13:43:52.978+0000] {logging_mixin.py:188} INFO - [2026-05-11T13:43:52.977+0000] {dag.py:3954} INFO - Setting next_dagrun for stackoverflow_medallion_pipeline to 2026-05-11 00:00:00+00:00, run_after=2026-05-12 00:00:00+00:00
[2026-05-11T13:43:53.039+0000] {processor.py:183} INFO - Processing /opt/airflow/dags/stackoverflow_migration_dag.py took 0.338 seconds
[2026-05-11T13:44:23.382+0000] {processor.py:161} INFO - Started process (PID=453) to work on /opt/airflow/dags/stackoverflow_migration_dag.py
[2026-05-11T13:44:23.384+0000] {processor.py:830} INFO - Processing file /opt/airflow/dags/stackoverflow_migration_dag.py for tasks to queue
[2026-05-11T13:44:23.387+0000] {logging_mixin.py:188} INFO - [2026-05-11T13:44:23.386+0000] {dagbag.py:545} INFO - Filling up the DagBag from /opt/airflow/dags/stackoverflow_migration_dag.py
[2026-05-11T13:44:23.447+0000] {processor.py:840} INFO - DAG(s) 'stackoverflow_medallion_pipeline' retrieved from /opt/airflow/dags/stackoverflow_migration_dag.py
[2026-05-11T13:44:23.562+0000] {logging_mixin.py:188} INFO - [2026-05-11T13:44:23.561+0000] {dag.py:3096} INFO - Sync 1 DAGs
[2026-05-11T13:44:23.639+0000] {logging_mixin.py:188} INFO - [2026-05-11T13:44:23.639+0000] {dag.py:3954} INFO - Setting next_dagrun for stackoverflow_medallion_pipeline to 2026-05-11 00:00:00+00:00, run_after=2026-05-12 00:00:00+00:00
[2026-05-11T13:44:23.699+0000] {processor.py:183} INFO - Processing /opt/airflow/dags/stackoverflow_migration_dag.py took 0.332 seconds
[2026-05-11T13:44:54.025+0000] {processor.py:161} INFO - Started process (PID=458) to work on /opt/airflow/dags/stackoverflow_migration_dag.py
[2026-05-11T13:44:54.029+0000] {processor.py:830} INFO - Processing file /opt/airflow/dags/stackoverflow_migration_dag.py for tasks to queue
[2026-05-11T13:44:54.034+0000] {logging_mixin.py:188} INFO - [2026-05-11T13:44:54.032+0000] {dagbag.py:545} INFO - Filling up the DagBag from /opt/airflow/dags/stackoverflow_migration_dag.py
[2026-05-11T13:44:54.105+0000] {processor.py:840} INFO - DAG(s) 'stackoverflow_medallion_pipeline' retrieved from /opt/airflow/dags/stackoverflow_migration_dag.py
[2026-05-11T13:44:54.228+0000] {logging_mixin.py:188} INFO - [2026-05-11T13:44:54.227+0000] {dag.py:3096} INFO - Sync 1 DAGs
[2026-05-11T13:44:54.295+0000] {logging_mixin.py:188} INFO - [2026-05-11T13:44:54.295+0000] {dag.py:3954} INFO - Setting next_dagrun for stackoverflow_medallion_pipeline to 2026-05-11 00:00:00+00:00, run_after=2026-05-12 00:00:00+00:00
[2026-05-11T13:44:54.353+0000] {processor.py:183} INFO - Processing /opt/airflow/dags/stackoverflow_migration_dag.py took 0.349 seconds
[2026-05-11T13:45:24.712+0000] {processor.py:161} INFO - Started process (PID=463) to work on /opt/airflow/dags/stackoverflow_migration_dag.py
[2026-05-11T13:45:24.715+0000] {processor.py:830} INFO - Processing file /opt/airflow/dags/stackoverflow_migration_dag.py for tasks to queue
[2026-05-11T13:45:24.721+0000] {logging_mixin.py:188} INFO - [2026-05-11T13:45:24.719+0000] {dagbag.py:545} INFO - Filling up the DagBag from /opt/airflow/dags/stackoverflow_migration_dag.py
[2026-05-11T13:45:24.797+0000] {processor.py:840} INFO - DAG(s) 'stackoverflow_medallion_pipeline' retrieved from /opt/airflow/dags/stackoverflow_migration_dag.py
[2026-05-11T13:45:24.956+0000] {logging_mixin.py:188} INFO - [2026-05-11T13:45:24.955+0000] {dag.py:3096} INFO - Sync 1 DAGs
[2026-05-11T13:45:25.065+0000] {logging_mixin.py:188} INFO - [2026-05-11T13:45:25.064+0000] {dag.py:3954} INFO - Setting next_dagrun for stackoverflow_medallion_pipeline to 2026-05-11 00:00:00+00:00, run_after=2026-05-12 00:00:00+00:00
[2026-05-11T13:45:25.159+0000] {processor.py:183} INFO - Processing /opt/airflow/dags/stackoverflow_migration_dag.py took 0.469 seconds
[2026-05-11T13:45:55.480+0000] {processor.py:161} INFO - Started process (PID=468) to work on /opt/airflow/dags/stackoverflow_migration_dag.py
[2026-05-11T13:45:55.483+0000] {processor.py:830} INFO - Processing file /opt/airflow/dags/stackoverflow_migration_dag.py for tasks to queue
[2026-05-11T13:45:55.486+0000] {logging_mixin.py:188} INFO - [2026-05-11T13:45:55.485+0000] {dagbag.py:545} INFO - Filling up the DagBag from /opt/airflow/dags/stackoverflow_migration_dag.py
[2026-05-11T13:45:55.545+0000] {processor.py:840} INFO - DAG(s) 'stackoverflow_medallion_pipeline' retrieved from /opt/airflow/dags/stackoverflow_migration_dag.py
[2026-05-11T13:45:55.648+0000] {logging_mixin.py:188} INFO - [2026-05-11T13:45:55.648+0000] {dag.py:3096} INFO - Sync 1 DAGs
[2026-05-11T13:45:55.720+0000] {logging_mixin.py:188} INFO - [2026-05-11T13:45:55.720+0000] {dag.py:3954} INFO - Setting next_dagrun for stackoverflow_medallion_pipeline to 2026-05-11 00:00:00+00:00, run_after=2026-05-12 00:00:00+00:00
[2026-05-11T13:45:55.773+0000] {processor.py:183} INFO - Processing /opt/airflow/dags/stackoverflow_migration_dag.py took 0.308 seconds
[2026-05-11T13:46:26.051+0000] {processor.py:161} INFO - Started process (PID=473) to work on /opt/airflow/dags/stackoverflow_migration_dag.py
[2026-05-11T13:46:26.053+0000] {processor.py:830} INFO - Processing file /opt/airflow/dags/stackoverflow_migration_dag.py for tasks to queue
[2026-05-11T13:46:26.055+0000] {logging_mixin.py:188} INFO - [2026-05-11T13:46:26.054+0000] {dagbag.py:545} INFO - Filling up the DagBag from /opt/airflow/dags/stackoverflow_migration_dag.py
[2026-05-11T13:46:26.102+0000] {processor.py:840} INFO - DAG(s) 'stackoverflow_medallion_pipeline' retrieved from /opt/airflow/dags/stackoverflow_migration_dag.py
[2026-05-11T13:46:26.209+0000] {logging_mixin.py:188} INFO - [2026-05-11T13:46:26.208+0000] {dag.py:3096} INFO - Sync 1 DAGs
[2026-05-11T13:46:26.282+0000] {logging_mixin.py:188} INFO - [2026-05-11T13:46:26.281+0000] {dag.py:3954} INFO - Setting next_dagrun for stackoverflow_medallion_pipeline to 2026-05-11 00:00:00+00:00, run_after=2026-05-12 00:00:00+00:00
[2026-05-11T13:46:26.339+0000] {processor.py:183} INFO - Processing /opt/airflow/dags/stackoverflow_migration_dag.py took 0.298 seconds
[2026-05-11T13:46:56.652+0000] {processor.py:161} INFO - Started process (PID=478) to work on /opt/airflow/dags/stackoverflow_migration_dag.py
[2026-05-11T13:46:56.655+0000] {processor.py:830} INFO - Processing file /opt/airflow/dags/stackoverflow_migration_dag.py for tasks to queue
[2026-05-11T13:46:56.657+0000] {logging_mixin.py:188} INFO - [2026-05-11T13:46:56.656+0000] {dagbag.py:545} INFO - Filling up the DagBag from /opt/airflow/dags/stackoverflow_migration_dag.py
[2026-05-11T13:46:56.713+0000] {processor.py:840} INFO - DAG(s) 'stackoverflow_medallion_pipeline' retrieved from /opt/airflow/dags/stackoverflow_migration_dag.py
[2026-05-11T13:46:56.825+0000] {logging_mixin.py:188} INFO - [2026-05-11T13:46:56.825+0000] {dag.py:3096} INFO - Sync 1 DAGs
[2026-05-11T13:46:56.917+0000] {logging_mixin.py:188} INFO - [2026-05-11T13:46:56.916+0000] {dag.py:3954} INFO - Setting next_dagrun for stackoverflow_medallion_pipeline to 2026-05-11 00:00:00+00:00, run_after=2026-05-12 00:00:00+00:00
[2026-05-11T13:46:56.982+0000] {processor.py:183} INFO - Processing /opt/airflow/dags/stackoverflow_migration_dag.py took 0.343 seconds
[2026-05-11T13:47:27.318+0000] {processor.py:161} INFO - Started process (PID=483) to work on /opt/airflow/dags/stackoverflow_migration_dag.py
[2026-05-11T13:47:27.321+0000] {processor.py:830} INFO - Processing file /opt/airflow/dags/stackoverflow_migration_dag.py for tasks to queue
[2026-05-11T13:47:27.323+0000] {logging_mixin.py:188} INFO - [2026-05-11T13:47:27.322+0000] {dagbag.py:545} INFO - Filling up the DagBag from /opt/airflow/dags/stackoverflow_migration_dag.py
[2026-05-11T13:47:27.382+0000] {processor.py:840} INFO - DAG(s) 'stackoverflow_medallion_pipeline' retrieved from /opt/airflow/dags/stackoverflow_migration_dag.py
[2026-05-11T13:47:27.497+0000] {logging_mixin.py:188} INFO - [2026-05-11T13:47:27.496+0000] {dag.py:3096} INFO - Sync 1 DAGs
[2026-05-11T13:47:27.604+0000] {logging_mixin.py:188} INFO - [2026-05-11T13:47:27.604+0000] {dag.py:3954} INFO - Setting next_dagrun for stackoverflow_medallion_pipeline to 2026-05-11 00:00:00+00:00, run_after=2026-05-12 00:00:00+00:00
[2026-05-11T13:47:27.676+0000] {processor.py:183} INFO - Processing /opt/airflow/dags/stackoverflow_migration_dag.py took 0.371 seconds
[2026-05-11T13:47:57.986+0000] {processor.py:161} INFO - Started process (PID=488) to work on /opt/airflow/dags/stackoverflow_migration_dag.py
[2026-05-11T13:47:57.989+0000] {processor.py:830} INFO - Processing file /opt/airflow/dags/stackoverflow_migration_dag.py for tasks to queue
[2026-05-11T13:47:57.991+0000] {logging_mixin.py:188} INFO - [2026-05-11T13:47:57.990+0000] {dagbag.py:545} INFO - Filling up the DagBag from /opt/airflow/dags/stackoverflow_migration_dag.py
[2026-05-11T13:47:58.047+0000] {processor.py:840} INFO - DAG(s) 'stackoverflow_medallion_pipeline' retrieved from /opt/airflow/dags/stackoverflow_migration_dag.py
[2026-05-11T13:47:58.302+0000] {logging_mixin.py:188} INFO - [2026-05-11T13:47:58.301+0000] {dag.py:3096} INFO - Sync 1 DAGs
[2026-05-11T13:47:58.432+0000] {logging_mixin.py:188} INFO - [2026-05-11T13:47:58.431+0000] {dag.py:3954} INFO - Setting next_dagrun for stackoverflow_medallion_pipeline to 2026-05-11 00:00:00+00:00, run_after=2026-05-12 00:00:00+00:00
[2026-05-11T13:47:58.516+0000] {processor.py:183} INFO - Processing /opt/airflow/dags/stackoverflow_migration_dag.py took 0.543 seconds
[2026-05-11T13:48:28.833+0000] {processor.py:161} INFO - Started process (PID=493) to work on /opt/airflow/dags/stackoverflow_migration_dag.py
[2026-05-11T13:48:28.836+0000] {processor.py:830} INFO - Processing file /opt/airflow/dags/stackoverflow_migration_dag.py for tasks to queue
[2026-05-11T13:48:28.842+0000] {logging_mixin.py:188} INFO - [2026-05-11T13:48:28.840+0000] {dagbag.py:545} INFO - Filling up the DagBag from /opt/airflow/dags/stackoverflow_migration_dag.py
[2026-05-11T13:48:28.904+0000] {processor.py:840} INFO - DAG(s) 'stackoverflow_medallion_pipeline' retrieved from /opt/airflow/dags/stackoverflow_migration_dag.py
[2026-05-11T13:48:29.018+0000] {logging_mixin.py:188} INFO - [2026-05-11T13:48:29.018+0000] {dag.py:3096} INFO - Sync 1 DAGs
[2026-05-11T13:48:29.104+0000] {logging_mixin.py:188} INFO - [2026-05-11T13:48:29.103+0000] {dag.py:3954} INFO - Setting next_dagrun for stackoverflow_medallion_pipeline to 2026-05-11 00:00:00+00:00, run_after=2026-05-12 00:00:00+00:00
[2026-05-11T13:48:29.174+0000] {processor.py:183} INFO - Processing /opt/airflow/dags/stackoverflow_migration_dag.py took 0.355 seconds
[2026-05-11T13:48:59.455+0000] {processor.py:161} INFO - Started process (PID=498) to work on /opt/airflow/dags/stackoverflow_migration_dag.py
[2026-05-11T13:48:59.457+0000] {processor.py:830} INFO - Processing file /opt/airflow/dags/stackoverflow_migration_dag.py for tasks to queue
[2026-05-11T13:48:59.459+0000] {logging_mixin.py:188} INFO - [2026-05-11T13:48:59.458+0000] {dagbag.py:545} INFO - Filling up the DagBag from /opt/airflow/dags/stackoverflow_migration_dag.py
[2026-05-11T13:48:59.521+0000] {processor.py:840} INFO - DAG(s) 'stackoverflow_medallion_pipeline' retrieved from /opt/airflow/dags/stackoverflow_migration_dag.py
[2026-05-11T13:48:59.628+0000] {logging_mixin.py:188} INFO - [2026-05-11T13:48:59.628+0000] {dag.py:3096} INFO - Sync 1 DAGs
[2026-05-11T13:48:59.704+0000] {logging_mixin.py:188} INFO - [2026-05-11T13:48:59.703+0000] {dag.py:3954} INFO - Setting next_dagrun for stackoverflow_medallion_pipeline to 2026-05-11 00:00:00+00:00, run_after=2026-05-12 00:00:00+00:00
[2026-05-11T13:48:59.760+0000] {processor.py:183} INFO - Processing /opt/airflow/dags/stackoverflow_migration_dag.py took 0.318 seconds
[2026-05-11T13:49:30.037+0000] {processor.py:161} INFO - Started process (PID=503) to work on /opt/airflow/dags/stackoverflow_migration_dag.py
[2026-05-11T13:49:30.039+0000] {processor.py:830} INFO - Processing file /opt/airflow/dags/stackoverflow_migration_dag.py for tasks to queue
[2026-05-11T13:49:30.043+0000] {logging_mixin.py:188} INFO - [2026-05-11T13:49:30.040+0000] {dagbag.py:545} INFO - Filling up the DagBag from /opt/airflow/dags/stackoverflow_migration_dag.py
[2026-05-11T13:49:30.091+0000] {processor.py:840} INFO - DAG(s) 'stackoverflow_medallion_pipeline' retrieved from /opt/airflow/dags/stackoverflow_migration_dag.py
[2026-05-11T13:49:30.193+0000] {logging_mixin.py:188} INFO - [2026-05-11T13:49:30.193+0000] {dag.py:3096} INFO - Sync 1 DAGs
[2026-05-11T13:49:30.263+0000] {logging_mixin.py:188} INFO - [2026-05-11T13:49:30.262+0000] {dag.py:3954} INFO - Setting next_dagrun for stackoverflow_medallion_pipeline to 2026-05-11 00:00:00+00:00, run_after=2026-05-12 00:00:00+00:00
[2026-05-11T13:49:30.319+0000] {processor.py:183} INFO - Processing /opt/airflow/dags/stackoverflow_migration_dag.py took 0.293 seconds
[2026-05-11T13:50:00.610+0000] {processor.py:161} INFO - Started process (PID=508) to work on /opt/airflow/dags/stackoverflow_migration_dag.py
[2026-05-11T13:50:00.612+0000] {processor.py:830} INFO - Processing file /opt/airflow/dags/stackoverflow_migration_dag.py for tasks to queue
[2026-05-11T13:50:00.615+0000] {logging_mixin.py:188} INFO - [2026-05-11T13:50:00.614+0000] {dagbag.py:545} INFO - Filling up the DagBag from /opt/airflow/dags/stackoverflow_migration_dag.py
[2026-05-11T13:50:00.681+0000] {processor.py:840} INFO - DAG(s) 'stackoverflow_medallion_pipeline' retrieved from /opt/airflow/dags/stackoverflow_migration_dag.py
[2026-05-11T13:50:00.823+0000] {logging_mixin.py:188} INFO - [2026-05-11T13:50:00.823+0000] {dag.py:3096} INFO - Sync 1 DAGs
[2026-05-11T13:50:00.928+0000] {logging_mixin.py:188} INFO - [2026-05-11T13:50:00.927+0000] {dag.py:3954} INFO - Setting next_dagrun for stackoverflow_medallion_pipeline to 2026-05-11 00:00:00+00:00, run_after=2026-05-12 00:00:00+00:00
[2026-05-11T13:50:00.997+0000] {processor.py:183} INFO - Processing /opt/airflow/dags/stackoverflow_migration_dag.py took 0.404 seconds
[2026-05-11T13:50:31.287+0000] {processor.py:161} INFO - Started process (PID=513) to work on /opt/airflow/dags/stackoverflow_migration_dag.py
[2026-05-11T13:50:31.289+0000] {processor.py:830} INFO - Processing file /opt/airflow/dags/stackoverflow_migration_dag.py for tasks to queue
[2026-05-11T13:50:31.290+0000] {logging_mixin.py:188} INFO - [2026-05-11T13:50:31.290+0000] {dagbag.py:545} INFO - Filling up the DagBag from /opt/airflow/dags/stackoverflow_migration_dag.py
[2026-05-11T13:50:31.335+0000] {processor.py:840} INFO - DAG(s) 'stackoverflow_medallion_pipeline' retrieved from /opt/airflow/dags/stackoverflow_migration_dag.py
[2026-05-11T13:50:31.424+0000] {logging_mixin.py:188} INFO - [2026-05-11T13:50:31.423+0000] {dag.py:3096} INFO - Sync 1 DAGs
[2026-05-11T13:50:31.486+0000] {logging_mixin.py:188} INFO - [2026-05-11T13:50:31.486+0000] {dag.py:3954} INFO - Setting next_dagrun for stackoverflow_medallion_pipeline to 2026-05-11 00:00:00+00:00, run_after=2026-05-12 00:00:00+00:00
[2026-05-11T13:50:31.538+0000] {processor.py:183} INFO - Processing /opt/airflow/dags/stackoverflow_migration_dag.py took 0.262 seconds
[2026-05-11T13:51:01.819+0000] {processor.py:161} INFO - Started process (PID=518) to work on /opt/airflow/dags/stackoverflow_migration_dag.py
[2026-05-11T13:51:01.821+0000] {processor.py:830} INFO - Processing file /opt/airflow/dags/stackoverflow_migration_dag.py for tasks to queue
[2026-05-11T13:51:01.825+0000] {logging_mixin.py:188} INFO - [2026-05-11T13:51:01.824+0000] {dagbag.py:545} INFO - Filling up the DagBag from /opt/airflow/dags/stackoverflow_migration_dag.py
[2026-05-11T13:51:01.882+0000] {processor.py:840} INFO - DAG(s) 'stackoverflow_medallion_pipeline' retrieved from /opt/airflow/dags/stackoverflow_migration_dag.py
[2026-05-11T13:51:01.981+0000] {logging_mixin.py:188} INFO - [2026-05-11T13:51:01.981+0000] {dag.py:3096} INFO - Sync 1 DAGs
[2026-05-11T13:51:02.056+0000] {logging_mixin.py:188} INFO - [2026-05-11T13:51:02.055+0000] {dag.py:3954} INFO - Setting next_dagrun for stackoverflow_medallion_pipeline to 2026-05-11 00:00:00+00:00, run_after=2026-05-12 00:00:00+00:00
[2026-05-11T13:51:02.110+0000] {processor.py:183} INFO - Processing /opt/airflow/dags/stackoverflow_migration_dag.py took 0.308 seconds
[2026-05-11T13:51:32.383+0000] {processor.py:161} INFO - Started process (PID=523) to work on /opt/airflow/dags/stackoverflow_migration_dag.py
[2026-05-11T13:51:32.385+0000] {processor.py:830} INFO - Processing file /opt/airflow/dags/stackoverflow_migration_dag.py for tasks to queue
[2026-05-11T13:51:32.387+0000] {logging_mixin.py:188} INFO - [2026-05-11T13:51:32.387+0000] {dagbag.py:545} INFO - Filling up the DagBag from /opt/airflow/dags/stackoverflow_migration_dag.py
[2026-05-11T13:51:32.445+0000] {processor.py:840} INFO - DAG(s) 'stackoverflow_medallion_pipeline' retrieved from /opt/airflow/dags/stackoverflow_migration_dag.py
[2026-05-11T13:51:32.547+0000] {logging_mixin.py:188} INFO - [2026-05-11T13:51:32.546+0000] {dag.py:3096} INFO - Sync 1 DAGs
[2026-05-11T13:51:32.616+0000] {logging_mixin.py:188} INFO - [2026-05-11T13:51:32.616+0000] {dag.py:3954} INFO - Setting next_dagrun for stackoverflow_medallion_pipeline to 2026-05-11 00:00:00+00:00, run_after=2026-05-12 00:00:00+00:00
[2026-05-11T13:51:32.669+0000] {processor.py:183} INFO - Processing /opt/airflow/dags/stackoverflow_migration_dag.py took 0.300 seconds
[2026-05-11T13:52:02.930+0000] {processor.py:161} INFO - Started process (PID=528) to work on /opt/airflow/dags/stackoverflow_migration_dag.py
[2026-05-11T13:52:02.932+0000] {processor.py:830} INFO - Processing file /opt/airflow/dags/stackoverflow_migration_dag.py for tasks to queue
[2026-05-11T13:52:02.934+0000] {logging_mixin.py:188} INFO - [2026-05-11T13:52:02.933+0000] {dagbag.py:545} INFO - Filling up the DagBag from /opt/airflow/dags/stackoverflow_migration_dag.py
[2026-05-11T13:52:02.979+0000] {processor.py:840} INFO - DAG(s) 'stackoverflow_medallion_pipeline' retrieved from /opt/airflow/dags/stackoverflow_migration_dag.py
[2026-05-11T13:52:03.075+0000] {logging_mixin.py:188} INFO - [2026-05-11T13:52:03.074+0000] {dag.py:3096} INFO - Sync 1 DAGs
[2026-05-11T13:52:03.141+0000] {logging_mixin.py:188} INFO - [2026-05-11T13:52:03.141+0000] {dag.py:3954} INFO - Setting next_dagrun for stackoverflow_medallion_pipeline to 2026-05-11 00:00:00+00:00, run_after=2026-05-12 00:00:00+00:00
[2026-05-11T13:52:03.194+0000] {processor.py:183} INFO - Processing /opt/airflow/dags/stackoverflow_migration_dag.py took 0.274 seconds
[2026-05-11T13:52:33.456+0000] {processor.py:161} INFO - Started process (PID=533) to work on /opt/airflow/dags/stackoverflow_migration_dag.py
[2026-05-11T13:52:33.458+0000] {processor.py:830} INFO - Processing file /opt/airflow/dags/stackoverflow_migration_dag.py for tasks to queue
[2026-05-11T13:52:33.460+0000] {logging_mixin.py:188} INFO - [2026-05-11T13:52:33.459+0000] {dagbag.py:545} INFO - Filling up the DagBag from /opt/airflow/dags/stackoverflow_migration_dag.py
[2026-05-11T13:52:33.504+0000] {processor.py:840} INFO - DAG(s) 'stackoverflow_medallion_pipeline' retrieved from /opt/airflow/dags/stackoverflow_migration_dag.py
[2026-05-11T13:52:33.603+0000] {logging_mixin.py:188} INFO - [2026-05-11T13:52:33.602+0000] {dag.py:3096} INFO - Sync 1 DAGs
[2026-05-11T13:52:33.684+0000] {logging_mixin.py:188} INFO - [2026-05-11T13:52:33.684+0000] {dag.py:3954} INFO - Setting next_dagrun for stackoverflow_medallion_pipeline to 2026-05-11 00:00:00+00:00, run_after=2026-05-12 00:00:00+00:00
[2026-05-11T13:52:33.741+0000] {processor.py:183} INFO - Processing /opt/airflow/dags/stackoverflow_migration_dag.py took 0.295 seconds
[2026-05-11T13:53:04.005+0000] {processor.py:161} INFO - Started process (PID=538) to work on /opt/airflow/dags/stackoverflow_migration_dag.py
[2026-05-11T13:53:04.007+0000] {processor.py:830} INFO - Processing file /opt/airflow/dags/stackoverflow_migration_dag.py for tasks to queue
[2026-05-11T13:53:04.009+0000] {logging_mixin.py:188} INFO - [2026-05-11T13:53:04.008+0000] {dagbag.py:545} INFO - Filling up the DagBag from /opt/airflow/dags/stackoverflow_migration_dag.py
[2026-05-11T13:53:04.059+0000] {processor.py:840} INFO - DAG(s) 'stackoverflow_medallion_pipeline' retrieved from /opt/airflow/dags/stackoverflow_migration_dag.py
[2026-05-11T13:53:04.160+0000] {logging_mixin.py:188} INFO - [2026-05-11T13:53:04.160+0000] {dag.py:3096} INFO - Sync 1 DAGs
[2026-05-11T13:53:04.229+0000] {logging_mixin.py:188} INFO - [2026-05-11T13:53:04.229+0000] {dag.py:3954} INFO - Setting next_dagrun for stackoverflow_medallion_pipeline to 2026-05-11 00:00:00+00:00, run_after=2026-05-12 00:00:00+00:00
[2026-05-11T13:53:04.283+0000] {processor.py:183} INFO - Processing /opt/airflow/dags/stackoverflow_migration_dag.py took 0.288 seconds
[2026-05-11T13:53:34.563+0000] {processor.py:161} INFO - Started process (PID=543) to work on /opt/airflow/dags/stackoverflow_migration_dag.py
[2026-05-11T13:53:34.567+0000] {processor.py:830} INFO - Processing file /opt/airflow/dags/stackoverflow_migration_dag.py for tasks to queue
[2026-05-11T13:53:34.569+0000] {logging_mixin.py:188} INFO - [2026-05-11T13:53:34.568+0000] {dagbag.py:545} INFO - Filling up the DagBag from /opt/airflow/dags/stackoverflow_migration_dag.py
[2026-05-11T13:53:34.624+0000] {processor.py:840} INFO - DAG(s) 'stackoverflow_medallion_pipeline' retrieved from /opt/airflow/dags/stackoverflow_migration_dag.py
[2026-05-11T13:53:34.736+0000] {logging_mixin.py:188} INFO - [2026-05-11T13:53:34.736+0000] {dag.py:3096} INFO - Sync 1 DAGs
[2026-05-11T13:53:34.817+0000] {logging_mixin.py:188} INFO - [2026-05-11T13:53:34.816+0000] {dag.py:3954} INFO - Setting next_dagrun for stackoverflow_medallion_pipeline to 2026-05-11 00:00:00+00:00, run_after=2026-05-12 00:00:00+00:00
[2026-05-11T13:53:34.878+0000] {processor.py:183} INFO - Processing /opt/airflow/dags/stackoverflow_migration_dag.py took 0.326 seconds
[2026-05-11T13:54:05.156+0000] {processor.py:161} INFO - Started process (PID=548) to work on /opt/airflow/dags/stackoverflow_migration_dag.py
[2026-05-11T13:54:05.158+0000] {processor.py:830} INFO - Processing file /opt/airflow/dags/stackoverflow_migration_dag.py for tasks to queue
[2026-05-11T13:54:05.160+0000] {logging_mixin.py:188} INFO - [2026-05-11T13:54:05.159+0000] {dagbag.py:545} INFO - Filling up the DagBag from /opt/airflow/dags/stackoverflow_migration_dag.py
[2026-05-11T13:54:05.207+0000] {processor.py:840} INFO - DAG(s) 'stackoverflow_medallion_pipeline' retrieved from /opt/airflow/dags/stackoverflow_migration_dag.py
[2026-05-11T13:54:05.303+0000] {logging_mixin.py:188} INFO - [2026-05-11T13:54:05.303+0000] {dag.py:3096} INFO - Sync 1 DAGs
[2026-05-11T13:54:05.375+0000] {logging_mixin.py:188} INFO - [2026-05-11T13:54:05.374+0000] {dag.py:3954} INFO - Setting next_dagrun for stackoverflow_medallion_pipeline to 2026-05-11 00:00:00+00:00, run_after=2026-05-12 00:00:00+00:00
[2026-05-11T13:54:05.431+0000] {processor.py:183} INFO - Processing /opt/airflow/dags/stackoverflow_migration_dag.py took 0.287 seconds
[2026-05-11T13:54:38.214+0000] {processor.py:161} INFO - Started process (PID=553) to work on /opt/airflow/dags/stackoverflow_migration_dag.py
[2026-05-11T13:54:38.218+0000] {processor.py:830} INFO - Processing file /opt/airflow/dags/stackoverflow_migration_dag.py for tasks to queue
[2026-05-11T13:54:38.236+0000] {logging_mixin.py:188} INFO - [2026-05-11T13:54:38.235+0000] {dagbag.py:545} INFO - Filling up the DagBag from /opt/airflow/dags/stackoverflow_migration_dag.py
[2026-05-11T13:54:38.394+0000] {processor.py:840} INFO - DAG(s) 'stackoverflow_medallion_pipeline' retrieved from /opt/airflow/dags/stackoverflow_migration_dag.py
[2026-05-11T13:54:38.632+0000] {logging_mixin.py:188} INFO - [2026-05-11T13:54:38.631+0000] {dag.py:3096} INFO - Sync 1 DAGs
[2026-05-11T13:54:38.795+0000] {logging_mixin.py:188} INFO - [2026-05-11T13:54:38.795+0000] {dag.py:3954} INFO - Setting next_dagrun for stackoverflow_medallion_pipeline to 2026-05-11 00:00:00+00:00, run_after=2026-05-12 00:00:00+00:00
[2026-05-11T13:54:38.887+0000] {processor.py:183} INFO - Processing /opt/airflow/dags/stackoverflow_migration_dag.py took 0.710 seconds
[2026-05-11T13:55:09.364+0000] {processor.py:161} INFO - Started process (PID=558) to work on /opt/airflow/dags/stackoverflow_migration_dag.py
[2026-05-11T13:55:09.377+0000] {processor.py:830} INFO - Processing file /opt/airflow/dags/stackoverflow_migration_dag.py for tasks to queue
[2026-05-11T13:55:09.385+0000] {logging_mixin.py:188} INFO - [2026-05-11T13:55:09.384+0000] {dagbag.py:545} INFO - Filling up the DagBag from /opt/airflow/dags/stackoverflow_migration_dag.py
[2026-05-11T13:55:09.656+0000] {processor.py:840} INFO - DAG(s) 'stackoverflow_medallion_pipeline' retrieved from /opt/airflow/dags/stackoverflow_migration_dag.py
[2026-05-11T13:55:10.057+0000] {logging_mixin.py:188} INFO - [2026-05-11T13:55:10.057+0000] {dag.py:3096} INFO - Sync 1 DAGs
[2026-05-11T13:55:10.268+0000] {logging_mixin.py:188} INFO - [2026-05-11T13:55:10.268+0000] {dag.py:3954} INFO - Setting next_dagrun for stackoverflow_medallion_pipeline to 2026-05-11 00:00:00+00:00, run_after=2026-05-12 00:00:00+00:00
[2026-05-11T13:55:10.408+0000] {processor.py:183} INFO - Processing /opt/airflow/dags/stackoverflow_migration_dag.py took 1.075 seconds
[2026-05-11T13:55:40.667+0000] {processor.py:161} INFO - Started process (PID=563) to work on /opt/airflow/dags/stackoverflow_migration_dag.py
[2026-05-11T13:55:40.669+0000] {processor.py:830} INFO - Processing file /opt/airflow/dags/stackoverflow_migration_dag.py for tasks to queue
[2026-05-11T13:55:40.671+0000] {logging_mixin.py:188} INFO - [2026-05-11T13:55:40.670+0000] {dagbag.py:545} INFO - Filling up the DagBag from /opt/airflow/dags/stackoverflow_migration_dag.py
[2026-05-11T13:55:40.735+0000] {processor.py:840} INFO - DAG(s) 'stackoverflow_medallion_pipeline' retrieved from /opt/airflow/dags/stackoverflow_migration_dag.py
[2026-05-11T13:55:40.850+0000] {logging_mixin.py:188} INFO - [2026-05-11T13:55:40.850+0000] {dag.py:3096} INFO - Sync 1 DAGs
[2026-05-11T13:55:40.940+0000] {logging_mixin.py:188} INFO - [2026-05-11T13:55:40.940+0000] {dag.py:3954} INFO - Setting next_dagrun for stackoverflow_medallion_pipeline to 2026-05-11 00:00:00+00:00, run_after=2026-05-12 00:00:00+00:00
[2026-05-11T13:55:40.999+0000] {processor.py:183} INFO - Processing /opt/airflow/dags/stackoverflow_migration_dag.py took 0.344 seconds
[2026-05-11T13:56:11.290+0000] {processor.py:161} INFO - Started process (PID=568) to work on /opt/airflow/dags/stackoverflow_migration_dag.py
[2026-05-11T13:56:11.292+0000] {processor.py:830} INFO - Processing file /opt/airflow/dags/stackoverflow_migration_dag.py for tasks to queue
[2026-05-11T13:56:11.294+0000] {logging_mixin.py:188} INFO - [2026-05-11T13:56:11.294+0000] {dagbag.py:545} INFO - Filling up the DagBag from /opt/airflow/dags/stackoverflow_migration_dag.py
[2026-05-11T13:56:11.344+0000] {processor.py:840} INFO - DAG(s) 'stackoverflow_medallion_pipeline' retrieved from /opt/airflow/dags/stackoverflow_migration_dag.py
[2026-05-11T13:56:11.452+0000] {logging_mixin.py:188} INFO - [2026-05-11T13:56:11.452+0000] {dag.py:3096} INFO - Sync 1 DAGs
[2026-05-11T13:56:11.530+0000] {logging_mixin.py:188} INFO - [2026-05-11T13:56:11.530+0000] {dag.py:3954} INFO - Setting next_dagrun for stackoverflow_medallion_pipeline to 2026-05-11 00:00:00+00:00, run_after=2026-05-12 00:00:00+00:00
[2026-05-11T13:56:11.590+0000] {processor.py:183} INFO - Processing /opt/airflow/dags/stackoverflow_migration_dag.py took 0.310 seconds
[2026-05-11T13:56:41.858+0000] {processor.py:161} INFO - Started process (PID=573) to work on /opt/airflow/dags/stackoverflow_migration_dag.py
[2026-05-11T13:56:41.860+0000] {processor.py:830} INFO - Processing file /opt/airflow/dags/stackoverflow_migration_dag.py for tasks to queue
[2026-05-11T13:56:41.862+0000] {logging_mixin.py:188} INFO - [2026-05-11T13:56:41.861+0000] {dagbag.py:545} INFO - Filling up the DagBag from /opt/airflow/dags/stackoverflow_migration_dag.py
[2026-05-11T13:56:41.908+0000] {processor.py:840} INFO - DAG(s) 'stackoverflow_medallion_pipeline' retrieved from /opt/airflow/dags/stackoverflow_migration_dag.py
[2026-05-11T13:56:42.001+0000] {logging_mixin.py:188} INFO - [2026-05-11T13:56:42.001+0000] {dag.py:3096} INFO - Sync 1 DAGs
[2026-05-11T13:56:42.066+0000] {logging_mixin.py:188} INFO - [2026-05-11T13:56:42.066+0000] {dag.py:3954} INFO - Setting next_dagrun for stackoverflow_medallion_pipeline to 2026-05-11 00:00:00+00:00, run_after=2026-05-12 00:00:00+00:00
[2026-05-11T13:56:42.117+0000] {processor.py:183} INFO - Processing /opt/airflow/dags/stackoverflow_migration_dag.py took 0.270 seconds
[2026-05-11T13:57:12.384+0000] {processor.py:161} INFO - Started process (PID=578) to work on /opt/airflow/dags/stackoverflow_migration_dag.py
[2026-05-11T13:57:12.387+0000] {processor.py:830} INFO - Processing file /opt/airflow/dags/stackoverflow_migration_dag.py for tasks to queue
[2026-05-11T13:57:12.389+0000] {logging_mixin.py:188} INFO - [2026-05-11T13:57:12.388+0000] {dagbag.py:545} INFO - Filling up the DagBag from /opt/airflow/dags/stackoverflow_migration_dag.py
[2026-05-11T13:57:12.440+0000] {processor.py:840} INFO - DAG(s) 'stackoverflow_medallion_pipeline' retrieved from /opt/airflow/dags/stackoverflow_migration_dag.py
[2026-05-11T13:57:12.530+0000] {logging_mixin.py:188} INFO - [2026-05-11T13:57:12.529+0000] {dag.py:3096} INFO - Sync 1 DAGs
[2026-05-11T13:57:12.590+0000] {logging_mixin.py:188} INFO - [2026-05-11T13:57:12.590+0000] {dag.py:3954} INFO - Setting next_dagrun for stackoverflow_medallion_pipeline to 2026-05-11 00:00:00+00:00, run_after=2026-05-12 00:00:00+00:00
[2026-05-11T13:57:12.642+0000] {processor.py:183} INFO - Processing /opt/airflow/dags/stackoverflow_migration_dag.py took 0.271 seconds
[2026-05-11T13:57:42.905+0000] {processor.py:161} INFO - Started process (PID=583) to work on /opt/airflow/dags/stackoverflow_migration_dag.py
[2026-05-11T13:57:42.907+0000] {processor.py:830} INFO - Processing file /opt/airflow/dags/stackoverflow_migration_dag.py for tasks to queue
[2026-05-11T13:57:42.910+0000] {logging_mixin.py:188} INFO - [2026-05-11T13:57:42.909+0000] {dagbag.py:545} INFO - Filling up the DagBag from /opt/airflow/dags/stackoverflow_migration_dag.py
[2026-05-11T13:57:42.961+0000] {processor.py:840} INFO - DAG(s) 'stackoverflow_medallion_pipeline' retrieved from /opt/airflow/dags/stackoverflow_migration_dag.py
[2026-05-11T13:57:43.068+0000] {logging_mixin.py:188} INFO - [2026-05-11T13:57:43.067+0000] {dag.py:3096} INFO - Sync 1 DAGs
[2026-05-11T13:57:43.134+0000] {logging_mixin.py:188} INFO - [2026-05-11T13:57:43.133+0000] {dag.py:3954} INFO - Setting next_dagrun for stackoverflow_medallion_pipeline to 2026-05-11 00:00:00+00:00, run_after=2026-05-12 00:00:00+00:00
[2026-05-11T13:57:43.186+0000] {processor.py:183} INFO - Processing /opt/airflow/dags/stackoverflow_migration_dag.py took 0.291 seconds
[2026-05-11T13:58:13.458+0000] {processor.py:161} INFO - Started process (PID=588) to work on /opt/airflow/dags/stackoverflow_migration_dag.py
[2026-05-11T13:58:13.460+0000] {processor.py:830} INFO - Processing file /opt/airflow/dags/stackoverflow_migration_dag.py for tasks to queue
[2026-05-11T13:58:13.462+0000] {logging_mixin.py:188} INFO - [2026-05-11T13:58:13.461+0000] {dagbag.py:545} INFO - Filling up the DagBag from /opt/airflow/dags/stackoverflow_migration_dag.py
[2026-05-11T13:58:13.514+0000] {processor.py:840} INFO - DAG(s) 'stackoverflow_medallion_pipeline' retrieved from /opt/airflow/dags/stackoverflow_migration_dag.py
[2026-05-11T13:58:13.622+0000] {logging_mixin.py:188} INFO - [2026-05-11T13:58:13.622+0000] {dag.py:3096} INFO - Sync 1 DAGs
[2026-05-11T13:58:13.698+0000] {logging_mixin.py:188} INFO - [2026-05-11T13:58:13.697+0000] {dag.py:3954} INFO - Setting next_dagrun for stackoverflow_medallion_pipeline to 2026-05-11 00:00:00+00:00, run_after=2026-05-12 00:00:00+00:00
[2026-05-11T13:58:13.753+0000] {processor.py:183} INFO - Processing /opt/airflow/dags/stackoverflow_migration_dag.py took 0.306 seconds
[2026-05-11T13:58:44.023+0000] {processor.py:161} INFO - Started process (PID=593) to work on /opt/airflow/dags/stackoverflow_migration_dag.py
[2026-05-11T13:58:44.025+0000] {processor.py:830} INFO - Processing file /opt/airflow/dags/stackoverflow_migration_dag.py for tasks to queue
[2026-05-11T13:58:44.027+0000] {logging_mixin.py:188} INFO - [2026-05-11T13:58:44.027+0000] {dagbag.py:545} INFO - Filling up the DagBag from /opt/airflow/dags/stackoverflow_migration_dag.py
[2026-05-11T13:58:44.073+0000] {processor.py:840} INFO - DAG(s) 'stackoverflow_medallion_pipeline' retrieved from /opt/airflow/dags/stackoverflow_migration_dag.py
[2026-05-11T13:58:44.173+0000] {logging_mixin.py:188} INFO - [2026-05-11T13:58:44.173+0000] {dag.py:3096} INFO - Sync 1 DAGs
[2026-05-11T13:58:44.240+0000] {logging_mixin.py:188} INFO - [2026-05-11T13:58:44.240+0000] {dag.py:3954} INFO - Setting next_dagrun for stackoverflow_medallion_pipeline to 2026-05-11 00:00:00+00:00, run_after=2026-05-12 00:00:00+00:00
[2026-05-11T13:58:44.292+0000] {processor.py:183} INFO - Processing /opt/airflow/dags/stackoverflow_migration_dag.py took 0.277 seconds
[2026-05-11T13:59:14.568+0000] {processor.py:161} INFO - Started process (PID=598) to work on /opt/airflow/dags/stackoverflow_migration_dag.py
[2026-05-11T13:59:14.571+0000] {processor.py:830} INFO - Processing file /opt/airflow/dags/stackoverflow_migration_dag.py for tasks to queue
[2026-05-11T13:59:14.576+0000] {logging_mixin.py:188} INFO - [2026-05-11T13:59:14.574+0000] {dagbag.py:545} INFO - Filling up the DagBag from /opt/airflow/dags/stackoverflow_migration_dag.py
[2026-05-11T13:59:14.641+0000] {processor.py:840} INFO - DAG(s) 'stackoverflow_medallion_pipeline' retrieved from /opt/airflow/dags/stackoverflow_migration_dag.py
[2026-05-11T13:59:14.758+0000] {logging_mixin.py:188} INFO - [2026-05-11T13:59:14.757+0000] {dag.py:3096} INFO - Sync 1 DAGs
[2026-05-11T13:59:14.833+0000] {logging_mixin.py:188} INFO - [2026-05-11T13:59:14.833+0000] {dag.py:3954} INFO - Setting next_dagrun for stackoverflow_medallion_pipeline to 2026-05-11 00:00:00+00:00, run_after=2026-05-12 00:00:00+00:00
[2026-05-11T13:59:14.891+0000] {processor.py:183} INFO - Processing /opt/airflow/dags/stackoverflow_migration_dag.py took 0.337 seconds
[2026-05-11T13:59:45.167+0000] {processor.py:161} INFO - Started process (PID=603) to work on /opt/airflow/dags/stackoverflow_migration_dag.py
[2026-05-11T13:59:45.169+0000] {processor.py:830} INFO - Processing file /opt/airflow/dags/stackoverflow_migration_dag.py for tasks to queue
[2026-05-11T13:59:45.171+0000] {logging_mixin.py:188} INFO - [2026-05-11T13:59:45.171+0000] {dagbag.py:545} INFO - Filling up the DagBag from /opt/airflow/dags/stackoverflow_migration_dag.py
[2026-05-11T13:59:45.221+0000] {processor.py:840} INFO - DAG(s) 'stackoverflow_medallion_pipeline' retrieved from /opt/airflow/dags/stackoverflow_migration_dag.py
[2026-05-11T13:59:45.317+0000] {logging_mixin.py:188} INFO - [2026-05-11T13:59:45.317+0000] {dag.py:3096} INFO - Sync 1 DAGs
[2026-05-11T13:59:45.382+0000] {logging_mixin.py:188} INFO - [2026-05-11T13:59:45.381+0000] {dag.py:3954} INFO - Setting next_dagrun for stackoverflow_medallion_pipeline to 2026-05-11 00:00:00+00:00, run_after=2026-05-12 00:00:00+00:00
[2026-05-11T13:59:45.433+0000] {processor.py:183} INFO - Processing /opt/airflow/dags/stackoverflow_migration_dag.py took 0.277 seconds
[2026-05-11T14:00:15.673+0000] {processor.py:161} INFO - Started process (PID=608) to work on /opt/airflow/dags/stackoverflow_migration_dag.py
[2026-05-11T14:00:15.675+0000] {processor.py:830} INFO - Processing file /opt/airflow/dags/stackoverflow_migration_dag.py for tasks to queue
[2026-05-11T14:00:15.677+0000] {logging_mixin.py:188} INFO - [2026-05-11T14:00:15.676+0000] {dagbag.py:545} INFO - Filling up the DagBag from /opt/airflow/dags/stackoverflow_migration_dag.py
[2026-05-11T14:00:15.720+0000] {processor.py:840} INFO - DAG(s) 'stackoverflow_medallion_pipeline' retrieved from /opt/airflow/dags/stackoverflow_migration_dag.py
[2026-05-11T14:00:15.806+0000] {logging_mixin.py:188} INFO - [2026-05-11T14:00:15.806+0000] {dag.py:3096} INFO - Sync 1 DAGs
[2026-05-11T14:00:15.871+0000] {logging_mixin.py:188} INFO - [2026-05-11T14:00:15.871+0000] {dag.py:3954} INFO - Setting next_dagrun for stackoverflow_medallion_pipeline to 2026-05-11 00:00:00+00:00, run_after=2026-05-12 00:00:00+00:00
[2026-05-11T14:00:15.926+0000] {processor.py:183} INFO - Processing /opt/airflow/dags/stackoverflow_migration_dag.py took 0.262 seconds
[2026-05-11T14:00:46.194+0000] {processor.py:161} INFO - Started process (PID=613) to work on /opt/airflow/dags/stackoverflow_migration_dag.py
[2026-05-11T14:00:46.196+0000] {processor.py:830} INFO - Processing file /opt/airflow/dags/stackoverflow_migration_dag.py for tasks to queue
[2026-05-11T14:00:46.198+0000] {logging_mixin.py:188} INFO - [2026-05-11T14:00:46.197+0000] {dagbag.py:545} INFO - Filling up the DagBag from /opt/airflow/dags/stackoverflow_migration_dag.py
[2026-05-11T14:00:46.246+0000] {processor.py:840} INFO - DAG(s) 'stackoverflow_medallion_pipeline' retrieved from /opt/airflow/dags/stackoverflow_migration_dag.py
[2026-05-11T14:00:46.345+0000] {logging_mixin.py:188} INFO - [2026-05-11T14:00:46.344+0000] {dag.py:3096} INFO - Sync 1 DAGs
[2026-05-11T14:00:46.410+0000] {logging_mixin.py:188} INFO - [2026-05-11T14:00:46.410+0000] {dag.py:3954} INFO - Setting next_dagrun for stackoverflow_medallion_pipeline to 2026-05-11 00:00:00+00:00, run_after=2026-05-12 00:00:00+00:00
[2026-05-11T14:00:46.464+0000] {processor.py:183} INFO - Processing /opt/airflow/dags/stackoverflow_migration_dag.py took 0.280 seconds
[2026-05-11T14:01:16.735+0000] {processor.py:161} INFO - Started process (PID=618) to work on /opt/airflow/dags/stackoverflow_migration_dag.py
[2026-05-11T14:01:16.737+0000] {processor.py:830} INFO - Processing file /opt/airflow/dags/stackoverflow_migration_dag.py for tasks to queue
[2026-05-11T14:01:16.739+0000] {logging_mixin.py:188} INFO - [2026-05-11T14:01:16.738+0000] {dagbag.py:545} INFO - Filling up the DagBag from /opt/airflow/dags/stackoverflow_migration_dag.py
[2026-05-11T14:01:16.784+0000] {processor.py:840} INFO - DAG(s) 'stackoverflow_medallion_pipeline' retrieved from /opt/airflow/dags/stackoverflow_migration_dag.py
[2026-05-11T14:01:16.886+0000] {logging_mixin.py:188} INFO - [2026-05-11T14:01:16.886+0000] {dag.py:3096} INFO - Sync 1 DAGs
[2026-05-11T14:01:16.959+0000] {logging_mixin.py:188} INFO - [2026-05-11T14:01:16.959+0000] {dag.py:3954} INFO - Setting next_dagrun for stackoverflow_medallion_pipeline to 2026-05-11 00:00:00+00:00, run_after=2026-05-12 00:00:00+00:00
[2026-05-11T14:01:17.016+0000] {processor.py:183} INFO - Processing /opt/airflow/dags/stackoverflow_migration_dag.py took 0.291 seconds
[2026-05-11T14:01:47.309+0000] {processor.py:161} INFO - Started process (PID=623) to work on /opt/airflow/dags/stackoverflow_migration_dag.py
[2026-05-11T14:01:47.311+0000] {processor.py:830} INFO - Processing file /opt/airflow/dags/stackoverflow_migration_dag.py for tasks to queue
[2026-05-11T14:01:47.313+0000] {logging_mixin.py:188} INFO - [2026-05-11T14:01:47.313+0000] {dagbag.py:545} INFO - Filling up the DagBag from /opt/airflow/dags/stackoverflow_migration_dag.py
[2026-05-11T14:01:47.377+0000] {processor.py:840} INFO - DAG(s) 'stackoverflow_medallion_pipeline' retrieved from /opt/airflow/dags/stackoverflow_migration_dag.py
[2026-05-11T14:01:47.498+0000] {logging_mixin.py:188} INFO - [2026-05-11T14:01:47.497+0000] {dag.py:3096} INFO - Sync 1 DAGs
[2026-05-11T14:01:47.579+0000] {logging_mixin.py:188} INFO - [2026-05-11T14:01:47.578+0000] {dag.py:3954} INFO - Setting next_dagrun for stackoverflow_medallion_pipeline to 2026-05-11 00:00:00+00:00, run_after=2026-05-12 00:00:00+00:00
[2026-05-11T14:01:47.639+0000] {processor.py:183} INFO - Processing /opt/airflow/dags/stackoverflow_migration_dag.py took 0.343 seconds
[2026-05-11T14:02:17.906+0000] {processor.py:161} INFO - Started process (PID=628) to work on /opt/airflow/dags/stackoverflow_migration_dag.py
[2026-05-11T14:02:17.908+0000] {processor.py:830} INFO - Processing file /opt/airflow/dags/stackoverflow_migration_dag.py for tasks to queue
[2026-05-11T14:02:17.909+0000] {logging_mixin.py:188} INFO - [2026-05-11T14:02:17.909+0000] {dagbag.py:545} INFO - Filling up the DagBag from /opt/airflow/dags/stackoverflow_migration_dag.py
[2026-05-11T14:02:17.961+0000] {processor.py:840} INFO - DAG(s) 'stackoverflow_medallion_pipeline' retrieved from /opt/airflow/dags/stackoverflow_migration_dag.py
[2026-05-11T14:02:18.061+0000] {logging_mixin.py:188} INFO - [2026-05-11T14:02:18.060+0000] {dag.py:3096} INFO - Sync 1 DAGs
[2026-05-11T14:02:18.129+0000] {logging_mixin.py:188} INFO - [2026-05-11T14:02:18.128+0000] {dag.py:3954} INFO - Setting next_dagrun for stackoverflow_medallion_pipeline to 2026-05-11 00:00:00+00:00, run_after=2026-05-12 00:00:00+00:00
[2026-05-11T14:02:18.181+0000] {processor.py:183} INFO - Processing /opt/airflow/dags/stackoverflow_migration_dag.py took 0.284 seconds
[2026-05-11T14:02:48.471+0000] {processor.py:161} INFO - Started process (PID=633) to work on /opt/airflow/dags/stackoverflow_migration_dag.py
[2026-05-11T14:02:48.473+0000] {processor.py:830} INFO - Processing file /opt/airflow/dags/stackoverflow_migration_dag.py for tasks to queue
[2026-05-11T14:02:48.476+0000] {logging_mixin.py:188} INFO - [2026-05-11T14:02:48.475+0000] {dagbag.py:545} INFO - Filling up the DagBag from /opt/airflow/dags/stackoverflow_migration_dag.py
[2026-05-11T14:02:48.547+0000] {processor.py:840} INFO - DAG(s) 'stackoverflow_medallion_pipeline' retrieved from /opt/airflow/dags/stackoverflow_migration_dag.py
[2026-05-11T14:02:48.668+0000] {logging_mixin.py:188} INFO - [2026-05-11T14:02:48.668+0000] {dag.py:3096} INFO - Sync 1 DAGs
[2026-05-11T14:02:48.758+0000] {logging_mixin.py:188} INFO - [2026-05-11T14:02:48.758+0000] {dag.py:3954} INFO - Setting next_dagrun for stackoverflow_medallion_pipeline to 2026-05-11 00:00:00+00:00, run_after=2026-05-12 00:00:00+00:00
[2026-05-11T14:02:48.827+0000] {processor.py:183} INFO - Processing /opt/airflow/dags/stackoverflow_migration_dag.py took 0.374 seconds
[2026-05-11T14:03:19.141+0000] {processor.py:161} INFO - Started process (PID=638) to work on /opt/airflow/dags/stackoverflow_migration_dag.py
[2026-05-11T14:03:19.143+0000] {processor.py:830} INFO - Processing file /opt/airflow/dags/stackoverflow_migration_dag.py for tasks to queue
[2026-05-11T14:03:19.145+0000] {logging_mixin.py:188} INFO - [2026-05-11T14:03:19.145+0000] {dagbag.py:545} INFO - Filling up the DagBag from /opt/airflow/dags/stackoverflow_migration_dag.py
[2026-05-11T14:03:19.207+0000] {processor.py:840} INFO - DAG(s) 'stackoverflow_medallion_pipeline' retrieved from /opt/airflow/dags/stackoverflow_migration_dag.py
[2026-05-11T14:03:19.334+0000] {logging_mixin.py:188} INFO - [2026-05-11T14:03:19.333+0000] {dag.py:3096} INFO - Sync 1 DAGs
[2026-05-11T14:03:19.438+0000] {logging_mixin.py:188} INFO - [2026-05-11T14:03:19.438+0000] {dag.py:3954} INFO - Setting next_dagrun for stackoverflow_medallion_pipeline to 2026-05-11 00:00:00+00:00, run_after=2026-05-12 00:00:00+00:00
[2026-05-11T14:03:19.521+0000] {processor.py:183} INFO - Processing /opt/airflow/dags/stackoverflow_migration_dag.py took 0.392 seconds
[2026-05-11T14:03:49.882+0000] {processor.py:161} INFO - Started process (PID=643) to work on /opt/airflow/dags/stackoverflow_migration_dag.py
[2026-05-11T14:03:49.888+0000] {processor.py:830} INFO - Processing file /opt/airflow/dags/stackoverflow_migration_dag.py for tasks to queue
[2026-05-11T14:03:49.891+0000] {logging_mixin.py:188} INFO - [2026-05-11T14:03:49.890+0000] {dagbag.py:545} INFO - Filling up the DagBag from /opt/airflow/dags/stackoverflow_migration_dag.py
[2026-05-11T14:03:49.997+0000] {processor.py:840} INFO - DAG(s) 'stackoverflow_medallion_pipeline' retrieved from /opt/airflow/dags/stackoverflow_migration_dag.py
[2026-05-11T14:03:50.182+0000] {logging_mixin.py:188} INFO - [2026-05-11T14:03:50.181+0000] {dag.py:3096} INFO - Sync 1 DAGs
[2026-05-11T14:03:50.290+0000] {logging_mixin.py:188} INFO - [2026-05-11T14:03:50.290+0000] {dag.py:3954} INFO - Setting next_dagrun for stackoverflow_medallion_pipeline to 2026-05-11 00:00:00+00:00, run_after=2026-05-12 00:00:00+00:00
[2026-05-11T14:03:50.367+0000] {processor.py:183} INFO - Processing /opt/airflow/dags/stackoverflow_migration_dag.py took 0.511 seconds
[2026-05-11T14:04:20.652+0000] {processor.py:161} INFO - Started process (PID=648) to work on /opt/airflow/dags/stackoverflow_migration_dag.py
[2026-05-11T14:04:20.654+0000] {processor.py:830} INFO - Processing file /opt/airflow/dags/stackoverflow_migration_dag.py for tasks to queue
[2026-05-11T14:04:20.657+0000] {logging_mixin.py:188} INFO - [2026-05-11T14:04:20.656+0000] {dagbag.py:545} INFO - Filling up the DagBag from /opt/airflow/dags/stackoverflow_migration_dag.py
[2026-05-11T14:04:20.717+0000] {processor.py:840} INFO - DAG(s) 'stackoverflow_medallion_pipeline' retrieved from /opt/airflow/dags/stackoverflow_migration_dag.py
[2026-05-11T14:04:20.823+0000] {logging_mixin.py:188} INFO - [2026-05-11T14:04:20.823+0000] {dag.py:3096} INFO - Sync 1 DAGs
[2026-05-11T14:04:20.897+0000] {logging_mixin.py:188} INFO - [2026-05-11T14:04:20.897+0000] {dag.py:3954} INFO - Setting next_dagrun for stackoverflow_medallion_pipeline to 2026-05-11 00:00:00+00:00, run_after=2026-05-12 00:00:00+00:00
[2026-05-11T14:04:20.951+0000] {processor.py:183} INFO - Processing /opt/airflow/dags/stackoverflow_migration_dag.py took 0.314 seconds
[2026-05-11T14:04:51.233+0000] {processor.py:161} INFO - Started process (PID=653) to work on /opt/airflow/dags/stackoverflow_migration_dag.py
[2026-05-11T14:04:51.235+0000] {processor.py:830} INFO - Processing file /opt/airflow/dags/stackoverflow_migration_dag.py for tasks to queue
[2026-05-11T14:04:51.237+0000] {logging_mixin.py:188} INFO - [2026-05-11T14:04:51.237+0000] {dagbag.py:545} INFO - Filling up the DagBag from /opt/airflow/dags/stackoverflow_migration_dag.py
[2026-05-11T14:04:51.299+0000] {processor.py:840} INFO - DAG(s) 'stackoverflow_medallion_pipeline' retrieved from /opt/airflow/dags/stackoverflow_migration_dag.py
[2026-05-11T14:04:51.412+0000] {logging_mixin.py:188} INFO - [2026-05-11T14:04:51.412+0000] {dag.py:3096} INFO - Sync 1 DAGs
[2026-05-11T14:04:51.486+0000] {logging_mixin.py:188} INFO - [2026-05-11T14:04:51.486+0000] {dag.py:3954} INFO - Setting next_dagrun for stackoverflow_medallion_pipeline to 2026-05-11 00:00:00+00:00, run_after=2026-05-12 00:00:00+00:00
[2026-05-11T14:04:51.553+0000] {processor.py:183} INFO - Processing /opt/airflow/dags/stackoverflow_migration_dag.py took 0.335 seconds
[2026-05-11T14:05:21.938+0000] {processor.py:161} INFO - Started process (PID=658) to work on /opt/airflow/dags/stackoverflow_migration_dag.py
[2026-05-11T14:05:21.941+0000] {processor.py:830} INFO - Processing file /opt/airflow/dags/stackoverflow_migration_dag.py for tasks to queue
[2026-05-11T14:05:21.943+0000] {logging_mixin.py:188} INFO - [2026-05-11T14:05:21.942+0000] {dagbag.py:545} INFO - Filling up the DagBag from /opt/airflow/dags/stackoverflow_migration_dag.py
[2026-05-11T14:05:21.997+0000] {processor.py:840} INFO - DAG(s) 'stackoverflow_medallion_pipeline' retrieved from /opt/airflow/dags/stackoverflow_migration_dag.py
[2026-05-11T14:05:22.094+0000] {logging_mixin.py:188} INFO - [2026-05-11T14:05:22.094+0000] {dag.py:3096} INFO - Sync 1 DAGs
[2026-05-11T14:05:22.163+0000] {logging_mixin.py:188} INFO - [2026-05-11T14:05:22.163+0000] {dag.py:3954} INFO - Setting next_dagrun for stackoverflow_medallion_pipeline to 2026-05-11 00:00:00+00:00, run_after=2026-05-12 00:00:00+00:00
[2026-05-11T14:05:22.216+0000] {processor.py:183} INFO - Processing /opt/airflow/dags/stackoverflow_migration_dag.py took 0.293 seconds
[2026-05-11T14:05:52.514+0000] {processor.py:161} INFO - Started process (PID=663) to work on /opt/airflow/dags/stackoverflow_migration_dag.py
[2026-05-11T14:05:52.517+0000] {processor.py:830} INFO - Processing file /opt/airflow/dags/stackoverflow_migration_dag.py for tasks to queue
[2026-05-11T14:05:52.521+0000] {logging_mixin.py:188} INFO - [2026-05-11T14:05:52.519+0000] {dagbag.py:545} INFO - Filling up the DagBag from /opt/airflow/dags/stackoverflow_migration_dag.py
[2026-05-11T14:05:52.585+0000] {processor.py:840} INFO - DAG(s) 'stackoverflow_medallion_pipeline' retrieved from /opt/airflow/dags/stackoverflow_migration_dag.py
[2026-05-11T14:05:52.703+0000] {logging_mixin.py:188} INFO - [2026-05-11T14:05:52.702+0000] {dag.py:3096} INFO - Sync 1 DAGs
[2026-05-11T14:05:52.784+0000] {logging_mixin.py:188} INFO - [2026-05-11T14:05:52.783+0000] {dag.py:3954} INFO - Setting next_dagrun for stackoverflow_medallion_pipeline to 2026-05-11 00:00:00+00:00, run_after=2026-05-12 00:00:00+00:00
[2026-05-11T14:05:52.846+0000] {processor.py:183} INFO - Processing /opt/airflow/dags/stackoverflow_migration_dag.py took 0.349 seconds
[2026-05-11T14:06:23.138+0000] {processor.py:161} INFO - Started process (PID=668) to work on /opt/airflow/dags/stackoverflow_migration_dag.py
[2026-05-11T14:06:23.140+0000] {processor.py:830} INFO - Processing file /opt/airflow/dags/stackoverflow_migration_dag.py for tasks to queue
[2026-05-11T14:06:23.142+0000] {logging_mixin.py:188} INFO - [2026-05-11T14:06:23.142+0000] {dagbag.py:545} INFO - Filling up the DagBag from /opt/airflow/dags/stackoverflow_migration_dag.py
[2026-05-11T14:06:23.190+0000] {processor.py:840} INFO - DAG(s) 'stackoverflow_medallion_pipeline' retrieved from /opt/airflow/dags/stackoverflow_migration_dag.py
[2026-05-11T14:06:23.294+0000] {logging_mixin.py:188} INFO - [2026-05-11T14:06:23.294+0000] {dag.py:3096} INFO - Sync 1 DAGs
[2026-05-11T14:06:23.369+0000] {logging_mixin.py:188} INFO - [2026-05-11T14:06:23.368+0000] {dag.py:3954} INFO - Setting next_dagrun for stackoverflow_medallion_pipeline to 2026-05-11 00:00:00+00:00, run_after=2026-05-12 00:00:00+00:00
[2026-05-11T14:06:23.430+0000] {processor.py:183} INFO - Processing /opt/airflow/dags/stackoverflow_migration_dag.py took 0.302 seconds
[2026-05-11T14:06:53.747+0000] {processor.py:161} INFO - Started process (PID=673) to work on /opt/airflow/dags/stackoverflow_migration_dag.py
[2026-05-11T14:06:53.751+0000] {processor.py:830} INFO - Processing file /opt/airflow/dags/stackoverflow_migration_dag.py for tasks to queue
[2026-05-11T14:06:53.754+0000] {logging_mixin.py:188} INFO - [2026-05-11T14:06:53.753+0000] {dagbag.py:545} INFO - Filling up the DagBag from /opt/airflow/dags/stackoverflow_migration_dag.py
[2026-05-11T14:06:53.813+0000] {processor.py:840} INFO - DAG(s) 'stackoverflow_medallion_pipeline' retrieved from /opt/airflow/dags/stackoverflow_migration_dag.py
[2026-05-11T14:06:53.942+0000] {logging_mixin.py:188} INFO - [2026-05-11T14:06:53.941+0000] {dag.py:3096} INFO - Sync 1 DAGs
[2026-05-11T14:06:54.028+0000] {logging_mixin.py:188} INFO - [2026-05-11T14:06:54.028+0000] {dag.py:3954} INFO - Setting next_dagrun for stackoverflow_medallion_pipeline to 2026-05-11 00:00:00+00:00, run_after=2026-05-12 00:00:00+00:00
[2026-05-11T14:06:54.093+0000] {processor.py:183} INFO - Processing /opt/airflow/dags/stackoverflow_migration_dag.py took 0.361 seconds
[2026-05-11T14:07:24.395+0000] {processor.py:161} INFO - Started process (PID=678) to work on /opt/airflow/dags/stackoverflow_migration_dag.py
[2026-05-11T14:07:24.397+0000] {processor.py:830} INFO - Processing file /opt/airflow/dags/stackoverflow_migration_dag.py for tasks to queue
[2026-05-11T14:07:24.400+0000] {logging_mixin.py:188} INFO - [2026-05-11T14:07:24.399+0000] {dagbag.py:545} INFO - Filling up the DagBag from /opt/airflow/dags/stackoverflow_migration_dag.py
[2026-05-11T14:07:24.452+0000] {processor.py:840} INFO - DAG(s) 'stackoverflow_medallion_pipeline' retrieved from /opt/airflow/dags/stackoverflow_migration_dag.py
[2026-05-11T14:07:24.553+0000] {logging_mixin.py:188} INFO - [2026-05-11T14:07:24.553+0000] {dag.py:3096} INFO - Sync 1 DAGs
[2026-05-11T14:07:24.626+0000] {logging_mixin.py:188} INFO - [2026-05-11T14:07:24.625+0000] {dag.py:3954} INFO - Setting next_dagrun for stackoverflow_medallion_pipeline to 2026-05-11 00:00:00+00:00, run_after=2026-05-12 00:00:00+00:00
[2026-05-11T14:07:24.680+0000] {processor.py:183} INFO - Processing /opt/airflow/dags/stackoverflow_migration_dag.py took 0.298 seconds
[2026-05-11T14:07:54.965+0000] {processor.py:161} INFO - Started process (PID=683) to work on /opt/airflow/dags/stackoverflow_migration_dag.py
[2026-05-11T14:07:54.968+0000] {processor.py:830} INFO - Processing file /opt/airflow/dags/stackoverflow_migration_dag.py for tasks to queue
[2026-05-11T14:07:54.970+0000] {logging_mixin.py:188} INFO - [2026-05-11T14:07:54.969+0000] {dagbag.py:545} INFO - Filling up the DagBag from /opt/airflow/dags/stackoverflow_migration_dag.py
[2026-05-11T14:07:55.033+0000] {processor.py:840} INFO - DAG(s) 'stackoverflow_medallion_pipeline' retrieved from /opt/airflow/dags/stackoverflow_migration_dag.py
[2026-05-11T14:07:55.161+0000] {logging_mixin.py:188} INFO - [2026-05-11T14:07:55.161+0000] {dag.py:3096} INFO - Sync 1 DAGs
[2026-05-11T14:07:55.235+0000] {logging_mixin.py:188} INFO - [2026-05-11T14:07:55.234+0000] {dag.py:3954} INFO - Setting next_dagrun for stackoverflow_medallion_pipeline to 2026-05-11 00:00:00+00:00, run_after=2026-05-12 00:00:00+00:00
[2026-05-11T14:07:55.288+0000] {processor.py:183} INFO - Processing /opt/airflow/dags/stackoverflow_migration_dag.py took 0.338 seconds
[2026-05-11T14:08:25.569+0000] {processor.py:161} INFO - Started process (PID=688) to work on /opt/airflow/dags/stackoverflow_migration_dag.py
[2026-05-11T14:08:25.571+0000] {processor.py:830} INFO - Processing file /opt/airflow/dags/stackoverflow_migration_dag.py for tasks to queue
[2026-05-11T14:08:25.573+0000] {logging_mixin.py:188} INFO - [2026-05-11T14:08:25.573+0000] {dagbag.py:545} INFO - Filling up the DagBag from /opt/airflow/dags/stackoverflow_migration_dag.py
[2026-05-11T14:08:25.624+0000] {processor.py:840} INFO - DAG(s) 'stackoverflow_medallion_pipeline' retrieved from /opt/airflow/dags/stackoverflow_migration_dag.py
[2026-05-11T14:08:25.721+0000] {logging_mixin.py:188} INFO - [2026-05-11T14:08:25.720+0000] {dag.py:3096} INFO - Sync 1 DAGs
[2026-05-11T14:08:25.787+0000] {logging_mixin.py:188} INFO - [2026-05-11T14:08:25.787+0000] {dag.py:3954} INFO - Setting next_dagrun for stackoverflow_medallion_pipeline to 2026-05-11 00:00:00+00:00, run_after=2026-05-12 00:00:00+00:00
[2026-05-11T14:08:25.840+0000] {processor.py:183} INFO - Processing /opt/airflow/dags/stackoverflow_migration_dag.py took 0.283 seconds
[2026-05-11T14:08:56.132+0000] {processor.py:161} INFO - Started process (PID=693) to work on /opt/airflow/dags/stackoverflow_migration_dag.py
[2026-05-11T14:08:56.135+0000] {processor.py:830} INFO - Processing file /opt/airflow/dags/stackoverflow_migration_dag.py for tasks to queue
[2026-05-11T14:08:56.137+0000] {logging_mixin.py:188} INFO - [2026-05-11T14:08:56.137+0000] {dagbag.py:545} INFO - Filling up the DagBag from /opt/airflow/dags/stackoverflow_migration_dag.py
[2026-05-11T14:08:56.204+0000] {processor.py:840} INFO - DAG(s) 'stackoverflow_medallion_pipeline' retrieved from /opt/airflow/dags/stackoverflow_migration_dag.py
[2026-05-11T14:08:56.312+0000] {logging_mixin.py:188} INFO - [2026-05-11T14:08:56.311+0000] {dag.py:3096} INFO - Sync 1 DAGs
[2026-05-11T14:08:56.384+0000] {logging_mixin.py:188} INFO - [2026-05-11T14:08:56.384+0000] {dag.py:3954} INFO - Setting next_dagrun for stackoverflow_medallion_pipeline to 2026-05-11 00:00:00+00:00, run_after=2026-05-12 00:00:00+00:00
[2026-05-11T14:08:56.437+0000] {processor.py:183} INFO - Processing /opt/airflow/dags/stackoverflow_migration_dag.py took 0.318 seconds
[2026-05-11T14:09:26.714+0000] {processor.py:161} INFO - Started process (PID=698) to work on /opt/airflow/dags/stackoverflow_migration_dag.py
[2026-05-11T14:09:26.716+0000] {processor.py:830} INFO - Processing file /opt/airflow/dags/stackoverflow_migration_dag.py for tasks to queue
[2026-05-11T14:09:26.719+0000] {logging_mixin.py:188} INFO - [2026-05-11T14:09:26.718+0000] {dagbag.py:545} INFO - Filling up the DagBag from /opt/airflow/dags/stackoverflow_migration_dag.py
[2026-05-11T14:09:26.769+0000] {processor.py:840} INFO - DAG(s) 'stackoverflow_medallion_pipeline' retrieved from /opt/airflow/dags/stackoverflow_migration_dag.py
[2026-05-11T14:09:26.878+0000] {logging_mixin.py:188} INFO - [2026-05-11T14:09:26.877+0000] {dag.py:3096} INFO - Sync 1 DAGs
[2026-05-11T14:09:26.954+0000] {logging_mixin.py:188} INFO - [2026-05-11T14:09:26.953+0000] {dag.py:3954} INFO - Setting next_dagrun for stackoverflow_medallion_pipeline to 2026-05-11 00:00:00+00:00, run_after=2026-05-12 00:00:00+00:00
[2026-05-11T14:09:27.013+0000] {processor.py:183} INFO - Processing /opt/airflow/dags/stackoverflow_migration_dag.py took 0.310 seconds
[2026-05-11T14:09:57.286+0000] {processor.py:161} INFO - Started process (PID=703) to work on /opt/airflow/dags/stackoverflow_migration_dag.py
[2026-05-11T14:09:57.288+0000] {processor.py:830} INFO - Processing file /opt/airflow/dags/stackoverflow_migration_dag.py for tasks to queue
[2026-05-11T14:09:57.290+0000] {logging_mixin.py:188} INFO - [2026-05-11T14:09:57.289+0000] {dagbag.py:545} INFO - Filling up the DagBag from /opt/airflow/dags/stackoverflow_migration_dag.py
[2026-05-11T14:09:57.348+0000] {processor.py:840} INFO - DAG(s) 'stackoverflow_medallion_pipeline' retrieved from /opt/airflow/dags/stackoverflow_migration_dag.py
[2026-05-11T14:09:57.459+0000] {logging_mixin.py:188} INFO - [2026-05-11T14:09:57.459+0000] {dag.py:3096} INFO - Sync 1 DAGs
[2026-05-11T14:09:57.536+0000] {logging_mixin.py:188} INFO - [2026-05-11T14:09:57.535+0000] {dag.py:3954} INFO - Setting next_dagrun for stackoverflow_medallion_pipeline to 2026-05-11 00:00:00+00:00, run_after=2026-05-12 00:00:00+00:00
[2026-05-11T14:09:57.604+0000] {processor.py:183} INFO - Processing /opt/airflow/dags/stackoverflow_migration_dag.py took 0.330 seconds
[2026-05-11T14:10:27.880+0000] {processor.py:161} INFO - Started process (PID=708) to work on /opt/airflow/dags/stackoverflow_migration_dag.py
[2026-05-11T14:10:27.882+0000] {processor.py:830} INFO - Processing file /opt/airflow/dags/stackoverflow_migration_dag.py for tasks to queue
[2026-05-11T14:10:27.884+0000] {logging_mixin.py:188} INFO - [2026-05-11T14:10:27.883+0000] {dagbag.py:545} INFO - Filling up the DagBag from /opt/airflow/dags/stackoverflow_migration_dag.py
[2026-05-11T14:10:27.938+0000] {processor.py:840} INFO - DAG(s) 'stackoverflow_medallion_pipeline' retrieved from /opt/airflow/dags/stackoverflow_migration_dag.py
[2026-05-11T14:10:28.051+0000] {logging_mixin.py:188} INFO - [2026-05-11T14:10:28.051+0000] {dag.py:3096} INFO - Sync 1 DAGs
[2026-05-11T14:10:28.140+0000] {logging_mixin.py:188} INFO - [2026-05-11T14:10:28.140+0000] {dag.py:3954} INFO - Setting next_dagrun for stackoverflow_medallion_pipeline to 2026-05-11 00:00:00+00:00, run_after=2026-05-12 00:00:00+00:00
[2026-05-11T14:10:28.206+0000] {processor.py:183} INFO - Processing /opt/airflow/dags/stackoverflow_migration_dag.py took 0.339 seconds
[2026-05-11T14:10:58.483+0000] {processor.py:161} INFO - Started process (PID=713) to work on /opt/airflow/dags/stackoverflow_migration_dag.py
[2026-05-11T14:10:58.486+0000] {processor.py:830} INFO - Processing file /opt/airflow/dags/stackoverflow_migration_dag.py for tasks to queue
[2026-05-11T14:10:58.489+0000] {logging_mixin.py:188} INFO - [2026-05-11T14:10:58.488+0000] {dagbag.py:545} INFO - Filling up the DagBag from /opt/airflow/dags/stackoverflow_migration_dag.py
[2026-05-11T14:10:58.543+0000] {processor.py:840} INFO - DAG(s) 'stackoverflow_medallion_pipeline' retrieved from /opt/airflow/dags/stackoverflow_migration_dag.py
[2026-05-11T14:10:58.647+0000] {logging_mixin.py:188} INFO - [2026-05-11T14:10:58.647+0000] {dag.py:3096} INFO - Sync 1 DAGs
[2026-05-11T14:10:58.721+0000] {logging_mixin.py:188} INFO - [2026-05-11T14:10:58.721+0000] {dag.py:3954} INFO - Setting next_dagrun for stackoverflow_medallion_pipeline to 2026-05-11 00:00:00+00:00, run_after=2026-05-12 00:00:00+00:00
[2026-05-11T14:10:58.778+0000] {processor.py:183} INFO - Processing /opt/airflow/dags/stackoverflow_migration_dag.py took 0.307 seconds
[2026-05-11T14:11:29.060+0000] {processor.py:161} INFO - Started process (PID=718) to work on /opt/airflow/dags/stackoverflow_migration_dag.py
[2026-05-11T14:11:29.062+0000] {processor.py:830} INFO - Processing file /opt/airflow/dags/stackoverflow_migration_dag.py for tasks to queue
[2026-05-11T14:11:29.065+0000] {logging_mixin.py:188} INFO - [2026-05-11T14:11:29.064+0000] {dagbag.py:545} INFO - Filling up the DagBag from /opt/airflow/dags/stackoverflow_migration_dag.py
[2026-05-11T14:11:29.121+0000] {processor.py:840} INFO - DAG(s) 'stackoverflow_medallion_pipeline' retrieved from /opt/airflow/dags/stackoverflow_migration_dag.py
[2026-05-11T14:11:29.239+0000] {logging_mixin.py:188} INFO - [2026-05-11T14:11:29.239+0000] {dag.py:3096} INFO - Sync 1 DAGs
[2026-05-11T14:11:29.332+0000] {logging_mixin.py:188} INFO - [2026-05-11T14:11:29.332+0000] {dag.py:3954} INFO - Setting next_dagrun for stackoverflow_medallion_pipeline to 2026-05-11 00:00:00+00:00, run_after=2026-05-12 00:00:00+00:00
[2026-05-11T14:11:29.399+0000] {processor.py:183} INFO - Processing /opt/airflow/dags/stackoverflow_migration_dag.py took 0.354 seconds
[2026-05-11T14:11:59.677+0000] {processor.py:161} INFO - Started process (PID=723) to work on /opt/airflow/dags/stackoverflow_migration_dag.py
[2026-05-11T14:11:59.680+0000] {processor.py:830} INFO - Processing file /opt/airflow/dags/stackoverflow_migration_dag.py for tasks to queue
[2026-05-11T14:11:59.682+0000] {logging_mixin.py:188} INFO - [2026-05-11T14:11:59.681+0000] {dagbag.py:545} INFO - Filling up the DagBag from /opt/airflow/dags/stackoverflow_migration_dag.py
[2026-05-11T14:11:59.736+0000] {processor.py:840} INFO - DAG(s) 'stackoverflow_medallion_pipeline' retrieved from /opt/airflow/dags/stackoverflow_migration_dag.py
[2026-05-11T14:11:59.841+0000] {logging_mixin.py:188} INFO - [2026-05-11T14:11:59.841+0000] {dag.py:3096} INFO - Sync 1 DAGs
[2026-05-11T14:11:59.907+0000] {logging_mixin.py:188} INFO - [2026-05-11T14:11:59.907+0000] {dag.py:3954} INFO - Setting next_dagrun for stackoverflow_medallion_pipeline to 2026-05-11 00:00:00+00:00, run_after=2026-05-12 00:00:00+00:00
[2026-05-11T14:11:59.962+0000] {processor.py:183} INFO - Processing /opt/airflow/dags/stackoverflow_migration_dag.py took 0.300 seconds
[2026-05-11T14:12:30.240+0000] {processor.py:161} INFO - Started process (PID=728) to work on /opt/airflow/dags/stackoverflow_migration_dag.py
[2026-05-11T14:12:30.242+0000] {processor.py:830} INFO - Processing file /opt/airflow/dags/stackoverflow_migration_dag.py for tasks to queue
[2026-05-11T14:12:30.244+0000] {logging_mixin.py:188} INFO - [2026-05-11T14:12:30.243+0000] {dagbag.py:545} INFO - Filling up the DagBag from /opt/airflow/dags/stackoverflow_migration_dag.py
[2026-05-11T14:12:30.300+0000] {processor.py:840} INFO - DAG(s) 'stackoverflow_medallion_pipeline' retrieved from /opt/airflow/dags/stackoverflow_migration_dag.py
[2026-05-11T14:12:30.395+0000] {logging_mixin.py:188} INFO - [2026-05-11T14:12:30.394+0000] {dag.py:3096} INFO - Sync 1 DAGs
[2026-05-11T14:12:30.464+0000] {logging_mixin.py:188} INFO - [2026-05-11T14:12:30.463+0000] {dag.py:3954} INFO - Setting next_dagrun for stackoverflow_medallion_pipeline to 2026-05-11 00:00:00+00:00, run_after=2026-05-12 00:00:00+00:00
[2026-05-11T14:12:30.518+0000] {processor.py:183} INFO - Processing /opt/airflow/dags/stackoverflow_migration_dag.py took 0.292 seconds
[2026-05-11T14:13:00.777+0000] {processor.py:161} INFO - Started process (PID=733) to work on /opt/airflow/dags/stackoverflow_migration_dag.py
[2026-05-11T14:13:00.779+0000] {processor.py:830} INFO - Processing file /opt/airflow/dags/stackoverflow_migration_dag.py for tasks to queue
[2026-05-11T14:13:00.781+0000] {logging_mixin.py:188} INFO - [2026-05-11T14:13:00.780+0000] {dagbag.py:545} INFO - Filling up the DagBag from /opt/airflow/dags/stackoverflow_migration_dag.py
[2026-05-11T14:13:00.833+0000] {processor.py:840} INFO - DAG(s) 'stackoverflow_medallion_pipeline' retrieved from /opt/airflow/dags/stackoverflow_migration_dag.py
[2026-05-11T14:13:00.927+0000] {logging_mixin.py:188} INFO - [2026-05-11T14:13:00.927+0000] {dag.py:3096} INFO - Sync 1 DAGs
[2026-05-11T14:13:00.993+0000] {logging_mixin.py:188} INFO - [2026-05-11T14:13:00.993+0000] {dag.py:3954} INFO - Setting next_dagrun for stackoverflow_medallion_pipeline to 2026-05-11 00:00:00+00:00, run_after=2026-05-12 00:00:00+00:00
[2026-05-11T14:13:01.047+0000] {processor.py:183} INFO - Processing /opt/airflow/dags/stackoverflow_migration_dag.py took 0.281 seconds
[2026-05-11T14:13:31.602+0000] {processor.py:161} INFO - Started process (PID=738) to work on /opt/airflow/dags/stackoverflow_migration_dag.py
[2026-05-11T14:13:31.666+0000] {processor.py:830} INFO - Processing file /opt/airflow/dags/stackoverflow_migration_dag.py for tasks to queue
[2026-05-11T14:13:31.671+0000] {logging_mixin.py:188} INFO - [2026-05-11T14:13:31.670+0000] {dagbag.py:545} INFO - Filling up the DagBag from /opt/airflow/dags/stackoverflow_migration_dag.py
[2026-05-11T14:13:31.820+0000] {processor.py:840} INFO - DAG(s) 'stackoverflow_medallion_pipeline' retrieved from /opt/airflow/dags/stackoverflow_migration_dag.py
[2026-05-11T14:13:31.987+0000] {logging_mixin.py:188} INFO - [2026-05-11T14:13:31.987+0000] {dag.py:3096} INFO - Sync 1 DAGs
[2026-05-11T14:13:32.094+0000] {logging_mixin.py:188} INFO - [2026-05-11T14:13:32.094+0000] {dag.py:3954} INFO - Setting next_dagrun for stackoverflow_medallion_pipeline to 2026-05-11 00:00:00+00:00, run_after=2026-05-12 00:00:00+00:00
[2026-05-11T14:13:32.164+0000] {processor.py:183} INFO - Processing /opt/airflow/dags/stackoverflow_migration_dag.py took 0.625 seconds
[2026-05-11T14:14:02.274+0000] {processor.py:161} INFO - Started process (PID=743) to work on /opt/airflow/dags/stackoverflow_migration_dag.py
[2026-05-11T14:14:02.276+0000] {processor.py:830} INFO - Processing file /opt/airflow/dags/stackoverflow_migration_dag.py for tasks to queue
[2026-05-11T14:14:02.278+0000] {logging_mixin.py:188} INFO - [2026-05-11T14:14:02.278+0000] {dagbag.py:545} INFO - Filling up the DagBag from /opt/airflow/dags/stackoverflow_migration_dag.py
[2026-05-11T14:14:02.330+0000] {processor.py:840} INFO - DAG(s) 'stackoverflow_medallion_pipeline' retrieved from /opt/airflow/dags/stackoverflow_migration_dag.py
[2026-05-11T14:14:02.434+0000] {logging_mixin.py:188} INFO - [2026-05-11T14:14:02.434+0000] {dag.py:3096} INFO - Sync 1 DAGs
[2026-05-11T14:14:02.503+0000] {logging_mixin.py:188} INFO - [2026-05-11T14:14:02.503+0000] {dag.py:3954} INFO - Setting next_dagrun for stackoverflow_medallion_pipeline to 2026-05-11 00:00:00+00:00, run_after=2026-05-12 00:00:00+00:00
[2026-05-11T14:14:02.558+0000] {processor.py:183} INFO - Processing /opt/airflow/dags/stackoverflow_migration_dag.py took 0.295 seconds
[2026-05-11T14:14:32.661+0000] {processor.py:161} INFO - Started process (PID=748) to work on /opt/airflow/dags/stackoverflow_migration_dag.py
[2026-05-11T14:14:32.662+0000] {processor.py:830} INFO - Processing file /opt/airflow/dags/stackoverflow_migration_dag.py for tasks to queue
[2026-05-11T14:14:32.664+0000] {logging_mixin.py:188} INFO - [2026-05-11T14:14:32.664+0000] {dagbag.py:545} INFO - Filling up the DagBag from /opt/airflow/dags/stackoverflow_migration_dag.py
[2026-05-11T14:14:32.711+0000] {processor.py:840} INFO - DAG(s) 'stackoverflow_medallion_pipeline' retrieved from /opt/airflow/dags/stackoverflow_migration_dag.py
[2026-05-11T14:14:32.800+0000] {logging_mixin.py:188} INFO - [2026-05-11T14:14:32.800+0000] {dag.py:3096} INFO - Sync 1 DAGs
[2026-05-11T14:14:32.862+0000] {logging_mixin.py:188} INFO - [2026-05-11T14:14:32.862+0000] {dag.py:3954} INFO - Setting next_dagrun for stackoverflow_medallion_pipeline to 2026-05-11 00:00:00+00:00, run_after=2026-05-12 00:00:00+00:00
[2026-05-11T14:14:32.913+0000] {processor.py:183} INFO - Processing /opt/airflow/dags/stackoverflow_migration_dag.py took 0.262 seconds
[2026-05-11T14:15:03.023+0000] {processor.py:161} INFO - Started process (PID=753) to work on /opt/airflow/dags/stackoverflow_migration_dag.py
[2026-05-11T14:15:03.026+0000] {processor.py:830} INFO - Processing file /opt/airflow/dags/stackoverflow_migration_dag.py for tasks to queue
[2026-05-11T14:15:03.028+0000] {logging_mixin.py:188} INFO - [2026-05-11T14:15:03.027+0000] {dagbag.py:545} INFO - Filling up the DagBag from /opt/airflow/dags/stackoverflow_migration_dag.py
[2026-05-11T14:15:03.079+0000] {processor.py:840} INFO - DAG(s) 'stackoverflow_medallion_pipeline' retrieved from /opt/airflow/dags/stackoverflow_migration_dag.py
[2026-05-11T14:15:03.186+0000] {logging_mixin.py:188} INFO - [2026-05-11T14:15:03.186+0000] {dag.py:3096} INFO - Sync 1 DAGs
[2026-05-11T14:15:03.270+0000] {logging_mixin.py:188} INFO - [2026-05-11T14:15:03.270+0000] {dag.py:3954} INFO - Setting next_dagrun for stackoverflow_medallion_pipeline to 2026-05-11 00:00:00+00:00, run_after=2026-05-12 00:00:00+00:00
[2026-05-11T14:15:03.339+0000] {processor.py:183} INFO - Processing /opt/airflow/dags/stackoverflow_migration_dag.py took 0.329 seconds
[2026-05-11T14:15:33.650+0000] {processor.py:161} INFO - Started process (PID=758) to work on /opt/airflow/dags/stackoverflow_migration_dag.py
[2026-05-11T14:15:33.652+0000] {processor.py:830} INFO - Processing file /opt/airflow/dags/stackoverflow_migration_dag.py for tasks to queue
[2026-05-11T14:15:33.654+0000] {logging_mixin.py:188} INFO - [2026-05-11T14:15:33.653+0000] {dagbag.py:545} INFO - Filling up the DagBag from /opt/airflow/dags/stackoverflow_migration_dag.py
[2026-05-11T14:15:33.699+0000] {processor.py:840} INFO - DAG(s) 'stackoverflow_medallion_pipeline' retrieved from /opt/airflow/dags/stackoverflow_migration_dag.py
[2026-05-11T14:15:33.795+0000] {logging_mixin.py:188} INFO - [2026-05-11T14:15:33.795+0000] {dag.py:3096} INFO - Sync 1 DAGs
[2026-05-11T14:15:33.856+0000] {logging_mixin.py:188} INFO - [2026-05-11T14:15:33.855+0000] {dag.py:3954} INFO - Setting next_dagrun for stackoverflow_medallion_pipeline to 2026-05-11 00:00:00+00:00, run_after=2026-05-12 00:00:00+00:00
[2026-05-11T14:15:33.910+0000] {processor.py:183} INFO - Processing /opt/airflow/dags/stackoverflow_migration_dag.py took 0.269 seconds
[2026-05-11T14:16:04.173+0000] {processor.py:161} INFO - Started process (PID=763) to work on /opt/airflow/dags/stackoverflow_migration_dag.py
[2026-05-11T14:16:04.175+0000] {processor.py:830} INFO - Processing file /opt/airflow/dags/stackoverflow_migration_dag.py for tasks to queue
[2026-05-11T14:16:04.177+0000] {logging_mixin.py:188} INFO - [2026-05-11T14:16:04.176+0000] {dagbag.py:545} INFO - Filling up the DagBag from /opt/airflow/dags/stackoverflow_migration_dag.py
[2026-05-11T14:16:04.228+0000] {processor.py:840} INFO - DAG(s) 'stackoverflow_medallion_pipeline' retrieved from /opt/airflow/dags/stackoverflow_migration_dag.py
[2026-05-11T14:16:04.334+0000] {logging_mixin.py:188} INFO - [2026-05-11T14:16:04.334+0000] {dag.py:3096} INFO - Sync 1 DAGs
[2026-05-11T14:16:04.419+0000] {logging_mixin.py:188} INFO - [2026-05-11T14:16:04.418+0000] {dag.py:3954} INFO - Setting next_dagrun for stackoverflow_medallion_pipeline to 2026-05-11 00:00:00+00:00, run_after=2026-05-12 00:00:00+00:00
[2026-05-11T14:16:04.477+0000] {processor.py:183} INFO - Processing /opt/airflow/dags/stackoverflow_migration_dag.py took 0.317 seconds
[2026-05-11T14:16:34.754+0000] {processor.py:161} INFO - Started process (PID=768) to work on /opt/airflow/dags/stackoverflow_migration_dag.py
[2026-05-11T14:16:34.757+0000] {processor.py:830} INFO - Processing file /opt/airflow/dags/stackoverflow_migration_dag.py for tasks to queue
[2026-05-11T14:16:34.758+0000] {logging_mixin.py:188} INFO - [2026-05-11T14:16:34.758+0000] {dagbag.py:545} INFO - Filling up the DagBag from /opt/airflow/dags/stackoverflow_migration_dag.py
[2026-05-11T14:16:34.812+0000] {processor.py:840} INFO - DAG(s) 'stackoverflow_medallion_pipeline' retrieved from /opt/airflow/dags/stackoverflow_migration_dag.py
[2026-05-11T14:16:34.909+0000] {logging_mixin.py:188} INFO - [2026-05-11T14:16:34.909+0000] {dag.py:3096} INFO - Sync 1 DAGs
[2026-05-11T14:16:34.971+0000] {logging_mixin.py:188} INFO - [2026-05-11T14:16:34.971+0000] {dag.py:3954} INFO - Setting next_dagrun for stackoverflow_medallion_pipeline to 2026-05-11 00:00:00+00:00, run_after=2026-05-12 00:00:00+00:00
[2026-05-11T14:16:35.024+0000] {processor.py:183} INFO - Processing /opt/airflow/dags/stackoverflow_migration_dag.py took 0.282 seconds
[2026-05-11T14:17:05.292+0000] {processor.py:161} INFO - Started process (PID=773) to work on /opt/airflow/dags/stackoverflow_migration_dag.py
[2026-05-11T14:17:05.294+0000] {processor.py:830} INFO - Processing file /opt/airflow/dags/stackoverflow_migration_dag.py for tasks to queue
[2026-05-11T14:17:05.295+0000] {logging_mixin.py:188} INFO - [2026-05-11T14:17:05.295+0000] {dagbag.py:545} INFO - Filling up the DagBag from /opt/airflow/dags/stackoverflow_migration_dag.py
[2026-05-11T14:17:05.342+0000] {processor.py:840} INFO - DAG(s) 'stackoverflow_medallion_pipeline' retrieved from /opt/airflow/dags/stackoverflow_migration_dag.py
[2026-05-11T14:17:05.452+0000] {logging_mixin.py:188} INFO - [2026-05-11T14:17:05.452+0000] {dag.py:3096} INFO - Sync 1 DAGs
[2026-05-11T14:17:05.528+0000] {logging_mixin.py:188} INFO - [2026-05-11T14:17:05.527+0000] {dag.py:3954} INFO - Setting next_dagrun for stackoverflow_medallion_pipeline to 2026-05-11 00:00:00+00:00, run_after=2026-05-12 00:00:00+00:00
[2026-05-11T14:17:05.587+0000] {processor.py:183} INFO - Processing /opt/airflow/dags/stackoverflow_migration_dag.py took 0.306 seconds
[2026-05-11T14:17:35.861+0000] {processor.py:161} INFO - Started process (PID=778) to work on /opt/airflow/dags/stackoverflow_migration_dag.py
[2026-05-11T14:17:35.863+0000] {processor.py:830} INFO - Processing file /opt/airflow/dags/stackoverflow_migration_dag.py for tasks to queue
[2026-05-11T14:17:35.865+0000] {logging_mixin.py:188} INFO - [2026-05-11T14:17:35.864+0000] {dagbag.py:545} INFO - Filling up the DagBag from /opt/airflow/dags/stackoverflow_migration_dag.py
[2026-05-11T14:17:35.920+0000] {processor.py:840} INFO - DAG(s) 'stackoverflow_medallion_pipeline' retrieved from /opt/airflow/dags/stackoverflow_migration_dag.py
[2026-05-11T14:17:36.023+0000] {logging_mixin.py:188} INFO - [2026-05-11T14:17:36.023+0000] {dag.py:3096} INFO - Sync 1 DAGs
[2026-05-11T14:17:36.094+0000] {logging_mixin.py:188} INFO - [2026-05-11T14:17:36.094+0000] {dag.py:3954} INFO - Setting next_dagrun for stackoverflow_medallion_pipeline to 2026-05-11 00:00:00+00:00, run_after=2026-05-12 00:00:00+00:00
[2026-05-11T14:17:36.150+0000] {processor.py:183} INFO - Processing /opt/airflow/dags/stackoverflow_migration_dag.py took 0.303 seconds
[2026-05-11T14:18:06.414+0000] {processor.py:161} INFO - Started process (PID=783) to work on /opt/airflow/dags/stackoverflow_migration_dag.py
[2026-05-11T14:18:06.415+0000] {processor.py:830} INFO - Processing file /opt/airflow/dags/stackoverflow_migration_dag.py for tasks to queue
[2026-05-11T14:18:06.417+0000] {logging_mixin.py:188} INFO - [2026-05-11T14:18:06.417+0000] {dagbag.py:545} INFO - Filling up the DagBag from /opt/airflow/dags/stackoverflow_migration_dag.py
[2026-05-11T14:18:06.465+0000] {processor.py:840} INFO - DAG(s) 'stackoverflow_medallion_pipeline' retrieved from /opt/airflow/dags/stackoverflow_migration_dag.py
[2026-05-11T14:18:06.565+0000] {logging_mixin.py:188} INFO - [2026-05-11T14:18:06.564+0000] {dag.py:3096} INFO - Sync 1 DAGs
[2026-05-11T14:18:06.631+0000] {logging_mixin.py:188} INFO - [2026-05-11T14:18:06.631+0000] {dag.py:3954} INFO - Setting next_dagrun for stackoverflow_medallion_pipeline to 2026-05-11 00:00:00+00:00, run_after=2026-05-12 00:00:00+00:00
[2026-05-11T14:18:06.685+0000] {processor.py:183} INFO - Processing /opt/airflow/dags/stackoverflow_migration_dag.py took 0.282 seconds
[2026-05-11T14:18:36.955+0000] {processor.py:161} INFO - Started process (PID=788) to work on /opt/airflow/dags/stackoverflow_migration_dag.py
[2026-05-11T14:18:36.957+0000] {processor.py:830} INFO - Processing file /opt/airflow/dags/stackoverflow_migration_dag.py for tasks to queue
[2026-05-11T14:18:36.959+0000] {logging_mixin.py:188} INFO - [2026-05-11T14:18:36.958+0000] {dagbag.py:545} INFO - Filling up the DagBag from /opt/airflow/dags/stackoverflow_migration_dag.py
[2026-05-11T14:18:37.010+0000] {processor.py:840} INFO - DAG(s) 'stackoverflow_medallion_pipeline' retrieved from /opt/airflow/dags/stackoverflow_migration_dag.py
[2026-05-11T14:18:37.108+0000] {logging_mixin.py:188} INFO - [2026-05-11T14:18:37.108+0000] {dag.py:3096} INFO - Sync 1 DAGs
[2026-05-11T14:18:37.179+0000] {logging_mixin.py:188} INFO - [2026-05-11T14:18:37.179+0000] {dag.py:3954} INFO - Setting next_dagrun for stackoverflow_medallion_pipeline to 2026-05-11 00:00:00+00:00, run_after=2026-05-12 00:00:00+00:00
[2026-05-11T14:18:37.232+0000] {processor.py:183} INFO - Processing /opt/airflow/dags/stackoverflow_migration_dag.py took 0.289 seconds
[2026-05-11T14:19:07.510+0000] {processor.py:161} INFO - Started process (PID=793) to work on /opt/airflow/dags/stackoverflow_migration_dag.py
[2026-05-11T14:19:07.512+0000] {processor.py:830} INFO - Processing file /opt/airflow/dags/stackoverflow_migration_dag.py for tasks to queue
[2026-05-11T14:19:07.514+0000] {logging_mixin.py:188} INFO - [2026-05-11T14:19:07.513+0000] {dagbag.py:545} INFO - Filling up the DagBag from /opt/airflow/dags/stackoverflow_migration_dag.py
[2026-05-11T14:19:07.567+0000] {processor.py:840} INFO - DAG(s) 'stackoverflow_medallion_pipeline' retrieved from /opt/airflow/dags/stackoverflow_migration_dag.py
[2026-05-11T14:19:07.668+0000] {logging_mixin.py:188} INFO - [2026-05-11T14:19:07.668+0000] {dag.py:3096} INFO - Sync 1 DAGs
[2026-05-11T14:19:07.737+0000] {logging_mixin.py:188} INFO - [2026-05-11T14:19:07.736+0000] {dag.py:3954} INFO - Setting next_dagrun for stackoverflow_medallion_pipeline to 2026-05-11 00:00:00+00:00, run_after=2026-05-12 00:00:00+00:00
[2026-05-11T14:19:07.789+0000] {processor.py:183} INFO - Processing /opt/airflow/dags/stackoverflow_migration_dag.py took 0.288 seconds
[2026-05-11T14:19:38.086+0000] {processor.py:161} INFO - Started process (PID=798) to work on /opt/airflow/dags/stackoverflow_migration_dag.py
[2026-05-11T14:19:38.089+0000] {processor.py:830} INFO - Processing file /opt/airflow/dags/stackoverflow_migration_dag.py for tasks to queue
[2026-05-11T14:19:38.092+0000] {logging_mixin.py:188} INFO - [2026-05-11T14:19:38.091+0000] {dagbag.py:545} INFO - Filling up the DagBag from /opt/airflow/dags/stackoverflow_migration_dag.py
[2026-05-11T14:19:38.160+0000] {processor.py:840} INFO - DAG(s) 'stackoverflow_medallion_pipeline' retrieved from /opt/airflow/dags/stackoverflow_migration_dag.py
[2026-05-11T14:19:38.282+0000] {logging_mixin.py:188} INFO - [2026-05-11T14:19:38.282+0000] {dag.py:3096} INFO - Sync 1 DAGs
[2026-05-11T14:19:38.370+0000] {logging_mixin.py:188} INFO - [2026-05-11T14:19:38.370+0000] {dag.py:3954} INFO - Setting next_dagrun for stackoverflow_medallion_pipeline to 2026-05-11 00:00:00+00:00, run_after=2026-05-12 00:00:00+00:00
[2026-05-11T14:19:38.435+0000] {processor.py:183} INFO - Processing /opt/airflow/dags/stackoverflow_migration_dag.py took 0.372 seconds
[2026-05-11T14:20:08.718+0000] {processor.py:161} INFO - Started process (PID=803) to work on /opt/airflow/dags/stackoverflow_migration_dag.py
[2026-05-11T14:20:08.720+0000] {processor.py:830} INFO - Processing file /opt/airflow/dags/stackoverflow_migration_dag.py for tasks to queue
[2026-05-11T14:20:08.722+0000] {logging_mixin.py:188} INFO - [2026-05-11T14:20:08.721+0000] {dagbag.py:545} INFO - Filling up the DagBag from /opt/airflow/dags/stackoverflow_migration_dag.py
[2026-05-11T14:20:08.773+0000] {processor.py:840} INFO - DAG(s) 'stackoverflow_medallion_pipeline' retrieved from /opt/airflow/dags/stackoverflow_migration_dag.py
[2026-05-11T14:20:08.873+0000] {logging_mixin.py:188} INFO - [2026-05-11T14:20:08.873+0000] {dag.py:3096} INFO - Sync 1 DAGs
[2026-05-11T14:20:08.943+0000] {logging_mixin.py:188} INFO - [2026-05-11T14:20:08.942+0000] {dag.py:3954} INFO - Setting next_dagrun for stackoverflow_medallion_pipeline to 2026-05-11 00:00:00+00:00, run_after=2026-05-12 00:00:00+00:00
[2026-05-11T14:20:08.997+0000] {processor.py:183} INFO - Processing /opt/airflow/dags/stackoverflow_migration_dag.py took 0.289 seconds
[2026-05-11T14:20:39.257+0000] {processor.py:161} INFO - Started process (PID=808) to work on /opt/airflow/dags/stackoverflow_migration_dag.py
[2026-05-11T14:20:39.259+0000] {processor.py:830} INFO - Processing file /opt/airflow/dags/stackoverflow_migration_dag.py for tasks to queue
[2026-05-11T14:20:39.261+0000] {logging_mixin.py:188} INFO - [2026-05-11T14:20:39.260+0000] {dagbag.py:545} INFO - Filling up the DagBag from /opt/airflow/dags/stackoverflow_migration_dag.py
[2026-05-11T14:20:39.307+0000] {processor.py:840} INFO - DAG(s) 'stackoverflow_medallion_pipeline' retrieved from /opt/airflow/dags/stackoverflow_migration_dag.py
[2026-05-11T14:20:39.412+0000] {logging_mixin.py:188} INFO - [2026-05-11T14:20:39.411+0000] {dag.py:3096} INFO - Sync 1 DAGs
[2026-05-11T14:20:39.495+0000] {logging_mixin.py:188} INFO - [2026-05-11T14:20:39.494+0000] {dag.py:3954} INFO - Setting next_dagrun for stackoverflow_medallion_pipeline to 2026-05-11 00:00:00+00:00, run_after=2026-05-12 00:00:00+00:00
[2026-05-11T14:20:39.558+0000] {processor.py:183} INFO - Processing /opt/airflow/dags/stackoverflow_migration_dag.py took 0.314 seconds
[2026-05-11T14:21:09.813+0000] {processor.py:161} INFO - Started process (PID=813) to work on /opt/airflow/dags/stackoverflow_migration_dag.py
[2026-05-11T14:21:09.814+0000] {processor.py:830} INFO - Processing file /opt/airflow/dags/stackoverflow_migration_dag.py for tasks to queue
[2026-05-11T14:21:09.816+0000] {logging_mixin.py:188} INFO - [2026-05-11T14:21:09.816+0000] {dagbag.py:545} INFO - Filling up the DagBag from /opt/airflow/dags/stackoverflow_migration_dag.py
[2026-05-11T14:21:09.868+0000] {processor.py:840} INFO - DAG(s) 'stackoverflow_medallion_pipeline' retrieved from /opt/airflow/dags/stackoverflow_migration_dag.py
[2026-05-11T14:21:09.967+0000] {logging_mixin.py:188} INFO - [2026-05-11T14:21:09.967+0000] {dag.py:3096} INFO - Sync 1 DAGs
[2026-05-11T14:21:10.037+0000] {logging_mixin.py:188} INFO - [2026-05-11T14:21:10.036+0000] {dag.py:3954} INFO - Setting next_dagrun for stackoverflow_medallion_pipeline to 2026-05-11 00:00:00+00:00, run_after=2026-05-12 00:00:00+00:00
[2026-05-11T14:21:10.091+0000] {processor.py:183} INFO - Processing /opt/airflow/dags/stackoverflow_migration_dag.py took 0.288 seconds
[2026-05-11T14:21:40.350+0000] {processor.py:161} INFO - Started process (PID=818) to work on /opt/airflow/dags/stackoverflow_migration_dag.py
[2026-05-11T14:21:40.352+0000] {processor.py:830} INFO - Processing file /opt/airflow/dags/stackoverflow_migration_dag.py for tasks to queue
[2026-05-11T14:21:40.354+0000] {logging_mixin.py:188} INFO - [2026-05-11T14:21:40.354+0000] {dagbag.py:545} INFO - Filling up the DagBag from /opt/airflow/dags/stackoverflow_migration_dag.py
[2026-05-11T14:21:40.404+0000] {processor.py:840} INFO - DAG(s) 'stackoverflow_medallion_pipeline' retrieved from /opt/airflow/dags/stackoverflow_migration_dag.py
[2026-05-11T14:21:40.517+0000] {logging_mixin.py:188} INFO - [2026-05-11T14:21:40.516+0000] {dag.py:3096} INFO - Sync 1 DAGs
[2026-05-11T14:21:40.595+0000] {logging_mixin.py:188} INFO - [2026-05-11T14:21:40.595+0000] {dag.py:3954} INFO - Setting next_dagrun for stackoverflow_medallion_pipeline to 2026-05-11 00:00:00+00:00, run_after=2026-05-12 00:00:00+00:00
[2026-05-11T14:21:40.654+0000] {processor.py:183} INFO - Processing /opt/airflow/dags/stackoverflow_migration_dag.py took 0.313 seconds
[2026-05-11T14:22:10.919+0000] {processor.py:161} INFO - Started process (PID=823) to work on /opt/airflow/dags/stackoverflow_migration_dag.py
[2026-05-11T14:22:10.921+0000] {processor.py:830} INFO - Processing file /opt/airflow/dags/stackoverflow_migration_dag.py for tasks to queue
[2026-05-11T14:22:10.923+0000] {logging_mixin.py:188} INFO - [2026-05-11T14:22:10.923+0000] {dagbag.py:545} INFO - Filling up the DagBag from /opt/airflow/dags/stackoverflow_migration_dag.py
[2026-05-11T14:22:10.972+0000] {processor.py:840} INFO - DAG(s) 'stackoverflow_medallion_pipeline' retrieved from /opt/airflow/dags/stackoverflow_migration_dag.py
[2026-05-11T14:22:11.074+0000] {logging_mixin.py:188} INFO - [2026-05-11T14:22:11.074+0000] {dag.py:3096} INFO - Sync 1 DAGs
[2026-05-11T14:22:11.145+0000] {logging_mixin.py:188} INFO - [2026-05-11T14:22:11.144+0000] {dag.py:3954} INFO - Setting next_dagrun for stackoverflow_medallion_pipeline to 2026-05-11 00:00:00+00:00, run_after=2026-05-12 00:00:00+00:00
[2026-05-11T14:22:11.202+0000] {processor.py:183} INFO - Processing /opt/airflow/dags/stackoverflow_migration_dag.py took 0.293 seconds
[2026-05-11T14:22:41.450+0000] {processor.py:161} INFO - Started process (PID=828) to work on /opt/airflow/dags/stackoverflow_migration_dag.py
[2026-05-11T14:22:41.452+0000] {processor.py:830} INFO - Processing file /opt/airflow/dags/stackoverflow_migration_dag.py for tasks to queue
[2026-05-11T14:22:41.454+0000] {logging_mixin.py:188} INFO - [2026-05-11T14:22:41.453+0000] {dagbag.py:545} INFO - Filling up the DagBag from /opt/airflow/dags/stackoverflow_migration_dag.py
[2026-05-11T14:22:41.497+0000] {processor.py:840} INFO - DAG(s) 'stackoverflow_medallion_pipeline' retrieved from /opt/airflow/dags/stackoverflow_migration_dag.py
[2026-05-11T14:22:41.588+0000] {logging_mixin.py:188} INFO - [2026-05-11T14:22:41.588+0000] {dag.py:3096} INFO - Sync 1 DAGs
[2026-05-11T14:22:41.668+0000] {logging_mixin.py:188} INFO - [2026-05-11T14:22:41.667+0000] {dag.py:3954} INFO - Setting next_dagrun for stackoverflow_medallion_pipeline to 2026-05-11 00:00:00+00:00, run_after=2026-05-12 00:00:00+00:00
[2026-05-11T14:22:41.734+0000] {processor.py:183} INFO - Processing /opt/airflow/dags/stackoverflow_migration_dag.py took 0.293 seconds
[2026-05-11T14:23:12.002+0000] {processor.py:161} INFO - Started process (PID=833) to work on /opt/airflow/dags/stackoverflow_migration_dag.py
[2026-05-11T14:23:12.004+0000] {processor.py:830} INFO - Processing file /opt/airflow/dags/stackoverflow_migration_dag.py for tasks to queue
[2026-05-11T14:23:12.006+0000] {logging_mixin.py:188} INFO - [2026-05-11T14:23:12.005+0000] {dagbag.py:545} INFO - Filling up the DagBag from /opt/airflow/dags/stackoverflow_migration_dag.py
[2026-05-11T14:23:12.057+0000] {processor.py:840} INFO - DAG(s) 'stackoverflow_medallion_pipeline' retrieved from /opt/airflow/dags/stackoverflow_migration_dag.py
[2026-05-11T14:23:12.160+0000] {logging_mixin.py:188} INFO - [2026-05-11T14:23:12.159+0000] {dag.py:3096} INFO - Sync 1 DAGs
[2026-05-11T14:23:12.233+0000] {logging_mixin.py:188} INFO - [2026-05-11T14:23:12.232+0000] {dag.py:3954} INFO - Setting next_dagrun for stackoverflow_medallion_pipeline to 2026-05-11 00:00:00+00:00, run_after=2026-05-12 00:00:00+00:00
[2026-05-11T14:23:12.286+0000] {processor.py:183} INFO - Processing /opt/airflow/dags/stackoverflow_migration_dag.py took 0.298 seconds
[2026-05-11T14:23:42.550+0000] {processor.py:161} INFO - Started process (PID=838) to work on /opt/airflow/dags/stackoverflow_migration_dag.py
[2026-05-11T14:23:42.552+0000] {processor.py:830} INFO - Processing file /opt/airflow/dags/stackoverflow_migration_dag.py for tasks to queue
[2026-05-11T14:23:42.555+0000] {logging_mixin.py:188} INFO - [2026-05-11T14:23:42.554+0000] {dagbag.py:545} INFO - Filling up the DagBag from /opt/airflow/dags/stackoverflow_migration_dag.py
[2026-05-11T14:23:42.608+0000] {processor.py:840} INFO - DAG(s) 'stackoverflow_medallion_pipeline' retrieved from /opt/airflow/dags/stackoverflow_migration_dag.py
[2026-05-11T14:23:42.706+0000] {logging_mixin.py:188} INFO - [2026-05-11T14:23:42.705+0000] {dag.py:3096} INFO - Sync 1 DAGs
[2026-05-11T14:23:42.773+0000] {logging_mixin.py:188} INFO - [2026-05-11T14:23:42.773+0000] {dag.py:3954} INFO - Setting next_dagrun for stackoverflow_medallion_pipeline to 2026-05-11 00:00:00+00:00, run_after=2026-05-12 00:00:00+00:00
[2026-05-11T14:23:42.829+0000] {processor.py:183} INFO - Processing /opt/airflow/dags/stackoverflow_migration_dag.py took 0.290 seconds
[2026-05-11T14:24:13.091+0000] {processor.py:161} INFO - Started process (PID=843) to work on /opt/airflow/dags/stackoverflow_migration_dag.py
[2026-05-11T14:24:13.093+0000] {processor.py:830} INFO - Processing file /opt/airflow/dags/stackoverflow_migration_dag.py for tasks to queue
[2026-05-11T14:24:13.095+0000] {logging_mixin.py:188} INFO - [2026-05-11T14:24:13.095+0000] {dagbag.py:545} INFO - Filling up the DagBag from /opt/airflow/dags/stackoverflow_migration_dag.py
[2026-05-11T14:24:13.141+0000] {processor.py:840} INFO - DAG(s) 'stackoverflow_medallion_pipeline' retrieved from /opt/airflow/dags/stackoverflow_migration_dag.py
[2026-05-11T14:24:13.252+0000] {logging_mixin.py:188} INFO - [2026-05-11T14:24:13.252+0000] {dag.py:3096} INFO - Sync 1 DAGs
[2026-05-11T14:24:13.327+0000] {logging_mixin.py:188} INFO - [2026-05-11T14:24:13.327+0000] {dag.py:3954} INFO - Setting next_dagrun for stackoverflow_medallion_pipeline to 2026-05-11 00:00:00+00:00, run_after=2026-05-12 00:00:00+00:00
[2026-05-11T14:24:13.387+0000] {processor.py:183} INFO - Processing /opt/airflow/dags/stackoverflow_migration_dag.py took 0.307 seconds
[2026-05-11T14:24:43.658+0000] {processor.py:161} INFO - Started process (PID=848) to work on /opt/airflow/dags/stackoverflow_migration_dag.py
[2026-05-11T14:24:43.955+0000] {processor.py:830} INFO - Processing file /opt/airflow/dags/stackoverflow_migration_dag.py for tasks to queue
[2026-05-11T14:24:43.957+0000] {logging_mixin.py:188} INFO - [2026-05-11T14:24:43.956+0000] {dagbag.py:545} INFO - Filling up the DagBag from /opt/airflow/dags/stackoverflow_migration_dag.py
[2026-05-11T14:24:44.014+0000] {processor.py:840} INFO - DAG(s) 'stackoverflow_medallion_pipeline' retrieved from /opt/airflow/dags/stackoverflow_migration_dag.py
[2026-05-11T14:24:44.129+0000] {logging_mixin.py:188} INFO - [2026-05-11T14:24:44.129+0000] {dag.py:3096} INFO - Sync 1 DAGs
[2026-05-11T14:24:44.217+0000] {logging_mixin.py:188} INFO - [2026-05-11T14:24:44.216+0000] {dag.py:3954} INFO - Setting next_dagrun for stackoverflow_medallion_pipeline to 2026-05-11 00:00:00+00:00, run_after=2026-05-12 00:00:00+00:00
[2026-05-11T14:24:44.281+0000] {processor.py:183} INFO - Processing /opt/airflow/dags/stackoverflow_migration_dag.py took 0.633 seconds
[2026-05-11T14:25:14.522+0000] {processor.py:161} INFO - Started process (PID=853) to work on /opt/airflow/dags/stackoverflow_migration_dag.py
[2026-05-11T14:25:14.524+0000] {processor.py:830} INFO - Processing file /opt/airflow/dags/stackoverflow_migration_dag.py for tasks to queue
[2026-05-11T14:25:14.525+0000] {logging_mixin.py:188} INFO - [2026-05-11T14:25:14.525+0000] {dagbag.py:545} INFO - Filling up the DagBag from /opt/airflow/dags/stackoverflow_migration_dag.py
[2026-05-11T14:25:14.574+0000] {processor.py:840} INFO - DAG(s) 'stackoverflow_medallion_pipeline' retrieved from /opt/airflow/dags/stackoverflow_migration_dag.py
[2026-05-11T14:25:14.677+0000] {logging_mixin.py:188} INFO - [2026-05-11T14:25:14.677+0000] {dag.py:3096} INFO - Sync 1 DAGs
[2026-05-11T14:25:14.756+0000] {logging_mixin.py:188} INFO - [2026-05-11T14:25:14.755+0000] {dag.py:3954} INFO - Setting next_dagrun for stackoverflow_medallion_pipeline to 2026-05-11 00:00:00+00:00, run_after=2026-05-12 00:00:00+00:00
[2026-05-11T14:25:14.814+0000] {processor.py:183} INFO - Processing /opt/airflow/dags/stackoverflow_migration_dag.py took 0.301 seconds
[2026-05-11T14:25:45.192+0000] {processor.py:161} INFO - Started process (PID=858) to work on /opt/airflow/dags/stackoverflow_migration_dag.py
[2026-05-11T14:25:45.194+0000] {processor.py:830} INFO - Processing file /opt/airflow/dags/stackoverflow_migration_dag.py for tasks to queue
[2026-05-11T14:25:45.196+0000] {logging_mixin.py:188} INFO - [2026-05-11T14:25:45.195+0000] {dagbag.py:545} INFO - Filling up the DagBag from /opt/airflow/dags/stackoverflow_migration_dag.py
[2026-05-11T14:25:45.251+0000] {processor.py:840} INFO - DAG(s) 'stackoverflow_medallion_pipeline' retrieved from /opt/airflow/dags/stackoverflow_migration_dag.py
[2026-05-11T14:25:45.359+0000] {logging_mixin.py:188} INFO - [2026-05-11T14:25:45.358+0000] {dag.py:3096} INFO - Sync 1 DAGs
[2026-05-11T14:25:45.449+0000] {logging_mixin.py:188} INFO - [2026-05-11T14:25:45.449+0000] {dag.py:3954} INFO - Setting next_dagrun for stackoverflow_medallion_pipeline to 2026-05-11 00:00:00+00:00, run_after=2026-05-12 00:00:00+00:00
[2026-05-11T14:25:45.506+0000] {processor.py:183} INFO - Processing /opt/airflow/dags/stackoverflow_migration_dag.py took 0.326 seconds
[2026-05-11T14:26:15.777+0000] {processor.py:161} INFO - Started process (PID=863) to work on /opt/airflow/dags/stackoverflow_migration_dag.py
[2026-05-11T14:26:15.779+0000] {processor.py:830} INFO - Processing file /opt/airflow/dags/stackoverflow_migration_dag.py for tasks to queue
[2026-05-11T14:26:15.781+0000] {logging_mixin.py:188} INFO - [2026-05-11T14:26:15.781+0000] {dagbag.py:545} INFO - Filling up the DagBag from /opt/airflow/dags/stackoverflow_migration_dag.py
[2026-05-11T14:26:15.828+0000] {processor.py:840} INFO - DAG(s) 'stackoverflow_medallion_pipeline' retrieved from /opt/airflow/dags/stackoverflow_migration_dag.py
[2026-05-11T14:26:15.925+0000] {logging_mixin.py:188} INFO - [2026-05-11T14:26:15.924+0000] {dag.py:3096} INFO - Sync 1 DAGs
[2026-05-11T14:26:15.991+0000] {logging_mixin.py:188} INFO - [2026-05-11T14:26:15.990+0000] {dag.py:3954} INFO - Setting next_dagrun for stackoverflow_medallion_pipeline to 2026-05-11 00:00:00+00:00, run_after=2026-05-12 00:00:00+00:00
[2026-05-11T14:26:16.041+0000] {processor.py:183} INFO - Processing /opt/airflow/dags/stackoverflow_migration_dag.py took 0.275 seconds
[2026-05-11T14:26:46.311+0000] {processor.py:161} INFO - Started process (PID=868) to work on /opt/airflow/dags/stackoverflow_migration_dag.py
[2026-05-11T14:26:46.313+0000] {processor.py:830} INFO - Processing file /opt/airflow/dags/stackoverflow_migration_dag.py for tasks to queue
[2026-05-11T14:26:46.315+0000] {logging_mixin.py:188} INFO - [2026-05-11T14:26:46.315+0000] {dagbag.py:545} INFO - Filling up the DagBag from /opt/airflow/dags/stackoverflow_migration_dag.py
[2026-05-11T14:26:46.364+0000] {processor.py:840} INFO - DAG(s) 'stackoverflow_medallion_pipeline' retrieved from /opt/airflow/dags/stackoverflow_migration_dag.py
[2026-05-11T14:26:46.482+0000] {logging_mixin.py:188} INFO - [2026-05-11T14:26:46.482+0000] {dag.py:3096} INFO - Sync 1 DAGs
[2026-05-11T14:26:46.556+0000] {logging_mixin.py:188} INFO - [2026-05-11T14:26:46.556+0000] {dag.py:3954} INFO - Setting next_dagrun for stackoverflow_medallion_pipeline to 2026-05-11 00:00:00+00:00, run_after=2026-05-12 00:00:00+00:00
[2026-05-11T14:26:46.610+0000] {processor.py:183} INFO - Processing /opt/airflow/dags/stackoverflow_migration_dag.py took 0.309 seconds
[2026-05-11T14:27:16.891+0000] {processor.py:161} INFO - Started process (PID=873) to work on /opt/airflow/dags/stackoverflow_migration_dag.py
[2026-05-11T14:27:16.893+0000] {processor.py:830} INFO - Processing file /opt/airflow/dags/stackoverflow_migration_dag.py for tasks to queue
[2026-05-11T14:27:16.896+0000] {logging_mixin.py:188} INFO - [2026-05-11T14:27:16.895+0000] {dagbag.py:545} INFO - Filling up the DagBag from /opt/airflow/dags/stackoverflow_migration_dag.py
[2026-05-11T14:27:16.952+0000] {processor.py:840} INFO - DAG(s) 'stackoverflow_medallion_pipeline' retrieved from /opt/airflow/dags/stackoverflow_migration_dag.py
[2026-05-11T14:27:17.062+0000] {logging_mixin.py:188} INFO - [2026-05-11T14:27:17.061+0000] {dag.py:3096} INFO - Sync 1 DAGs
[2026-05-11T14:27:17.143+0000] {logging_mixin.py:188} INFO - [2026-05-11T14:27:17.142+0000] {dag.py:3954} INFO - Setting next_dagrun for stackoverflow_medallion_pipeline to 2026-05-11 00:00:00+00:00, run_after=2026-05-12 00:00:00+00:00
[2026-05-11T14:27:17.204+0000] {processor.py:183} INFO - Processing /opt/airflow/dags/stackoverflow_migration_dag.py took 0.324 seconds
[2026-05-11T14:27:47.474+0000] {processor.py:161} INFO - Started process (PID=878) to work on /opt/airflow/dags/stackoverflow_migration_dag.py
[2026-05-11T14:27:47.477+0000] {processor.py:830} INFO - Processing file /opt/airflow/dags/stackoverflow_migration_dag.py for tasks to queue
[2026-05-11T14:27:47.479+0000] {logging_mixin.py:188} INFO - [2026-05-11T14:27:47.478+0000] {dagbag.py:545} INFO - Filling up the DagBag from /opt/airflow/dags/stackoverflow_migration_dag.py
[2026-05-11T14:27:47.527+0000] {processor.py:840} INFO - DAG(s) 'stackoverflow_medallion_pipeline' retrieved from /opt/airflow/dags/stackoverflow_migration_dag.py
[2026-05-11T14:27:47.618+0000] {logging_mixin.py:188} INFO - [2026-05-11T14:27:47.618+0000] {dag.py:3096} INFO - Sync 1 DAGs
[2026-05-11T14:27:47.682+0000] {logging_mixin.py:188} INFO - [2026-05-11T14:27:47.681+0000] {dag.py:3954} INFO - Setting next_dagrun for stackoverflow_medallion_pipeline to 2026-05-11 00:00:00+00:00, run_after=2026-05-12 00:00:00+00:00
[2026-05-11T14:27:47.731+0000] {processor.py:183} INFO - Processing /opt/airflow/dags/stackoverflow_migration_dag.py took 0.271 seconds
[2026-05-11T14:28:17.986+0000] {processor.py:161} INFO - Started process (PID=883) to work on /opt/airflow/dags/stackoverflow_migration_dag.py
[2026-05-11T14:28:17.987+0000] {processor.py:830} INFO - Processing file /opt/airflow/dags/stackoverflow_migration_dag.py for tasks to queue
[2026-05-11T14:28:17.989+0000] {logging_mixin.py:188} INFO - [2026-05-11T14:28:17.988+0000] {dagbag.py:545} INFO - Filling up the DagBag from /opt/airflow/dags/stackoverflow_migration_dag.py
[2026-05-11T14:28:18.029+0000] {processor.py:840} INFO - DAG(s) 'stackoverflow_medallion_pipeline' retrieved from /opt/airflow/dags/stackoverflow_migration_dag.py
[2026-05-11T14:28:18.115+0000] {logging_mixin.py:188} INFO - [2026-05-11T14:28:18.115+0000] {dag.py:3096} INFO - Sync 1 DAGs
[2026-05-11T14:28:18.179+0000] {logging_mixin.py:188} INFO - [2026-05-11T14:28:18.179+0000] {dag.py:3954} INFO - Setting next_dagrun for stackoverflow_medallion_pipeline to 2026-05-11 00:00:00+00:00, run_after=2026-05-12 00:00:00+00:00
[2026-05-11T14:28:18.227+0000] {processor.py:183} INFO - Processing /opt/airflow/dags/stackoverflow_migration_dag.py took 0.249 seconds
[2026-05-11T14:28:48.443+0000] {processor.py:161} INFO - Started process (PID=888) to work on /opt/airflow/dags/stackoverflow_migration_dag.py
[2026-05-11T14:28:48.445+0000] {processor.py:830} INFO - Processing file /opt/airflow/dags/stackoverflow_migration_dag.py for tasks to queue
[2026-05-11T14:28:48.446+0000] {logging_mixin.py:188} INFO - [2026-05-11T14:28:48.446+0000] {dagbag.py:545} INFO - Filling up the DagBag from /opt/airflow/dags/stackoverflow_migration_dag.py
[2026-05-11T14:28:48.481+0000] {processor.py:840} INFO - DAG(s) 'stackoverflow_medallion_pipeline' retrieved from /opt/airflow/dags/stackoverflow_migration_dag.py
[2026-05-11T14:28:48.561+0000] {logging_mixin.py:188} INFO - [2026-05-11T14:28:48.560+0000] {dag.py:3096} INFO - Sync 1 DAGs
[2026-05-11T14:28:48.614+0000] {logging_mixin.py:188} INFO - [2026-05-11T14:28:48.613+0000] {dag.py:3954} INFO - Setting next_dagrun for stackoverflow_medallion_pipeline to 2026-05-11 00:00:00+00:00, run_after=2026-05-12 00:00:00+00:00
[2026-05-11T14:28:48.659+0000] {processor.py:183} INFO - Processing /opt/airflow/dags/stackoverflow_migration_dag.py took 0.223 seconds
[2026-05-11T14:29:18.886+0000] {processor.py:161} INFO - Started process (PID=893) to work on /opt/airflow/dags/stackoverflow_migration_dag.py
[2026-05-11T14:29:18.887+0000] {processor.py:830} INFO - Processing file /opt/airflow/dags/stackoverflow_migration_dag.py for tasks to queue
[2026-05-11T14:29:18.889+0000] {logging_mixin.py:188} INFO - [2026-05-11T14:29:18.888+0000] {dagbag.py:545} INFO - Filling up the DagBag from /opt/airflow/dags/stackoverflow_migration_dag.py
[2026-05-11T14:29:18.933+0000] {processor.py:840} INFO - DAG(s) 'stackoverflow_medallion_pipeline' retrieved from /opt/airflow/dags/stackoverflow_migration_dag.py
[2026-05-11T14:29:19.020+0000] {logging_mixin.py:188} INFO - [2026-05-11T14:29:19.019+0000] {dag.py:3096} INFO - Sync 1 DAGs
[2026-05-11T14:29:19.076+0000] {logging_mixin.py:188} INFO - [2026-05-11T14:29:19.075+0000] {dag.py:3954} INFO - Setting next_dagrun for stackoverflow_medallion_pipeline to 2026-05-11 00:00:00+00:00, run_after=2026-05-12 00:00:00+00:00
[2026-05-11T14:29:19.122+0000] {processor.py:183} INFO - Processing /opt/airflow/dags/stackoverflow_migration_dag.py took 0.245 seconds
[2026-05-11T14:29:49.354+0000] {processor.py:161} INFO - Started process (PID=898) to work on /opt/airflow/dags/stackoverflow_migration_dag.py
[2026-05-11T14:29:49.356+0000] {processor.py:830} INFO - Processing file /opt/airflow/dags/stackoverflow_migration_dag.py for tasks to queue
[2026-05-11T14:29:49.357+0000] {logging_mixin.py:188} INFO - [2026-05-11T14:29:49.357+0000] {dagbag.py:545} INFO - Filling up the DagBag from /opt/airflow/dags/stackoverflow_migration_dag.py
[2026-05-11T14:29:49.393+0000] {processor.py:840} INFO - DAG(s) 'stackoverflow_medallion_pipeline' retrieved from /opt/airflow/dags/stackoverflow_migration_dag.py
[2026-05-11T14:29:49.471+0000] {logging_mixin.py:188} INFO - [2026-05-11T14:29:49.471+0000] {dag.py:3096} INFO - Sync 1 DAGs
[2026-05-11T14:29:49.527+0000] {logging_mixin.py:188} INFO - [2026-05-11T14:29:49.527+0000] {dag.py:3954} INFO - Setting next_dagrun for stackoverflow_medallion_pipeline to 2026-05-11 00:00:00+00:00, run_after=2026-05-12 00:00:00+00:00
[2026-05-11T14:29:49.576+0000] {processor.py:183} INFO - Processing /opt/airflow/dags/stackoverflow_migration_dag.py took 0.229 seconds
[2026-05-11T14:30:19.793+0000] {processor.py:161} INFO - Started process (PID=903) to work on /opt/airflow/dags/stackoverflow_migration_dag.py
[2026-05-11T14:30:19.795+0000] {processor.py:830} INFO - Processing file /opt/airflow/dags/stackoverflow_migration_dag.py for tasks to queue
[2026-05-11T14:30:19.797+0000] {logging_mixin.py:188} INFO - [2026-05-11T14:30:19.796+0000] {dagbag.py:545} INFO - Filling up the DagBag from /opt/airflow/dags/stackoverflow_migration_dag.py
[2026-05-11T14:30:19.836+0000] {processor.py:840} INFO - DAG(s) 'stackoverflow_medallion_pipeline' retrieved from /opt/airflow/dags/stackoverflow_migration_dag.py
[2026-05-11T14:30:19.915+0000] {logging_mixin.py:188} INFO - [2026-05-11T14:30:19.915+0000] {dag.py:3096} INFO - Sync 1 DAGs
[2026-05-11T14:30:19.973+0000] {logging_mixin.py:188} INFO - [2026-05-11T14:30:19.973+0000] {dag.py:3954} INFO - Setting next_dagrun for stackoverflow_medallion_pipeline to 2026-05-11 00:00:00+00:00, run_after=2026-05-12 00:00:00+00:00
[2026-05-11T14:30:20.018+0000] {processor.py:183} INFO - Processing /opt/airflow/dags/stackoverflow_migration_dag.py took 0.232 seconds
[2026-05-11T14:30:50.290+0000] {processor.py:161} INFO - Started process (PID=908) to work on /opt/airflow/dags/stackoverflow_migration_dag.py
[2026-05-11T14:30:50.292+0000] {processor.py:830} INFO - Processing file /opt/airflow/dags/stackoverflow_migration_dag.py for tasks to queue
[2026-05-11T14:30:50.293+0000] {logging_mixin.py:188} INFO - [2026-05-11T14:30:50.293+0000] {dagbag.py:545} INFO - Filling up the DagBag from /opt/airflow/dags/stackoverflow_migration_dag.py
[2026-05-11T14:30:50.329+0000] {processor.py:840} INFO - DAG(s) 'stackoverflow_medallion_pipeline' retrieved from /opt/airflow/dags/stackoverflow_migration_dag.py
[2026-05-11T14:30:50.396+0000] {logging_mixin.py:188} INFO - [2026-05-11T14:30:50.396+0000] {dag.py:3096} INFO - Sync 1 DAGs
[2026-05-11T14:30:50.449+0000] {logging_mixin.py:188} INFO - [2026-05-11T14:30:50.449+0000] {dag.py:3954} INFO - Setting next_dagrun for stackoverflow_medallion_pipeline to 2026-05-11 00:00:00+00:00, run_after=2026-05-12 00:00:00+00:00
[2026-05-11T14:30:50.492+0000] {processor.py:183} INFO - Processing /opt/airflow/dags/stackoverflow_migration_dag.py took 0.210 seconds
[2026-05-11T14:31:20.716+0000] {processor.py:161} INFO - Started process (PID=913) to work on /opt/airflow/dags/stackoverflow_migration_dag.py
[2026-05-11T14:31:20.718+0000] {processor.py:830} INFO - Processing file /opt/airflow/dags/stackoverflow_migration_dag.py for tasks to queue
[2026-05-11T14:31:20.720+0000] {logging_mixin.py:188} INFO - [2026-05-11T14:31:20.719+0000] {dagbag.py:545} INFO - Filling up the DagBag from /opt/airflow/dags/stackoverflow_migration_dag.py
[2026-05-11T14:31:20.768+0000] {processor.py:840} INFO - DAG(s) 'stackoverflow_medallion_pipeline' retrieved from /opt/airflow/dags/stackoverflow_migration_dag.py
[2026-05-11T14:31:20.855+0000] {logging_mixin.py:188} INFO - [2026-05-11T14:31:20.855+0000] {dag.py:3096} INFO - Sync 1 DAGs
[2026-05-11T14:31:20.915+0000] {logging_mixin.py:188} INFO - [2026-05-11T14:31:20.915+0000] {dag.py:3954} INFO - Setting next_dagrun for stackoverflow_medallion_pipeline to 2026-05-11 00:00:00+00:00, run_after=2026-05-12 00:00:00+00:00
[2026-05-11T14:31:20.963+0000] {processor.py:183} INFO - Processing /opt/airflow/dags/stackoverflow_migration_dag.py took 0.256 seconds
[2026-05-11T14:31:51.190+0000] {processor.py:161} INFO - Started process (PID=918) to work on /opt/airflow/dags/stackoverflow_migration_dag.py
[2026-05-11T14:31:51.191+0000] {processor.py:830} INFO - Processing file /opt/airflow/dags/stackoverflow_migration_dag.py for tasks to queue
[2026-05-11T14:31:51.193+0000] {logging_mixin.py:188} INFO - [2026-05-11T14:31:51.192+0000] {dagbag.py:545} INFO - Filling up the DagBag from /opt/airflow/dags/stackoverflow_migration_dag.py
[2026-05-11T14:31:51.234+0000] {processor.py:840} INFO - DAG(s) 'stackoverflow_medallion_pipeline' retrieved from /opt/airflow/dags/stackoverflow_migration_dag.py
[2026-05-11T14:31:51.313+0000] {logging_mixin.py:188} INFO - [2026-05-11T14:31:51.312+0000] {dag.py:3096} INFO - Sync 1 DAGs
[2026-05-11T14:31:51.368+0000] {logging_mixin.py:188} INFO - [2026-05-11T14:31:51.367+0000] {dag.py:3954} INFO - Setting next_dagrun for stackoverflow_medallion_pipeline to 2026-05-11 00:00:00+00:00, run_after=2026-05-12 00:00:00+00:00
[2026-05-11T14:31:51.410+0000] {processor.py:183} INFO - Processing /opt/airflow/dags/stackoverflow_migration_dag.py took 0.228 seconds
[2026-05-11T14:32:21.629+0000] {processor.py:161} INFO - Started process (PID=923) to work on /opt/airflow/dags/stackoverflow_migration_dag.py
[2026-05-11T14:32:21.631+0000] {processor.py:830} INFO - Processing file /opt/airflow/dags/stackoverflow_migration_dag.py for tasks to queue
[2026-05-11T14:32:21.632+0000] {logging_mixin.py:188} INFO - [2026-05-11T14:32:21.632+0000] {dagbag.py:545} INFO - Filling up the DagBag from /opt/airflow/dags/stackoverflow_migration_dag.py
[2026-05-11T14:32:21.671+0000] {processor.py:840} INFO - DAG(s) 'stackoverflow_medallion_pipeline' retrieved from /opt/airflow/dags/stackoverflow_migration_dag.py
[2026-05-11T14:32:21.746+0000] {logging_mixin.py:188} INFO - [2026-05-11T14:32:21.745+0000] {dag.py:3096} INFO - Sync 1 DAGs
[2026-05-11T14:32:21.798+0000] {logging_mixin.py:188} INFO - [2026-05-11T14:32:21.798+0000] {dag.py:3954} INFO - Setting next_dagrun for stackoverflow_medallion_pipeline to 2026-05-11 00:00:00+00:00, run_after=2026-05-12 00:00:00+00:00
[2026-05-11T14:32:21.843+0000] {processor.py:183} INFO - Processing /opt/airflow/dags/stackoverflow_migration_dag.py took 0.221 seconds
[2026-05-11T14:32:52.070+0000] {processor.py:161} INFO - Started process (PID=928) to work on /opt/airflow/dags/stackoverflow_migration_dag.py
[2026-05-11T14:32:52.071+0000] {processor.py:830} INFO - Processing file /opt/airflow/dags/stackoverflow_migration_dag.py for tasks to queue
[2026-05-11T14:32:52.073+0000] {logging_mixin.py:188} INFO - [2026-05-11T14:32:52.072+0000] {dagbag.py:545} INFO - Filling up the DagBag from /opt/airflow/dags/stackoverflow_migration_dag.py
[2026-05-11T14:32:52.111+0000] {processor.py:840} INFO - DAG(s) 'stackoverflow_medallion_pipeline' retrieved from /opt/airflow/dags/stackoverflow_migration_dag.py
[2026-05-11T14:32:52.185+0000] {logging_mixin.py:188} INFO - [2026-05-11T14:32:52.185+0000] {dag.py:3096} INFO - Sync 1 DAGs
[2026-05-11T14:32:52.240+0000] {logging_mixin.py:188} INFO - [2026-05-11T14:32:52.240+0000] {dag.py:3954} INFO - Setting next_dagrun for stackoverflow_medallion_pipeline to 2026-05-11 00:00:00+00:00, run_after=2026-05-12 00:00:00+00:00
[2026-05-11T14:32:52.285+0000] {processor.py:183} INFO - Processing /opt/airflow/dags/stackoverflow_migration_dag.py took 0.222 seconds
[2026-05-11T14:33:22.505+0000] {processor.py:161} INFO - Started process (PID=933) to work on /opt/airflow/dags/stackoverflow_migration_dag.py
[2026-05-11T14:33:22.507+0000] {processor.py:830} INFO - Processing file /opt/airflow/dags/stackoverflow_migration_dag.py for tasks to queue
[2026-05-11T14:33:22.508+0000] {logging_mixin.py:188} INFO - [2026-05-11T14:33:22.508+0000] {dagbag.py:545} INFO - Filling up the DagBag from /opt/airflow/dags/stackoverflow_migration_dag.py
[2026-05-11T14:33:22.549+0000] {processor.py:840} INFO - DAG(s) 'stackoverflow_medallion_pipeline' retrieved from /opt/airflow/dags/stackoverflow_migration_dag.py
[2026-05-11T14:33:22.624+0000] {logging_mixin.py:188} INFO - [2026-05-11T14:33:22.624+0000] {dag.py:3096} INFO - Sync 1 DAGs
[2026-05-11T14:33:22.675+0000] {logging_mixin.py:188} INFO - [2026-05-11T14:33:22.675+0000] {dag.py:3954} INFO - Setting next_dagrun for stackoverflow_medallion_pipeline to 2026-05-11 00:00:00+00:00, run_after=2026-05-12 00:00:00+00:00
[2026-05-11T14:33:22.739+0000] {processor.py:183} INFO - Processing /opt/airflow/dags/stackoverflow_migration_dag.py took 0.242 seconds
[2026-05-11T14:33:53.086+0000] {processor.py:161} INFO - Started process (PID=938) to work on /opt/airflow/dags/stackoverflow_migration_dag.py
[2026-05-11T14:33:53.091+0000] {processor.py:830} INFO - Processing file /opt/airflow/dags/stackoverflow_migration_dag.py for tasks to queue
[2026-05-11T14:33:53.095+0000] {logging_mixin.py:188} INFO - [2026-05-11T14:33:53.093+0000] {dagbag.py:545} INFO - Filling up the DagBag from /opt/airflow/dags/stackoverflow_migration_dag.py
[2026-05-11T14:33:53.169+0000] {processor.py:840} INFO - DAG(s) 'stackoverflow_medallion_pipeline' retrieved from /opt/airflow/dags/stackoverflow_migration_dag.py
[2026-05-11T14:33:53.314+0000] {logging_mixin.py:188} INFO - [2026-05-11T14:33:53.314+0000] {dag.py:3096} INFO - Sync 1 DAGs
[2026-05-11T14:33:53.394+0000] {logging_mixin.py:188} INFO - [2026-05-11T14:33:53.394+0000] {dag.py:3954} INFO - Setting next_dagrun for stackoverflow_medallion_pipeline to 2026-05-11 00:00:00+00:00, run_after=2026-05-12 00:00:00+00:00
[2026-05-11T14:33:53.448+0000] {processor.py:183} INFO - Processing /opt/airflow/dags/stackoverflow_migration_dag.py took 0.396 seconds
[2026-05-11T14:34:23.678+0000] {processor.py:161} INFO - Started process (PID=943) to work on /opt/airflow/dags/stackoverflow_migration_dag.py
[2026-05-11T14:34:23.680+0000] {processor.py:830} INFO - Processing file /opt/airflow/dags/stackoverflow_migration_dag.py for tasks to queue
[2026-05-11T14:34:23.681+0000] {logging_mixin.py:188} INFO - [2026-05-11T14:34:23.681+0000] {dagbag.py:545} INFO - Filling up the DagBag from /opt/airflow/dags/stackoverflow_migration_dag.py
[2026-05-11T14:34:23.722+0000] {processor.py:840} INFO - DAG(s) 'stackoverflow_medallion_pipeline' retrieved from /opt/airflow/dags/stackoverflow_migration_dag.py
[2026-05-11T14:34:23.805+0000] {logging_mixin.py:188} INFO - [2026-05-11T14:34:23.804+0000] {dag.py:3096} INFO - Sync 1 DAGs
[2026-05-11T14:34:23.862+0000] {logging_mixin.py:188} INFO - [2026-05-11T14:34:23.861+0000] {dag.py:3954} INFO - Setting next_dagrun for stackoverflow_medallion_pipeline to 2026-05-11 00:00:00+00:00, run_after=2026-05-12 00:00:00+00:00
[2026-05-11T14:34:23.910+0000] {processor.py:183} INFO - Processing /opt/airflow/dags/stackoverflow_migration_dag.py took 0.240 seconds
[2026-05-11T14:34:54.133+0000] {processor.py:161} INFO - Started process (PID=948) to work on /opt/airflow/dags/stackoverflow_migration_dag.py
[2026-05-11T14:34:54.134+0000] {processor.py:830} INFO - Processing file /opt/airflow/dags/stackoverflow_migration_dag.py for tasks to queue
[2026-05-11T14:34:54.136+0000] {logging_mixin.py:188} INFO - [2026-05-11T14:34:54.135+0000] {dagbag.py:545} INFO - Filling up the DagBag from /opt/airflow/dags/stackoverflow_migration_dag.py
[2026-05-11T14:34:54.178+0000] {processor.py:840} INFO - DAG(s) 'stackoverflow_medallion_pipeline' retrieved from /opt/airflow/dags/stackoverflow_migration_dag.py
[2026-05-11T14:34:54.260+0000] {logging_mixin.py:188} INFO - [2026-05-11T14:34:54.259+0000] {dag.py:3096} INFO - Sync 1 DAGs
[2026-05-11T14:34:54.316+0000] {logging_mixin.py:188} INFO - [2026-05-11T14:34:54.316+0000] {dag.py:3954} INFO - Setting next_dagrun for stackoverflow_medallion_pipeline to 2026-05-11 00:00:00+00:00, run_after=2026-05-12 00:00:00+00:00
[2026-05-11T14:34:54.360+0000] {processor.py:183} INFO - Processing /opt/airflow/dags/stackoverflow_migration_dag.py took 0.237 seconds
[2026-05-11T14:35:24.579+0000] {processor.py:161} INFO - Started process (PID=953) to work on /opt/airflow/dags/stackoverflow_migration_dag.py
[2026-05-11T14:35:24.580+0000] {processor.py:830} INFO - Processing file /opt/airflow/dags/stackoverflow_migration_dag.py for tasks to queue
[2026-05-11T14:35:24.582+0000] {logging_mixin.py:188} INFO - [2026-05-11T14:35:24.581+0000] {dagbag.py:545} INFO - Filling up the DagBag from /opt/airflow/dags/stackoverflow_migration_dag.py
[2026-05-11T14:35:24.625+0000] {processor.py:840} INFO - DAG(s) 'stackoverflow_medallion_pipeline' retrieved from /opt/airflow/dags/stackoverflow_migration_dag.py
[2026-05-11T14:35:24.714+0000] {logging_mixin.py:188} INFO - [2026-05-11T14:35:24.713+0000] {dag.py:3096} INFO - Sync 1 DAGs
[2026-05-11T14:35:24.776+0000] {logging_mixin.py:188} INFO - [2026-05-11T14:35:24.775+0000] {dag.py:3954} INFO - Setting next_dagrun for stackoverflow_medallion_pipeline to 2026-05-11 00:00:00+00:00, run_after=2026-05-12 00:00:00+00:00
[2026-05-11T14:35:24.821+0000] {processor.py:183} INFO - Processing /opt/airflow/dags/stackoverflow_migration_dag.py took 0.251 seconds
[2026-05-11T14:35:55.049+0000] {processor.py:161} INFO - Started process (PID=958) to work on /opt/airflow/dags/stackoverflow_migration_dag.py
[2026-05-11T14:35:55.050+0000] {processor.py:830} INFO - Processing file /opt/airflow/dags/stackoverflow_migration_dag.py for tasks to queue
[2026-05-11T14:35:55.052+0000] {logging_mixin.py:188} INFO - [2026-05-11T14:35:55.051+0000] {dagbag.py:545} INFO - Filling up the DagBag from /opt/airflow/dags/stackoverflow_migration_dag.py
[2026-05-11T14:35:55.085+0000] {processor.py:840} INFO - DAG(s) 'stackoverflow_medallion_pipeline' retrieved from /opt/airflow/dags/stackoverflow_migration_dag.py
[2026-05-11T14:35:55.161+0000] {logging_mixin.py:188} INFO - [2026-05-11T14:35:55.161+0000] {dag.py:3096} INFO - Sync 1 DAGs
[2026-05-11T14:35:55.212+0000] {logging_mixin.py:188} INFO - [2026-05-11T14:35:55.212+0000] {dag.py:3954} INFO - Setting next_dagrun for stackoverflow_medallion_pipeline to 2026-05-11 00:00:00+00:00, run_after=2026-05-12 00:00:00+00:00
[2026-05-11T14:35:55.257+0000] {processor.py:183} INFO - Processing /opt/airflow/dags/stackoverflow_migration_dag.py took 0.215 seconds
[2026-05-11T14:36:25.477+0000] {processor.py:161} INFO - Started process (PID=963) to work on /opt/airflow/dags/stackoverflow_migration_dag.py
[2026-05-11T14:36:25.479+0000] {processor.py:830} INFO - Processing file /opt/airflow/dags/stackoverflow_migration_dag.py for tasks to queue
[2026-05-11T14:36:25.480+0000] {logging_mixin.py:188} INFO - [2026-05-11T14:36:25.480+0000] {dagbag.py:545} INFO - Filling up the DagBag from /opt/airflow/dags/stackoverflow_migration_dag.py
[2026-05-11T14:36:25.523+0000] {processor.py:840} INFO - DAG(s) 'stackoverflow_medallion_pipeline' retrieved from /opt/airflow/dags/stackoverflow_migration_dag.py
[2026-05-11T14:36:25.606+0000] {logging_mixin.py:188} INFO - [2026-05-11T14:36:25.606+0000] {dag.py:3096} INFO - Sync 1 DAGs
[2026-05-11T14:36:25.666+0000] {logging_mixin.py:188} INFO - [2026-05-11T14:36:25.666+0000] {dag.py:3954} INFO - Setting next_dagrun for stackoverflow_medallion_pipeline to 2026-05-11 00:00:00+00:00, run_after=2026-05-12 00:00:00+00:00
[2026-05-11T14:36:25.749+0000] {processor.py:183} INFO - Processing /opt/airflow/dags/stackoverflow_migration_dag.py took 0.280 seconds
[2026-05-11T14:36:56.002+0000] {processor.py:161} INFO - Started process (PID=968) to work on /opt/airflow/dags/stackoverflow_migration_dag.py
[2026-05-11T14:36:56.004+0000] {processor.py:830} INFO - Processing file /opt/airflow/dags/stackoverflow_migration_dag.py for tasks to queue
[2026-05-11T14:36:56.005+0000] {logging_mixin.py:188} INFO - [2026-05-11T14:36:56.005+0000] {dagbag.py:545} INFO - Filling up the DagBag from /opt/airflow/dags/stackoverflow_migration_dag.py
[2026-05-11T14:36:56.043+0000] {processor.py:840} INFO - DAG(s) 'stackoverflow_medallion_pipeline' retrieved from /opt/airflow/dags/stackoverflow_migration_dag.py
[2026-05-11T14:36:56.117+0000] {logging_mixin.py:188} INFO - [2026-05-11T14:36:56.117+0000] {dag.py:3096} INFO - Sync 1 DAGs
[2026-05-11T14:36:56.170+0000] {logging_mixin.py:188} INFO - [2026-05-11T14:36:56.170+0000] {dag.py:3954} INFO - Setting next_dagrun for stackoverflow_medallion_pipeline to 2026-05-11 00:00:00+00:00, run_after=2026-05-12 00:00:00+00:00
[2026-05-11T14:36:56.213+0000] {processor.py:183} INFO - Processing /opt/airflow/dags/stackoverflow_migration_dag.py took 0.219 seconds
[2026-05-11T14:37:26.426+0000] {processor.py:161} INFO - Started process (PID=973) to work on /opt/airflow/dags/stackoverflow_migration_dag.py
[2026-05-11T14:37:26.427+0000] {processor.py:830} INFO - Processing file /opt/airflow/dags/stackoverflow_migration_dag.py for tasks to queue
[2026-05-11T14:37:26.429+0000] {logging_mixin.py:188} INFO - [2026-05-11T14:37:26.428+0000] {dagbag.py:545} INFO - Filling up the DagBag from /opt/airflow/dags/stackoverflow_migration_dag.py
[2026-05-11T14:37:26.461+0000] {processor.py:840} INFO - DAG(s) 'stackoverflow_medallion_pipeline' retrieved from /opt/airflow/dags/stackoverflow_migration_dag.py
[2026-05-11T14:37:26.528+0000] {logging_mixin.py:188} INFO - [2026-05-11T14:37:26.527+0000] {dag.py:3096} INFO - Sync 1 DAGs
[2026-05-11T14:37:26.577+0000] {logging_mixin.py:188} INFO - [2026-05-11T14:37:26.576+0000] {dag.py:3954} INFO - Setting next_dagrun for stackoverflow_medallion_pipeline to 2026-05-11 00:00:00+00:00, run_after=2026-05-12 00:00:00+00:00
[2026-05-11T14:37:26.620+0000] {processor.py:183} INFO - Processing /opt/airflow/dags/stackoverflow_migration_dag.py took 0.202 seconds
[2026-05-11T14:37:56.851+0000] {processor.py:161} INFO - Started process (PID=978) to work on /opt/airflow/dags/stackoverflow_migration_dag.py
[2026-05-11T14:37:56.853+0000] {processor.py:830} INFO - Processing file /opt/airflow/dags/stackoverflow_migration_dag.py for tasks to queue
[2026-05-11T14:37:56.855+0000] {logging_mixin.py:188} INFO - [2026-05-11T14:37:56.855+0000] {dagbag.py:545} INFO - Filling up the DagBag from /opt/airflow/dags/stackoverflow_migration_dag.py
[2026-05-11T14:37:56.907+0000] {processor.py:840} INFO - DAG(s) 'stackoverflow_medallion_pipeline' retrieved from /opt/airflow/dags/stackoverflow_migration_dag.py
[2026-05-11T14:37:56.997+0000] {logging_mixin.py:188} INFO - [2026-05-11T14:37:56.996+0000] {dag.py:3096} INFO - Sync 1 DAGs
[2026-05-11T14:37:57.057+0000] {logging_mixin.py:188} INFO - [2026-05-11T14:37:57.057+0000] {dag.py:3954} INFO - Setting next_dagrun for stackoverflow_medallion_pipeline to 2026-05-11 00:00:00+00:00, run_after=2026-05-12 00:00:00+00:00
[2026-05-11T14:37:57.103+0000] {processor.py:183} INFO - Processing /opt/airflow/dags/stackoverflow_migration_dag.py took 0.268 seconds
[2026-05-11T14:38:27.324+0000] {processor.py:161} INFO - Started process (PID=983) to work on /opt/airflow/dags/stackoverflow_migration_dag.py
[2026-05-11T14:38:27.326+0000] {processor.py:830} INFO - Processing file /opt/airflow/dags/stackoverflow_migration_dag.py for tasks to queue
[2026-05-11T14:38:27.327+0000] {logging_mixin.py:188} INFO - [2026-05-11T14:38:27.327+0000] {dagbag.py:545} INFO - Filling up the DagBag from /opt/airflow/dags/stackoverflow_migration_dag.py
[2026-05-11T14:38:27.365+0000] {processor.py:840} INFO - DAG(s) 'stackoverflow_medallion_pipeline' retrieved from /opt/airflow/dags/stackoverflow_migration_dag.py
[2026-05-11T14:38:27.441+0000] {logging_mixin.py:188} INFO - [2026-05-11T14:38:27.441+0000] {dag.py:3096} INFO - Sync 1 DAGs
[2026-05-11T14:38:27.494+0000] {logging_mixin.py:188} INFO - [2026-05-11T14:38:27.494+0000] {dag.py:3954} INFO - Setting next_dagrun for stackoverflow_medallion_pipeline to 2026-05-11 00:00:00+00:00, run_after=2026-05-12 00:00:00+00:00
[2026-05-11T14:38:27.539+0000] {processor.py:183} INFO - Processing /opt/airflow/dags/stackoverflow_migration_dag.py took 0.224 seconds
[2026-05-11T14:38:57.747+0000] {processor.py:161} INFO - Started process (PID=988) to work on /opt/airflow/dags/stackoverflow_migration_dag.py
[2026-05-11T14:38:57.749+0000] {processor.py:830} INFO - Processing file /opt/airflow/dags/stackoverflow_migration_dag.py for tasks to queue
[2026-05-11T14:38:57.751+0000] {logging_mixin.py:188} INFO - [2026-05-11T14:38:57.750+0000] {dagbag.py:545} INFO - Filling up the DagBag from /opt/airflow/dags/stackoverflow_migration_dag.py
[2026-05-11T14:38:57.786+0000] {processor.py:840} INFO - DAG(s) 'stackoverflow_medallion_pipeline' retrieved from /opt/airflow/dags/stackoverflow_migration_dag.py
[2026-05-11T14:38:57.855+0000] {logging_mixin.py:188} INFO - [2026-05-11T14:38:57.855+0000] {dag.py:3096} INFO - Sync 1 DAGs
[2026-05-11T14:38:57.909+0000] {logging_mixin.py:188} INFO - [2026-05-11T14:38:57.908+0000] {dag.py:3954} INFO - Setting next_dagrun for stackoverflow_medallion_pipeline to 2026-05-11 00:00:00+00:00, run_after=2026-05-12 00:00:00+00:00
[2026-05-11T14:38:57.955+0000] {processor.py:183} INFO - Processing /opt/airflow/dags/stackoverflow_migration_dag.py took 0.215 seconds
[2026-05-11T14:39:28.202+0000] {processor.py:161} INFO - Started process (PID=993) to work on /opt/airflow/dags/stackoverflow_migration_dag.py
[2026-05-11T14:39:28.204+0000] {processor.py:830} INFO - Processing file /opt/airflow/dags/stackoverflow_migration_dag.py for tasks to queue
[2026-05-11T14:39:28.205+0000] {logging_mixin.py:188} INFO - [2026-05-11T14:39:28.205+0000] {dagbag.py:545} INFO - Filling up the DagBag from /opt/airflow/dags/stackoverflow_migration_dag.py
[2026-05-11T14:39:28.246+0000] {processor.py:840} INFO - DAG(s) 'stackoverflow_medallion_pipeline' retrieved from /opt/airflow/dags/stackoverflow_migration_dag.py
[2026-05-11T14:39:28.338+0000] {logging_mixin.py:188} INFO - [2026-05-11T14:39:28.338+0000] {dag.py:3096} INFO - Sync 1 DAGs
[2026-05-11T14:39:28.409+0000] {logging_mixin.py:188} INFO - [2026-05-11T14:39:28.409+0000] {dag.py:3954} INFO - Setting next_dagrun for stackoverflow_medallion_pipeline to 2026-05-11 00:00:00+00:00, run_after=2026-05-12 00:00:00+00:00
[2026-05-11T14:39:28.454+0000] {processor.py:183} INFO - Processing /opt/airflow/dags/stackoverflow_migration_dag.py took 0.260 seconds
[2026-05-11T14:39:58.678+0000] {processor.py:161} INFO - Started process (PID=998) to work on /opt/airflow/dags/stackoverflow_migration_dag.py
[2026-05-11T14:39:58.680+0000] {processor.py:830} INFO - Processing file /opt/airflow/dags/stackoverflow_migration_dag.py for tasks to queue
[2026-05-11T14:39:58.681+0000] {logging_mixin.py:188} INFO - [2026-05-11T14:39:58.681+0000] {dagbag.py:545} INFO - Filling up the DagBag from /opt/airflow/dags/stackoverflow_migration_dag.py
[2026-05-11T14:39:58.717+0000] {processor.py:840} INFO - DAG(s) 'stackoverflow_medallion_pipeline' retrieved from /opt/airflow/dags/stackoverflow_migration_dag.py
[2026-05-11T14:39:58.792+0000] {logging_mixin.py:188} INFO - [2026-05-11T14:39:58.792+0000] {dag.py:3096} INFO - Sync 1 DAGs
[2026-05-11T14:39:58.848+0000] {logging_mixin.py:188} INFO - [2026-05-11T14:39:58.848+0000] {dag.py:3954} INFO - Setting next_dagrun for stackoverflow_medallion_pipeline to 2026-05-11 00:00:00+00:00, run_after=2026-05-12 00:00:00+00:00
[2026-05-11T14:39:58.892+0000] {processor.py:183} INFO - Processing /opt/airflow/dags/stackoverflow_migration_dag.py took 0.221 seconds
[2026-05-11T14:40:29.111+0000] {processor.py:161} INFO - Started process (PID=1003) to work on /opt/airflow/dags/stackoverflow_migration_dag.py
[2026-05-11T14:40:29.113+0000] {processor.py:830} INFO - Processing file /opt/airflow/dags/stackoverflow_migration_dag.py for tasks to queue
[2026-05-11T14:40:29.114+0000] {logging_mixin.py:188} INFO - [2026-05-11T14:40:29.113+0000] {dagbag.py:545} INFO - Filling up the DagBag from /opt/airflow/dags/stackoverflow_migration_dag.py
[2026-05-11T14:40:29.157+0000] {processor.py:840} INFO - DAG(s) 'stackoverflow_medallion_pipeline' retrieved from /opt/airflow/dags/stackoverflow_migration_dag.py
[2026-05-11T14:40:29.237+0000] {logging_mixin.py:188} INFO - [2026-05-11T14:40:29.237+0000] {dag.py:3096} INFO - Sync 1 DAGs
[2026-05-11T14:40:29.288+0000] {logging_mixin.py:188} INFO - [2026-05-11T14:40:29.288+0000] {dag.py:3954} INFO - Setting next_dagrun for stackoverflow_medallion_pipeline to 2026-05-11 00:00:00+00:00, run_after=2026-05-12 00:00:00+00:00
[2026-05-11T14:40:29.332+0000] {processor.py:183} INFO - Processing /opt/airflow/dags/stackoverflow_migration_dag.py took 0.229 seconds
[2026-05-11T14:40:59.548+0000] {processor.py:161} INFO - Started process (PID=1008) to work on /opt/airflow/dags/stackoverflow_migration_dag.py
[2026-05-11T14:40:59.549+0000] {processor.py:830} INFO - Processing file /opt/airflow/dags/stackoverflow_migration_dag.py for tasks to queue
[2026-05-11T14:40:59.551+0000] {logging_mixin.py:188} INFO - [2026-05-11T14:40:59.550+0000] {dagbag.py:545} INFO - Filling up the DagBag from /opt/airflow/dags/stackoverflow_migration_dag.py
[2026-05-11T14:40:59.588+0000] {processor.py:840} INFO - DAG(s) 'stackoverflow_medallion_pipeline' retrieved from /opt/airflow/dags/stackoverflow_migration_dag.py
[2026-05-11T14:40:59.665+0000] {logging_mixin.py:188} INFO - [2026-05-11T14:40:59.665+0000] {dag.py:3096} INFO - Sync 1 DAGs
[2026-05-11T14:40:59.726+0000] {logging_mixin.py:188} INFO - [2026-05-11T14:40:59.725+0000] {dag.py:3954} INFO - Setting next_dagrun for stackoverflow_medallion_pipeline to 2026-05-11 00:00:00+00:00, run_after=2026-05-12 00:00:00+00:00
[2026-05-11T14:40:59.770+0000] {processor.py:183} INFO - Processing /opt/airflow/dags/stackoverflow_migration_dag.py took 0.230 seconds
[2026-05-11T14:41:29.992+0000] {processor.py:161} INFO - Started process (PID=1013) to work on /opt/airflow/dags/stackoverflow_migration_dag.py
[2026-05-11T14:41:29.994+0000] {processor.py:830} INFO - Processing file /opt/airflow/dags/stackoverflow_migration_dag.py for tasks to queue
[2026-05-11T14:41:29.995+0000] {logging_mixin.py:188} INFO - [2026-05-11T14:41:29.995+0000] {dagbag.py:545} INFO - Filling up the DagBag from /opt/airflow/dags/stackoverflow_migration_dag.py
[2026-05-11T14:41:30.031+0000] {processor.py:840} INFO - DAG(s) 'stackoverflow_medallion_pipeline' retrieved from /opt/airflow/dags/stackoverflow_migration_dag.py
[2026-05-11T14:41:30.103+0000] {logging_mixin.py:188} INFO - [2026-05-11T14:41:30.103+0000] {dag.py:3096} INFO - Sync 1 DAGs
[2026-05-11T14:41:30.154+0000] {logging_mixin.py:188} INFO - [2026-05-11T14:41:30.153+0000] {dag.py:3954} INFO - Setting next_dagrun for stackoverflow_medallion_pipeline to 2026-05-11 00:00:00+00:00, run_after=2026-05-12 00:00:00+00:00
[2026-05-11T14:41:30.195+0000] {processor.py:183} INFO - Processing /opt/airflow/dags/stackoverflow_migration_dag.py took 0.211 seconds
[2026-05-11T14:42:00.411+0000] {processor.py:161} INFO - Started process (PID=1018) to work on /opt/airflow/dags/stackoverflow_migration_dag.py
[2026-05-11T14:42:00.413+0000] {processor.py:830} INFO - Processing file /opt/airflow/dags/stackoverflow_migration_dag.py for tasks to queue
[2026-05-11T14:42:00.414+0000] {logging_mixin.py:188} INFO - [2026-05-11T14:42:00.414+0000] {dagbag.py:545} INFO - Filling up the DagBag from /opt/airflow/dags/stackoverflow_migration_dag.py
[2026-05-11T14:42:00.449+0000] {processor.py:840} INFO - DAG(s) 'stackoverflow_medallion_pipeline' retrieved from /opt/airflow/dags/stackoverflow_migration_dag.py
[2026-05-11T14:42:00.520+0000] {logging_mixin.py:188} INFO - [2026-05-11T14:42:00.520+0000] {dag.py:3096} INFO - Sync 1 DAGs
[2026-05-11T14:42:00.571+0000] {logging_mixin.py:188} INFO - [2026-05-11T14:42:00.571+0000] {dag.py:3954} INFO - Setting next_dagrun for stackoverflow_medallion_pipeline to 2026-05-11 00:00:00+00:00, run_after=2026-05-12 00:00:00+00:00
[2026-05-11T14:42:00.616+0000] {processor.py:183} INFO - Processing /opt/airflow/dags/stackoverflow_migration_dag.py took 0.213 seconds
[2026-05-11T14:42:30.826+0000] {processor.py:161} INFO - Started process (PID=1023) to work on /opt/airflow/dags/stackoverflow_migration_dag.py
[2026-05-11T14:42:30.828+0000] {processor.py:830} INFO - Processing file /opt/airflow/dags/stackoverflow_migration_dag.py for tasks to queue
[2026-05-11T14:42:30.829+0000] {logging_mixin.py:188} INFO - [2026-05-11T14:42:30.829+0000] {dagbag.py:545} INFO - Filling up the DagBag from /opt/airflow/dags/stackoverflow_migration_dag.py
[2026-05-11T14:42:30.865+0000] {processor.py:840} INFO - DAG(s) 'stackoverflow_medallion_pipeline' retrieved from /opt/airflow/dags/stackoverflow_migration_dag.py
[2026-05-11T14:42:30.940+0000] {logging_mixin.py:188} INFO - [2026-05-11T14:42:30.940+0000] {dag.py:3096} INFO - Sync 1 DAGs
[2026-05-11T14:42:30.998+0000] {logging_mixin.py:188} INFO - [2026-05-11T14:42:30.998+0000] {dag.py:3954} INFO - Setting next_dagrun for stackoverflow_medallion_pipeline to 2026-05-11 00:00:00+00:00, run_after=2026-05-12 00:00:00+00:00
[2026-05-11T14:42:31.044+0000] {processor.py:183} INFO - Processing /opt/airflow/dags/stackoverflow_migration_dag.py took 0.226 seconds
[2026-05-11T14:43:01.271+0000] {processor.py:161} INFO - Started process (PID=1028) to work on /opt/airflow/dags/stackoverflow_migration_dag.py
[2026-05-11T14:43:01.273+0000] {processor.py:830} INFO - Processing file /opt/airflow/dags/stackoverflow_migration_dag.py for tasks to queue
[2026-05-11T14:43:01.275+0000] {logging_mixin.py:188} INFO - [2026-05-11T14:43:01.275+0000] {dagbag.py:545} INFO - Filling up the DagBag from /opt/airflow/dags/stackoverflow_migration_dag.py
[2026-05-11T14:43:01.314+0000] {processor.py:840} INFO - DAG(s) 'stackoverflow_medallion_pipeline' retrieved from /opt/airflow/dags/stackoverflow_migration_dag.py
[2026-05-11T14:43:01.398+0000] {logging_mixin.py:188} INFO - [2026-05-11T14:43:01.397+0000] {dag.py:3096} INFO - Sync 1 DAGs
[2026-05-11T14:43:01.456+0000] {logging_mixin.py:188} INFO - [2026-05-11T14:43:01.455+0000] {dag.py:3954} INFO - Setting next_dagrun for stackoverflow_medallion_pipeline to 2026-05-11 00:00:00+00:00, run_after=2026-05-12 00:00:00+00:00
[2026-05-11T14:43:01.500+0000] {processor.py:183} INFO - Processing /opt/airflow/dags/stackoverflow_migration_dag.py took 0.237 seconds
[2026-05-11T14:43:31.723+0000] {processor.py:161} INFO - Started process (PID=1033) to work on /opt/airflow/dags/stackoverflow_migration_dag.py
[2026-05-11T14:43:31.725+0000] {processor.py:830} INFO - Processing file /opt/airflow/dags/stackoverflow_migration_dag.py for tasks to queue
[2026-05-11T14:43:31.727+0000] {logging_mixin.py:188} INFO - [2026-05-11T14:43:31.726+0000] {dagbag.py:545} INFO - Filling up the DagBag from /opt/airflow/dags/stackoverflow_migration_dag.py
[2026-05-11T14:43:31.766+0000] {processor.py:840} INFO - DAG(s) 'stackoverflow_medallion_pipeline' retrieved from /opt/airflow/dags/stackoverflow_migration_dag.py
[2026-05-11T14:43:31.851+0000] {logging_mixin.py:188} INFO - [2026-05-11T14:43:31.851+0000] {dag.py:3096} INFO - Sync 1 DAGs
[2026-05-11T14:43:31.912+0000] {logging_mixin.py:188} INFO - [2026-05-11T14:43:31.912+0000] {dag.py:3954} INFO - Setting next_dagrun for stackoverflow_medallion_pipeline to 2026-05-11 00:00:00+00:00, run_after=2026-05-12 00:00:00+00:00
[2026-05-11T14:43:31.965+0000] {processor.py:183} INFO - Processing /opt/airflow/dags/stackoverflow_migration_dag.py took 0.252 seconds
[2026-05-11T14:44:02.520+0000] {processor.py:161} INFO - Started process (PID=1038) to work on /opt/airflow/dags/stackoverflow_migration_dag.py
[2026-05-11T14:44:02.522+0000] {processor.py:830} INFO - Processing file /opt/airflow/dags/stackoverflow_migration_dag.py for tasks to queue
[2026-05-11T14:44:02.523+0000] {logging_mixin.py:188} INFO - [2026-05-11T14:44:02.523+0000] {dagbag.py:545} INFO - Filling up the DagBag from /opt/airflow/dags/stackoverflow_migration_dag.py
[2026-05-11T14:44:02.564+0000] {processor.py:840} INFO - DAG(s) 'stackoverflow_medallion_pipeline' retrieved from /opt/airflow/dags/stackoverflow_migration_dag.py
[2026-05-11T14:44:02.649+0000] {logging_mixin.py:188} INFO - [2026-05-11T14:44:02.649+0000] {dag.py:3096} INFO - Sync 1 DAGs
[2026-05-11T14:44:02.712+0000] {logging_mixin.py:188} INFO - [2026-05-11T14:44:02.712+0000] {dag.py:3954} INFO - Setting next_dagrun for stackoverflow_medallion_pipeline to 2026-05-11 00:00:00+00:00, run_after=2026-05-12 00:00:00+00:00
[2026-05-11T14:44:02.764+0000] {processor.py:183} INFO - Processing /opt/airflow/dags/stackoverflow_migration_dag.py took 0.253 seconds
[2026-05-11T14:44:33.007+0000] {processor.py:161} INFO - Started process (PID=1043) to work on /opt/airflow/dags/stackoverflow_migration_dag.py
[2026-05-11T14:44:33.009+0000] {processor.py:830} INFO - Processing file /opt/airflow/dags/stackoverflow_migration_dag.py for tasks to queue
[2026-05-11T14:44:33.011+0000] {logging_mixin.py:188} INFO - [2026-05-11T14:44:33.010+0000] {dagbag.py:545} INFO - Filling up the DagBag from /opt/airflow/dags/stackoverflow_migration_dag.py
[2026-05-11T14:44:33.059+0000] {processor.py:840} INFO - DAG(s) 'stackoverflow_medallion_pipeline' retrieved from /opt/airflow/dags/stackoverflow_migration_dag.py
[2026-05-11T14:44:33.161+0000] {logging_mixin.py:188} INFO - [2026-05-11T14:44:33.160+0000] {dag.py:3096} INFO - Sync 1 DAGs
[2026-05-11T14:44:33.224+0000] {logging_mixin.py:188} INFO - [2026-05-11T14:44:33.224+0000] {dag.py:3954} INFO - Setting next_dagrun for stackoverflow_medallion_pipeline to 2026-05-11 00:00:00+00:00, run_after=2026-05-12 00:00:00+00:00
[2026-05-11T14:44:33.274+0000] {processor.py:183} INFO - Processing /opt/airflow/dags/stackoverflow_migration_dag.py took 0.278 seconds
[2026-05-11T14:45:03.475+0000] {processor.py:161} INFO - Started process (PID=1048) to work on /opt/airflow/dags/stackoverflow_migration_dag.py
[2026-05-11T14:45:03.477+0000] {processor.py:830} INFO - Processing file /opt/airflow/dags/stackoverflow_migration_dag.py for tasks to queue
[2026-05-11T14:45:03.479+0000] {logging_mixin.py:188} INFO - [2026-05-11T14:45:03.479+0000] {dagbag.py:545} INFO - Filling up the DagBag from /opt/airflow/dags/stackoverflow_migration_dag.py
[2026-05-11T14:45:03.529+0000] {processor.py:840} INFO - DAG(s) 'stackoverflow_medallion_pipeline' retrieved from /opt/airflow/dags/stackoverflow_migration_dag.py
[2026-05-11T14:45:03.619+0000] {logging_mixin.py:188} INFO - [2026-05-11T14:45:03.619+0000] {dag.py:3096} INFO - Sync 1 DAGs
[2026-05-11T14:45:03.684+0000] {logging_mixin.py:188} INFO - [2026-05-11T14:45:03.684+0000] {dag.py:3954} INFO - Setting next_dagrun for stackoverflow_medallion_pipeline to 2026-05-11 00:00:00+00:00, run_after=2026-05-12 00:00:00+00:00
[2026-05-11T14:45:03.737+0000] {processor.py:183} INFO - Processing /opt/airflow/dags/stackoverflow_migration_dag.py took 0.273 seconds
[2026-05-11T14:45:33.823+0000] {processor.py:161} INFO - Started process (PID=1053) to work on /opt/airflow/dags/stackoverflow_migration_dag.py
[2026-05-11T14:45:33.825+0000] {processor.py:830} INFO - Processing file /opt/airflow/dags/stackoverflow_migration_dag.py for tasks to queue
[2026-05-11T14:45:33.827+0000] {logging_mixin.py:188} INFO - [2026-05-11T14:45:33.826+0000] {dagbag.py:545} INFO - Filling up the DagBag from /opt/airflow/dags/stackoverflow_migration_dag.py
[2026-05-11T14:45:33.865+0000] {processor.py:840} INFO - DAG(s) 'stackoverflow_medallion_pipeline' retrieved from /opt/airflow/dags/stackoverflow_migration_dag.py
[2026-05-11T14:45:33.942+0000] {logging_mixin.py:188} INFO - [2026-05-11T14:45:33.942+0000] {dag.py:3096} INFO - Sync 1 DAGs
[2026-05-11T14:45:34.000+0000] {logging_mixin.py:188} INFO - [2026-05-11T14:45:34.000+0000] {dag.py:3954} INFO - Setting next_dagrun for stackoverflow_medallion_pipeline to 2026-05-11 00:00:00+00:00, run_after=2026-05-12 00:00:00+00:00
[2026-05-11T14:45:34.053+0000] {processor.py:183} INFO - Processing /opt/airflow/dags/stackoverflow_migration_dag.py took 0.238 seconds
[2026-05-11T14:46:04.592+0000] {processor.py:161} INFO - Started process (PID=1058) to work on /opt/airflow/dags/stackoverflow_migration_dag.py
[2026-05-11T14:46:04.594+0000] {processor.py:830} INFO - Processing file /opt/airflow/dags/stackoverflow_migration_dag.py for tasks to queue
[2026-05-11T14:46:04.595+0000] {logging_mixin.py:188} INFO - [2026-05-11T14:46:04.595+0000] {dagbag.py:545} INFO - Filling up the DagBag from /opt/airflow/dags/stackoverflow_migration_dag.py
[2026-05-11T14:46:04.654+0000] {processor.py:840} INFO - DAG(s) 'stackoverflow_medallion_pipeline' retrieved from /opt/airflow/dags/stackoverflow_migration_dag.py
[2026-05-11T14:46:04.740+0000] {logging_mixin.py:188} INFO - [2026-05-11T14:46:04.739+0000] {dag.py:3096} INFO - Sync 1 DAGs
[2026-05-11T14:46:04.800+0000] {logging_mixin.py:188} INFO - [2026-05-11T14:46:04.800+0000] {dag.py:3954} INFO - Setting next_dagrun for stackoverflow_medallion_pipeline to 2026-05-11 00:00:00+00:00, run_after=2026-05-12 00:00:00+00:00
[2026-05-11T14:46:04.847+0000] {processor.py:183} INFO - Processing /opt/airflow/dags/stackoverflow_migration_dag.py took 0.266 seconds
[2026-05-11T14:46:35.074+0000] {processor.py:161} INFO - Started process (PID=1063) to work on /opt/airflow/dags/stackoverflow_migration_dag.py
[2026-05-11T14:46:35.075+0000] {processor.py:830} INFO - Processing file /opt/airflow/dags/stackoverflow_migration_dag.py for tasks to queue
[2026-05-11T14:46:35.077+0000] {logging_mixin.py:188} INFO - [2026-05-11T14:46:35.076+0000] {dagbag.py:545} INFO - Filling up the DagBag from /opt/airflow/dags/stackoverflow_migration_dag.py
[2026-05-11T14:46:35.119+0000] {processor.py:840} INFO - DAG(s) 'stackoverflow_medallion_pipeline' retrieved from /opt/airflow/dags/stackoverflow_migration_dag.py
[2026-05-11T14:46:35.203+0000] {logging_mixin.py:188} INFO - [2026-05-11T14:46:35.202+0000] {dag.py:3096} INFO - Sync 1 DAGs
[2026-05-11T14:46:35.254+0000] {logging_mixin.py:188} INFO - [2026-05-11T14:46:35.254+0000] {dag.py:3954} INFO - Setting next_dagrun for stackoverflow_medallion_pipeline to 2026-05-11 00:00:00+00:00, run_after=2026-05-12 00:00:00+00:00
[2026-05-11T14:46:35.300+0000] {processor.py:183} INFO - Processing /opt/airflow/dags/stackoverflow_migration_dag.py took 0.235 seconds
[2026-05-11T14:47:05.528+0000] {processor.py:161} INFO - Started process (PID=1068) to work on /opt/airflow/dags/stackoverflow_migration_dag.py
[2026-05-11T14:47:05.530+0000] {processor.py:830} INFO - Processing file /opt/airflow/dags/stackoverflow_migration_dag.py for tasks to queue
[2026-05-11T14:47:05.532+0000] {logging_mixin.py:188} INFO - [2026-05-11T14:47:05.531+0000] {dagbag.py:545} INFO - Filling up the DagBag from /opt/airflow/dags/stackoverflow_migration_dag.py
[2026-05-11T14:47:05.572+0000] {processor.py:840} INFO - DAG(s) 'stackoverflow_medallion_pipeline' retrieved from /opt/airflow/dags/stackoverflow_migration_dag.py
[2026-05-11T14:47:05.663+0000] {logging_mixin.py:188} INFO - [2026-05-11T14:47:05.663+0000] {dag.py:3096} INFO - Sync 1 DAGs
[2026-05-11T14:47:05.716+0000] {logging_mixin.py:188} INFO - [2026-05-11T14:47:05.716+0000] {dag.py:3954} INFO - Setting next_dagrun for stackoverflow_medallion_pipeline to 2026-05-11 00:00:00+00:00, run_after=2026-05-12 00:00:00+00:00
[2026-05-11T14:47:05.758+0000] {processor.py:183} INFO - Processing /opt/airflow/dags/stackoverflow_migration_dag.py took 0.240 seconds
[2026-05-11T14:47:35.991+0000] {processor.py:161} INFO - Started process (PID=1073) to work on /opt/airflow/dags/stackoverflow_migration_dag.py
[2026-05-11T14:47:35.992+0000] {processor.py:830} INFO - Processing file /opt/airflow/dags/stackoverflow_migration_dag.py for tasks to queue
[2026-05-11T14:47:35.994+0000] {logging_mixin.py:188} INFO - [2026-05-11T14:47:35.993+0000] {dagbag.py:545} INFO - Filling up the DagBag from /opt/airflow/dags/stackoverflow_migration_dag.py
[2026-05-11T14:47:36.032+0000] {processor.py:840} INFO - DAG(s) 'stackoverflow_medallion_pipeline' retrieved from /opt/airflow/dags/stackoverflow_migration_dag.py
[2026-05-11T14:47:36.108+0000] {logging_mixin.py:188} INFO - [2026-05-11T14:47:36.107+0000] {dag.py:3096} INFO - Sync 1 DAGs
[2026-05-11T14:47:36.166+0000] {logging_mixin.py:188} INFO - [2026-05-11T14:47:36.166+0000] {dag.py:3954} INFO - Setting next_dagrun for stackoverflow_medallion_pipeline to 2026-05-11 00:00:00+00:00, run_after=2026-05-12 00:00:00+00:00
[2026-05-11T14:47:36.214+0000] {processor.py:183} INFO - Processing /opt/airflow/dags/stackoverflow_migration_dag.py took 0.231 seconds
[2026-05-11T14:48:06.444+0000] {processor.py:161} INFO - Started process (PID=1078) to work on /opt/airflow/dags/stackoverflow_migration_dag.py
[2026-05-11T14:48:06.445+0000] {processor.py:830} INFO - Processing file /opt/airflow/dags/stackoverflow_migration_dag.py for tasks to queue
[2026-05-11T14:48:06.446+0000] {logging_mixin.py:188} INFO - [2026-05-11T14:48:06.446+0000] {dagbag.py:545} INFO - Filling up the DagBag from /opt/airflow/dags/stackoverflow_migration_dag.py
[2026-05-11T14:48:06.493+0000] {processor.py:840} INFO - DAG(s) 'stackoverflow_medallion_pipeline' retrieved from /opt/airflow/dags/stackoverflow_migration_dag.py
[2026-05-11T14:48:06.577+0000] {logging_mixin.py:188} INFO - [2026-05-11T14:48:06.576+0000] {dag.py:3096} INFO - Sync 1 DAGs
[2026-05-11T14:48:06.627+0000] {logging_mixin.py:188} INFO - [2026-05-11T14:48:06.627+0000] {dag.py:3954} INFO - Setting next_dagrun for stackoverflow_medallion_pipeline to 2026-05-11 00:00:00+00:00, run_after=2026-05-12 00:00:00+00:00
[2026-05-11T14:48:06.669+0000] {processor.py:183} INFO - Processing /opt/airflow/dags/stackoverflow_migration_dag.py took 0.234 seconds
[2026-05-11T14:48:36.891+0000] {processor.py:161} INFO - Started process (PID=1083) to work on /opt/airflow/dags/stackoverflow_migration_dag.py
[2026-05-11T14:48:36.893+0000] {processor.py:830} INFO - Processing file /opt/airflow/dags/stackoverflow_migration_dag.py for tasks to queue
[2026-05-11T14:48:36.895+0000] {logging_mixin.py:188} INFO - [2026-05-11T14:48:36.894+0000] {dagbag.py:545} INFO - Filling up the DagBag from /opt/airflow/dags/stackoverflow_migration_dag.py
[2026-05-11T14:48:36.932+0000] {processor.py:840} INFO - DAG(s) 'stackoverflow_medallion_pipeline' retrieved from /opt/airflow/dags/stackoverflow_migration_dag.py
[2026-05-11T14:48:37.007+0000] {logging_mixin.py:188} INFO - [2026-05-11T14:48:37.007+0000] {dag.py:3096} INFO - Sync 1 DAGs
[2026-05-11T14:48:37.057+0000] {logging_mixin.py:188} INFO - [2026-05-11T14:48:37.057+0000] {dag.py:3954} INFO - Setting next_dagrun for stackoverflow_medallion_pipeline to 2026-05-11 00:00:00+00:00, run_after=2026-05-12 00:00:00+00:00
[2026-05-11T14:48:37.102+0000] {processor.py:183} INFO - Processing /opt/airflow/dags/stackoverflow_migration_dag.py took 0.220 seconds
[2026-05-11T14:49:07.406+0000] {processor.py:161} INFO - Started process (PID=1088) to work on /opt/airflow/dags/stackoverflow_migration_dag.py
[2026-05-11T14:49:07.408+0000] {processor.py:830} INFO - Processing file /opt/airflow/dags/stackoverflow_migration_dag.py for tasks to queue
[2026-05-11T14:49:07.410+0000] {logging_mixin.py:188} INFO - [2026-05-11T14:49:07.409+0000] {dagbag.py:545} INFO - Filling up the DagBag from /opt/airflow/dags/stackoverflow_migration_dag.py
[2026-05-11T14:49:07.460+0000] {processor.py:840} INFO - DAG(s) 'stackoverflow_medallion_pipeline' retrieved from /opt/airflow/dags/stackoverflow_migration_dag.py
[2026-05-11T14:49:07.536+0000] {logging_mixin.py:188} INFO - [2026-05-11T14:49:07.536+0000] {dag.py:3096} INFO - Sync 1 DAGs
[2026-05-11T14:49:07.588+0000] {logging_mixin.py:188} INFO - [2026-05-11T14:49:07.588+0000] {dag.py:3954} INFO - Setting next_dagrun for stackoverflow_medallion_pipeline to 2026-05-11 00:00:00+00:00, run_after=2026-05-12 00:00:00+00:00
[2026-05-11T14:49:07.631+0000] {processor.py:183} INFO - Processing /opt/airflow/dags/stackoverflow_migration_dag.py took 0.235 seconds
[2026-05-11T14:49:37.865+0000] {processor.py:161} INFO - Started process (PID=1093) to work on /opt/airflow/dags/stackoverflow_migration_dag.py
[2026-05-11T14:49:37.867+0000] {processor.py:830} INFO - Processing file /opt/airflow/dags/stackoverflow_migration_dag.py for tasks to queue
[2026-05-11T14:49:37.869+0000] {logging_mixin.py:188} INFO - [2026-05-11T14:49:37.869+0000] {dagbag.py:545} INFO - Filling up the DagBag from /opt/airflow/dags/stackoverflow_migration_dag.py
[2026-05-11T14:49:37.917+0000] {processor.py:840} INFO - DAG(s) 'stackoverflow_medallion_pipeline' retrieved from /opt/airflow/dags/stackoverflow_migration_dag.py
[2026-05-11T14:49:38.000+0000] {logging_mixin.py:188} INFO - [2026-05-11T14:49:38.000+0000] {dag.py:3096} INFO - Sync 1 DAGs
[2026-05-11T14:49:38.059+0000] {logging_mixin.py:188} INFO - [2026-05-11T14:49:38.059+0000] {dag.py:3954} INFO - Setting next_dagrun for stackoverflow_medallion_pipeline to 2026-05-11 00:00:00+00:00, run_after=2026-05-12 00:00:00+00:00
[2026-05-11T14:49:38.107+0000] {processor.py:183} INFO - Processing /opt/airflow/dags/stackoverflow_migration_dag.py took 0.252 seconds
[2026-05-11T14:50:08.368+0000] {processor.py:161} INFO - Started process (PID=1098) to work on /opt/airflow/dags/stackoverflow_migration_dag.py
[2026-05-11T14:50:08.370+0000] {processor.py:830} INFO - Processing file /opt/airflow/dags/stackoverflow_migration_dag.py for tasks to queue
[2026-05-11T14:50:08.371+0000] {logging_mixin.py:188} INFO - [2026-05-11T14:50:08.371+0000] {dagbag.py:545} INFO - Filling up the DagBag from /opt/airflow/dags/stackoverflow_migration_dag.py
[2026-05-11T14:50:08.411+0000] {processor.py:840} INFO - DAG(s) 'stackoverflow_medallion_pipeline' retrieved from /opt/airflow/dags/stackoverflow_migration_dag.py
[2026-05-11T14:50:08.494+0000] {logging_mixin.py:188} INFO - [2026-05-11T14:50:08.494+0000] {dag.py:3096} INFO - Sync 1 DAGs
[2026-05-11T14:50:08.549+0000] {logging_mixin.py:188} INFO - [2026-05-11T14:50:08.548+0000] {dag.py:3954} INFO - Setting next_dagrun for stackoverflow_medallion_pipeline to 2026-05-11 00:00:00+00:00, run_after=2026-05-12 00:00:00+00:00
[2026-05-11T14:50:08.593+0000] {processor.py:183} INFO - Processing /opt/airflow/dags/stackoverflow_migration_dag.py took 0.234 seconds
[2026-05-11T14:50:38.670+0000] {processor.py:161} INFO - Started process (PID=1103) to work on /opt/airflow/dags/stackoverflow_migration_dag.py
[2026-05-11T14:50:38.672+0000] {processor.py:830} INFO - Processing file /opt/airflow/dags/stackoverflow_migration_dag.py for tasks to queue
[2026-05-11T14:50:38.674+0000] {logging_mixin.py:188} INFO - [2026-05-11T14:50:38.674+0000] {dagbag.py:545} INFO - Filling up the DagBag from /opt/airflow/dags/stackoverflow_migration_dag.py
[2026-05-11T14:50:38.720+0000] {processor.py:840} INFO - DAG(s) 'stackoverflow_medallion_pipeline' retrieved from /opt/airflow/dags/stackoverflow_migration_dag.py
[2026-05-11T14:50:38.814+0000] {logging_mixin.py:188} INFO - [2026-05-11T14:50:38.814+0000] {dag.py:3096} INFO - Sync 1 DAGs
[2026-05-11T14:50:38.878+0000] {logging_mixin.py:188} INFO - [2026-05-11T14:50:38.878+0000] {dag.py:3954} INFO - Setting next_dagrun for stackoverflow_medallion_pipeline to 2026-05-11 00:00:00+00:00, run_after=2026-05-12 00:00:00+00:00
[2026-05-11T14:50:38.927+0000] {processor.py:183} INFO - Processing /opt/airflow/dags/stackoverflow_migration_dag.py took 0.266 seconds
[2026-05-11T14:51:09.063+0000] {processor.py:161} INFO - Started process (PID=1108) to work on /opt/airflow/dags/stackoverflow_migration_dag.py
[2026-05-11T14:51:09.065+0000] {processor.py:830} INFO - Processing file /opt/airflow/dags/stackoverflow_migration_dag.py for tasks to queue
[2026-05-11T14:51:09.067+0000] {logging_mixin.py:188} INFO - [2026-05-11T14:51:09.066+0000] {dagbag.py:545} INFO - Filling up the DagBag from /opt/airflow/dags/stackoverflow_migration_dag.py
[2026-05-11T14:51:09.108+0000] {processor.py:840} INFO - DAG(s) 'stackoverflow_medallion_pipeline' retrieved from /opt/airflow/dags/stackoverflow_migration_dag.py
[2026-05-11T14:51:09.189+0000] {logging_mixin.py:188} INFO - [2026-05-11T14:51:09.189+0000] {dag.py:3096} INFO - Sync 1 DAGs
[2026-05-11T14:51:09.242+0000] {logging_mixin.py:188} INFO - [2026-05-11T14:51:09.241+0000] {dag.py:3954} INFO - Setting next_dagrun for stackoverflow_medallion_pipeline to 2026-05-11 00:00:00+00:00, run_after=2026-05-12 00:00:00+00:00
[2026-05-11T14:51:09.284+0000] {processor.py:183} INFO - Processing /opt/airflow/dags/stackoverflow_migration_dag.py took 0.230 seconds
[2026-05-11T14:51:39.378+0000] {processor.py:161} INFO - Started process (PID=1113) to work on /opt/airflow/dags/stackoverflow_migration_dag.py
[2026-05-11T14:51:39.379+0000] {processor.py:830} INFO - Processing file /opt/airflow/dags/stackoverflow_migration_dag.py for tasks to queue
[2026-05-11T14:51:39.381+0000] {logging_mixin.py:188} INFO - [2026-05-11T14:51:39.380+0000] {dagbag.py:545} INFO - Filling up the DagBag from /opt/airflow/dags/stackoverflow_migration_dag.py
[2026-05-11T14:51:39.416+0000] {processor.py:840} INFO - DAG(s) 'stackoverflow_medallion_pipeline' retrieved from /opt/airflow/dags/stackoverflow_migration_dag.py
[2026-05-11T14:51:39.496+0000] {logging_mixin.py:188} INFO - [2026-05-11T14:51:39.496+0000] {dag.py:3096} INFO - Sync 1 DAGs
[2026-05-11T14:51:39.550+0000] {logging_mixin.py:188} INFO - [2026-05-11T14:51:39.550+0000] {dag.py:3954} INFO - Setting next_dagrun for stackoverflow_medallion_pipeline to 2026-05-11 00:00:00+00:00, run_after=2026-05-12 00:00:00+00:00
[2026-05-11T14:51:39.591+0000] {processor.py:183} INFO - Processing /opt/airflow/dags/stackoverflow_migration_dag.py took 0.221 seconds
[2026-05-11T14:52:09.674+0000] {processor.py:161} INFO - Started process (PID=1118) to work on /opt/airflow/dags/stackoverflow_migration_dag.py
[2026-05-11T14:52:09.676+0000] {processor.py:830} INFO - Processing file /opt/airflow/dags/stackoverflow_migration_dag.py for tasks to queue
[2026-05-11T14:52:09.677+0000] {logging_mixin.py:188} INFO - [2026-05-11T14:52:09.677+0000] {dagbag.py:545} INFO - Filling up the DagBag from /opt/airflow/dags/stackoverflow_migration_dag.py
[2026-05-11T14:52:09.715+0000] {processor.py:840} INFO - DAG(s) 'stackoverflow_medallion_pipeline' retrieved from /opt/airflow/dags/stackoverflow_migration_dag.py
[2026-05-11T14:52:09.791+0000] {logging_mixin.py:188} INFO - [2026-05-11T14:52:09.791+0000] {dag.py:3096} INFO - Sync 1 DAGs
[2026-05-11T14:52:09.843+0000] {logging_mixin.py:188} INFO - [2026-05-11T14:52:09.843+0000] {dag.py:3954} INFO - Setting next_dagrun for stackoverflow_medallion_pipeline to 2026-05-11 00:00:00+00:00, run_after=2026-05-12 00:00:00+00:00
[2026-05-11T14:52:09.889+0000] {processor.py:183} INFO - Processing /opt/airflow/dags/stackoverflow_migration_dag.py took 0.222 seconds
[2026-05-11T14:52:40.007+0000] {processor.py:161} INFO - Started process (PID=1123) to work on /opt/airflow/dags/stackoverflow_migration_dag.py
[2026-05-11T14:52:40.009+0000] {processor.py:830} INFO - Processing file /opt/airflow/dags/stackoverflow_migration_dag.py for tasks to queue
[2026-05-11T14:52:40.010+0000] {logging_mixin.py:188} INFO - [2026-05-11T14:52:40.010+0000] {dagbag.py:545} INFO - Filling up the DagBag from /opt/airflow/dags/stackoverflow_migration_dag.py
[2026-05-11T14:52:40.049+0000] {processor.py:840} INFO - DAG(s) 'stackoverflow_medallion_pipeline' retrieved from /opt/airflow/dags/stackoverflow_migration_dag.py
[2026-05-11T14:52:40.124+0000] {logging_mixin.py:188} INFO - [2026-05-11T14:52:40.124+0000] {dag.py:3096} INFO - Sync 1 DAGs
[2026-05-11T14:52:40.173+0000] {logging_mixin.py:188} INFO - [2026-05-11T14:52:40.173+0000] {dag.py:3954} INFO - Setting next_dagrun for stackoverflow_medallion_pipeline to 2026-05-11 00:00:00+00:00, run_after=2026-05-12 00:00:00+00:00
[2026-05-11T14:52:40.216+0000] {processor.py:183} INFO - Processing /opt/airflow/dags/stackoverflow_migration_dag.py took 0.217 seconds
[2026-05-11T14:53:10.427+0000] {processor.py:161} INFO - Started process (PID=1128) to work on /opt/airflow/dags/stackoverflow_migration_dag.py
[2026-05-11T14:53:10.429+0000] {processor.py:830} INFO - Processing file /opt/airflow/dags/stackoverflow_migration_dag.py for tasks to queue
[2026-05-11T14:53:10.430+0000] {logging_mixin.py:188} INFO - [2026-05-11T14:53:10.430+0000] {dagbag.py:545} INFO - Filling up the DagBag from /opt/airflow/dags/stackoverflow_migration_dag.py
[2026-05-11T14:53:10.467+0000] {processor.py:840} INFO - DAG(s) 'stackoverflow_medallion_pipeline' retrieved from /opt/airflow/dags/stackoverflow_migration_dag.py
[2026-05-11T14:53:10.544+0000] {logging_mixin.py:188} INFO - [2026-05-11T14:53:10.544+0000] {dag.py:3096} INFO - Sync 1 DAGs
[2026-05-11T14:53:10.599+0000] {logging_mixin.py:188} INFO - [2026-05-11T14:53:10.598+0000] {dag.py:3954} INFO - Setting next_dagrun for stackoverflow_medallion_pipeline to 2026-05-11 00:00:00+00:00, run_after=2026-05-12 00:00:00+00:00
[2026-05-11T14:53:10.643+0000] {processor.py:183} INFO - Processing /opt/airflow/dags/stackoverflow_migration_dag.py took 0.224 seconds
[2026-05-11T14:53:40.859+0000] {processor.py:161} INFO - Started process (PID=1133) to work on /opt/airflow/dags/stackoverflow_migration_dag.py
[2026-05-11T14:53:40.861+0000] {processor.py:830} INFO - Processing file /opt/airflow/dags/stackoverflow_migration_dag.py for tasks to queue
[2026-05-11T14:53:40.862+0000] {logging_mixin.py:188} INFO - [2026-05-11T14:53:40.862+0000] {dagbag.py:545} INFO - Filling up the DagBag from /opt/airflow/dags/stackoverflow_migration_dag.py
[2026-05-11T14:53:40.896+0000] {processor.py:840} INFO - DAG(s) 'stackoverflow_medallion_pipeline' retrieved from /opt/airflow/dags/stackoverflow_migration_dag.py
[2026-05-11T14:53:40.967+0000] {logging_mixin.py:188} INFO - [2026-05-11T14:53:40.967+0000] {dag.py:3096} INFO - Sync 1 DAGs
[2026-05-11T14:53:41.018+0000] {logging_mixin.py:188} INFO - [2026-05-11T14:53:41.018+0000] {dag.py:3954} INFO - Setting next_dagrun for stackoverflow_medallion_pipeline to 2026-05-11 00:00:00+00:00, run_after=2026-05-12 00:00:00+00:00
[2026-05-11T14:53:41.061+0000] {processor.py:183} INFO - Processing /opt/airflow/dags/stackoverflow_migration_dag.py took 0.209 seconds
[2026-05-11T14:54:11.274+0000] {processor.py:161} INFO - Started process (PID=1138) to work on /opt/airflow/dags/stackoverflow_migration_dag.py
[2026-05-11T14:54:11.276+0000] {processor.py:830} INFO - Processing file /opt/airflow/dags/stackoverflow_migration_dag.py for tasks to queue
[2026-05-11T14:54:11.277+0000] {logging_mixin.py:188} INFO - [2026-05-11T14:54:11.277+0000] {dagbag.py:545} INFO - Filling up the DagBag from /opt/airflow/dags/stackoverflow_migration_dag.py
[2026-05-11T14:54:11.312+0000] {processor.py:840} INFO - DAG(s) 'stackoverflow_medallion_pipeline' retrieved from /opt/airflow/dags/stackoverflow_migration_dag.py
[2026-05-11T14:54:11.390+0000] {logging_mixin.py:188} INFO - [2026-05-11T14:54:11.390+0000] {dag.py:3096} INFO - Sync 1 DAGs
[2026-05-11T14:54:11.446+0000] {logging_mixin.py:188} INFO - [2026-05-11T14:54:11.445+0000] {dag.py:3954} INFO - Setting next_dagrun for stackoverflow_medallion_pipeline to 2026-05-11 00:00:00+00:00, run_after=2026-05-12 00:00:00+00:00
[2026-05-11T14:54:11.492+0000] {processor.py:183} INFO - Processing /opt/airflow/dags/stackoverflow_migration_dag.py took 0.225 seconds
[2026-05-11T14:54:41.719+0000] {processor.py:161} INFO - Started process (PID=1143) to work on /opt/airflow/dags/stackoverflow_migration_dag.py
[2026-05-11T14:54:41.720+0000] {processor.py:830} INFO - Processing file /opt/airflow/dags/stackoverflow_migration_dag.py for tasks to queue
[2026-05-11T14:54:41.722+0000] {logging_mixin.py:188} INFO - [2026-05-11T14:54:41.721+0000] {dagbag.py:545} INFO - Filling up the DagBag from /opt/airflow/dags/stackoverflow_migration_dag.py
[2026-05-11T14:54:41.764+0000] {processor.py:840} INFO - DAG(s) 'stackoverflow_medallion_pipeline' retrieved from /opt/airflow/dags/stackoverflow_migration_dag.py
[2026-05-11T14:54:41.836+0000] {logging_mixin.py:188} INFO - [2026-05-11T14:54:41.835+0000] {dag.py:3096} INFO - Sync 1 DAGs
[2026-05-11T14:54:41.889+0000] {logging_mixin.py:188} INFO - [2026-05-11T14:54:41.889+0000] {dag.py:3954} INFO - Setting next_dagrun for stackoverflow_medallion_pipeline to 2026-05-11 00:00:00+00:00, run_after=2026-05-12 00:00:00+00:00
[2026-05-11T14:54:41.935+0000] {processor.py:183} INFO - Processing /opt/airflow/dags/stackoverflow_migration_dag.py took 0.231 seconds
[2026-05-11T14:55:12.152+0000] {processor.py:161} INFO - Started process (PID=1148) to work on /opt/airflow/dags/stackoverflow_migration_dag.py
[2026-05-11T14:55:12.153+0000] {processor.py:830} INFO - Processing file /opt/airflow/dags/stackoverflow_migration_dag.py for tasks to queue
[2026-05-11T14:55:12.155+0000] {logging_mixin.py:188} INFO - [2026-05-11T14:55:12.154+0000] {dagbag.py:545} INFO - Filling up the DagBag from /opt/airflow/dags/stackoverflow_migration_dag.py
[2026-05-11T14:55:12.200+0000] {processor.py:840} INFO - DAG(s) 'stackoverflow_medallion_pipeline' retrieved from /opt/airflow/dags/stackoverflow_migration_dag.py
[2026-05-11T14:55:12.275+0000] {logging_mixin.py:188} INFO - [2026-05-11T14:55:12.275+0000] {dag.py:3096} INFO - Sync 1 DAGs
[2026-05-11T14:55:12.322+0000] {logging_mixin.py:188} INFO - [2026-05-11T14:55:12.322+0000] {dag.py:3954} INFO - Setting next_dagrun for stackoverflow_medallion_pipeline to 2026-05-11 00:00:00+00:00, run_after=2026-05-12 00:00:00+00:00
[2026-05-11T14:55:12.362+0000] {processor.py:183} INFO - Processing /opt/airflow/dags/stackoverflow_migration_dag.py took 0.218 seconds
[2026-05-11T14:55:42.571+0000] {processor.py:161} INFO - Started process (PID=1153) to work on /opt/airflow/dags/stackoverflow_migration_dag.py
[2026-05-11T14:55:42.572+0000] {processor.py:830} INFO - Processing file /opt/airflow/dags/stackoverflow_migration_dag.py for tasks to queue
[2026-05-11T14:55:42.574+0000] {logging_mixin.py:188} INFO - [2026-05-11T14:55:42.574+0000] {dagbag.py:545} INFO - Filling up the DagBag from /opt/airflow/dags/stackoverflow_migration_dag.py
[2026-05-11T14:55:42.622+0000] {processor.py:840} INFO - DAG(s) 'stackoverflow_medallion_pipeline' retrieved from /opt/airflow/dags/stackoverflow_migration_dag.py
[2026-05-11T14:55:42.714+0000] {logging_mixin.py:188} INFO - [2026-05-11T14:55:42.714+0000] {dag.py:3096} INFO - Sync 1 DAGs
[2026-05-11T14:55:42.787+0000] {logging_mixin.py:188} INFO - [2026-05-11T14:55:42.787+0000] {dag.py:3954} INFO - Setting next_dagrun for stackoverflow_medallion_pipeline to 2026-05-11 00:00:00+00:00, run_after=2026-05-12 00:00:00+00:00
[2026-05-11T14:55:42.841+0000] {processor.py:183} INFO - Processing /opt/airflow/dags/stackoverflow_migration_dag.py took 0.279 seconds
[2026-05-11T14:56:13.070+0000] {processor.py:161} INFO - Started process (PID=1158) to work on /opt/airflow/dags/stackoverflow_migration_dag.py
[2026-05-11T14:56:13.072+0000] {processor.py:830} INFO - Processing file /opt/airflow/dags/stackoverflow_migration_dag.py for tasks to queue
[2026-05-11T14:56:13.073+0000] {logging_mixin.py:188} INFO - [2026-05-11T14:56:13.073+0000] {dagbag.py:545} INFO - Filling up the DagBag from /opt/airflow/dags/stackoverflow_migration_dag.py
[2026-05-11T14:56:13.109+0000] {processor.py:840} INFO - DAG(s) 'stackoverflow_medallion_pipeline' retrieved from /opt/airflow/dags/stackoverflow_migration_dag.py
[2026-05-11T14:56:13.183+0000] {logging_mixin.py:188} INFO - [2026-05-11T14:56:13.183+0000] {dag.py:3096} INFO - Sync 1 DAGs
[2026-05-11T14:56:13.234+0000] {logging_mixin.py:188} INFO - [2026-05-11T14:56:13.233+0000] {dag.py:3954} INFO - Setting next_dagrun for stackoverflow_medallion_pipeline to 2026-05-11 00:00:00+00:00, run_after=2026-05-12 00:00:00+00:00
[2026-05-11T14:56:13.278+0000] {processor.py:183} INFO - Processing /opt/airflow/dags/stackoverflow_migration_dag.py took 0.215 seconds
[2026-05-11T14:56:43.509+0000] {processor.py:161} INFO - Started process (PID=1163) to work on /opt/airflow/dags/stackoverflow_migration_dag.py
[2026-05-11T14:56:43.511+0000] {processor.py:830} INFO - Processing file /opt/airflow/dags/stackoverflow_migration_dag.py for tasks to queue
[2026-05-11T14:56:43.512+0000] {logging_mixin.py:188} INFO - [2026-05-11T14:56:43.512+0000] {dagbag.py:545} INFO - Filling up the DagBag from /opt/airflow/dags/stackoverflow_migration_dag.py
[2026-05-11T14:56:43.544+0000] {processor.py:840} INFO - DAG(s) 'stackoverflow_medallion_pipeline' retrieved from /opt/airflow/dags/stackoverflow_migration_dag.py
[2026-05-11T14:56:43.613+0000] {logging_mixin.py:188} INFO - [2026-05-11T14:56:43.612+0000] {dag.py:3096} INFO - Sync 1 DAGs
[2026-05-11T14:56:43.667+0000] {logging_mixin.py:188} INFO - [2026-05-11T14:56:43.667+0000] {dag.py:3954} INFO - Setting next_dagrun for stackoverflow_medallion_pipeline to 2026-05-11 00:00:00+00:00, run_after=2026-05-12 00:00:00+00:00
[2026-05-11T14:56:43.713+0000] {processor.py:183} INFO - Processing /opt/airflow/dags/stackoverflow_migration_dag.py took 0.211 seconds
[2026-05-11T14:57:13.938+0000] {processor.py:161} INFO - Started process (PID=1168) to work on /opt/airflow/dags/stackoverflow_migration_dag.py
[2026-05-11T14:57:13.939+0000] {processor.py:830} INFO - Processing file /opt/airflow/dags/stackoverflow_migration_dag.py for tasks to queue
[2026-05-11T14:57:13.941+0000] {logging_mixin.py:188} INFO - [2026-05-11T14:57:13.941+0000] {dagbag.py:545} INFO - Filling up the DagBag from /opt/airflow/dags/stackoverflow_migration_dag.py
[2026-05-11T14:57:13.983+0000] {processor.py:840} INFO - DAG(s) 'stackoverflow_medallion_pipeline' retrieved from /opt/airflow/dags/stackoverflow_migration_dag.py
[2026-05-11T14:57:14.069+0000] {logging_mixin.py:188} INFO - [2026-05-11T14:57:14.069+0000] {dag.py:3096} INFO - Sync 1 DAGs
[2026-05-11T14:57:14.127+0000] {logging_mixin.py:188} INFO - [2026-05-11T14:57:14.126+0000] {dag.py:3954} INFO - Setting next_dagrun for stackoverflow_medallion_pipeline to 2026-05-11 00:00:00+00:00, run_after=2026-05-12 00:00:00+00:00
[2026-05-11T14:57:14.178+0000] {processor.py:183} INFO - Processing /opt/airflow/dags/stackoverflow_migration_dag.py took 0.249 seconds
[2026-05-11T14:57:44.421+0000] {processor.py:161} INFO - Started process (PID=1173) to work on /opt/airflow/dags/stackoverflow_migration_dag.py
[2026-05-11T14:57:44.423+0000] {processor.py:830} INFO - Processing file /opt/airflow/dags/stackoverflow_migration_dag.py for tasks to queue
[2026-05-11T14:57:44.425+0000] {logging_mixin.py:188} INFO - [2026-05-11T14:57:44.424+0000] {dagbag.py:545} INFO - Filling up the DagBag from /opt/airflow/dags/stackoverflow_migration_dag.py
[2026-05-11T14:57:44.464+0000] {processor.py:840} INFO - DAG(s) 'stackoverflow_medallion_pipeline' retrieved from /opt/airflow/dags/stackoverflow_migration_dag.py
[2026-05-11T14:57:44.543+0000] {logging_mixin.py:188} INFO - [2026-05-11T14:57:44.543+0000] {dag.py:3096} INFO - Sync 1 DAGs
[2026-05-11T14:57:44.602+0000] {logging_mixin.py:188} INFO - [2026-05-11T14:57:44.602+0000] {dag.py:3954} INFO - Setting next_dagrun for stackoverflow_medallion_pipeline to 2026-05-11 00:00:00+00:00, run_after=2026-05-12 00:00:00+00:00
[2026-05-11T14:57:44.656+0000] {processor.py:183} INFO - Processing /opt/airflow/dags/stackoverflow_migration_dag.py took 0.244 seconds
[2026-05-11T14:58:14.933+0000] {processor.py:161} INFO - Started process (PID=1178) to work on /opt/airflow/dags/stackoverflow_migration_dag.py
[2026-05-11T14:58:14.935+0000] {processor.py:830} INFO - Processing file /opt/airflow/dags/stackoverflow_migration_dag.py for tasks to queue
[2026-05-11T14:58:14.938+0000] {logging_mixin.py:188} INFO - [2026-05-11T14:58:14.937+0000] {dagbag.py:545} INFO - Filling up the DagBag from /opt/airflow/dags/stackoverflow_migration_dag.py
[2026-05-11T14:58:14.981+0000] {processor.py:840} INFO - DAG(s) 'stackoverflow_medallion_pipeline' retrieved from /opt/airflow/dags/stackoverflow_migration_dag.py
[2026-05-11T14:58:15.076+0000] {logging_mixin.py:188} INFO - [2026-05-11T14:58:15.076+0000] {dag.py:3096} INFO - Sync 1 DAGs
[2026-05-11T14:58:15.146+0000] {logging_mixin.py:188} INFO - [2026-05-11T14:58:15.146+0000] {dag.py:3954} INFO - Setting next_dagrun for stackoverflow_medallion_pipeline to 2026-05-11 00:00:00+00:00, run_after=2026-05-12 00:00:00+00:00
[2026-05-11T14:58:15.205+0000] {processor.py:183} INFO - Processing /opt/airflow/dags/stackoverflow_migration_dag.py took 0.286 seconds
[2026-05-11T14:58:45.460+0000] {processor.py:161} INFO - Started process (PID=1183) to work on /opt/airflow/dags/stackoverflow_migration_dag.py
[2026-05-11T14:58:45.462+0000] {processor.py:830} INFO - Processing file /opt/airflow/dags/stackoverflow_migration_dag.py for tasks to queue
[2026-05-11T14:58:45.464+0000] {logging_mixin.py:188} INFO - [2026-05-11T14:58:45.463+0000] {dagbag.py:545} INFO - Filling up the DagBag from /opt/airflow/dags/stackoverflow_migration_dag.py
[2026-05-11T14:58:45.512+0000] {processor.py:840} INFO - DAG(s) 'stackoverflow_medallion_pipeline' retrieved from /opt/airflow/dags/stackoverflow_migration_dag.py
[2026-05-11T14:58:45.611+0000] {logging_mixin.py:188} INFO - [2026-05-11T14:58:45.610+0000] {dag.py:3096} INFO - Sync 1 DAGs
[2026-05-11T14:58:45.680+0000] {logging_mixin.py:188} INFO - [2026-05-11T14:58:45.680+0000] {dag.py:3954} INFO - Setting next_dagrun for stackoverflow_medallion_pipeline to 2026-05-11 00:00:00+00:00, run_after=2026-05-12 00:00:00+00:00
[2026-05-11T14:58:45.731+0000] {processor.py:183} INFO - Processing /opt/airflow/dags/stackoverflow_migration_dag.py took 0.282 seconds
[2026-05-11T14:59:16.003+0000] {processor.py:161} INFO - Started process (PID=1188) to work on /opt/airflow/dags/stackoverflow_migration_dag.py
[2026-05-11T14:59:16.006+0000] {processor.py:830} INFO - Processing file /opt/airflow/dags/stackoverflow_migration_dag.py for tasks to queue
[2026-05-11T14:59:16.008+0000] {logging_mixin.py:188} INFO - [2026-05-11T14:59:16.007+0000] {dagbag.py:545} INFO - Filling up the DagBag from /opt/airflow/dags/stackoverflow_migration_dag.py
[2026-05-11T14:59:16.060+0000] {processor.py:840} INFO - DAG(s) 'stackoverflow_medallion_pipeline' retrieved from /opt/airflow/dags/stackoverflow_migration_dag.py
[2026-05-11T14:59:16.158+0000] {logging_mixin.py:188} INFO - [2026-05-11T14:59:16.157+0000] {dag.py:3096} INFO - Sync 1 DAGs
[2026-05-11T14:59:46.872+0000] {processor.py:161} INFO - Started process (PID=1193) to work on /opt/airflow/dags/stackoverflow_migration_dag.py
[2026-05-11T15:01:18.971+0000] {processor.py:161} INFO - Started process (PID=1208) to work on /opt/airflow/dags/stackoverflow_migration_dag.py
[2026-05-11T15:01:18.973+0000] {processor.py:830} INFO - Processing file /opt/airflow/dags/stackoverflow_migration_dag.py for tasks to queue
[2026-05-11T15:01:18.975+0000] {logging_mixin.py:188} INFO - [2026-05-11T15:01:18.974+0000] {dagbag.py:545} INFO - Filling up the DagBag from /opt/airflow/dags/stackoverflow_migration_dag.py
[2026-05-11T15:01:19.022+0000] {processor.py:840} INFO - DAG(s) 'stackoverflow_medallion_pipeline' retrieved from /opt/airflow/dags/stackoverflow_migration_dag.py
[2026-05-11T15:01:19.533+0000] {logging_mixin.py:188} INFO - [2026-05-11T15:01:19.533+0000] {dag.py:3096} INFO - Sync 1 DAGs
[2026-05-11T15:01:19.590+0000] {logging_mixin.py:188} INFO - [2026-05-11T15:01:19.590+0000] {dag.py:3954} INFO - Setting next_dagrun for stackoverflow_medallion_pipeline to 2026-05-11 00:00:00+00:00, run_after=2026-05-12 00:00:00+00:00
[2026-05-11T15:01:19.639+0000] {processor.py:183} INFO - Processing /opt/airflow/dags/stackoverflow_migration_dag.py took 0.678 seconds
[2026-05-11T15:01:49.906+0000] {processor.py:161} INFO - Started process (PID=1213) to work on /opt/airflow/dags/stackoverflow_migration_dag.py
[2026-05-11T15:01:49.908+0000] {processor.py:830} INFO - Processing file /opt/airflow/dags/stackoverflow_migration_dag.py for tasks to queue
[2026-05-11T15:01:49.910+0000] {logging_mixin.py:188} INFO - [2026-05-11T15:01:49.909+0000] {dagbag.py:545} INFO - Filling up the DagBag from /opt/airflow/dags/stackoverflow_migration_dag.py
[2026-05-11T15:01:49.952+0000] {processor.py:840} INFO - DAG(s) 'stackoverflow_medallion_pipeline' retrieved from /opt/airflow/dags/stackoverflow_migration_dag.py
[2026-05-11T15:01:50.036+0000] {logging_mixin.py:188} INFO - [2026-05-11T15:01:50.035+0000] {dag.py:3096} INFO - Sync 1 DAGs
[2026-05-11T15:01:50.099+0000] {logging_mixin.py:188} INFO - [2026-05-11T15:01:50.099+0000] {dag.py:3954} INFO - Setting next_dagrun for stackoverflow_medallion_pipeline to 2026-05-11 00:00:00+00:00, run_after=2026-05-12 00:00:00+00:00
[2026-05-11T15:01:50.145+0000] {processor.py:183} INFO - Processing /opt/airflow/dags/stackoverflow_migration_dag.py took 0.249 seconds
[2026-05-11T15:02:20.385+0000] {processor.py:161} INFO - Started process (PID=1218) to work on /opt/airflow/dags/stackoverflow_migration_dag.py
[2026-05-11T15:02:20.387+0000] {processor.py:830} INFO - Processing file /opt/airflow/dags/stackoverflow_migration_dag.py for tasks to queue
[2026-05-11T15:02:20.389+0000] {logging_mixin.py:188} INFO - [2026-05-11T15:02:20.388+0000] {dagbag.py:545} INFO - Filling up the DagBag from /opt/airflow/dags/stackoverflow_migration_dag.py
[2026-05-11T15:02:20.428+0000] {processor.py:840} INFO - DAG(s) 'stackoverflow_medallion_pipeline' retrieved from /opt/airflow/dags/stackoverflow_migration_dag.py
[2026-05-11T15:02:20.499+0000] {logging_mixin.py:188} INFO - [2026-05-11T15:02:20.499+0000] {dag.py:3096} INFO - Sync 1 DAGs
[2026-05-11T15:02:20.557+0000] {logging_mixin.py:188} INFO - [2026-05-11T15:02:20.557+0000] {dag.py:3954} INFO - Setting next_dagrun for stackoverflow_medallion_pipeline to 2026-05-11 00:00:00+00:00, run_after=2026-05-12 00:00:00+00:00
[2026-05-11T15:02:20.604+0000] {processor.py:183} INFO - Processing /opt/airflow/dags/stackoverflow_migration_dag.py took 0.228 seconds
[2026-05-11T15:02:50.840+0000] {processor.py:161} INFO - Started process (PID=1223) to work on /opt/airflow/dags/stackoverflow_migration_dag.py
[2026-05-11T15:02:50.842+0000] {processor.py:830} INFO - Processing file /opt/airflow/dags/stackoverflow_migration_dag.py for tasks to queue
[2026-05-11T15:02:50.844+0000] {logging_mixin.py:188} INFO - [2026-05-11T15:02:50.843+0000] {dagbag.py:545} INFO - Filling up the DagBag from /opt/airflow/dags/stackoverflow_migration_dag.py
[2026-05-11T15:02:50.888+0000] {processor.py:840} INFO - DAG(s) 'stackoverflow_medallion_pipeline' retrieved from /opt/airflow/dags/stackoverflow_migration_dag.py
[2026-05-11T15:03:52.245+0000] {processor.py:161} INFO - Started process (PID=1233) to work on /opt/airflow/dags/stackoverflow_migration_dag.py
[2026-05-11T15:03:52.247+0000] {processor.py:830} INFO - Processing file /opt/airflow/dags/stackoverflow_migration_dag.py for tasks to queue
[2026-05-11T15:03:52.249+0000] {logging_mixin.py:188} INFO - [2026-05-11T15:03:52.248+0000] {dagbag.py:545} INFO - Filling up the DagBag from /opt/airflow/dags/stackoverflow_migration_dag.py
[2026-05-11T15:03:52.297+0000] {processor.py:840} INFO - DAG(s) 'stackoverflow_medallion_pipeline' retrieved from /opt/airflow/dags/stackoverflow_migration_dag.py
[2026-05-11T15:03:52.581+0000] {logging_mixin.py:188} INFO - [2026-05-11T15:03:52.581+0000] {dag.py:3096} INFO - Sync 1 DAGs
[2026-05-11T15:03:52.642+0000] {logging_mixin.py:188} INFO - [2026-05-11T15:03:52.641+0000] {dag.py:3954} INFO - Setting next_dagrun for stackoverflow_medallion_pipeline to 2026-05-11 00:00:00+00:00, run_after=2026-05-12 00:00:00+00:00
[2026-05-11T15:03:52.697+0000] {processor.py:183} INFO - Processing /opt/airflow/dags/stackoverflow_migration_dag.py took 0.462 seconds
[2026-05-11T15:04:22.956+0000] {processor.py:161} INFO - Started process (PID=1238) to work on /opt/airflow/dags/stackoverflow_migration_dag.py
[2026-05-11T15:04:22.959+0000] {processor.py:830} INFO - Processing file /opt/airflow/dags/stackoverflow_migration_dag.py for tasks to queue
[2026-05-11T15:04:22.961+0000] {logging_mixin.py:188} INFO - [2026-05-11T15:04:22.960+0000] {dagbag.py:545} INFO - Filling up the DagBag from /opt/airflow/dags/stackoverflow_migration_dag.py
[2026-05-11T15:04:23.001+0000] {processor.py:840} INFO - DAG(s) 'stackoverflow_medallion_pipeline' retrieved from /opt/airflow/dags/stackoverflow_migration_dag.py
[2026-05-11T15:04:23.084+0000] {logging_mixin.py:188} INFO - [2026-05-11T15:04:23.084+0000] {dag.py:3096} INFO - Sync 1 DAGs
[2026-05-11T15:04:23.147+0000] {logging_mixin.py:188} INFO - [2026-05-11T15:04:23.146+0000] {dag.py:3954} INFO - Setting next_dagrun for stackoverflow_medallion_pipeline to 2026-05-11 00:00:00+00:00, run_after=2026-05-12 00:00:00+00:00
[2026-05-11T15:04:23.194+0000] {processor.py:183} INFO - Processing /opt/airflow/dags/stackoverflow_migration_dag.py took 0.248 seconds
[2026-05-11T15:04:53.445+0000] {processor.py:161} INFO - Started process (PID=1243) to work on /opt/airflow/dags/stackoverflow_migration_dag.py
[2026-05-11T15:04:53.448+0000] {processor.py:830} INFO - Processing file /opt/airflow/dags/stackoverflow_migration_dag.py for tasks to queue
[2026-05-11T15:04:53.450+0000] {logging_mixin.py:188} INFO - [2026-05-11T15:04:53.449+0000] {dagbag.py:545} INFO - Filling up the DagBag from /opt/airflow/dags/stackoverflow_migration_dag.py
[2026-05-11T15:04:53.494+0000] {processor.py:840} INFO - DAG(s) 'stackoverflow_medallion_pipeline' retrieved from /opt/airflow/dags/stackoverflow_migration_dag.py
[2026-05-11T15:04:53.591+0000] {logging_mixin.py:188} INFO - [2026-05-11T15:04:53.591+0000] {dag.py:3096} INFO - Sync 1 DAGs
[2026-05-11T15:04:53.660+0000] {logging_mixin.py:188} INFO - [2026-05-11T15:04:53.659+0000] {dag.py:3954} INFO - Setting next_dagrun for stackoverflow_medallion_pipeline to 2026-05-11 00:00:00+00:00, run_after=2026-05-12 00:00:00+00:00
[2026-05-11T15:04:53.710+0000] {processor.py:183} INFO - Processing /opt/airflow/dags/stackoverflow_migration_dag.py took 0.277 seconds
[2026-05-11T15:05:23.958+0000] {processor.py:161} INFO - Started process (PID=1248) to work on /opt/airflow/dags/stackoverflow_migration_dag.py
[2026-05-11T15:05:23.960+0000] {processor.py:830} INFO - Processing file /opt/airflow/dags/stackoverflow_migration_dag.py for tasks to queue
[2026-05-11T15:05:23.962+0000] {logging_mixin.py:188} INFO - [2026-05-11T15:05:23.961+0000] {dagbag.py:545} INFO - Filling up the DagBag from /opt/airflow/dags/stackoverflow_migration_dag.py
[2026-05-11T15:05:24.011+0000] {processor.py:840} INFO - DAG(s) 'stackoverflow_medallion_pipeline' retrieved from /opt/airflow/dags/stackoverflow_migration_dag.py
[2026-05-11T15:05:24.112+0000] {logging_mixin.py:188} INFO - [2026-05-11T15:05:24.111+0000] {dag.py:3096} INFO - Sync 1 DAGs
[2026-05-11T15:06:25.396+0000] {processor.py:161} INFO - Started process (PID=1258) to work on /opt/airflow/dags/stackoverflow_migration_dag.py
[2026-05-11T15:06:25.400+0000] {processor.py:830} INFO - Processing file /opt/airflow/dags/stackoverflow_migration_dag.py for tasks to queue
[2026-05-11T15:06:25.404+0000] {logging_mixin.py:188} INFO - [2026-05-11T15:06:25.403+0000] {dagbag.py:545} INFO - Filling up the DagBag from /opt/airflow/dags/stackoverflow_migration_dag.py
[2026-05-11T15:06:25.480+0000] {processor.py:840} INFO - DAG(s) 'stackoverflow_medallion_pipeline' retrieved from /opt/airflow/dags/stackoverflow_migration_dag.py
[2026-05-11T15:06:25.589+0000] {logging_mixin.py:188} INFO - [2026-05-11T15:06:25.589+0000] {dag.py:3096} INFO - Sync 1 DAGs
[2026-05-11T15:06:25.698+0000] {logging_mixin.py:188} INFO - [2026-05-11T15:06:25.697+0000] {dag.py:3954} INFO - Setting next_dagrun for stackoverflow_medallion_pipeline to 2026-05-11 00:00:00+00:00, run_after=2026-05-12 00:00:00+00:00
[2026-05-11T15:06:25.776+0000] {processor.py:183} INFO - Processing /opt/airflow/dags/stackoverflow_migration_dag.py took 0.400 seconds
[2026-05-11T15:06:56.139+0000] {processor.py:161} INFO - Started process (PID=1263) to work on /opt/airflow/dags/stackoverflow_migration_dag.py
[2026-05-11T15:06:56.141+0000] {processor.py:830} INFO - Processing file /opt/airflow/dags/stackoverflow_migration_dag.py for tasks to queue
[2026-05-11T15:06:56.146+0000] {logging_mixin.py:188} INFO - [2026-05-11T15:06:56.144+0000] {dagbag.py:545} INFO - Filling up the DagBag from /opt/airflow/dags/stackoverflow_migration_dag.py
[2026-05-11T15:06:56.200+0000] {processor.py:840} INFO - DAG(s) 'stackoverflow_medallion_pipeline' retrieved from /opt/airflow/dags/stackoverflow_migration_dag.py
[2026-05-11T15:06:56.324+0000] {logging_mixin.py:188} INFO - [2026-05-11T15:06:56.324+0000] {dag.py:3096} INFO - Sync 1 DAGs
[2026-05-11T15:06:56.402+0000] {logging_mixin.py:188} INFO - [2026-05-11T15:06:56.402+0000] {dag.py:3954} INFO - Setting next_dagrun for stackoverflow_medallion_pipeline to 2026-05-11 00:00:00+00:00, run_after=2026-05-12 00:00:00+00:00
[2026-05-11T15:06:56.456+0000] {processor.py:183} INFO - Processing /opt/airflow/dags/stackoverflow_migration_dag.py took 0.329 seconds
[2026-05-11T15:07:26.717+0000] {processor.py:161} INFO - Started process (PID=1268) to work on /opt/airflow/dags/stackoverflow_migration_dag.py
[2026-05-11T15:07:26.719+0000] {processor.py:830} INFO - Processing file /opt/airflow/dags/stackoverflow_migration_dag.py for tasks to queue
[2026-05-11T15:07:26.722+0000] {logging_mixin.py:188} INFO - [2026-05-11T15:07:26.721+0000] {dagbag.py:545} INFO - Filling up the DagBag from /opt/airflow/dags/stackoverflow_migration_dag.py
[2026-05-11T15:07:26.770+0000] {processor.py:840} INFO - DAG(s) 'stackoverflow_medallion_pipeline' retrieved from /opt/airflow/dags/stackoverflow_migration_dag.py
[2026-05-11T15:07:26.864+0000] {logging_mixin.py:188} INFO - [2026-05-11T15:07:26.863+0000] {dag.py:3096} INFO - Sync 1 DAGs
[2026-05-11T15:07:26.926+0000] {logging_mixin.py:188} INFO - [2026-05-11T15:07:26.926+0000] {dag.py:3954} INFO - Setting next_dagrun for stackoverflow_medallion_pipeline to 2026-05-11 00:00:00+00:00, run_after=2026-05-12 00:00:00+00:00
[2026-05-11T15:07:26.972+0000] {processor.py:183} INFO - Processing /opt/airflow/dags/stackoverflow_migration_dag.py took 0.269 seconds
[2026-05-11T15:07:57.236+0000] {processor.py:161} INFO - Started process (PID=1273) to work on /opt/airflow/dags/stackoverflow_migration_dag.py
[2026-05-11T15:07:57.238+0000] {processor.py:830} INFO - Processing file /opt/airflow/dags/stackoverflow_migration_dag.py for tasks to queue
[2026-05-11T15:07:57.240+0000] {logging_mixin.py:188} INFO - [2026-05-11T15:07:57.239+0000] {dagbag.py:545} INFO - Filling up the DagBag from /opt/airflow/dags/stackoverflow_migration_dag.py
[2026-05-11T15:07:57.289+0000] {processor.py:840} INFO - DAG(s) 'stackoverflow_medallion_pipeline' retrieved from /opt/airflow/dags/stackoverflow_migration_dag.py
[2026-05-11T15:07:57.400+0000] {logging_mixin.py:188} INFO - [2026-05-11T15:07:57.399+0000] {dag.py:3096} INFO - Sync 1 DAGs
[2026-05-11T15:07:57.535+0000] {logging_mixin.py:188} INFO - [2026-05-11T15:07:57.534+0000] {dag.py:3954} INFO - Setting next_dagrun for stackoverflow_medallion_pipeline to 2026-05-11 00:00:00+00:00, run_after=2026-05-12 00:00:00+00:00
[2026-05-11T15:07:57.593+0000] {processor.py:183} INFO - Processing /opt/airflow/dags/stackoverflow_migration_dag.py took 0.367 seconds
[2026-05-11T15:08:27.913+0000] {processor.py:161} INFO - Started process (PID=1278) to work on /opt/airflow/dags/stackoverflow_migration_dag.py
[2026-05-11T15:08:27.916+0000] {processor.py:830} INFO - Processing file /opt/airflow/dags/stackoverflow_migration_dag.py for tasks to queue
[2026-05-11T15:08:27.917+0000] {logging_mixin.py:188} INFO - [2026-05-11T15:08:27.917+0000] {dagbag.py:545} INFO - Filling up the DagBag from /opt/airflow/dags/stackoverflow_migration_dag.py
[2026-05-11T15:08:27.974+0000] {processor.py:840} INFO - DAG(s) 'stackoverflow_medallion_pipeline' retrieved from /opt/airflow/dags/stackoverflow_migration_dag.py
[2026-05-11T15:08:28.079+0000] {logging_mixin.py:188} INFO - [2026-05-11T15:08:28.079+0000] {dag.py:3096} INFO - Sync 1 DAGs
[2026-05-11T15:08:28.150+0000] {logging_mixin.py:188} INFO - [2026-05-11T15:08:28.150+0000] {dag.py:3954} INFO - Setting next_dagrun for stackoverflow_medallion_pipeline to 2026-05-11 00:00:00+00:00, run_after=2026-05-12 00:00:00+00:00
[2026-05-11T15:08:28.204+0000] {processor.py:183} INFO - Processing /opt/airflow/dags/stackoverflow_migration_dag.py took 0.302 seconds
[2026-05-11T15:08:58.463+0000] {processor.py:161} INFO - Started process (PID=1283) to work on /opt/airflow/dags/stackoverflow_migration_dag.py
[2026-05-11T15:08:58.465+0000] {processor.py:830} INFO - Processing file /opt/airflow/dags/stackoverflow_migration_dag.py for tasks to queue
[2026-05-11T15:08:58.466+0000] {logging_mixin.py:188} INFO - [2026-05-11T15:08:58.466+0000] {dagbag.py:545} INFO - Filling up the DagBag from /opt/airflow/dags/stackoverflow_migration_dag.py
[2026-05-11T15:08:58.509+0000] {processor.py:840} INFO - DAG(s) 'stackoverflow_medallion_pipeline' retrieved from /opt/airflow/dags/stackoverflow_migration_dag.py
[2026-05-11T15:08:58.590+0000] {logging_mixin.py:188} INFO - [2026-05-11T15:08:58.590+0000] {dag.py:3096} INFO - Sync 1 DAGs
[2026-05-11T15:08:58.649+0000] {logging_mixin.py:188} INFO - [2026-05-11T15:08:58.649+0000] {dag.py:3954} INFO - Setting next_dagrun for stackoverflow_medallion_pipeline to 2026-05-11 00:00:00+00:00, run_after=2026-05-12 00:00:00+00:00
[2026-05-11T15:08:58.697+0000] {processor.py:183} INFO - Processing /opt/airflow/dags/stackoverflow_migration_dag.py took 0.244 seconds
[2026-05-11T15:09:28.956+0000] {processor.py:161} INFO - Started process (PID=1288) to work on /opt/airflow/dags/stackoverflow_migration_dag.py
[2026-05-11T15:09:28.959+0000] {processor.py:830} INFO - Processing file /opt/airflow/dags/stackoverflow_migration_dag.py for tasks to queue
[2026-05-11T15:09:28.961+0000] {logging_mixin.py:188} INFO - [2026-05-11T15:09:28.960+0000] {dagbag.py:545} INFO - Filling up the DagBag from /opt/airflow/dags/stackoverflow_migration_dag.py
[2026-05-11T15:09:29.005+0000] {processor.py:840} INFO - DAG(s) 'stackoverflow_medallion_pipeline' retrieved from /opt/airflow/dags/stackoverflow_migration_dag.py
[2026-05-11T15:09:29.099+0000] {logging_mixin.py:188} INFO - [2026-05-11T15:09:29.099+0000] {dag.py:3096} INFO - Sync 1 DAGs
[2026-05-11T15:09:29.162+0000] {logging_mixin.py:188} INFO - [2026-05-11T15:09:29.162+0000] {dag.py:3954} INFO - Setting next_dagrun for stackoverflow_medallion_pipeline to 2026-05-11 00:00:00+00:00, run_after=2026-05-12 00:00:00+00:00
[2026-05-11T15:09:29.212+0000] {processor.py:183} INFO - Processing /opt/airflow/dags/stackoverflow_migration_dag.py took 0.272 seconds
[2026-05-11T15:09:59.459+0000] {processor.py:161} INFO - Started process (PID=1293) to work on /opt/airflow/dags/stackoverflow_migration_dag.py
[2026-05-11T15:09:59.461+0000] {processor.py:830} INFO - Processing file /opt/airflow/dags/stackoverflow_migration_dag.py for tasks to queue
[2026-05-11T15:09:59.462+0000] {logging_mixin.py:188} INFO - [2026-05-11T15:09:59.462+0000] {dagbag.py:545} INFO - Filling up the DagBag from /opt/airflow/dags/stackoverflow_migration_dag.py
[2026-05-11T15:09:59.500+0000] {processor.py:840} INFO - DAG(s) 'stackoverflow_medallion_pipeline' retrieved from /opt/airflow/dags/stackoverflow_migration_dag.py
[2026-05-11T15:09:59.582+0000] {logging_mixin.py:188} INFO - [2026-05-11T15:09:59.581+0000] {dag.py:3096} INFO - Sync 1 DAGs
[2026-05-11T15:09:59.640+0000] {logging_mixin.py:188} INFO - [2026-05-11T15:09:59.640+0000] {dag.py:3954} INFO - Setting next_dagrun for stackoverflow_medallion_pipeline to 2026-05-11 00:00:00+00:00, run_after=2026-05-12 00:00:00+00:00
[2026-05-11T15:09:59.688+0000] {processor.py:183} INFO - Processing /opt/airflow/dags/stackoverflow_migration_dag.py took 0.238 seconds
[2026-05-11T15:10:30.016+0000] {processor.py:161} INFO - Started process (PID=1298) to work on /opt/airflow/dags/stackoverflow_migration_dag.py
[2026-05-11T15:10:30.018+0000] {processor.py:830} INFO - Processing file /opt/airflow/dags/stackoverflow_migration_dag.py for tasks to queue
[2026-05-11T15:10:30.020+0000] {logging_mixin.py:188} INFO - [2026-05-11T15:10:30.019+0000] {dagbag.py:545} INFO - Filling up the DagBag from /opt/airflow/dags/stackoverflow_migration_dag.py
[2026-05-11T15:10:30.064+0000] {processor.py:840} INFO - DAG(s) 'stackoverflow_medallion_pipeline' retrieved from /opt/airflow/dags/stackoverflow_migration_dag.py
[2026-05-11T15:10:30.163+0000] {logging_mixin.py:188} INFO - [2026-05-11T15:10:30.163+0000] {dag.py:3096} INFO - Sync 1 DAGs
[2026-05-11T15:10:30.227+0000] {logging_mixin.py:188} INFO - [2026-05-11T15:10:30.226+0000] {dag.py:3954} INFO - Setting next_dagrun for stackoverflow_medallion_pipeline to 2026-05-11 00:00:00+00:00, run_after=2026-05-12 00:00:00+00:00
[2026-05-11T15:10:30.277+0000] {processor.py:183} INFO - Processing /opt/airflow/dags/stackoverflow_migration_dag.py took 0.271 seconds
[2026-05-11T15:11:00.542+0000] {processor.py:161} INFO - Started process (PID=1303) to work on /opt/airflow/dags/stackoverflow_migration_dag.py
[2026-05-11T15:11:00.544+0000] {processor.py:830} INFO - Processing file /opt/airflow/dags/stackoverflow_migration_dag.py for tasks to queue
[2026-05-11T15:11:00.546+0000] {logging_mixin.py:188} INFO - [2026-05-11T15:11:00.546+0000] {dagbag.py:545} INFO - Filling up the DagBag from /opt/airflow/dags/stackoverflow_migration_dag.py
[2026-05-11T15:11:00.588+0000] {processor.py:840} INFO - DAG(s) 'stackoverflow_medallion_pipeline' retrieved from /opt/airflow/dags/stackoverflow_migration_dag.py
[2026-05-11T15:11:00.677+0000] {logging_mixin.py:188} INFO - [2026-05-11T15:11:00.676+0000] {dag.py:3096} INFO - Sync 1 DAGs
[2026-05-11T15:11:00.742+0000] {logging_mixin.py:188} INFO - [2026-05-11T15:11:00.742+0000] {dag.py:3954} INFO - Setting next_dagrun for stackoverflow_medallion_pipeline to 2026-05-11 00:00:00+00:00, run_after=2026-05-12 00:00:00+00:00
[2026-05-11T15:11:00.791+0000] {processor.py:183} INFO - Processing /opt/airflow/dags/stackoverflow_migration_dag.py took 0.260 seconds
[2026-05-11T15:11:31.059+0000] {processor.py:161} INFO - Started process (PID=1308) to work on /opt/airflow/dags/stackoverflow_migration_dag.py
[2026-05-11T15:11:31.061+0000] {processor.py:830} INFO - Processing file /opt/airflow/dags/stackoverflow_migration_dag.py for tasks to queue
[2026-05-11T15:11:31.063+0000] {logging_mixin.py:188} INFO - [2026-05-11T15:11:31.063+0000] {dagbag.py:545} INFO - Filling up the DagBag from /opt/airflow/dags/stackoverflow_migration_dag.py
[2026-05-11T15:11:31.117+0000] {processor.py:840} INFO - DAG(s) 'stackoverflow_medallion_pipeline' retrieved from /opt/airflow/dags/stackoverflow_migration_dag.py
[2026-05-11T15:11:31.218+0000] {logging_mixin.py:188} INFO - [2026-05-11T15:11:31.218+0000] {dag.py:3096} INFO - Sync 1 DAGs
[2026-05-11T15:12:01.993+0000] {processor.py:161} INFO - Started process (PID=1313) to work on /opt/airflow/dags/stackoverflow_migration_dag.py
