[2026-05-12T05:32:48.774+0000] {processor.py:161} INFO - Started process (PID=165) to work on /opt/airflow/dags/stackoverflow_migration_dag.py
[2026-05-12T05:32:48.777+0000] {processor.py:830} INFO - Processing file /opt/airflow/dags/stackoverflow_migration_dag.py for tasks to queue
[2026-05-12T05:32:48.780+0000] {logging_mixin.py:188} INFO - [2026-05-12T05:32:48.780+0000] {dagbag.py:545} INFO - Filling up the DagBag from /opt/airflow/dags/stackoverflow_migration_dag.py
[2026-05-12T05:32:48.848+0000] {processor.py:840} INFO - DAG(s) 'stackoverflow_medallion_pipeline' retrieved from /opt/airflow/dags/stackoverflow_migration_dag.py
[2026-05-12T05:32:48.956+0000] {logging_mixin.py:188} INFO - [2026-05-12T05:32:48.955+0000] {dag.py:3096} INFO - Sync 1 DAGs
[2026-05-12T05:32:49.087+0000] {logging_mixin.py:188} INFO - [2026-05-12T05:32:49.086+0000] {dag.py:3954} INFO - Setting next_dagrun for stackoverflow_medallion_pipeline to 2026-05-12 00:00:00+00:00, run_after=2026-05-13 00:00:00+00:00
[2026-05-12T05:32:49.171+0000] {processor.py:183} INFO - Processing /opt/airflow/dags/stackoverflow_migration_dag.py took 0.408 seconds
[2026-05-12T05:33:19.477+0000] {processor.py:161} INFO - Started process (PID=171) to work on /opt/airflow/dags/stackoverflow_migration_dag.py
[2026-05-12T05:33:19.479+0000] {processor.py:830} INFO - Processing file /opt/airflow/dags/stackoverflow_migration_dag.py for tasks to queue
[2026-05-12T05:33:19.484+0000] {logging_mixin.py:188} INFO - [2026-05-12T05:33:19.484+0000] {dagbag.py:545} INFO - Filling up the DagBag from /opt/airflow/dags/stackoverflow_migration_dag.py
[2026-05-12T05:33:19.550+0000] {processor.py:840} INFO - DAG(s) 'stackoverflow_medallion_pipeline' retrieved from /opt/airflow/dags/stackoverflow_migration_dag.py
[2026-05-12T05:33:19.986+0000] {logging_mixin.py:188} INFO - [2026-05-12T05:33:19.986+0000] {dag.py:3096} INFO - Sync 1 DAGs
[2026-05-12T05:33:20.097+0000] {logging_mixin.py:188} INFO - [2026-05-12T05:33:20.097+0000] {dag.py:3954} INFO - Setting next_dagrun for stackoverflow_medallion_pipeline to 2026-05-12 00:00:00+00:00, run_after=2026-05-13 00:00:00+00:00
[2026-05-12T05:33:20.195+0000] {processor.py:183} INFO - Processing /opt/airflow/dags/stackoverflow_migration_dag.py took 0.727 seconds
[2026-05-12T05:33:50.505+0000] {processor.py:161} INFO - Started process (PID=176) to work on /opt/airflow/dags/stackoverflow_migration_dag.py
[2026-05-12T05:33:50.509+0000] {processor.py:830} INFO - Processing file /opt/airflow/dags/stackoverflow_migration_dag.py for tasks to queue
[2026-05-12T05:33:50.514+0000] {logging_mixin.py:188} INFO - [2026-05-12T05:33:50.513+0000] {dagbag.py:545} INFO - Filling up the DagBag from /opt/airflow/dags/stackoverflow_migration_dag.py
[2026-05-12T05:33:50.590+0000] {processor.py:840} INFO - DAG(s) 'stackoverflow_medallion_pipeline' retrieved from /opt/airflow/dags/stackoverflow_migration_dag.py
[2026-05-12T05:33:50.738+0000] {logging_mixin.py:188} INFO - [2026-05-12T05:33:50.738+0000] {dag.py:3096} INFO - Sync 1 DAGs
[2026-05-12T05:33:50.840+0000] {logging_mixin.py:188} INFO - [2026-05-12T05:33:50.839+0000] {dag.py:3954} INFO - Setting next_dagrun for stackoverflow_medallion_pipeline to 2026-05-12 00:00:00+00:00, run_after=2026-05-13 00:00:00+00:00
[2026-05-12T05:33:50.985+0000] {processor.py:183} INFO - Processing /opt/airflow/dags/stackoverflow_migration_dag.py took 0.511 seconds
[2026-05-12T05:34:21.492+0000] {processor.py:161} INFO - Started process (PID=181) to work on /opt/airflow/dags/stackoverflow_migration_dag.py
[2026-05-12T05:34:21.494+0000] {processor.py:830} INFO - Processing file /opt/airflow/dags/stackoverflow_migration_dag.py for tasks to queue
[2026-05-12T05:34:21.497+0000] {logging_mixin.py:188} INFO - [2026-05-12T05:34:21.497+0000] {dagbag.py:545} INFO - Filling up the DagBag from /opt/airflow/dags/stackoverflow_migration_dag.py
[2026-05-12T05:34:21.538+0000] {processor.py:840} INFO - DAG(s) 'stackoverflow_medallion_pipeline' retrieved from /opt/airflow/dags/stackoverflow_migration_dag.py
[2026-05-12T05:34:21.618+0000] {logging_mixin.py:188} INFO - [2026-05-12T05:34:21.618+0000] {dag.py:3096} INFO - Sync 1 DAGs
[2026-05-12T05:34:21.694+0000] {logging_mixin.py:188} INFO - [2026-05-12T05:34:21.694+0000] {dag.py:3954} INFO - Setting next_dagrun for stackoverflow_medallion_pipeline to 2026-05-12 00:00:00+00:00, run_after=2026-05-13 00:00:00+00:00
[2026-05-12T05:34:21.746+0000] {processor.py:183} INFO - Processing /opt/airflow/dags/stackoverflow_migration_dag.py took 0.265 seconds
[2026-05-12T05:34:51.893+0000] {processor.py:161} INFO - Started process (PID=186) to work on /opt/airflow/dags/stackoverflow_migration_dag.py
[2026-05-12T05:34:51.896+0000] {processor.py:830} INFO - Processing file /opt/airflow/dags/stackoverflow_migration_dag.py for tasks to queue
[2026-05-12T05:34:51.903+0000] {logging_mixin.py:188} INFO - [2026-05-12T05:34:51.902+0000] {dagbag.py:545} INFO - Filling up the DagBag from /opt/airflow/dags/stackoverflow_migration_dag.py
[2026-05-12T05:34:51.951+0000] {processor.py:840} INFO - DAG(s) 'stackoverflow_medallion_pipeline' retrieved from /opt/airflow/dags/stackoverflow_migration_dag.py
[2026-05-12T05:34:52.096+0000] {logging_mixin.py:188} INFO - [2026-05-12T05:34:52.096+0000] {dag.py:3096} INFO - Sync 1 DAGs
[2026-05-12T05:34:52.191+0000] {logging_mixin.py:188} INFO - [2026-05-12T05:34:52.190+0000] {dag.py:3954} INFO - Setting next_dagrun for stackoverflow_medallion_pipeline to 2026-05-12 00:00:00+00:00, run_after=2026-05-13 00:00:00+00:00
[2026-05-12T05:34:52.277+0000] {processor.py:183} INFO - Processing /opt/airflow/dags/stackoverflow_migration_dag.py took 0.401 seconds
[2026-05-12T05:35:22.511+0000] {processor.py:161} INFO - Started process (PID=193) to work on /opt/airflow/dags/stackoverflow_migration_dag.py
[2026-05-12T05:35:22.513+0000] {processor.py:830} INFO - Processing file /opt/airflow/dags/stackoverflow_migration_dag.py for tasks to queue
[2026-05-12T05:35:22.521+0000] {logging_mixin.py:188} INFO - [2026-05-12T05:35:22.520+0000] {dagbag.py:545} INFO - Filling up the DagBag from /opt/airflow/dags/stackoverflow_migration_dag.py
[2026-05-12T05:35:22.606+0000] {processor.py:840} INFO - DAG(s) 'stackoverflow_medallion_pipeline' retrieved from /opt/airflow/dags/stackoverflow_migration_dag.py
[2026-05-12T05:35:22.711+0000] {logging_mixin.py:188} INFO - [2026-05-12T05:35:22.711+0000] {dag.py:3096} INFO - Sync 1 DAGs
[2026-05-12T05:35:22.787+0000] {logging_mixin.py:188} INFO - [2026-05-12T05:35:22.786+0000] {dag.py:3954} INFO - Setting next_dagrun for stackoverflow_medallion_pipeline to 2026-05-12 00:00:00+00:00, run_after=2026-05-13 00:00:00+00:00
[2026-05-12T05:35:22.849+0000] {processor.py:183} INFO - Processing /opt/airflow/dags/stackoverflow_migration_dag.py took 0.354 seconds
[2026-05-12T05:35:53.105+0000] {processor.py:161} INFO - Started process (PID=198) to work on /opt/airflow/dags/stackoverflow_migration_dag.py
[2026-05-12T05:35:53.106+0000] {processor.py:830} INFO - Processing file /opt/airflow/dags/stackoverflow_migration_dag.py for tasks to queue
[2026-05-12T05:35:53.116+0000] {logging_mixin.py:188} INFO - [2026-05-12T05:35:53.112+0000] {dagbag.py:545} INFO - Filling up the DagBag from /opt/airflow/dags/stackoverflow_migration_dag.py
[2026-05-12T05:35:53.211+0000] {processor.py:840} INFO - DAG(s) 'stackoverflow_medallion_pipeline' retrieved from /opt/airflow/dags/stackoverflow_migration_dag.py
[2026-05-12T05:35:53.428+0000] {logging_mixin.py:188} INFO - [2026-05-12T05:35:53.428+0000] {dag.py:3096} INFO - Sync 1 DAGs
[2026-05-12T05:35:53.638+0000] {logging_mixin.py:188} INFO - [2026-05-12T05:35:53.638+0000] {dag.py:3954} INFO - Setting next_dagrun for stackoverflow_medallion_pipeline to 2026-05-12 00:00:00+00:00, run_after=2026-05-13 00:00:00+00:00
[2026-05-12T05:35:53.730+0000] {processor.py:183} INFO - Processing /opt/airflow/dags/stackoverflow_migration_dag.py took 0.635 seconds
[2026-05-12T05:36:24.143+0000] {processor.py:161} INFO - Started process (PID=203) to work on /opt/airflow/dags/stackoverflow_migration_dag.py
[2026-05-12T05:36:24.145+0000] {processor.py:830} INFO - Processing file /opt/airflow/dags/stackoverflow_migration_dag.py for tasks to queue
[2026-05-12T05:36:24.149+0000] {logging_mixin.py:188} INFO - [2026-05-12T05:36:24.148+0000] {dagbag.py:545} INFO - Filling up the DagBag from /opt/airflow/dags/stackoverflow_migration_dag.py
[2026-05-12T05:36:24.188+0000] {processor.py:840} INFO - DAG(s) 'stackoverflow_medallion_pipeline' retrieved from /opt/airflow/dags/stackoverflow_migration_dag.py
[2026-05-12T05:36:24.268+0000] {logging_mixin.py:188} INFO - [2026-05-12T05:36:24.267+0000] {dag.py:3096} INFO - Sync 1 DAGs
[2026-05-12T05:36:24.358+0000] {logging_mixin.py:188} INFO - [2026-05-12T05:36:24.357+0000] {dag.py:3954} INFO - Setting next_dagrun for stackoverflow_medallion_pipeline to 2026-05-12 00:00:00+00:00, run_after=2026-05-13 00:00:00+00:00
[2026-05-12T05:36:24.444+0000] {processor.py:183} INFO - Processing /opt/airflow/dags/stackoverflow_migration_dag.py took 0.309 seconds
[2026-05-12T05:36:54.783+0000] {processor.py:161} INFO - Started process (PID=208) to work on /opt/airflow/dags/stackoverflow_migration_dag.py
[2026-05-12T05:36:54.785+0000] {processor.py:830} INFO - Processing file /opt/airflow/dags/stackoverflow_migration_dag.py for tasks to queue
[2026-05-12T05:36:54.789+0000] {logging_mixin.py:188} INFO - [2026-05-12T05:36:54.788+0000] {dagbag.py:545} INFO - Filling up the DagBag from /opt/airflow/dags/stackoverflow_migration_dag.py
[2026-05-12T05:36:54.834+0000] {processor.py:840} INFO - DAG(s) 'stackoverflow_medallion_pipeline' retrieved from /opt/airflow/dags/stackoverflow_migration_dag.py
[2026-05-12T05:36:54.925+0000] {logging_mixin.py:188} INFO - [2026-05-12T05:36:54.925+0000] {dag.py:3096} INFO - Sync 1 DAGs
[2026-05-12T05:36:55.000+0000] {logging_mixin.py:188} INFO - [2026-05-12T05:36:54.999+0000] {dag.py:3954} INFO - Setting next_dagrun for stackoverflow_medallion_pipeline to 2026-05-12 00:00:00+00:00, run_after=2026-05-13 00:00:00+00:00
[2026-05-12T05:36:55.056+0000] {processor.py:183} INFO - Processing /opt/airflow/dags/stackoverflow_migration_dag.py took 0.294 seconds
[2026-05-12T05:37:25.433+0000] {processor.py:161} INFO - Started process (PID=213) to work on /opt/airflow/dags/stackoverflow_migration_dag.py
[2026-05-12T05:37:25.435+0000] {processor.py:830} INFO - Processing file /opt/airflow/dags/stackoverflow_migration_dag.py for tasks to queue
[2026-05-12T05:37:25.438+0000] {logging_mixin.py:188} INFO - [2026-05-12T05:37:25.438+0000] {dagbag.py:545} INFO - Filling up the DagBag from /opt/airflow/dags/stackoverflow_migration_dag.py
[2026-05-12T05:37:25.500+0000] {processor.py:840} INFO - DAG(s) 'stackoverflow_medallion_pipeline' retrieved from /opt/airflow/dags/stackoverflow_migration_dag.py
[2026-05-12T05:37:25.625+0000] {logging_mixin.py:188} INFO - [2026-05-12T05:37:25.625+0000] {dag.py:3096} INFO - Sync 1 DAGs
[2026-05-12T05:37:25.707+0000] {logging_mixin.py:188} INFO - [2026-05-12T05:37:25.706+0000] {dag.py:3954} INFO - Setting next_dagrun for stackoverflow_medallion_pipeline to 2026-05-12 00:00:00+00:00, run_after=2026-05-13 00:00:00+00:00
[2026-05-12T05:37:25.773+0000] {processor.py:183} INFO - Processing /opt/airflow/dags/stackoverflow_migration_dag.py took 0.348 seconds
[2026-05-12T05:37:55.950+0000] {processor.py:161} INFO - Started process (PID=218) to work on /opt/airflow/dags/stackoverflow_migration_dag.py
[2026-05-12T05:37:55.952+0000] {processor.py:830} INFO - Processing file /opt/airflow/dags/stackoverflow_migration_dag.py for tasks to queue
[2026-05-12T05:37:55.955+0000] {logging_mixin.py:188} INFO - [2026-05-12T05:37:55.955+0000] {dagbag.py:545} INFO - Filling up the DagBag from /opt/airflow/dags/stackoverflow_migration_dag.py
[2026-05-12T05:37:55.989+0000] {processor.py:840} INFO - DAG(s) 'stackoverflow_medallion_pipeline' retrieved from /opt/airflow/dags/stackoverflow_migration_dag.py
[2026-05-12T05:37:56.174+0000] {logging_mixin.py:188} INFO - [2026-05-12T05:37:56.173+0000] {dag.py:3096} INFO - Sync 1 DAGs
[2026-05-12T05:37:56.270+0000] {logging_mixin.py:188} INFO - [2026-05-12T05:37:56.270+0000] {dag.py:3954} INFO - Setting next_dagrun for stackoverflow_medallion_pipeline to 2026-05-12 00:00:00+00:00, run_after=2026-05-13 00:00:00+00:00
[2026-05-12T05:37:56.326+0000] {processor.py:183} INFO - Processing /opt/airflow/dags/stackoverflow_migration_dag.py took 0.384 seconds
[2026-05-12T05:38:26.630+0000] {processor.py:161} INFO - Started process (PID=223) to work on /opt/airflow/dags/stackoverflow_migration_dag.py
[2026-05-12T05:38:26.633+0000] {processor.py:830} INFO - Processing file /opt/airflow/dags/stackoverflow_migration_dag.py for tasks to queue
[2026-05-12T05:38:26.640+0000] {logging_mixin.py:188} INFO - [2026-05-12T05:38:26.639+0000] {dagbag.py:545} INFO - Filling up the DagBag from /opt/airflow/dags/stackoverflow_migration_dag.py
[2026-05-12T05:38:26.740+0000] {processor.py:840} INFO - DAG(s) 'stackoverflow_medallion_pipeline' retrieved from /opt/airflow/dags/stackoverflow_migration_dag.py
[2026-05-12T05:38:26.864+0000] {logging_mixin.py:188} INFO - [2026-05-12T05:38:26.863+0000] {dag.py:3096} INFO - Sync 1 DAGs
[2026-05-12T05:38:26.972+0000] {logging_mixin.py:188} INFO - [2026-05-12T05:38:26.972+0000] {dag.py:3954} INFO - Setting next_dagrun for stackoverflow_medallion_pipeline to 2026-05-12 00:00:00+00:00, run_after=2026-05-13 00:00:00+00:00
[2026-05-12T05:38:27.055+0000] {processor.py:183} INFO - Processing /opt/airflow/dags/stackoverflow_migration_dag.py took 0.448 seconds
[2026-05-12T05:38:57.598+0000] {processor.py:161} INFO - Started process (PID=228) to work on /opt/airflow/dags/stackoverflow_migration_dag.py
[2026-05-12T05:38:57.602+0000] {processor.py:830} INFO - Processing file /opt/airflow/dags/stackoverflow_migration_dag.py for tasks to queue
[2026-05-12T05:38:57.610+0000] {logging_mixin.py:188} INFO - [2026-05-12T05:38:57.609+0000] {dagbag.py:545} INFO - Filling up the DagBag from /opt/airflow/dags/stackoverflow_migration_dag.py
[2026-05-12T05:38:57.707+0000] {processor.py:840} INFO - DAG(s) 'stackoverflow_medallion_pipeline' retrieved from /opt/airflow/dags/stackoverflow_migration_dag.py
[2026-05-12T05:38:57.896+0000] {logging_mixin.py:188} INFO - [2026-05-12T05:38:57.896+0000] {dag.py:3096} INFO - Sync 1 DAGs
[2026-05-12T05:38:58.016+0000] {logging_mixin.py:188} INFO - [2026-05-12T05:38:58.016+0000] {dag.py:3954} INFO - Setting next_dagrun for stackoverflow_medallion_pipeline to 2026-05-12 00:00:00+00:00, run_after=2026-05-13 00:00:00+00:00
[2026-05-12T05:38:58.103+0000] {processor.py:183} INFO - Processing /opt/airflow/dags/stackoverflow_migration_dag.py took 0.535 seconds
[2026-05-12T05:39:28.428+0000] {processor.py:161} INFO - Started process (PID=233) to work on /opt/airflow/dags/stackoverflow_migration_dag.py
[2026-05-12T05:39:28.430+0000] {processor.py:830} INFO - Processing file /opt/airflow/dags/stackoverflow_migration_dag.py for tasks to queue
[2026-05-12T05:39:28.435+0000] {logging_mixin.py:188} INFO - [2026-05-12T05:39:28.432+0000] {dagbag.py:545} INFO - Filling up the DagBag from /opt/airflow/dags/stackoverflow_migration_dag.py
[2026-05-12T05:39:28.496+0000] {processor.py:840} INFO - DAG(s) 'stackoverflow_medallion_pipeline' retrieved from /opt/airflow/dags/stackoverflow_migration_dag.py
[2026-05-12T05:39:28.663+0000] {logging_mixin.py:188} INFO - [2026-05-12T05:39:28.663+0000] {dag.py:3096} INFO - Sync 1 DAGs
[2026-05-12T05:39:28.725+0000] {logging_mixin.py:188} INFO - [2026-05-12T05:39:28.725+0000] {dag.py:3954} INFO - Setting next_dagrun for stackoverflow_medallion_pipeline to 2026-05-12 00:00:00+00:00, run_after=2026-05-13 00:00:00+00:00
[2026-05-12T05:39:28.806+0000] {processor.py:183} INFO - Processing /opt/airflow/dags/stackoverflow_migration_dag.py took 0.385 seconds
[2026-05-12T05:39:59.273+0000] {processor.py:161} INFO - Started process (PID=238) to work on /opt/airflow/dags/stackoverflow_migration_dag.py
[2026-05-12T05:39:59.276+0000] {processor.py:830} INFO - Processing file /opt/airflow/dags/stackoverflow_migration_dag.py for tasks to queue
[2026-05-12T05:39:59.283+0000] {logging_mixin.py:188} INFO - [2026-05-12T05:39:59.282+0000] {dagbag.py:545} INFO - Filling up the DagBag from /opt/airflow/dags/stackoverflow_migration_dag.py
[2026-05-12T05:39:59.364+0000] {processor.py:840} INFO - DAG(s) 'stackoverflow_medallion_pipeline' retrieved from /opt/airflow/dags/stackoverflow_migration_dag.py
[2026-05-12T05:39:59.552+0000] {logging_mixin.py:188} INFO - [2026-05-12T05:39:59.551+0000] {dag.py:3096} INFO - Sync 1 DAGs
[2026-05-12T05:39:59.648+0000] {logging_mixin.py:188} INFO - [2026-05-12T05:39:59.648+0000] {dag.py:3954} INFO - Setting next_dagrun for stackoverflow_medallion_pipeline to 2026-05-12 00:00:00+00:00, run_after=2026-05-13 00:00:00+00:00
[2026-05-12T05:39:59.704+0000] {processor.py:183} INFO - Processing /opt/airflow/dags/stackoverflow_migration_dag.py took 0.450 seconds
[2026-05-12T05:40:30.265+0000] {processor.py:161} INFO - Started process (PID=243) to work on /opt/airflow/dags/stackoverflow_migration_dag.py
[2026-05-12T05:40:30.273+0000] {processor.py:830} INFO - Processing file /opt/airflow/dags/stackoverflow_migration_dag.py for tasks to queue
[2026-05-12T05:40:30.281+0000] {logging_mixin.py:188} INFO - [2026-05-12T05:40:30.280+0000] {dagbag.py:545} INFO - Filling up the DagBag from /opt/airflow/dags/stackoverflow_migration_dag.py
[2026-05-12T05:40:30.373+0000] {processor.py:840} INFO - DAG(s) 'stackoverflow_medallion_pipeline' retrieved from /opt/airflow/dags/stackoverflow_migration_dag.py
[2026-05-12T05:40:30.502+0000] {logging_mixin.py:188} INFO - [2026-05-12T05:40:30.500+0000] {dag.py:3096} INFO - Sync 1 DAGs
[2026-05-12T05:40:30.672+0000] {logging_mixin.py:188} INFO - [2026-05-12T05:40:30.672+0000] {dag.py:3954} INFO - Setting next_dagrun for stackoverflow_medallion_pipeline to 2026-05-12 00:00:00+00:00, run_after=2026-05-13 00:00:00+00:00
[2026-05-12T05:40:30.727+0000] {processor.py:183} INFO - Processing /opt/airflow/dags/stackoverflow_migration_dag.py took 0.490 seconds
[2026-05-12T05:41:01.055+0000] {processor.py:161} INFO - Started process (PID=248) to work on /opt/airflow/dags/stackoverflow_migration_dag.py
[2026-05-12T05:41:01.057+0000] {processor.py:830} INFO - Processing file /opt/airflow/dags/stackoverflow_migration_dag.py for tasks to queue
[2026-05-12T05:41:01.060+0000] {logging_mixin.py:188} INFO - [2026-05-12T05:41:01.059+0000] {dagbag.py:545} INFO - Filling up the DagBag from /opt/airflow/dags/stackoverflow_migration_dag.py
[2026-05-12T05:41:01.115+0000] {processor.py:840} INFO - DAG(s) 'stackoverflow_medallion_pipeline' retrieved from /opt/airflow/dags/stackoverflow_migration_dag.py
[2026-05-12T05:41:01.222+0000] {logging_mixin.py:188} INFO - [2026-05-12T05:41:01.221+0000] {dag.py:3096} INFO - Sync 1 DAGs
[2026-05-12T05:41:01.330+0000] {logging_mixin.py:188} INFO - [2026-05-12T05:41:01.330+0000] {dag.py:3954} INFO - Setting next_dagrun for stackoverflow_medallion_pipeline to 2026-05-12 00:00:00+00:00, run_after=2026-05-13 00:00:00+00:00
[2026-05-12T05:41:01.392+0000] {processor.py:183} INFO - Processing /opt/airflow/dags/stackoverflow_migration_dag.py took 0.347 seconds
[2026-05-12T05:41:31.652+0000] {processor.py:161} INFO - Started process (PID=253) to work on /opt/airflow/dags/stackoverflow_migration_dag.py
[2026-05-12T05:41:31.654+0000] {processor.py:830} INFO - Processing file /opt/airflow/dags/stackoverflow_migration_dag.py for tasks to queue
[2026-05-12T05:41:31.657+0000] {logging_mixin.py:188} INFO - [2026-05-12T05:41:31.656+0000] {dagbag.py:545} INFO - Filling up the DagBag from /opt/airflow/dags/stackoverflow_migration_dag.py
[2026-05-12T05:41:31.695+0000] {processor.py:840} INFO - DAG(s) 'stackoverflow_medallion_pipeline' retrieved from /opt/airflow/dags/stackoverflow_migration_dag.py
[2026-05-12T05:41:31.810+0000] {logging_mixin.py:188} INFO - [2026-05-12T05:41:31.810+0000] {dag.py:3096} INFO - Sync 1 DAGs
[2026-05-12T05:41:31.868+0000] {logging_mixin.py:188} INFO - [2026-05-12T05:41:31.868+0000] {dag.py:3954} INFO - Setting next_dagrun for stackoverflow_medallion_pipeline to 2026-05-12 00:00:00+00:00, run_after=2026-05-13 00:00:00+00:00
[2026-05-12T05:41:31.918+0000] {processor.py:183} INFO - Processing /opt/airflow/dags/stackoverflow_migration_dag.py took 0.274 seconds
[2026-05-12T05:42:02.270+0000] {processor.py:161} INFO - Started process (PID=258) to work on /opt/airflow/dags/stackoverflow_migration_dag.py
[2026-05-12T05:42:02.271+0000] {processor.py:830} INFO - Processing file /opt/airflow/dags/stackoverflow_migration_dag.py for tasks to queue
[2026-05-12T05:42:02.275+0000] {logging_mixin.py:188} INFO - [2026-05-12T05:42:02.274+0000] {dagbag.py:545} INFO - Filling up the DagBag from /opt/airflow/dags/stackoverflow_migration_dag.py
[2026-05-12T05:42:02.385+0000] {processor.py:840} INFO - DAG(s) 'stackoverflow_medallion_pipeline' retrieved from /opt/airflow/dags/stackoverflow_migration_dag.py
[2026-05-12T05:42:02.504+0000] {logging_mixin.py:188} INFO - [2026-05-12T05:42:02.504+0000] {dag.py:3096} INFO - Sync 1 DAGs
[2026-05-12T05:42:02.612+0000] {logging_mixin.py:188} INFO - [2026-05-12T05:42:02.612+0000] {dag.py:3954} INFO - Setting next_dagrun for stackoverflow_medallion_pipeline to 2026-05-12 00:00:00+00:00, run_after=2026-05-13 00:00:00+00:00
[2026-05-12T05:42:02.697+0000] {processor.py:183} INFO - Processing /opt/airflow/dags/stackoverflow_migration_dag.py took 0.435 seconds
[2026-05-12T05:42:33.123+0000] {processor.py:161} INFO - Started process (PID=263) to work on /opt/airflow/dags/stackoverflow_migration_dag.py
[2026-05-12T05:42:33.131+0000] {processor.py:830} INFO - Processing file /opt/airflow/dags/stackoverflow_migration_dag.py for tasks to queue
[2026-05-12T05:42:33.148+0000] {logging_mixin.py:188} INFO - [2026-05-12T05:42:33.146+0000] {dagbag.py:545} INFO - Filling up the DagBag from /opt/airflow/dags/stackoverflow_migration_dag.py
[2026-05-12T05:42:33.201+0000] {processor.py:840} INFO - DAG(s) 'stackoverflow_medallion_pipeline' retrieved from /opt/airflow/dags/stackoverflow_migration_dag.py
[2026-05-12T05:42:33.291+0000] {logging_mixin.py:188} INFO - [2026-05-12T05:42:33.291+0000] {dag.py:3096} INFO - Sync 1 DAGs
[2026-05-12T05:42:33.351+0000] {logging_mixin.py:188} INFO - [2026-05-12T05:42:33.351+0000] {dag.py:3954} INFO - Setting next_dagrun for stackoverflow_medallion_pipeline to 2026-05-12 00:00:00+00:00, run_after=2026-05-13 00:00:00+00:00
[2026-05-12T05:42:33.411+0000] {processor.py:183} INFO - Processing /opt/airflow/dags/stackoverflow_migration_dag.py took 0.298 seconds
[2026-05-12T05:43:03.743+0000] {processor.py:161} INFO - Started process (PID=268) to work on /opt/airflow/dags/stackoverflow_migration_dag.py
[2026-05-12T05:43:03.760+0000] {processor.py:830} INFO - Processing file /opt/airflow/dags/stackoverflow_migration_dag.py for tasks to queue
[2026-05-12T05:43:03.782+0000] {logging_mixin.py:188} INFO - [2026-05-12T05:43:03.781+0000] {dagbag.py:545} INFO - Filling up the DagBag from /opt/airflow/dags/stackoverflow_migration_dag.py
[2026-05-12T05:43:03.875+0000] {processor.py:840} INFO - DAG(s) 'stackoverflow_medallion_pipeline' retrieved from /opt/airflow/dags/stackoverflow_migration_dag.py
[2026-05-12T05:43:04.054+0000] {logging_mixin.py:188} INFO - [2026-05-12T05:43:04.053+0000] {dag.py:3096} INFO - Sync 1 DAGs
[2026-05-12T05:43:04.154+0000] {logging_mixin.py:188} INFO - [2026-05-12T05:43:04.154+0000] {dag.py:3954} INFO - Setting next_dagrun for stackoverflow_medallion_pipeline to 2026-05-12 00:00:00+00:00, run_after=2026-05-13 00:00:00+00:00
[2026-05-12T05:43:04.197+0000] {processor.py:183} INFO - Processing /opt/airflow/dags/stackoverflow_migration_dag.py took 0.481 seconds
[2026-05-12T05:43:34.756+0000] {processor.py:161} INFO - Started process (PID=273) to work on /opt/airflow/dags/stackoverflow_migration_dag.py
[2026-05-12T05:43:34.760+0000] {processor.py:830} INFO - Processing file /opt/airflow/dags/stackoverflow_migration_dag.py for tasks to queue
[2026-05-12T05:43:34.780+0000] {logging_mixin.py:188} INFO - [2026-05-12T05:43:34.777+0000] {dagbag.py:545} INFO - Filling up the DagBag from /opt/airflow/dags/stackoverflow_migration_dag.py
[2026-05-12T05:43:34.862+0000] {processor.py:840} INFO - DAG(s) 'stackoverflow_medallion_pipeline' retrieved from /opt/airflow/dags/stackoverflow_migration_dag.py
[2026-05-12T05:43:35.026+0000] {logging_mixin.py:188} INFO - [2026-05-12T05:43:35.026+0000] {dag.py:3096} INFO - Sync 1 DAGs
[2026-05-12T05:43:35.104+0000] {logging_mixin.py:188} INFO - [2026-05-12T05:43:35.103+0000] {dag.py:3954} INFO - Setting next_dagrun for stackoverflow_medallion_pipeline to 2026-05-12 00:00:00+00:00, run_after=2026-05-13 00:00:00+00:00
[2026-05-12T05:43:35.182+0000] {processor.py:183} INFO - Processing /opt/airflow/dags/stackoverflow_migration_dag.py took 0.449 seconds
[2026-05-12T05:44:05.655+0000] {processor.py:161} INFO - Started process (PID=289) to work on /opt/airflow/dags/stackoverflow_migration_dag.py
[2026-05-12T05:44:05.658+0000] {processor.py:830} INFO - Processing file /opt/airflow/dags/stackoverflow_migration_dag.py for tasks to queue
[2026-05-12T05:44:05.665+0000] {logging_mixin.py:188} INFO - [2026-05-12T05:44:05.664+0000] {dagbag.py:545} INFO - Filling up the DagBag from /opt/airflow/dags/stackoverflow_migration_dag.py
[2026-05-12T05:44:05.718+0000] {processor.py:840} INFO - DAG(s) 'stackoverflow_medallion_pipeline' retrieved from /opt/airflow/dags/stackoverflow_migration_dag.py
[2026-05-12T05:44:05.869+0000] {logging_mixin.py:188} INFO - [2026-05-12T05:44:05.868+0000] {dag.py:3096} INFO - Sync 1 DAGs
[2026-05-12T05:44:05.971+0000] {logging_mixin.py:188} INFO - [2026-05-12T05:44:05.970+0000] {dag.py:3954} INFO - Setting next_dagrun for stackoverflow_medallion_pipeline to 2026-05-12 00:00:00+00:00, run_after=2026-05-13 00:00:00+00:00
[2026-05-12T05:44:06.082+0000] {processor.py:183} INFO - Processing /opt/airflow/dags/stackoverflow_migration_dag.py took 0.444 seconds
[2026-05-12T05:44:36.665+0000] {processor.py:161} INFO - Started process (PID=294) to work on /opt/airflow/dags/stackoverflow_migration_dag.py
[2026-05-12T05:44:36.671+0000] {processor.py:830} INFO - Processing file /opt/airflow/dags/stackoverflow_migration_dag.py for tasks to queue
[2026-05-12T05:44:36.684+0000] {logging_mixin.py:188} INFO - [2026-05-12T05:44:36.681+0000] {dagbag.py:545} INFO - Filling up the DagBag from /opt/airflow/dags/stackoverflow_migration_dag.py
[2026-05-12T05:44:36.849+0000] {processor.py:840} INFO - DAG(s) 'stackoverflow_medallion_pipeline' retrieved from /opt/airflow/dags/stackoverflow_migration_dag.py
[2026-05-12T05:44:37.067+0000] {logging_mixin.py:188} INFO - [2026-05-12T05:44:37.066+0000] {dag.py:3096} INFO - Sync 1 DAGs
[2026-05-12T05:44:37.198+0000] {logging_mixin.py:188} INFO - [2026-05-12T05:44:37.198+0000] {dag.py:3954} INFO - Setting next_dagrun for stackoverflow_medallion_pipeline to 2026-05-12 00:00:00+00:00, run_after=2026-05-13 00:00:00+00:00
[2026-05-12T05:44:37.285+0000] {processor.py:183} INFO - Processing /opt/airflow/dags/stackoverflow_migration_dag.py took 0.658 seconds
[2026-05-12T05:45:07.802+0000] {processor.py:161} INFO - Started process (PID=299) to work on /opt/airflow/dags/stackoverflow_migration_dag.py
[2026-05-12T05:45:07.806+0000] {processor.py:830} INFO - Processing file /opt/airflow/dags/stackoverflow_migration_dag.py for tasks to queue
[2026-05-12T05:45:07.814+0000] {logging_mixin.py:188} INFO - [2026-05-12T05:45:07.812+0000] {dagbag.py:545} INFO - Filling up the DagBag from /opt/airflow/dags/stackoverflow_migration_dag.py
[2026-05-12T05:45:07.880+0000] {processor.py:840} INFO - DAG(s) 'stackoverflow_medallion_pipeline' retrieved from /opt/airflow/dags/stackoverflow_migration_dag.py
[2026-05-12T05:45:08.054+0000] {logging_mixin.py:188} INFO - [2026-05-12T05:45:08.053+0000] {dag.py:3096} INFO - Sync 1 DAGs
[2026-05-12T05:45:08.159+0000] {logging_mixin.py:188} INFO - [2026-05-12T05:45:08.158+0000] {dag.py:3954} INFO - Setting next_dagrun for stackoverflow_medallion_pipeline to 2026-05-12 00:00:00+00:00, run_after=2026-05-13 00:00:00+00:00
[2026-05-12T05:45:08.231+0000] {processor.py:183} INFO - Processing /opt/airflow/dags/stackoverflow_migration_dag.py took 0.456 seconds
[2026-05-12T05:45:38.886+0000] {processor.py:161} INFO - Started process (PID=304) to work on /opt/airflow/dags/stackoverflow_migration_dag.py
[2026-05-12T05:45:38.891+0000] {processor.py:830} INFO - Processing file /opt/airflow/dags/stackoverflow_migration_dag.py for tasks to queue
[2026-05-12T05:45:38.904+0000] {logging_mixin.py:188} INFO - [2026-05-12T05:45:38.903+0000] {dagbag.py:545} INFO - Filling up the DagBag from /opt/airflow/dags/stackoverflow_migration_dag.py
[2026-05-12T05:45:39.052+0000] {processor.py:840} INFO - DAG(s) 'stackoverflow_medallion_pipeline' retrieved from /opt/airflow/dags/stackoverflow_migration_dag.py
[2026-05-12T05:45:39.441+0000] {logging_mixin.py:188} INFO - [2026-05-12T05:45:39.439+0000] {dag.py:3096} INFO - Sync 1 DAGs
[2026-05-12T05:45:39.603+0000] {logging_mixin.py:188} INFO - [2026-05-12T05:45:39.602+0000] {dag.py:3954} INFO - Setting next_dagrun for stackoverflow_medallion_pipeline to 2026-05-12 00:00:00+00:00, run_after=2026-05-13 00:00:00+00:00
[2026-05-12T05:45:39.680+0000] {processor.py:183} INFO - Processing /opt/airflow/dags/stackoverflow_migration_dag.py took 0.812 seconds
[2026-05-12T05:46:10.192+0000] {processor.py:161} INFO - Started process (PID=309) to work on /opt/airflow/dags/stackoverflow_migration_dag.py
[2026-05-12T05:46:10.196+0000] {processor.py:830} INFO - Processing file /opt/airflow/dags/stackoverflow_migration_dag.py for tasks to queue
[2026-05-12T05:46:10.204+0000] {logging_mixin.py:188} INFO - [2026-05-12T05:46:10.203+0000] {dagbag.py:545} INFO - Filling up the DagBag from /opt/airflow/dags/stackoverflow_migration_dag.py
[2026-05-12T05:46:10.270+0000] {processor.py:840} INFO - DAG(s) 'stackoverflow_medallion_pipeline' retrieved from /opt/airflow/dags/stackoverflow_migration_dag.py
[2026-05-12T05:46:10.735+0000] {logging_mixin.py:188} INFO - [2026-05-12T05:46:10.735+0000] {dag.py:3096} INFO - Sync 1 DAGs
[2026-05-12T05:46:10.887+0000] {logging_mixin.py:188} INFO - [2026-05-12T05:46:10.886+0000] {dag.py:3954} INFO - Setting next_dagrun for stackoverflow_medallion_pipeline to 2026-05-12 00:00:00+00:00, run_after=2026-05-13 00:00:00+00:00
[2026-05-12T05:46:10.938+0000] {processor.py:183} INFO - Processing /opt/airflow/dags/stackoverflow_migration_dag.py took 0.769 seconds
[2026-05-12T05:46:41.564+0000] {processor.py:161} INFO - Started process (PID=314) to work on /opt/airflow/dags/stackoverflow_migration_dag.py
[2026-05-12T05:46:41.570+0000] {processor.py:830} INFO - Processing file /opt/airflow/dags/stackoverflow_migration_dag.py for tasks to queue
[2026-05-12T05:46:41.579+0000] {logging_mixin.py:188} INFO - [2026-05-12T05:46:41.578+0000] {dagbag.py:545} INFO - Filling up the DagBag from /opt/airflow/dags/stackoverflow_migration_dag.py
[2026-05-12T05:46:41.720+0000] {processor.py:840} INFO - DAG(s) 'stackoverflow_medallion_pipeline' retrieved from /opt/airflow/dags/stackoverflow_migration_dag.py
[2026-05-12T05:46:41.883+0000] {logging_mixin.py:188} INFO - [2026-05-12T05:46:41.882+0000] {dag.py:3096} INFO - Sync 1 DAGs
[2026-05-12T05:46:41.996+0000] {logging_mixin.py:188} INFO - [2026-05-12T05:46:41.996+0000] {dag.py:3954} INFO - Setting next_dagrun for stackoverflow_medallion_pipeline to 2026-05-12 00:00:00+00:00, run_after=2026-05-13 00:00:00+00:00
[2026-05-12T05:46:42.087+0000] {processor.py:183} INFO - Processing /opt/airflow/dags/stackoverflow_migration_dag.py took 0.555 seconds
[2026-05-12T05:47:12.608+0000] {processor.py:161} INFO - Started process (PID=319) to work on /opt/airflow/dags/stackoverflow_migration_dag.py
[2026-05-12T05:47:12.611+0000] {processor.py:830} INFO - Processing file /opt/airflow/dags/stackoverflow_migration_dag.py for tasks to queue
[2026-05-12T05:47:12.615+0000] {logging_mixin.py:188} INFO - [2026-05-12T05:47:12.614+0000] {dagbag.py:545} INFO - Filling up the DagBag from /opt/airflow/dags/stackoverflow_migration_dag.py
[2026-05-12T05:47:12.676+0000] {processor.py:840} INFO - DAG(s) 'stackoverflow_medallion_pipeline' retrieved from /opt/airflow/dags/stackoverflow_migration_dag.py
[2026-05-12T05:47:12.858+0000] {logging_mixin.py:188} INFO - [2026-05-12T05:47:12.857+0000] {dag.py:3096} INFO - Sync 1 DAGs
[2026-05-12T05:47:13.019+0000] {logging_mixin.py:188} INFO - [2026-05-12T05:47:13.019+0000] {dag.py:3954} INFO - Setting next_dagrun for stackoverflow_medallion_pipeline to 2026-05-12 00:00:00+00:00, run_after=2026-05-13 00:00:00+00:00
[2026-05-12T05:47:13.120+0000] {processor.py:183} INFO - Processing /opt/airflow/dags/stackoverflow_migration_dag.py took 0.553 seconds
[2026-05-12T05:47:43.584+0000] {processor.py:161} INFO - Started process (PID=324) to work on /opt/airflow/dags/stackoverflow_migration_dag.py
[2026-05-12T05:47:43.587+0000] {processor.py:830} INFO - Processing file /opt/airflow/dags/stackoverflow_migration_dag.py for tasks to queue
[2026-05-12T05:47:43.593+0000] {logging_mixin.py:188} INFO - [2026-05-12T05:47:43.592+0000] {dagbag.py:545} INFO - Filling up the DagBag from /opt/airflow/dags/stackoverflow_migration_dag.py
[2026-05-12T05:47:43.674+0000] {processor.py:840} INFO - DAG(s) 'stackoverflow_medallion_pipeline' retrieved from /opt/airflow/dags/stackoverflow_migration_dag.py
[2026-05-12T05:47:43.844+0000] {logging_mixin.py:188} INFO - [2026-05-12T05:47:43.843+0000] {dag.py:3096} INFO - Sync 1 DAGs
[2026-05-12T05:47:43.928+0000] {logging_mixin.py:188} INFO - [2026-05-12T05:47:43.928+0000] {dag.py:3954} INFO - Setting next_dagrun for stackoverflow_medallion_pipeline to 2026-05-12 00:00:00+00:00, run_after=2026-05-13 00:00:00+00:00
[2026-05-12T05:47:43.989+0000] {processor.py:183} INFO - Processing /opt/airflow/dags/stackoverflow_migration_dag.py took 0.423 seconds
[2026-05-12T05:48:14.445+0000] {processor.py:161} INFO - Started process (PID=329) to work on /opt/airflow/dags/stackoverflow_migration_dag.py
[2026-05-12T05:48:14.451+0000] {processor.py:830} INFO - Processing file /opt/airflow/dags/stackoverflow_migration_dag.py for tasks to queue
[2026-05-12T05:48:14.465+0000] {logging_mixin.py:188} INFO - [2026-05-12T05:48:14.462+0000] {dagbag.py:545} INFO - Filling up the DagBag from /opt/airflow/dags/stackoverflow_migration_dag.py
[2026-05-12T05:48:14.544+0000] {processor.py:840} INFO - DAG(s) 'stackoverflow_medallion_pipeline' retrieved from /opt/airflow/dags/stackoverflow_migration_dag.py
[2026-05-12T05:48:14.708+0000] {logging_mixin.py:188} INFO - [2026-05-12T05:48:14.707+0000] {dag.py:3096} INFO - Sync 1 DAGs
[2026-05-12T05:48:14.818+0000] {logging_mixin.py:188} INFO - [2026-05-12T05:48:14.818+0000] {dag.py:3954} INFO - Setting next_dagrun for stackoverflow_medallion_pipeline to 2026-05-12 00:00:00+00:00, run_after=2026-05-13 00:00:00+00:00
[2026-05-12T05:48:14.887+0000] {processor.py:183} INFO - Processing /opt/airflow/dags/stackoverflow_migration_dag.py took 0.471 seconds
[2026-05-12T05:48:45.207+0000] {processor.py:161} INFO - Started process (PID=334) to work on /opt/airflow/dags/stackoverflow_migration_dag.py
[2026-05-12T05:48:45.209+0000] {processor.py:830} INFO - Processing file /opt/airflow/dags/stackoverflow_migration_dag.py for tasks to queue
[2026-05-12T05:48:45.213+0000] {logging_mixin.py:188} INFO - [2026-05-12T05:48:45.212+0000] {dagbag.py:545} INFO - Filling up the DagBag from /opt/airflow/dags/stackoverflow_migration_dag.py
[2026-05-12T05:48:45.267+0000] {processor.py:840} INFO - DAG(s) 'stackoverflow_medallion_pipeline' retrieved from /opt/airflow/dags/stackoverflow_migration_dag.py
[2026-05-12T05:48:45.371+0000] {logging_mixin.py:188} INFO - [2026-05-12T05:48:45.371+0000] {dag.py:3096} INFO - Sync 1 DAGs
[2026-05-12T05:48:45.456+0000] {logging_mixin.py:188} INFO - [2026-05-12T05:48:45.455+0000] {dag.py:3954} INFO - Setting next_dagrun for stackoverflow_medallion_pipeline to 2026-05-12 00:00:00+00:00, run_after=2026-05-13 00:00:00+00:00
[2026-05-12T05:48:45.534+0000] {processor.py:183} INFO - Processing /opt/airflow/dags/stackoverflow_migration_dag.py took 0.341 seconds
[2026-05-12T05:49:15.815+0000] {processor.py:161} INFO - Started process (PID=339) to work on /opt/airflow/dags/stackoverflow_migration_dag.py
[2026-05-12T05:49:15.817+0000] {processor.py:830} INFO - Processing file /opt/airflow/dags/stackoverflow_migration_dag.py for tasks to queue
[2026-05-12T05:49:15.820+0000] {logging_mixin.py:188} INFO - [2026-05-12T05:49:15.819+0000] {dagbag.py:545} INFO - Filling up the DagBag from /opt/airflow/dags/stackoverflow_migration_dag.py
[2026-05-12T05:49:15.863+0000] {processor.py:840} INFO - DAG(s) 'stackoverflow_medallion_pipeline' retrieved from /opt/airflow/dags/stackoverflow_migration_dag.py
[2026-05-12T05:49:15.950+0000] {logging_mixin.py:188} INFO - [2026-05-12T05:49:15.950+0000] {dag.py:3096} INFO - Sync 1 DAGs
[2026-05-12T05:49:15.999+0000] {logging_mixin.py:188} INFO - [2026-05-12T05:49:15.998+0000] {dag.py:3954} INFO - Setting next_dagrun for stackoverflow_medallion_pipeline to 2026-05-12 00:00:00+00:00, run_after=2026-05-13 00:00:00+00:00
[2026-05-12T05:49:16.088+0000] {processor.py:183} INFO - Processing /opt/airflow/dags/stackoverflow_migration_dag.py took 0.282 seconds
[2026-05-12T05:49:46.321+0000] {processor.py:161} INFO - Started process (PID=344) to work on /opt/airflow/dags/stackoverflow_migration_dag.py
[2026-05-12T05:49:46.323+0000] {processor.py:830} INFO - Processing file /opt/airflow/dags/stackoverflow_migration_dag.py for tasks to queue
[2026-05-12T05:49:46.325+0000] {logging_mixin.py:188} INFO - [2026-05-12T05:49:46.325+0000] {dagbag.py:545} INFO - Filling up the DagBag from /opt/airflow/dags/stackoverflow_migration_dag.py
[2026-05-12T05:49:46.356+0000] {processor.py:840} INFO - DAG(s) 'stackoverflow_medallion_pipeline' retrieved from /opt/airflow/dags/stackoverflow_migration_dag.py
[2026-05-12T05:49:46.424+0000] {logging_mixin.py:188} INFO - [2026-05-12T05:49:46.423+0000] {dag.py:3096} INFO - Sync 1 DAGs
[2026-05-12T05:49:46.471+0000] {logging_mixin.py:188} INFO - [2026-05-12T05:49:46.471+0000] {dag.py:3954} INFO - Setting next_dagrun for stackoverflow_medallion_pipeline to 2026-05-12 00:00:00+00:00, run_after=2026-05-13 00:00:00+00:00
[2026-05-12T05:49:46.511+0000] {processor.py:183} INFO - Processing /opt/airflow/dags/stackoverflow_migration_dag.py took 0.197 seconds
[2026-05-12T05:50:16.737+0000] {processor.py:161} INFO - Started process (PID=349) to work on /opt/airflow/dags/stackoverflow_migration_dag.py
[2026-05-12T05:50:16.739+0000] {processor.py:830} INFO - Processing file /opt/airflow/dags/stackoverflow_migration_dag.py for tasks to queue
[2026-05-12T05:50:16.741+0000] {logging_mixin.py:188} INFO - [2026-05-12T05:50:16.741+0000] {dagbag.py:545} INFO - Filling up the DagBag from /opt/airflow/dags/stackoverflow_migration_dag.py
[2026-05-12T05:50:16.779+0000] {processor.py:840} INFO - DAG(s) 'stackoverflow_medallion_pipeline' retrieved from /opt/airflow/dags/stackoverflow_migration_dag.py
[2026-05-12T05:50:16.857+0000] {logging_mixin.py:188} INFO - [2026-05-12T05:50:16.856+0000] {dag.py:3096} INFO - Sync 1 DAGs
[2026-05-12T05:50:16.911+0000] {logging_mixin.py:188} INFO - [2026-05-12T05:50:16.911+0000] {dag.py:3954} INFO - Setting next_dagrun for stackoverflow_medallion_pipeline to 2026-05-12 00:00:00+00:00, run_after=2026-05-13 00:00:00+00:00
[2026-05-12T05:50:16.957+0000] {processor.py:183} INFO - Processing /opt/airflow/dags/stackoverflow_migration_dag.py took 0.227 seconds
[2026-05-12T05:50:47.171+0000] {processor.py:161} INFO - Started process (PID=354) to work on /opt/airflow/dags/stackoverflow_migration_dag.py
[2026-05-12T05:50:47.172+0000] {processor.py:830} INFO - Processing file /opt/airflow/dags/stackoverflow_migration_dag.py for tasks to queue
[2026-05-12T05:50:47.175+0000] {logging_mixin.py:188} INFO - [2026-05-12T05:50:47.174+0000] {dagbag.py:545} INFO - Filling up the DagBag from /opt/airflow/dags/stackoverflow_migration_dag.py
[2026-05-12T05:50:47.209+0000] {processor.py:840} INFO - DAG(s) 'stackoverflow_medallion_pipeline' retrieved from /opt/airflow/dags/stackoverflow_migration_dag.py
[2026-05-12T05:50:47.280+0000] {logging_mixin.py:188} INFO - [2026-05-12T05:50:47.279+0000] {dag.py:3096} INFO - Sync 1 DAGs
[2026-05-12T05:50:47.330+0000] {logging_mixin.py:188} INFO - [2026-05-12T05:50:47.329+0000] {dag.py:3954} INFO - Setting next_dagrun for stackoverflow_medallion_pipeline to 2026-05-12 00:00:00+00:00, run_after=2026-05-13 00:00:00+00:00
[2026-05-12T05:50:47.368+0000] {processor.py:183} INFO - Processing /opt/airflow/dags/stackoverflow_migration_dag.py took 0.204 seconds
[2026-05-12T05:51:17.575+0000] {processor.py:161} INFO - Started process (PID=359) to work on /opt/airflow/dags/stackoverflow_migration_dag.py
[2026-05-12T05:51:17.577+0000] {processor.py:830} INFO - Processing file /opt/airflow/dags/stackoverflow_migration_dag.py for tasks to queue
[2026-05-12T05:51:17.580+0000] {logging_mixin.py:188} INFO - [2026-05-12T05:51:17.579+0000] {dagbag.py:545} INFO - Filling up the DagBag from /opt/airflow/dags/stackoverflow_migration_dag.py
[2026-05-12T05:51:17.619+0000] {processor.py:840} INFO - DAG(s) 'stackoverflow_medallion_pipeline' retrieved from /opt/airflow/dags/stackoverflow_migration_dag.py
[2026-05-12T05:51:17.702+0000] {logging_mixin.py:188} INFO - [2026-05-12T05:51:17.701+0000] {dag.py:3096} INFO - Sync 1 DAGs
[2026-05-12T05:51:17.757+0000] {logging_mixin.py:188} INFO - [2026-05-12T05:51:17.756+0000] {dag.py:3954} INFO - Setting next_dagrun for stackoverflow_medallion_pipeline to 2026-05-12 00:00:00+00:00, run_after=2026-05-13 00:00:00+00:00
[2026-05-12T05:51:17.801+0000] {processor.py:183} INFO - Processing /opt/airflow/dags/stackoverflow_migration_dag.py took 0.232 seconds
[2026-05-12T05:51:48.036+0000] {processor.py:161} INFO - Started process (PID=364) to work on /opt/airflow/dags/stackoverflow_migration_dag.py
[2026-05-12T05:51:48.038+0000] {processor.py:830} INFO - Processing file /opt/airflow/dags/stackoverflow_migration_dag.py for tasks to queue
[2026-05-12T05:51:48.041+0000] {logging_mixin.py:188} INFO - [2026-05-12T05:51:48.040+0000] {dagbag.py:545} INFO - Filling up the DagBag from /opt/airflow/dags/stackoverflow_migration_dag.py
[2026-05-12T05:51:48.075+0000] {processor.py:840} INFO - DAG(s) 'stackoverflow_medallion_pipeline' retrieved from /opt/airflow/dags/stackoverflow_migration_dag.py
[2026-05-12T05:51:48.153+0000] {logging_mixin.py:188} INFO - [2026-05-12T05:51:48.153+0000] {dag.py:3096} INFO - Sync 1 DAGs
[2026-05-12T05:51:48.204+0000] {logging_mixin.py:188} INFO - [2026-05-12T05:51:48.204+0000] {dag.py:3954} INFO - Setting next_dagrun for stackoverflow_medallion_pipeline to 2026-05-12 00:00:00+00:00, run_after=2026-05-13 00:00:00+00:00
[2026-05-12T05:51:48.254+0000] {processor.py:183} INFO - Processing /opt/airflow/dags/stackoverflow_migration_dag.py took 0.225 seconds
[2026-05-12T05:52:18.509+0000] {processor.py:161} INFO - Started process (PID=369) to work on /opt/airflow/dags/stackoverflow_migration_dag.py
[2026-05-12T05:52:18.510+0000] {processor.py:830} INFO - Processing file /opt/airflow/dags/stackoverflow_migration_dag.py for tasks to queue
[2026-05-12T05:52:18.513+0000] {logging_mixin.py:188} INFO - [2026-05-12T05:52:18.512+0000] {dagbag.py:545} INFO - Filling up the DagBag from /opt/airflow/dags/stackoverflow_migration_dag.py
[2026-05-12T05:52:18.547+0000] {processor.py:840} INFO - DAG(s) 'stackoverflow_medallion_pipeline' retrieved from /opt/airflow/dags/stackoverflow_migration_dag.py
[2026-05-12T05:52:18.622+0000] {logging_mixin.py:188} INFO - [2026-05-12T05:52:18.622+0000] {dag.py:3096} INFO - Sync 1 DAGs
[2026-05-12T05:52:18.674+0000] {logging_mixin.py:188} INFO - [2026-05-12T05:52:18.674+0000] {dag.py:3954} INFO - Setting next_dagrun for stackoverflow_medallion_pipeline to 2026-05-12 00:00:00+00:00, run_after=2026-05-13 00:00:00+00:00
[2026-05-12T05:52:18.717+0000] {processor.py:183} INFO - Processing /opt/airflow/dags/stackoverflow_migration_dag.py took 0.215 seconds
[2026-05-12T05:52:48.802+0000] {processor.py:161} INFO - Started process (PID=374) to work on /opt/airflow/dags/stackoverflow_migration_dag.py
[2026-05-12T05:52:48.805+0000] {processor.py:830} INFO - Processing file /opt/airflow/dags/stackoverflow_migration_dag.py for tasks to queue
[2026-05-12T05:52:48.811+0000] {logging_mixin.py:188} INFO - [2026-05-12T05:52:48.810+0000] {dagbag.py:545} INFO - Filling up the DagBag from /opt/airflow/dags/stackoverflow_migration_dag.py
[2026-05-12T05:52:48.857+0000] {processor.py:840} INFO - DAG(s) 'stackoverflow_medallion_pipeline' retrieved from /opt/airflow/dags/stackoverflow_migration_dag.py
[2026-05-12T05:52:48.948+0000] {logging_mixin.py:188} INFO - [2026-05-12T05:52:48.947+0000] {dag.py:3096} INFO - Sync 1 DAGs
[2026-05-12T05:52:49.028+0000] {logging_mixin.py:188} INFO - [2026-05-12T05:52:49.027+0000] {dag.py:3954} INFO - Setting next_dagrun for stackoverflow_medallion_pipeline to 2026-05-12 00:00:00+00:00, run_after=2026-05-13 00:00:00+00:00
[2026-05-12T05:52:49.092+0000] {processor.py:183} INFO - Processing /opt/airflow/dags/stackoverflow_migration_dag.py took 0.304 seconds
[2026-05-12T05:53:19.330+0000] {processor.py:161} INFO - Started process (PID=379) to work on /opt/airflow/dags/stackoverflow_migration_dag.py
[2026-05-12T05:53:19.332+0000] {processor.py:830} INFO - Processing file /opt/airflow/dags/stackoverflow_migration_dag.py for tasks to queue
[2026-05-12T05:53:19.335+0000] {logging_mixin.py:188} INFO - [2026-05-12T05:53:19.335+0000] {dagbag.py:545} INFO - Filling up the DagBag from /opt/airflow/dags/stackoverflow_migration_dag.py
[2026-05-12T05:53:19.374+0000] {processor.py:840} INFO - DAG(s) 'stackoverflow_medallion_pipeline' retrieved from /opt/airflow/dags/stackoverflow_migration_dag.py
[2026-05-12T05:53:19.454+0000] {logging_mixin.py:188} INFO - [2026-05-12T05:53:19.454+0000] {dag.py:3096} INFO - Sync 1 DAGs
[2026-05-12T05:53:19.517+0000] {logging_mixin.py:188} INFO - [2026-05-12T05:53:19.517+0000] {dag.py:3954} INFO - Setting next_dagrun for stackoverflow_medallion_pipeline to 2026-05-12 00:00:00+00:00, run_after=2026-05-13 00:00:00+00:00
[2026-05-12T05:53:19.566+0000] {processor.py:183} INFO - Processing /opt/airflow/dags/stackoverflow_migration_dag.py took 0.244 seconds
[2026-05-12T05:53:49.867+0000] {processor.py:161} INFO - Started process (PID=384) to work on /opt/airflow/dags/stackoverflow_migration_dag.py
[2026-05-12T05:53:49.871+0000] {processor.py:830} INFO - Processing file /opt/airflow/dags/stackoverflow_migration_dag.py for tasks to queue
[2026-05-12T05:53:49.876+0000] {logging_mixin.py:188} INFO - [2026-05-12T05:53:49.875+0000] {dagbag.py:545} INFO - Filling up the DagBag from /opt/airflow/dags/stackoverflow_migration_dag.py
[2026-05-12T05:53:49.958+0000] {processor.py:840} INFO - DAG(s) 'stackoverflow_medallion_pipeline' retrieved from /opt/airflow/dags/stackoverflow_migration_dag.py
[2026-05-12T05:53:50.089+0000] {logging_mixin.py:188} INFO - [2026-05-12T05:53:50.089+0000] {dag.py:3096} INFO - Sync 1 DAGs
[2026-05-12T05:53:50.178+0000] {logging_mixin.py:188} INFO - [2026-05-12T05:53:50.177+0000] {dag.py:3954} INFO - Setting next_dagrun for stackoverflow_medallion_pipeline to 2026-05-12 00:00:00+00:00, run_after=2026-05-13 00:00:00+00:00
[2026-05-12T05:53:50.276+0000] {processor.py:183} INFO - Processing /opt/airflow/dags/stackoverflow_migration_dag.py took 0.433 seconds
[2026-05-12T05:54:20.561+0000] {processor.py:161} INFO - Started process (PID=389) to work on /opt/airflow/dags/stackoverflow_migration_dag.py
[2026-05-12T05:54:20.563+0000] {processor.py:830} INFO - Processing file /opt/airflow/dags/stackoverflow_migration_dag.py for tasks to queue
[2026-05-12T05:54:20.566+0000] {logging_mixin.py:188} INFO - [2026-05-12T05:54:20.566+0000] {dagbag.py:545} INFO - Filling up the DagBag from /opt/airflow/dags/stackoverflow_migration_dag.py
[2026-05-12T05:54:20.610+0000] {processor.py:840} INFO - DAG(s) 'stackoverflow_medallion_pipeline' retrieved from /opt/airflow/dags/stackoverflow_migration_dag.py
[2026-05-12T05:54:20.711+0000] {logging_mixin.py:188} INFO - [2026-05-12T05:54:20.711+0000] {dag.py:3096} INFO - Sync 1 DAGs
[2026-05-12T05:54:20.775+0000] {logging_mixin.py:188} INFO - [2026-05-12T05:54:20.775+0000] {dag.py:3954} INFO - Setting next_dagrun for stackoverflow_medallion_pipeline to 2026-05-12 00:00:00+00:00, run_after=2026-05-13 00:00:00+00:00
[2026-05-12T05:54:20.827+0000] {processor.py:183} INFO - Processing /opt/airflow/dags/stackoverflow_migration_dag.py took 0.276 seconds
[2026-05-12T05:54:51.050+0000] {processor.py:161} INFO - Started process (PID=394) to work on /opt/airflow/dags/stackoverflow_migration_dag.py
[2026-05-12T05:54:51.052+0000] {processor.py:830} INFO - Processing file /opt/airflow/dags/stackoverflow_migration_dag.py for tasks to queue
[2026-05-12T05:54:51.055+0000] {logging_mixin.py:188} INFO - [2026-05-12T05:54:51.054+0000] {dagbag.py:545} INFO - Filling up the DagBag from /opt/airflow/dags/stackoverflow_migration_dag.py
[2026-05-12T05:54:51.100+0000] {processor.py:840} INFO - DAG(s) 'stackoverflow_medallion_pipeline' retrieved from /opt/airflow/dags/stackoverflow_migration_dag.py
[2026-05-12T05:54:51.196+0000] {logging_mixin.py:188} INFO - [2026-05-12T05:54:51.195+0000] {dag.py:3096} INFO - Sync 1 DAGs
[2026-05-12T05:54:51.267+0000] {logging_mixin.py:188} INFO - [2026-05-12T05:54:51.266+0000] {dag.py:3954} INFO - Setting next_dagrun for stackoverflow_medallion_pipeline to 2026-05-12 00:00:00+00:00, run_after=2026-05-13 00:00:00+00:00
[2026-05-12T05:54:51.324+0000] {processor.py:183} INFO - Processing /opt/airflow/dags/stackoverflow_migration_dag.py took 0.282 seconds
[2026-05-12T05:55:21.570+0000] {processor.py:161} INFO - Started process (PID=399) to work on /opt/airflow/dags/stackoverflow_migration_dag.py
[2026-05-12T05:55:21.573+0000] {processor.py:830} INFO - Processing file /opt/airflow/dags/stackoverflow_migration_dag.py for tasks to queue
[2026-05-12T05:55:21.577+0000] {logging_mixin.py:188} INFO - [2026-05-12T05:55:21.576+0000] {dagbag.py:545} INFO - Filling up the DagBag from /opt/airflow/dags/stackoverflow_migration_dag.py
[2026-05-12T05:55:21.625+0000] {processor.py:840} INFO - DAG(s) 'stackoverflow_medallion_pipeline' retrieved from /opt/airflow/dags/stackoverflow_migration_dag.py
[2026-05-12T05:55:21.723+0000] {logging_mixin.py:188} INFO - [2026-05-12T05:55:21.722+0000] {dag.py:3096} INFO - Sync 1 DAGs
[2026-05-12T05:55:21.791+0000] {logging_mixin.py:188} INFO - [2026-05-12T05:55:21.791+0000] {dag.py:3954} INFO - Setting next_dagrun for stackoverflow_medallion_pipeline to 2026-05-12 00:00:00+00:00, run_after=2026-05-13 00:00:00+00:00
[2026-05-12T05:55:21.843+0000] {processor.py:183} INFO - Processing /opt/airflow/dags/stackoverflow_migration_dag.py took 0.283 seconds
[2026-05-12T05:55:52.176+0000] {processor.py:161} INFO - Started process (PID=404) to work on /opt/airflow/dags/stackoverflow_migration_dag.py
[2026-05-12T05:55:52.178+0000] {processor.py:830} INFO - Processing file /opt/airflow/dags/stackoverflow_migration_dag.py for tasks to queue
[2026-05-12T05:55:52.183+0000] {logging_mixin.py:188} INFO - [2026-05-12T05:55:52.182+0000] {dagbag.py:545} INFO - Filling up the DagBag from /opt/airflow/dags/stackoverflow_migration_dag.py
[2026-05-12T05:55:52.240+0000] {processor.py:840} INFO - DAG(s) 'stackoverflow_medallion_pipeline' retrieved from /opt/airflow/dags/stackoverflow_migration_dag.py
[2026-05-12T05:55:52.359+0000] {logging_mixin.py:188} INFO - [2026-05-12T05:55:52.358+0000] {dag.py:3096} INFO - Sync 1 DAGs
[2026-05-12T05:55:52.438+0000] {logging_mixin.py:188} INFO - [2026-05-12T05:55:52.438+0000] {dag.py:3954} INFO - Setting next_dagrun for stackoverflow_medallion_pipeline to 2026-05-12 00:00:00+00:00, run_after=2026-05-13 00:00:00+00:00
[2026-05-12T05:55:52.518+0000] {processor.py:183} INFO - Processing /opt/airflow/dags/stackoverflow_migration_dag.py took 0.354 seconds
[2026-05-12T05:56:22.790+0000] {processor.py:161} INFO - Started process (PID=409) to work on /opt/airflow/dags/stackoverflow_migration_dag.py
[2026-05-12T05:56:22.793+0000] {processor.py:830} INFO - Processing file /opt/airflow/dags/stackoverflow_migration_dag.py for tasks to queue
[2026-05-12T05:56:22.797+0000] {logging_mixin.py:188} INFO - [2026-05-12T05:56:22.797+0000] {dagbag.py:545} INFO - Filling up the DagBag from /opt/airflow/dags/stackoverflow_migration_dag.py
[2026-05-12T05:56:22.852+0000] {processor.py:840} INFO - DAG(s) 'stackoverflow_medallion_pipeline' retrieved from /opt/airflow/dags/stackoverflow_migration_dag.py
[2026-05-12T05:56:22.956+0000] {logging_mixin.py:188} INFO - [2026-05-12T05:56:22.956+0000] {dag.py:3096} INFO - Sync 1 DAGs
[2026-05-12T05:56:23.028+0000] {logging_mixin.py:188} INFO - [2026-05-12T05:56:23.028+0000] {dag.py:3954} INFO - Setting next_dagrun for stackoverflow_medallion_pipeline to 2026-05-12 00:00:00+00:00, run_after=2026-05-13 00:00:00+00:00
[2026-05-12T05:56:23.093+0000] {processor.py:183} INFO - Processing /opt/airflow/dags/stackoverflow_migration_dag.py took 0.316 seconds
[2026-05-12T05:56:53.355+0000] {processor.py:161} INFO - Started process (PID=414) to work on /opt/airflow/dags/stackoverflow_migration_dag.py
[2026-05-12T05:56:53.358+0000] {processor.py:830} INFO - Processing file /opt/airflow/dags/stackoverflow_migration_dag.py for tasks to queue
[2026-05-12T05:56:53.364+0000] {logging_mixin.py:188} INFO - [2026-05-12T05:56:53.363+0000] {dagbag.py:545} INFO - Filling up the DagBag from /opt/airflow/dags/stackoverflow_migration_dag.py
[2026-05-12T05:56:53.426+0000] {processor.py:840} INFO - DAG(s) 'stackoverflow_medallion_pipeline' retrieved from /opt/airflow/dags/stackoverflow_migration_dag.py
[2026-05-12T05:56:53.522+0000] {logging_mixin.py:188} INFO - [2026-05-12T05:56:53.521+0000] {dag.py:3096} INFO - Sync 1 DAGs
[2026-05-12T05:56:53.591+0000] {logging_mixin.py:188} INFO - [2026-05-12T05:56:53.591+0000] {dag.py:3954} INFO - Setting next_dagrun for stackoverflow_medallion_pipeline to 2026-05-12 00:00:00+00:00, run_after=2026-05-13 00:00:00+00:00
[2026-05-12T05:56:53.650+0000] {processor.py:183} INFO - Processing /opt/airflow/dags/stackoverflow_migration_dag.py took 0.312 seconds
[2026-05-12T05:57:23.930+0000] {processor.py:161} INFO - Started process (PID=419) to work on /opt/airflow/dags/stackoverflow_migration_dag.py
[2026-05-12T05:57:23.931+0000] {processor.py:830} INFO - Processing file /opt/airflow/dags/stackoverflow_migration_dag.py for tasks to queue
[2026-05-12T05:57:23.935+0000] {logging_mixin.py:188} INFO - [2026-05-12T05:57:23.934+0000] {dagbag.py:545} INFO - Filling up the DagBag from /opt/airflow/dags/stackoverflow_migration_dag.py
[2026-05-12T05:57:23.982+0000] {processor.py:840} INFO - DAG(s) 'stackoverflow_medallion_pipeline' retrieved from /opt/airflow/dags/stackoverflow_migration_dag.py
[2026-05-12T05:57:24.071+0000] {logging_mixin.py:188} INFO - [2026-05-12T05:57:24.071+0000] {dag.py:3096} INFO - Sync 1 DAGs
[2026-05-12T05:57:24.132+0000] {logging_mixin.py:188} INFO - [2026-05-12T05:57:24.131+0000] {dag.py:3954} INFO - Setting next_dagrun for stackoverflow_medallion_pipeline to 2026-05-12 00:00:00+00:00, run_after=2026-05-13 00:00:00+00:00
[2026-05-12T05:57:24.207+0000] {processor.py:183} INFO - Processing /opt/airflow/dags/stackoverflow_migration_dag.py took 0.285 seconds
[2026-05-12T05:57:54.447+0000] {processor.py:161} INFO - Started process (PID=424) to work on /opt/airflow/dags/stackoverflow_migration_dag.py
[2026-05-12T05:57:54.449+0000] {processor.py:830} INFO - Processing file /opt/airflow/dags/stackoverflow_migration_dag.py for tasks to queue
[2026-05-12T05:57:54.452+0000] {logging_mixin.py:188} INFO - [2026-05-12T05:57:54.451+0000] {dagbag.py:545} INFO - Filling up the DagBag from /opt/airflow/dags/stackoverflow_migration_dag.py
[2026-05-12T05:57:54.490+0000] {processor.py:840} INFO - DAG(s) 'stackoverflow_medallion_pipeline' retrieved from /opt/airflow/dags/stackoverflow_migration_dag.py
[2026-05-12T05:57:54.573+0000] {logging_mixin.py:188} INFO - [2026-05-12T05:57:54.573+0000] {dag.py:3096} INFO - Sync 1 DAGs
[2026-05-12T05:57:54.632+0000] {logging_mixin.py:188} INFO - [2026-05-12T05:57:54.632+0000] {dag.py:3954} INFO - Setting next_dagrun for stackoverflow_medallion_pipeline to 2026-05-12 00:00:00+00:00, run_after=2026-05-13 00:00:00+00:00
[2026-05-12T05:57:54.683+0000] {processor.py:183} INFO - Processing /opt/airflow/dags/stackoverflow_migration_dag.py took 0.243 seconds
[2026-05-12T05:58:24.917+0000] {processor.py:161} INFO - Started process (PID=429) to work on /opt/airflow/dags/stackoverflow_migration_dag.py
[2026-05-12T05:58:24.919+0000] {processor.py:830} INFO - Processing file /opt/airflow/dags/stackoverflow_migration_dag.py for tasks to queue
[2026-05-12T05:58:24.922+0000] {logging_mixin.py:188} INFO - [2026-05-12T05:58:24.921+0000] {dagbag.py:545} INFO - Filling up the DagBag from /opt/airflow/dags/stackoverflow_migration_dag.py
[2026-05-12T05:58:24.967+0000] {processor.py:840} INFO - DAG(s) 'stackoverflow_medallion_pipeline' retrieved from /opt/airflow/dags/stackoverflow_migration_dag.py
[2026-05-12T05:58:25.063+0000] {logging_mixin.py:188} INFO - [2026-05-12T05:58:25.063+0000] {dag.py:3096} INFO - Sync 1 DAGs
[2026-05-12T05:58:25.132+0000] {logging_mixin.py:188} INFO - [2026-05-12T05:58:25.132+0000] {dag.py:3954} INFO - Setting next_dagrun for stackoverflow_medallion_pipeline to 2026-05-12 00:00:00+00:00, run_after=2026-05-13 00:00:00+00:00
[2026-05-12T05:58:25.185+0000] {processor.py:183} INFO - Processing /opt/airflow/dags/stackoverflow_migration_dag.py took 0.277 seconds
[2026-05-12T05:58:55.433+0000] {processor.py:161} INFO - Started process (PID=434) to work on /opt/airflow/dags/stackoverflow_migration_dag.py
[2026-05-12T05:58:55.435+0000] {processor.py:830} INFO - Processing file /opt/airflow/dags/stackoverflow_migration_dag.py for tasks to queue
[2026-05-12T05:58:55.438+0000] {logging_mixin.py:188} INFO - [2026-05-12T05:58:55.437+0000] {dagbag.py:545} INFO - Filling up the DagBag from /opt/airflow/dags/stackoverflow_migration_dag.py
[2026-05-12T05:58:55.479+0000] {processor.py:840} INFO - DAG(s) 'stackoverflow_medallion_pipeline' retrieved from /opt/airflow/dags/stackoverflow_migration_dag.py
[2026-05-12T05:58:55.592+0000] {logging_mixin.py:188} INFO - [2026-05-12T05:58:55.592+0000] {dag.py:3096} INFO - Sync 1 DAGs
[2026-05-12T05:58:55.659+0000] {logging_mixin.py:188} INFO - [2026-05-12T05:58:55.659+0000] {dag.py:3954} INFO - Setting next_dagrun for stackoverflow_medallion_pipeline to 2026-05-12 00:00:00+00:00, run_after=2026-05-13 00:00:00+00:00
[2026-05-12T05:58:55.710+0000] {processor.py:183} INFO - Processing /opt/airflow/dags/stackoverflow_migration_dag.py took 0.288 seconds
[2026-05-12T05:59:25.951+0000] {processor.py:161} INFO - Started process (PID=439) to work on /opt/airflow/dags/stackoverflow_migration_dag.py
[2026-05-12T05:59:25.953+0000] {processor.py:830} INFO - Processing file /opt/airflow/dags/stackoverflow_migration_dag.py for tasks to queue
[2026-05-12T05:59:25.955+0000] {logging_mixin.py:188} INFO - [2026-05-12T05:59:25.955+0000] {dagbag.py:545} INFO - Filling up the DagBag from /opt/airflow/dags/stackoverflow_migration_dag.py
[2026-05-12T05:59:25.995+0000] {processor.py:840} INFO - DAG(s) 'stackoverflow_medallion_pipeline' retrieved from /opt/airflow/dags/stackoverflow_migration_dag.py
[2026-05-12T05:59:26.094+0000] {logging_mixin.py:188} INFO - [2026-05-12T05:59:26.094+0000] {dag.py:3096} INFO - Sync 1 DAGs
[2026-05-12T05:59:26.170+0000] {logging_mixin.py:188} INFO - [2026-05-12T05:59:26.170+0000] {dag.py:3954} INFO - Setting next_dagrun for stackoverflow_medallion_pipeline to 2026-05-12 00:00:00+00:00, run_after=2026-05-13 00:00:00+00:00
[2026-05-12T05:59:26.240+0000] {processor.py:183} INFO - Processing /opt/airflow/dags/stackoverflow_migration_dag.py took 0.298 seconds
[2026-05-12T05:59:56.495+0000] {processor.py:161} INFO - Started process (PID=444) to work on /opt/airflow/dags/stackoverflow_migration_dag.py
[2026-05-12T05:59:56.497+0000] {processor.py:830} INFO - Processing file /opt/airflow/dags/stackoverflow_migration_dag.py for tasks to queue
[2026-05-12T05:59:56.500+0000] {logging_mixin.py:188} INFO - [2026-05-12T05:59:56.500+0000] {dagbag.py:545} INFO - Filling up the DagBag from /opt/airflow/dags/stackoverflow_migration_dag.py
[2026-05-12T05:59:56.551+0000] {processor.py:840} INFO - DAG(s) 'stackoverflow_medallion_pipeline' retrieved from /opt/airflow/dags/stackoverflow_migration_dag.py
[2026-05-12T05:59:56.653+0000] {logging_mixin.py:188} INFO - [2026-05-12T05:59:56.653+0000] {dag.py:3096} INFO - Sync 1 DAGs
[2026-05-12T05:59:56.721+0000] {logging_mixin.py:188} INFO - [2026-05-12T05:59:56.721+0000] {dag.py:3954} INFO - Setting next_dagrun for stackoverflow_medallion_pipeline to 2026-05-12 00:00:00+00:00, run_after=2026-05-13 00:00:00+00:00
[2026-05-12T05:59:56.770+0000] {processor.py:183} INFO - Processing /opt/airflow/dags/stackoverflow_migration_dag.py took 0.284 seconds
[2026-05-12T06:00:26.994+0000] {processor.py:161} INFO - Started process (PID=449) to work on /opt/airflow/dags/stackoverflow_migration_dag.py
[2026-05-12T06:00:26.996+0000] {processor.py:830} INFO - Processing file /opt/airflow/dags/stackoverflow_migration_dag.py for tasks to queue
[2026-05-12T06:00:26.999+0000] {logging_mixin.py:188} INFO - [2026-05-12T06:00:26.998+0000] {dagbag.py:545} INFO - Filling up the DagBag from /opt/airflow/dags/stackoverflow_migration_dag.py
[2026-05-12T06:00:27.038+0000] {processor.py:840} INFO - DAG(s) 'stackoverflow_medallion_pipeline' retrieved from /opt/airflow/dags/stackoverflow_migration_dag.py
[2026-05-12T06:00:27.120+0000] {logging_mixin.py:188} INFO - [2026-05-12T06:00:27.120+0000] {dag.py:3096} INFO - Sync 1 DAGs
[2026-05-12T06:00:27.183+0000] {logging_mixin.py:188} INFO - [2026-05-12T06:00:27.183+0000] {dag.py:3954} INFO - Setting next_dagrun for stackoverflow_medallion_pipeline to 2026-05-12 00:00:00+00:00, run_after=2026-05-13 00:00:00+00:00
[2026-05-12T06:00:27.251+0000] {processor.py:183} INFO - Processing /opt/airflow/dags/stackoverflow_migration_dag.py took 0.265 seconds
[2026-05-12T06:00:57.500+0000] {processor.py:161} INFO - Started process (PID=454) to work on /opt/airflow/dags/stackoverflow_migration_dag.py
[2026-05-12T06:00:57.501+0000] {processor.py:830} INFO - Processing file /opt/airflow/dags/stackoverflow_migration_dag.py for tasks to queue
[2026-05-12T06:00:57.504+0000] {logging_mixin.py:188} INFO - [2026-05-12T06:00:57.503+0000] {dagbag.py:545} INFO - Filling up the DagBag from /opt/airflow/dags/stackoverflow_migration_dag.py
[2026-05-12T06:00:57.543+0000] {processor.py:840} INFO - DAG(s) 'stackoverflow_medallion_pipeline' retrieved from /opt/airflow/dags/stackoverflow_migration_dag.py
[2026-05-12T06:00:57.618+0000] {logging_mixin.py:188} INFO - [2026-05-12T06:00:57.618+0000] {dag.py:3096} INFO - Sync 1 DAGs
[2026-05-12T06:00:57.673+0000] {logging_mixin.py:188} INFO - [2026-05-12T06:00:57.673+0000] {dag.py:3954} INFO - Setting next_dagrun for stackoverflow_medallion_pipeline to 2026-05-12 00:00:00+00:00, run_after=2026-05-13 00:00:00+00:00
[2026-05-12T06:00:57.720+0000] {processor.py:183} INFO - Processing /opt/airflow/dags/stackoverflow_migration_dag.py took 0.228 seconds
[2026-05-12T06:01:27.947+0000] {processor.py:161} INFO - Started process (PID=459) to work on /opt/airflow/dags/stackoverflow_migration_dag.py
[2026-05-12T06:01:28.074+0000] {processor.py:830} INFO - Processing file /opt/airflow/dags/stackoverflow_migration_dag.py for tasks to queue
[2026-05-12T06:01:28.077+0000] {logging_mixin.py:188} INFO - [2026-05-12T06:01:28.076+0000] {dagbag.py:545} INFO - Filling up the DagBag from /opt/airflow/dags/stackoverflow_migration_dag.py
[2026-05-12T06:01:28.113+0000] {processor.py:840} INFO - DAG(s) 'stackoverflow_medallion_pipeline' retrieved from /opt/airflow/dags/stackoverflow_migration_dag.py
[2026-05-12T06:01:28.200+0000] {logging_mixin.py:188} INFO - [2026-05-12T06:01:28.200+0000] {dag.py:3096} INFO - Sync 1 DAGs
[2026-05-12T06:01:28.259+0000] {logging_mixin.py:188} INFO - [2026-05-12T06:01:28.259+0000] {dag.py:3954} INFO - Setting next_dagrun for stackoverflow_medallion_pipeline to 2026-05-12 00:00:00+00:00, run_after=2026-05-13 00:00:00+00:00
[2026-05-12T06:01:28.307+0000] {processor.py:183} INFO - Processing /opt/airflow/dags/stackoverflow_migration_dag.py took 0.368 seconds
[2026-05-12T06:01:58.544+0000] {processor.py:161} INFO - Started process (PID=464) to work on /opt/airflow/dags/stackoverflow_migration_dag.py
[2026-05-12T06:01:58.546+0000] {processor.py:830} INFO - Processing file /opt/airflow/dags/stackoverflow_migration_dag.py for tasks to queue
[2026-05-12T06:01:58.548+0000] {logging_mixin.py:188} INFO - [2026-05-12T06:01:58.548+0000] {dagbag.py:545} INFO - Filling up the DagBag from /opt/airflow/dags/stackoverflow_migration_dag.py
[2026-05-12T06:01:58.581+0000] {processor.py:840} INFO - DAG(s) 'stackoverflow_medallion_pipeline' retrieved from /opt/airflow/dags/stackoverflow_migration_dag.py
[2026-05-12T06:01:58.660+0000] {logging_mixin.py:188} INFO - [2026-05-12T06:01:58.660+0000] {dag.py:3096} INFO - Sync 1 DAGs
[2026-05-12T06:01:58.717+0000] {logging_mixin.py:188} INFO - [2026-05-12T06:01:58.717+0000] {dag.py:3954} INFO - Setting next_dagrun for stackoverflow_medallion_pipeline to 2026-05-12 00:00:00+00:00, run_after=2026-05-13 00:00:00+00:00
[2026-05-12T06:01:58.760+0000] {processor.py:183} INFO - Processing /opt/airflow/dags/stackoverflow_migration_dag.py took 0.223 seconds
[2026-05-12T06:02:29.030+0000] {processor.py:161} INFO - Started process (PID=469) to work on /opt/airflow/dags/stackoverflow_migration_dag.py
[2026-05-12T06:02:29.031+0000] {processor.py:830} INFO - Processing file /opt/airflow/dags/stackoverflow_migration_dag.py for tasks to queue
[2026-05-12T06:02:29.033+0000] {logging_mixin.py:188} INFO - [2026-05-12T06:02:29.033+0000] {dagbag.py:545} INFO - Filling up the DagBag from /opt/airflow/dags/stackoverflow_migration_dag.py
[2026-05-12T06:02:29.066+0000] {processor.py:840} INFO - DAG(s) 'stackoverflow_medallion_pipeline' retrieved from /opt/airflow/dags/stackoverflow_migration_dag.py
[2026-05-12T06:02:29.131+0000] {logging_mixin.py:188} INFO - [2026-05-12T06:02:29.131+0000] {dag.py:3096} INFO - Sync 1 DAGs
[2026-05-12T06:02:29.177+0000] {logging_mixin.py:188} INFO - [2026-05-12T06:02:29.177+0000] {dag.py:3954} INFO - Setting next_dagrun for stackoverflow_medallion_pipeline to 2026-05-12 00:00:00+00:00, run_after=2026-05-13 00:00:00+00:00
[2026-05-12T06:02:29.215+0000] {processor.py:183} INFO - Processing /opt/airflow/dags/stackoverflow_migration_dag.py took 0.194 seconds
[2026-05-12T06:02:59.369+0000] {processor.py:161} INFO - Started process (PID=474) to work on /opt/airflow/dags/stackoverflow_migration_dag.py
[2026-05-12T06:02:59.371+0000] {processor.py:830} INFO - Processing file /opt/airflow/dags/stackoverflow_migration_dag.py for tasks to queue
[2026-05-12T06:02:59.373+0000] {logging_mixin.py:188} INFO - [2026-05-12T06:02:59.373+0000] {dagbag.py:545} INFO - Filling up the DagBag from /opt/airflow/dags/stackoverflow_migration_dag.py
[2026-05-12T06:02:59.403+0000] {processor.py:840} INFO - DAG(s) 'stackoverflow_medallion_pipeline' retrieved from /opt/airflow/dags/stackoverflow_migration_dag.py
[2026-05-12T06:02:59.469+0000] {logging_mixin.py:188} INFO - [2026-05-12T06:02:59.469+0000] {dag.py:3096} INFO - Sync 1 DAGs
[2026-05-12T06:02:59.516+0000] {logging_mixin.py:188} INFO - [2026-05-12T06:02:59.516+0000] {dag.py:3954} INFO - Setting next_dagrun for stackoverflow_medallion_pipeline to 2026-05-12 00:00:00+00:00, run_after=2026-05-13 00:00:00+00:00
[2026-05-12T06:02:59.555+0000] {processor.py:183} INFO - Processing /opt/airflow/dags/stackoverflow_migration_dag.py took 0.193 seconds
[2026-05-12T06:03:29.793+0000] {processor.py:161} INFO - Started process (PID=479) to work on /opt/airflow/dags/stackoverflow_migration_dag.py
[2026-05-12T06:03:29.795+0000] {processor.py:830} INFO - Processing file /opt/airflow/dags/stackoverflow_migration_dag.py for tasks to queue
[2026-05-12T06:03:29.799+0000] {logging_mixin.py:188} INFO - [2026-05-12T06:03:29.798+0000] {dagbag.py:545} INFO - Filling up the DagBag from /opt/airflow/dags/stackoverflow_migration_dag.py
[2026-05-12T06:03:29.837+0000] {processor.py:840} INFO - DAG(s) 'stackoverflow_medallion_pipeline' retrieved from /opt/airflow/dags/stackoverflow_migration_dag.py
[2026-05-12T06:03:29.907+0000] {logging_mixin.py:188} INFO - [2026-05-12T06:03:29.907+0000] {dag.py:3096} INFO - Sync 1 DAGs
[2026-05-12T06:03:29.954+0000] {logging_mixin.py:188} INFO - [2026-05-12T06:03:29.954+0000] {dag.py:3954} INFO - Setting next_dagrun for stackoverflow_medallion_pipeline to 2026-05-12 00:00:00+00:00, run_after=2026-05-13 00:00:00+00:00
[2026-05-12T06:03:29.994+0000] {processor.py:183} INFO - Processing /opt/airflow/dags/stackoverflow_migration_dag.py took 0.210 seconds
[2026-05-12T06:04:00.104+0000] {processor.py:161} INFO - Started process (PID=484) to work on /opt/airflow/dags/stackoverflow_migration_dag.py
[2026-05-12T06:04:00.106+0000] {processor.py:830} INFO - Processing file /opt/airflow/dags/stackoverflow_migration_dag.py for tasks to queue
[2026-05-12T06:04:00.109+0000] {logging_mixin.py:188} INFO - [2026-05-12T06:04:00.109+0000] {dagbag.py:545} INFO - Filling up the DagBag from /opt/airflow/dags/stackoverflow_migration_dag.py
[2026-05-12T06:04:00.147+0000] {processor.py:840} INFO - DAG(s) 'stackoverflow_medallion_pipeline' retrieved from /opt/airflow/dags/stackoverflow_migration_dag.py
[2026-05-12T06:04:00.221+0000] {logging_mixin.py:188} INFO - [2026-05-12T06:04:00.221+0000] {dag.py:3096} INFO - Sync 1 DAGs
[2026-05-12T06:04:00.270+0000] {logging_mixin.py:188} INFO - [2026-05-12T06:04:00.270+0000] {dag.py:3954} INFO - Setting next_dagrun for stackoverflow_medallion_pipeline to 2026-05-12 00:00:00+00:00, run_after=2026-05-13 00:00:00+00:00
[2026-05-12T06:04:00.309+0000] {processor.py:183} INFO - Processing /opt/airflow/dags/stackoverflow_migration_dag.py took 0.213 seconds
[2026-05-12T06:04:30.491+0000] {processor.py:161} INFO - Started process (PID=489) to work on /opt/airflow/dags/stackoverflow_migration_dag.py
[2026-05-12T06:04:30.492+0000] {processor.py:830} INFO - Processing file /opt/airflow/dags/stackoverflow_migration_dag.py for tasks to queue
[2026-05-12T06:04:30.494+0000] {logging_mixin.py:188} INFO - [2026-05-12T06:04:30.494+0000] {dagbag.py:545} INFO - Filling up the DagBag from /opt/airflow/dags/stackoverflow_migration_dag.py
[2026-05-12T06:04:30.525+0000] {processor.py:840} INFO - DAG(s) 'stackoverflow_medallion_pipeline' retrieved from /opt/airflow/dags/stackoverflow_migration_dag.py
[2026-05-12T06:04:30.593+0000] {logging_mixin.py:188} INFO - [2026-05-12T06:04:30.593+0000] {dag.py:3096} INFO - Sync 1 DAGs
[2026-05-12T06:04:30.641+0000] {logging_mixin.py:188} INFO - [2026-05-12T06:04:30.641+0000] {dag.py:3954} INFO - Setting next_dagrun for stackoverflow_medallion_pipeline to 2026-05-12 00:00:00+00:00, run_after=2026-05-13 00:00:00+00:00
[2026-05-12T06:04:30.680+0000] {processor.py:183} INFO - Processing /opt/airflow/dags/stackoverflow_migration_dag.py took 0.196 seconds
[2026-05-12T06:05:00.949+0000] {processor.py:161} INFO - Started process (PID=494) to work on /opt/airflow/dags/stackoverflow_migration_dag.py
[2026-05-12T06:05:00.951+0000] {processor.py:830} INFO - Processing file /opt/airflow/dags/stackoverflow_migration_dag.py for tasks to queue
[2026-05-12T06:05:00.953+0000] {logging_mixin.py:188} INFO - [2026-05-12T06:05:00.953+0000] {dagbag.py:545} INFO - Filling up the DagBag from /opt/airflow/dags/stackoverflow_migration_dag.py
[2026-05-12T06:05:00.981+0000] {processor.py:840} INFO - DAG(s) 'stackoverflow_medallion_pipeline' retrieved from /opt/airflow/dags/stackoverflow_migration_dag.py
[2026-05-12T06:05:01.053+0000] {logging_mixin.py:188} INFO - [2026-05-12T06:05:01.053+0000] {dag.py:3096} INFO - Sync 1 DAGs
[2026-05-12T06:05:01.099+0000] {logging_mixin.py:188} INFO - [2026-05-12T06:05:01.099+0000] {dag.py:3954} INFO - Setting next_dagrun for stackoverflow_medallion_pipeline to 2026-05-12 00:00:00+00:00, run_after=2026-05-13 00:00:00+00:00
[2026-05-12T06:05:01.138+0000] {processor.py:183} INFO - Processing /opt/airflow/dags/stackoverflow_migration_dag.py took 0.195 seconds
[2026-05-12T06:05:31.946+0000] {processor.py:161} INFO - Started process (PID=499) to work on /opt/airflow/dags/stackoverflow_migration_dag.py
[2026-05-12T06:05:31.947+0000] {processor.py:830} INFO - Processing file /opt/airflow/dags/stackoverflow_migration_dag.py for tasks to queue
[2026-05-12T06:05:31.951+0000] {logging_mixin.py:188} INFO - [2026-05-12T06:05:31.950+0000] {dagbag.py:545} INFO - Filling up the DagBag from /opt/airflow/dags/stackoverflow_migration_dag.py
[2026-05-12T06:05:31.995+0000] {processor.py:840} INFO - DAG(s) 'stackoverflow_medallion_pipeline' retrieved from /opt/airflow/dags/stackoverflow_migration_dag.py
[2026-05-12T06:05:32.083+0000] {logging_mixin.py:188} INFO - [2026-05-12T06:05:32.083+0000] {dag.py:3096} INFO - Sync 1 DAGs
[2026-05-12T06:05:32.146+0000] {logging_mixin.py:188} INFO - [2026-05-12T06:05:32.146+0000] {dag.py:3954} INFO - Setting next_dagrun for stackoverflow_medallion_pipeline to 2026-05-12 00:00:00+00:00, run_after=2026-05-13 00:00:00+00:00
[2026-05-12T06:05:32.195+0000] {processor.py:183} INFO - Processing /opt/airflow/dags/stackoverflow_migration_dag.py took 0.258 seconds
[2026-05-12T06:06:02.427+0000] {processor.py:161} INFO - Started process (PID=504) to work on /opt/airflow/dags/stackoverflow_migration_dag.py
[2026-05-12T06:06:02.428+0000] {processor.py:830} INFO - Processing file /opt/airflow/dags/stackoverflow_migration_dag.py for tasks to queue
[2026-05-12T06:06:02.432+0000] {logging_mixin.py:188} INFO - [2026-05-12T06:06:02.431+0000] {dagbag.py:545} INFO - Filling up the DagBag from /opt/airflow/dags/stackoverflow_migration_dag.py
[2026-05-12T06:06:02.475+0000] {processor.py:840} INFO - DAG(s) 'stackoverflow_medallion_pipeline' retrieved from /opt/airflow/dags/stackoverflow_migration_dag.py
[2026-05-12T06:06:02.569+0000] {logging_mixin.py:188} INFO - [2026-05-12T06:06:02.568+0000] {dag.py:3096} INFO - Sync 1 DAGs
[2026-05-12T06:06:02.630+0000] {logging_mixin.py:188} INFO - [2026-05-12T06:06:02.630+0000] {dag.py:3954} INFO - Setting next_dagrun for stackoverflow_medallion_pipeline to 2026-05-12 00:00:00+00:00, run_after=2026-05-13 00:00:00+00:00
[2026-05-12T06:06:02.682+0000] {processor.py:183} INFO - Processing /opt/airflow/dags/stackoverflow_migration_dag.py took 0.264 seconds
[2026-05-12T06:06:32.794+0000] {processor.py:161} INFO - Started process (PID=509) to work on /opt/airflow/dags/stackoverflow_migration_dag.py
[2026-05-12T06:06:32.796+0000] {processor.py:830} INFO - Processing file /opt/airflow/dags/stackoverflow_migration_dag.py for tasks to queue
[2026-05-12T06:06:32.799+0000] {logging_mixin.py:188} INFO - [2026-05-12T06:06:32.798+0000] {dagbag.py:545} INFO - Filling up the DagBag from /opt/airflow/dags/stackoverflow_migration_dag.py
[2026-05-12T06:06:32.838+0000] {processor.py:840} INFO - DAG(s) 'stackoverflow_medallion_pipeline' retrieved from /opt/airflow/dags/stackoverflow_migration_dag.py
[2026-05-12T06:06:32.922+0000] {logging_mixin.py:188} INFO - [2026-05-12T06:06:32.922+0000] {dag.py:3096} INFO - Sync 1 DAGs
[2026-05-12T06:06:32.977+0000] {logging_mixin.py:188} INFO - [2026-05-12T06:06:32.977+0000] {dag.py:3954} INFO - Setting next_dagrun for stackoverflow_medallion_pipeline to 2026-05-12 00:00:00+00:00, run_after=2026-05-13 00:00:00+00:00
[2026-05-12T06:06:33.027+0000] {processor.py:183} INFO - Processing /opt/airflow/dags/stackoverflow_migration_dag.py took 0.242 seconds
[2026-05-12T06:07:03.110+0000] {processor.py:161} INFO - Started process (PID=514) to work on /opt/airflow/dags/stackoverflow_migration_dag.py
[2026-05-12T06:07:03.112+0000] {processor.py:830} INFO - Processing file /opt/airflow/dags/stackoverflow_migration_dag.py for tasks to queue
[2026-05-12T06:07:03.115+0000] {logging_mixin.py:188} INFO - [2026-05-12T06:07:03.115+0000] {dagbag.py:545} INFO - Filling up the DagBag from /opt/airflow/dags/stackoverflow_migration_dag.py
[2026-05-12T06:07:03.152+0000] {processor.py:840} INFO - DAG(s) 'stackoverflow_medallion_pipeline' retrieved from /opt/airflow/dags/stackoverflow_migration_dag.py
[2026-05-12T06:07:03.235+0000] {logging_mixin.py:188} INFO - [2026-05-12T06:07:03.235+0000] {dag.py:3096} INFO - Sync 1 DAGs
[2026-05-12T06:07:03.299+0000] {logging_mixin.py:188} INFO - [2026-05-12T06:07:03.298+0000] {dag.py:3954} INFO - Setting next_dagrun for stackoverflow_medallion_pipeline to 2026-05-12 00:00:00+00:00, run_after=2026-05-13 00:00:00+00:00
[2026-05-12T06:07:03.359+0000] {processor.py:183} INFO - Processing /opt/airflow/dags/stackoverflow_migration_dag.py took 0.257 seconds
[2026-05-12T06:07:33.542+0000] {processor.py:161} INFO - Started process (PID=519) to work on /opt/airflow/dags/stackoverflow_migration_dag.py
[2026-05-12T06:07:33.544+0000] {processor.py:830} INFO - Processing file /opt/airflow/dags/stackoverflow_migration_dag.py for tasks to queue
[2026-05-12T06:07:33.547+0000] {logging_mixin.py:188} INFO - [2026-05-12T06:07:33.546+0000] {dagbag.py:545} INFO - Filling up the DagBag from /opt/airflow/dags/stackoverflow_migration_dag.py
[2026-05-12T06:07:33.581+0000] {processor.py:840} INFO - DAG(s) 'stackoverflow_medallion_pipeline' retrieved from /opt/airflow/dags/stackoverflow_migration_dag.py
[2026-05-12T06:07:33.648+0000] {logging_mixin.py:188} INFO - [2026-05-12T06:07:33.648+0000] {dag.py:3096} INFO - Sync 1 DAGs
[2026-05-12T06:07:33.702+0000] {logging_mixin.py:188} INFO - [2026-05-12T06:07:33.702+0000] {dag.py:3954} INFO - Setting next_dagrun for stackoverflow_medallion_pipeline to 2026-05-12 00:00:00+00:00, run_after=2026-05-13 00:00:00+00:00
[2026-05-12T06:07:33.745+0000] {processor.py:183} INFO - Processing /opt/airflow/dags/stackoverflow_migration_dag.py took 0.211 seconds
[2026-05-12T06:08:04.066+0000] {processor.py:161} INFO - Started process (PID=524) to work on /opt/airflow/dags/stackoverflow_migration_dag.py
[2026-05-12T06:08:04.067+0000] {processor.py:830} INFO - Processing file /opt/airflow/dags/stackoverflow_migration_dag.py for tasks to queue
[2026-05-12T06:08:04.070+0000] {logging_mixin.py:188} INFO - [2026-05-12T06:08:04.069+0000] {dagbag.py:545} INFO - Filling up the DagBag from /opt/airflow/dags/stackoverflow_migration_dag.py
[2026-05-12T06:08:04.100+0000] {processor.py:840} INFO - DAG(s) 'stackoverflow_medallion_pipeline' retrieved from /opt/airflow/dags/stackoverflow_migration_dag.py
[2026-05-12T06:08:04.157+0000] {logging_mixin.py:188} INFO - [2026-05-12T06:08:04.157+0000] {dag.py:3096} INFO - Sync 1 DAGs
[2026-05-12T06:08:04.205+0000] {logging_mixin.py:188} INFO - [2026-05-12T06:08:04.205+0000] {dag.py:3954} INFO - Setting next_dagrun for stackoverflow_medallion_pipeline to 2026-05-12 00:00:00+00:00, run_after=2026-05-13 00:00:00+00:00
[2026-05-12T06:08:04.243+0000] {processor.py:183} INFO - Processing /opt/airflow/dags/stackoverflow_migration_dag.py took 0.184 seconds
[2026-05-12T06:08:34.331+0000] {processor.py:161} INFO - Started process (PID=529) to work on /opt/airflow/dags/stackoverflow_migration_dag.py
[2026-05-12T06:08:34.332+0000] {processor.py:830} INFO - Processing file /opt/airflow/dags/stackoverflow_migration_dag.py for tasks to queue
[2026-05-12T06:08:34.334+0000] {logging_mixin.py:188} INFO - [2026-05-12T06:08:34.334+0000] {dagbag.py:545} INFO - Filling up the DagBag from /opt/airflow/dags/stackoverflow_migration_dag.py
[2026-05-12T06:08:34.364+0000] {processor.py:840} INFO - DAG(s) 'stackoverflow_medallion_pipeline' retrieved from /opt/airflow/dags/stackoverflow_migration_dag.py
[2026-05-12T06:08:34.427+0000] {logging_mixin.py:188} INFO - [2026-05-12T06:08:34.427+0000] {dag.py:3096} INFO - Sync 1 DAGs
[2026-05-12T06:08:34.474+0000] {logging_mixin.py:188} INFO - [2026-05-12T06:08:34.474+0000] {dag.py:3954} INFO - Setting next_dagrun for stackoverflow_medallion_pipeline to 2026-05-12 00:00:00+00:00, run_after=2026-05-13 00:00:00+00:00
[2026-05-12T06:08:34.512+0000] {processor.py:183} INFO - Processing /opt/airflow/dags/stackoverflow_migration_dag.py took 0.188 seconds
[2026-05-12T06:09:04.748+0000] {processor.py:161} INFO - Started process (PID=534) to work on /opt/airflow/dags/stackoverflow_migration_dag.py
[2026-05-12T06:09:04.749+0000] {processor.py:830} INFO - Processing file /opt/airflow/dags/stackoverflow_migration_dag.py for tasks to queue
[2026-05-12T06:09:04.752+0000] {logging_mixin.py:188} INFO - [2026-05-12T06:09:04.751+0000] {dagbag.py:545} INFO - Filling up the DagBag from /opt/airflow/dags/stackoverflow_migration_dag.py
[2026-05-12T06:09:04.784+0000] {processor.py:840} INFO - DAG(s) 'stackoverflow_medallion_pipeline' retrieved from /opt/airflow/dags/stackoverflow_migration_dag.py
[2026-05-12T06:09:04.845+0000] {logging_mixin.py:188} INFO - [2026-05-12T06:09:04.844+0000] {dag.py:3096} INFO - Sync 1 DAGs
[2026-05-12T06:09:04.891+0000] {logging_mixin.py:188} INFO - [2026-05-12T06:09:04.891+0000] {dag.py:3954} INFO - Setting next_dagrun for stackoverflow_medallion_pipeline to 2026-05-12 00:00:00+00:00, run_after=2026-05-13 00:00:00+00:00
[2026-05-12T06:09:04.930+0000] {processor.py:183} INFO - Processing /opt/airflow/dags/stackoverflow_migration_dag.py took 0.189 seconds
[2026-05-12T06:09:35.056+0000] {processor.py:161} INFO - Started process (PID=539) to work on /opt/airflow/dags/stackoverflow_migration_dag.py
[2026-05-12T06:09:35.058+0000] {processor.py:830} INFO - Processing file /opt/airflow/dags/stackoverflow_migration_dag.py for tasks to queue
[2026-05-12T06:09:35.060+0000] {logging_mixin.py:188} INFO - [2026-05-12T06:09:35.060+0000] {dagbag.py:545} INFO - Filling up the DagBag from /opt/airflow/dags/stackoverflow_migration_dag.py
[2026-05-12T06:09:35.087+0000] {processor.py:840} INFO - DAG(s) 'stackoverflow_medallion_pipeline' retrieved from /opt/airflow/dags/stackoverflow_migration_dag.py
[2026-05-12T06:09:35.147+0000] {logging_mixin.py:188} INFO - [2026-05-12T06:09:35.146+0000] {dag.py:3096} INFO - Sync 1 DAGs
[2026-05-12T06:09:35.194+0000] {logging_mixin.py:188} INFO - [2026-05-12T06:09:35.194+0000] {dag.py:3954} INFO - Setting next_dagrun for stackoverflow_medallion_pipeline to 2026-05-12 00:00:00+00:00, run_after=2026-05-13 00:00:00+00:00
[2026-05-12T06:09:35.231+0000] {processor.py:183} INFO - Processing /opt/airflow/dags/stackoverflow_migration_dag.py took 0.181 seconds
[2026-05-12T06:10:05.545+0000] {processor.py:161} INFO - Started process (PID=544) to work on /opt/airflow/dags/stackoverflow_migration_dag.py
[2026-05-12T06:10:05.546+0000] {processor.py:830} INFO - Processing file /opt/airflow/dags/stackoverflow_migration_dag.py for tasks to queue
[2026-05-12T06:10:05.549+0000] {logging_mixin.py:188} INFO - [2026-05-12T06:10:05.548+0000] {dagbag.py:545} INFO - Filling up the DagBag from /opt/airflow/dags/stackoverflow_migration_dag.py
[2026-05-12T06:10:05.584+0000] {processor.py:840} INFO - DAG(s) 'stackoverflow_medallion_pipeline' retrieved from /opt/airflow/dags/stackoverflow_migration_dag.py
[2026-05-12T06:10:05.653+0000] {logging_mixin.py:188} INFO - [2026-05-12T06:10:05.653+0000] {dag.py:3096} INFO - Sync 1 DAGs
[2026-05-12T06:10:05.701+0000] {logging_mixin.py:188} INFO - [2026-05-12T06:10:05.701+0000] {dag.py:3954} INFO - Setting next_dagrun for stackoverflow_medallion_pipeline to 2026-05-12 00:00:00+00:00, run_after=2026-05-13 00:00:00+00:00
[2026-05-12T06:10:05.742+0000] {processor.py:183} INFO - Processing /opt/airflow/dags/stackoverflow_migration_dag.py took 0.203 seconds
[2026-05-12T06:10:35.827+0000] {processor.py:161} INFO - Started process (PID=549) to work on /opt/airflow/dags/stackoverflow_migration_dag.py
[2026-05-12T06:10:35.829+0000] {processor.py:830} INFO - Processing file /opt/airflow/dags/stackoverflow_migration_dag.py for tasks to queue
[2026-05-12T06:10:35.831+0000] {logging_mixin.py:188} INFO - [2026-05-12T06:10:35.831+0000] {dagbag.py:545} INFO - Filling up the DagBag from /opt/airflow/dags/stackoverflow_migration_dag.py
[2026-05-12T06:10:35.866+0000] {processor.py:840} INFO - DAG(s) 'stackoverflow_medallion_pipeline' retrieved from /opt/airflow/dags/stackoverflow_migration_dag.py
[2026-05-12T06:10:35.936+0000] {logging_mixin.py:188} INFO - [2026-05-12T06:10:35.936+0000] {dag.py:3096} INFO - Sync 1 DAGs
[2026-05-12T06:10:35.982+0000] {logging_mixin.py:188} INFO - [2026-05-12T06:10:35.982+0000] {dag.py:3954} INFO - Setting next_dagrun for stackoverflow_medallion_pipeline to 2026-05-12 00:00:00+00:00, run_after=2026-05-13 00:00:00+00:00
[2026-05-12T06:10:36.021+0000] {processor.py:183} INFO - Processing /opt/airflow/dags/stackoverflow_migration_dag.py took 0.200 seconds
[2026-05-12T06:11:06.341+0000] {processor.py:161} INFO - Started process (PID=554) to work on /opt/airflow/dags/stackoverflow_migration_dag.py
[2026-05-12T06:11:06.343+0000] {processor.py:830} INFO - Processing file /opt/airflow/dags/stackoverflow_migration_dag.py for tasks to queue
[2026-05-12T06:11:06.345+0000] {logging_mixin.py:188} INFO - [2026-05-12T06:11:06.345+0000] {dagbag.py:545} INFO - Filling up the DagBag from /opt/airflow/dags/stackoverflow_migration_dag.py
[2026-05-12T06:11:06.376+0000] {processor.py:840} INFO - DAG(s) 'stackoverflow_medallion_pipeline' retrieved from /opt/airflow/dags/stackoverflow_migration_dag.py
[2026-05-12T06:11:06.444+0000] {logging_mixin.py:188} INFO - [2026-05-12T06:11:06.443+0000] {dag.py:3096} INFO - Sync 1 DAGs
[2026-05-12T06:11:06.497+0000] {logging_mixin.py:188} INFO - [2026-05-12T06:11:06.497+0000] {dag.py:3954} INFO - Setting next_dagrun for stackoverflow_medallion_pipeline to 2026-05-12 00:00:00+00:00, run_after=2026-05-13 00:00:00+00:00
[2026-05-12T06:11:06.541+0000] {processor.py:183} INFO - Processing /opt/airflow/dags/stackoverflow_migration_dag.py took 0.207 seconds
[2026-05-12T06:11:36.639+0000] {processor.py:161} INFO - Started process (PID=559) to work on /opt/airflow/dags/stackoverflow_migration_dag.py
[2026-05-12T06:11:36.640+0000] {processor.py:830} INFO - Processing file /opt/airflow/dags/stackoverflow_migration_dag.py for tasks to queue
[2026-05-12T06:11:36.643+0000] {logging_mixin.py:188} INFO - [2026-05-12T06:11:36.642+0000] {dagbag.py:545} INFO - Filling up the DagBag from /opt/airflow/dags/stackoverflow_migration_dag.py
[2026-05-12T06:11:36.676+0000] {processor.py:840} INFO - DAG(s) 'stackoverflow_medallion_pipeline' retrieved from /opt/airflow/dags/stackoverflow_migration_dag.py
[2026-05-12T06:11:36.746+0000] {logging_mixin.py:188} INFO - [2026-05-12T06:11:36.746+0000] {dag.py:3096} INFO - Sync 1 DAGs
[2026-05-12T06:11:36.794+0000] {logging_mixin.py:188} INFO - [2026-05-12T06:11:36.794+0000] {dag.py:3954} INFO - Setting next_dagrun for stackoverflow_medallion_pipeline to 2026-05-12 00:00:00+00:00, run_after=2026-05-13 00:00:00+00:00
[2026-05-12T06:11:36.834+0000] {processor.py:183} INFO - Processing /opt/airflow/dags/stackoverflow_migration_dag.py took 0.202 seconds
[2026-05-12T06:12:07.178+0000] {processor.py:161} INFO - Started process (PID=564) to work on /opt/airflow/dags/stackoverflow_migration_dag.py
[2026-05-12T06:12:07.180+0000] {processor.py:830} INFO - Processing file /opt/airflow/dags/stackoverflow_migration_dag.py for tasks to queue
[2026-05-12T06:12:07.182+0000] {logging_mixin.py:188} INFO - [2026-05-12T06:12:07.182+0000] {dagbag.py:545} INFO - Filling up the DagBag from /opt/airflow/dags/stackoverflow_migration_dag.py
[2026-05-12T06:12:07.211+0000] {processor.py:840} INFO - DAG(s) 'stackoverflow_medallion_pipeline' retrieved from /opt/airflow/dags/stackoverflow_migration_dag.py
[2026-05-12T06:12:07.274+0000] {logging_mixin.py:188} INFO - [2026-05-12T06:12:07.273+0000] {dag.py:3096} INFO - Sync 1 DAGs
[2026-05-12T06:12:07.320+0000] {logging_mixin.py:188} INFO - [2026-05-12T06:12:07.320+0000] {dag.py:3954} INFO - Setting next_dagrun for stackoverflow_medallion_pipeline to 2026-05-12 00:00:00+00:00, run_after=2026-05-13 00:00:00+00:00
[2026-05-12T06:12:07.361+0000] {processor.py:183} INFO - Processing /opt/airflow/dags/stackoverflow_migration_dag.py took 0.189 seconds
[2026-05-12T06:12:37.510+0000] {processor.py:161} INFO - Started process (PID=569) to work on /opt/airflow/dags/stackoverflow_migration_dag.py
[2026-05-12T06:12:37.512+0000] {processor.py:830} INFO - Processing file /opt/airflow/dags/stackoverflow_migration_dag.py for tasks to queue
[2026-05-12T06:12:37.515+0000] {logging_mixin.py:188} INFO - [2026-05-12T06:12:37.514+0000] {dagbag.py:545} INFO - Filling up the DagBag from /opt/airflow/dags/stackoverflow_migration_dag.py
[2026-05-12T06:12:37.546+0000] {processor.py:840} INFO - DAG(s) 'stackoverflow_medallion_pipeline' retrieved from /opt/airflow/dags/stackoverflow_migration_dag.py
[2026-05-12T06:12:37.605+0000] {logging_mixin.py:188} INFO - [2026-05-12T06:12:37.604+0000] {dag.py:3096} INFO - Sync 1 DAGs
[2026-05-12T06:12:37.650+0000] {logging_mixin.py:188} INFO - [2026-05-12T06:12:37.650+0000] {dag.py:3954} INFO - Setting next_dagrun for stackoverflow_medallion_pipeline to 2026-05-12 00:00:00+00:00, run_after=2026-05-13 00:00:00+00:00
[2026-05-12T06:12:37.688+0000] {processor.py:183} INFO - Processing /opt/airflow/dags/stackoverflow_migration_dag.py took 0.185 seconds
[2026-05-12T06:13:07.999+0000] {processor.py:161} INFO - Started process (PID=574) to work on /opt/airflow/dags/stackoverflow_migration_dag.py
[2026-05-12T06:13:08.000+0000] {processor.py:830} INFO - Processing file /opt/airflow/dags/stackoverflow_migration_dag.py for tasks to queue
[2026-05-12T06:13:08.003+0000] {logging_mixin.py:188} INFO - [2026-05-12T06:13:08.002+0000] {dagbag.py:545} INFO - Filling up the DagBag from /opt/airflow/dags/stackoverflow_migration_dag.py
[2026-05-12T06:13:08.034+0000] {processor.py:840} INFO - DAG(s) 'stackoverflow_medallion_pipeline' retrieved from /opt/airflow/dags/stackoverflow_migration_dag.py
[2026-05-12T06:13:08.096+0000] {logging_mixin.py:188} INFO - [2026-05-12T06:13:08.096+0000] {dag.py:3096} INFO - Sync 1 DAGs
[2026-05-12T06:13:08.142+0000] {logging_mixin.py:188} INFO - [2026-05-12T06:13:08.142+0000] {dag.py:3954} INFO - Setting next_dagrun for stackoverflow_medallion_pipeline to 2026-05-12 00:00:00+00:00, run_after=2026-05-13 00:00:00+00:00
[2026-05-12T06:13:08.185+0000] {processor.py:183} INFO - Processing /opt/airflow/dags/stackoverflow_migration_dag.py took 0.193 seconds
[2026-05-12T06:13:38.355+0000] {processor.py:161} INFO - Started process (PID=579) to work on /opt/airflow/dags/stackoverflow_migration_dag.py
[2026-05-12T06:13:38.356+0000] {processor.py:830} INFO - Processing file /opt/airflow/dags/stackoverflow_migration_dag.py for tasks to queue
[2026-05-12T06:13:38.359+0000] {logging_mixin.py:188} INFO - [2026-05-12T06:13:38.358+0000] {dagbag.py:545} INFO - Filling up the DagBag from /opt/airflow/dags/stackoverflow_migration_dag.py
[2026-05-12T06:13:38.391+0000] {processor.py:840} INFO - DAG(s) 'stackoverflow_medallion_pipeline' retrieved from /opt/airflow/dags/stackoverflow_migration_dag.py
[2026-05-12T06:13:38.460+0000] {logging_mixin.py:188} INFO - [2026-05-12T06:13:38.460+0000] {dag.py:3096} INFO - Sync 1 DAGs
[2026-05-12T06:13:38.507+0000] {logging_mixin.py:188} INFO - [2026-05-12T06:13:38.507+0000] {dag.py:3954} INFO - Setting next_dagrun for stackoverflow_medallion_pipeline to 2026-05-12 00:00:00+00:00, run_after=2026-05-13 00:00:00+00:00
[2026-05-12T06:13:38.547+0000] {processor.py:183} INFO - Processing /opt/airflow/dags/stackoverflow_migration_dag.py took 0.199 seconds
[2026-05-12T06:14:08.775+0000] {processor.py:161} INFO - Started process (PID=584) to work on /opt/airflow/dags/stackoverflow_migration_dag.py
[2026-05-12T06:14:08.776+0000] {processor.py:830} INFO - Processing file /opt/airflow/dags/stackoverflow_migration_dag.py for tasks to queue
[2026-05-12T06:14:08.779+0000] {logging_mixin.py:188} INFO - [2026-05-12T06:14:08.778+0000] {dagbag.py:545} INFO - Filling up the DagBag from /opt/airflow/dags/stackoverflow_migration_dag.py
[2026-05-12T06:14:08.810+0000] {processor.py:840} INFO - DAG(s) 'stackoverflow_medallion_pipeline' retrieved from /opt/airflow/dags/stackoverflow_migration_dag.py
[2026-05-12T06:14:08.879+0000] {logging_mixin.py:188} INFO - [2026-05-12T06:14:08.879+0000] {dag.py:3096} INFO - Sync 1 DAGs
[2026-05-12T06:14:08.925+0000] {logging_mixin.py:188} INFO - [2026-05-12T06:14:08.925+0000] {dag.py:3954} INFO - Setting next_dagrun for stackoverflow_medallion_pipeline to 2026-05-12 00:00:00+00:00, run_after=2026-05-13 00:00:00+00:00
[2026-05-12T06:14:08.964+0000] {processor.py:183} INFO - Processing /opt/airflow/dags/stackoverflow_migration_dag.py took 0.195 seconds
[2026-05-12T06:29:30.122+0000] {processor.py:161} INFO - Started process (PID=589) to work on /opt/airflow/dags/stackoverflow_migration_dag.py
[2026-05-12T06:29:30.138+0000] {processor.py:830} INFO - Processing file /opt/airflow/dags/stackoverflow_migration_dag.py for tasks to queue
[2026-05-12T06:29:30.143+0000] {logging_mixin.py:188} INFO - [2026-05-12T06:29:30.143+0000] {dagbag.py:545} INFO - Filling up the DagBag from /opt/airflow/dags/stackoverflow_migration_dag.py
[2026-05-12T06:29:30.568+0000] {processor.py:840} INFO - DAG(s) 'stackoverflow_medallion_pipeline' retrieved from /opt/airflow/dags/stackoverflow_migration_dag.py
[2026-05-12T06:29:31.450+0000] {logging_mixin.py:188} INFO - [2026-05-12T06:29:31.449+0000] {dag.py:3096} INFO - Sync 1 DAGs
[2026-05-12T06:29:32.151+0000] {logging_mixin.py:188} INFO - [2026-05-12T06:29:32.150+0000] {dag.py:3954} INFO - Setting next_dagrun for stackoverflow_medallion_pipeline to 2026-05-12 00:00:00+00:00, run_after=2026-05-13 00:00:00+00:00
[2026-05-12T06:29:32.535+0000] {processor.py:183} INFO - Processing /opt/airflow/dags/stackoverflow_migration_dag.py took 2.438 seconds
[2026-05-12T06:30:03.467+0000] {processor.py:161} INFO - Started process (PID=594) to work on /opt/airflow/dags/stackoverflow_migration_dag.py
[2026-05-12T06:30:03.476+0000] {processor.py:830} INFO - Processing file /opt/airflow/dags/stackoverflow_migration_dag.py for tasks to queue
[2026-05-12T06:30:03.493+0000] {logging_mixin.py:188} INFO - [2026-05-12T06:30:03.492+0000] {dagbag.py:545} INFO - Filling up the DagBag from /opt/airflow/dags/stackoverflow_migration_dag.py
[2026-05-12T06:30:03.764+0000] {processor.py:840} INFO - DAG(s) 'stackoverflow_medallion_pipeline' retrieved from /opt/airflow/dags/stackoverflow_migration_dag.py
[2026-05-12T06:30:04.462+0000] {logging_mixin.py:188} INFO - [2026-05-12T06:30:04.461+0000] {dag.py:3096} INFO - Sync 1 DAGs
[2026-05-12T06:30:04.884+0000] {logging_mixin.py:188} INFO - [2026-05-12T06:30:04.884+0000] {dag.py:3954} INFO - Setting next_dagrun for stackoverflow_medallion_pipeline to 2026-05-12 00:00:00+00:00, run_after=2026-05-13 00:00:00+00:00
[2026-05-12T06:30:05.150+0000] {processor.py:183} INFO - Processing /opt/airflow/dags/stackoverflow_migration_dag.py took 1.716 seconds
[2026-05-12T06:30:35.689+0000] {processor.py:161} INFO - Started process (PID=599) to work on /opt/airflow/dags/stackoverflow_migration_dag.py
[2026-05-12T06:30:35.691+0000] {processor.py:830} INFO - Processing file /opt/airflow/dags/stackoverflow_migration_dag.py for tasks to queue
[2026-05-12T06:30:35.698+0000] {logging_mixin.py:188} INFO - [2026-05-12T06:30:35.696+0000] {dagbag.py:545} INFO - Filling up the DagBag from /opt/airflow/dags/stackoverflow_migration_dag.py
[2026-05-12T06:30:35.747+0000] {processor.py:840} INFO - DAG(s) 'stackoverflow_medallion_pipeline' retrieved from /opt/airflow/dags/stackoverflow_migration_dag.py
[2026-05-12T06:30:35.837+0000] {logging_mixin.py:188} INFO - [2026-05-12T06:30:35.837+0000] {dag.py:3096} INFO - Sync 1 DAGs
[2026-05-12T06:30:35.897+0000] {logging_mixin.py:188} INFO - [2026-05-12T06:30:35.897+0000] {dag.py:3954} INFO - Setting next_dagrun for stackoverflow_medallion_pipeline to 2026-05-12 00:00:00+00:00, run_after=2026-05-13 00:00:00+00:00
[2026-05-12T06:30:35.946+0000] {processor.py:183} INFO - Processing /opt/airflow/dags/stackoverflow_migration_dag.py took 0.268 seconds
[2026-05-12T06:31:06.178+0000] {processor.py:161} INFO - Started process (PID=604) to work on /opt/airflow/dags/stackoverflow_migration_dag.py
[2026-05-12T06:31:06.180+0000] {processor.py:830} INFO - Processing file /opt/airflow/dags/stackoverflow_migration_dag.py for tasks to queue
[2026-05-12T06:31:06.183+0000] {logging_mixin.py:188} INFO - [2026-05-12T06:31:06.182+0000] {dagbag.py:545} INFO - Filling up the DagBag from /opt/airflow/dags/stackoverflow_migration_dag.py
[2026-05-12T06:31:06.227+0000] {processor.py:840} INFO - DAG(s) 'stackoverflow_medallion_pipeline' retrieved from /opt/airflow/dags/stackoverflow_migration_dag.py
[2026-05-12T06:31:06.315+0000] {logging_mixin.py:188} INFO - [2026-05-12T06:31:06.314+0000] {dag.py:3096} INFO - Sync 1 DAGs
[2026-05-12T06:31:06.377+0000] {logging_mixin.py:188} INFO - [2026-05-12T06:31:06.377+0000] {dag.py:3954} INFO - Setting next_dagrun for stackoverflow_medallion_pipeline to 2026-05-12 00:00:00+00:00, run_after=2026-05-13 00:00:00+00:00
[2026-05-12T06:31:06.427+0000] {processor.py:183} INFO - Processing /opt/airflow/dags/stackoverflow_migration_dag.py took 0.257 seconds
[2026-05-12T06:31:36.582+0000] {processor.py:161} INFO - Started process (PID=609) to work on /opt/airflow/dags/stackoverflow_migration_dag.py
[2026-05-12T06:31:36.585+0000] {processor.py:830} INFO - Processing file /opt/airflow/dags/stackoverflow_migration_dag.py for tasks to queue
[2026-05-12T06:31:36.589+0000] {logging_mixin.py:188} INFO - [2026-05-12T06:31:36.588+0000] {dagbag.py:545} INFO - Filling up the DagBag from /opt/airflow/dags/stackoverflow_migration_dag.py
[2026-05-12T06:31:36.663+0000] {processor.py:840} INFO - DAG(s) 'stackoverflow_medallion_pipeline' retrieved from /opt/airflow/dags/stackoverflow_migration_dag.py
[2026-05-12T06:31:36.789+0000] {logging_mixin.py:188} INFO - [2026-05-12T06:31:36.789+0000] {dag.py:3096} INFO - Sync 1 DAGs
[2026-05-12T06:31:36.883+0000] {logging_mixin.py:188} INFO - [2026-05-12T06:31:36.883+0000] {dag.py:3954} INFO - Setting next_dagrun for stackoverflow_medallion_pipeline to 2026-05-12 00:00:00+00:00, run_after=2026-05-13 00:00:00+00:00
[2026-05-12T06:31:36.941+0000] {processor.py:183} INFO - Processing /opt/airflow/dags/stackoverflow_migration_dag.py took 0.380 seconds
[2026-05-12T06:32:07.265+0000] {processor.py:161} INFO - Started process (PID=614) to work on /opt/airflow/dags/stackoverflow_migration_dag.py
[2026-05-12T06:32:07.266+0000] {processor.py:830} INFO - Processing file /opt/airflow/dags/stackoverflow_migration_dag.py for tasks to queue
[2026-05-12T06:32:07.270+0000] {logging_mixin.py:188} INFO - [2026-05-12T06:32:07.269+0000] {dagbag.py:545} INFO - Filling up the DagBag from /opt/airflow/dags/stackoverflow_migration_dag.py
[2026-05-12T06:32:07.314+0000] {processor.py:840} INFO - DAG(s) 'stackoverflow_medallion_pipeline' retrieved from /opt/airflow/dags/stackoverflow_migration_dag.py
[2026-05-12T06:32:07.410+0000] {logging_mixin.py:188} INFO - [2026-05-12T06:32:07.409+0000] {dag.py:3096} INFO - Sync 1 DAGs
[2026-05-12T06:32:07.475+0000] {logging_mixin.py:188} INFO - [2026-05-12T06:32:07.475+0000] {dag.py:3954} INFO - Setting next_dagrun for stackoverflow_medallion_pipeline to 2026-05-12 00:00:00+00:00, run_after=2026-05-13 00:00:00+00:00
[2026-05-12T06:32:07.530+0000] {processor.py:183} INFO - Processing /opt/airflow/dags/stackoverflow_migration_dag.py took 0.277 seconds
[2026-05-12T06:32:37.804+0000] {processor.py:161} INFO - Started process (PID=619) to work on /opt/airflow/dags/stackoverflow_migration_dag.py
[2026-05-12T06:32:37.806+0000] {processor.py:830} INFO - Processing file /opt/airflow/dags/stackoverflow_migration_dag.py for tasks to queue
[2026-05-12T06:32:37.809+0000] {logging_mixin.py:188} INFO - [2026-05-12T06:32:37.808+0000] {dagbag.py:545} INFO - Filling up the DagBag from /opt/airflow/dags/stackoverflow_migration_dag.py
[2026-05-12T06:32:37.845+0000] {processor.py:840} INFO - DAG(s) 'stackoverflow_medallion_pipeline' retrieved from /opt/airflow/dags/stackoverflow_migration_dag.py
[2026-05-12T06:32:37.920+0000] {logging_mixin.py:188} INFO - [2026-05-12T06:32:37.920+0000] {dag.py:3096} INFO - Sync 1 DAGs
[2026-05-12T06:32:37.973+0000] {logging_mixin.py:188} INFO - [2026-05-12T06:32:37.973+0000] {dag.py:3954} INFO - Setting next_dagrun for stackoverflow_medallion_pipeline to 2026-05-12 00:00:00+00:00, run_after=2026-05-13 00:00:00+00:00
[2026-05-12T06:32:38.018+0000] {processor.py:183} INFO - Processing /opt/airflow/dags/stackoverflow_migration_dag.py took 0.222 seconds
[2026-05-12T06:33:08.276+0000] {processor.py:161} INFO - Started process (PID=624) to work on /opt/airflow/dags/stackoverflow_migration_dag.py
[2026-05-12T06:33:08.278+0000] {processor.py:830} INFO - Processing file /opt/airflow/dags/stackoverflow_migration_dag.py for tasks to queue
[2026-05-12T06:33:08.281+0000] {logging_mixin.py:188} INFO - [2026-05-12T06:33:08.281+0000] {dagbag.py:545} INFO - Filling up the DagBag from /opt/airflow/dags/stackoverflow_migration_dag.py
[2026-05-12T06:33:08.322+0000] {processor.py:840} INFO - DAG(s) 'stackoverflow_medallion_pipeline' retrieved from /opt/airflow/dags/stackoverflow_migration_dag.py
[2026-05-12T06:33:08.418+0000] {logging_mixin.py:188} INFO - [2026-05-12T06:33:08.418+0000] {dag.py:3096} INFO - Sync 1 DAGs
[2026-05-12T06:33:08.481+0000] {logging_mixin.py:188} INFO - [2026-05-12T06:33:08.481+0000] {dag.py:3954} INFO - Setting next_dagrun for stackoverflow_medallion_pipeline to 2026-05-12 00:00:00+00:00, run_after=2026-05-13 00:00:00+00:00
[2026-05-12T06:33:08.532+0000] {processor.py:183} INFO - Processing /opt/airflow/dags/stackoverflow_migration_dag.py took 0.265 seconds
[2026-05-12T06:33:38.792+0000] {processor.py:161} INFO - Started process (PID=629) to work on /opt/airflow/dags/stackoverflow_migration_dag.py
[2026-05-12T06:33:38.794+0000] {processor.py:830} INFO - Processing file /opt/airflow/dags/stackoverflow_migration_dag.py for tasks to queue
[2026-05-12T06:33:38.797+0000] {logging_mixin.py:188} INFO - [2026-05-12T06:33:38.797+0000] {dagbag.py:545} INFO - Filling up the DagBag from /opt/airflow/dags/stackoverflow_migration_dag.py
[2026-05-12T06:33:38.843+0000] {processor.py:840} INFO - DAG(s) 'stackoverflow_medallion_pipeline' retrieved from /opt/airflow/dags/stackoverflow_migration_dag.py
[2026-05-12T06:33:38.947+0000] {logging_mixin.py:188} INFO - [2026-05-12T06:33:38.946+0000] {dag.py:3096} INFO - Sync 1 DAGs
[2026-05-12T06:33:39.015+0000] {logging_mixin.py:188} INFO - [2026-05-12T06:33:39.015+0000] {dag.py:3954} INFO - Setting next_dagrun for stackoverflow_medallion_pipeline to 2026-05-12 00:00:00+00:00, run_after=2026-05-13 00:00:00+00:00
[2026-05-12T06:33:39.076+0000] {processor.py:183} INFO - Processing /opt/airflow/dags/stackoverflow_migration_dag.py took 0.295 seconds
[2026-05-12T06:34:09.350+0000] {processor.py:161} INFO - Started process (PID=634) to work on /opt/airflow/dags/stackoverflow_migration_dag.py
[2026-05-12T06:34:09.352+0000] {processor.py:830} INFO - Processing file /opt/airflow/dags/stackoverflow_migration_dag.py for tasks to queue
[2026-05-12T06:34:09.355+0000] {logging_mixin.py:188} INFO - [2026-05-12T06:34:09.355+0000] {dagbag.py:545} INFO - Filling up the DagBag from /opt/airflow/dags/stackoverflow_migration_dag.py
[2026-05-12T06:34:09.401+0000] {processor.py:840} INFO - DAG(s) 'stackoverflow_medallion_pipeline' retrieved from /opt/airflow/dags/stackoverflow_migration_dag.py
[2026-05-12T06:34:09.506+0000] {logging_mixin.py:188} INFO - [2026-05-12T06:34:09.506+0000] {dag.py:3096} INFO - Sync 1 DAGs
[2026-05-12T06:34:09.576+0000] {logging_mixin.py:188} INFO - [2026-05-12T06:34:09.576+0000] {dag.py:3954} INFO - Setting next_dagrun for stackoverflow_medallion_pipeline to 2026-05-12 00:00:00+00:00, run_after=2026-05-13 00:00:00+00:00
[2026-05-12T06:34:09.632+0000] {processor.py:183} INFO - Processing /opt/airflow/dags/stackoverflow_migration_dag.py took 0.292 seconds
[2026-05-12T06:34:39.883+0000] {processor.py:161} INFO - Started process (PID=639) to work on /opt/airflow/dags/stackoverflow_migration_dag.py
[2026-05-12T06:34:39.885+0000] {processor.py:830} INFO - Processing file /opt/airflow/dags/stackoverflow_migration_dag.py for tasks to queue
[2026-05-12T06:34:39.888+0000] {logging_mixin.py:188} INFO - [2026-05-12T06:34:39.888+0000] {dagbag.py:545} INFO - Filling up the DagBag from /opt/airflow/dags/stackoverflow_migration_dag.py
[2026-05-12T06:34:39.928+0000] {processor.py:840} INFO - DAG(s) 'stackoverflow_medallion_pipeline' retrieved from /opt/airflow/dags/stackoverflow_migration_dag.py
[2026-05-12T06:34:40.019+0000] {logging_mixin.py:188} INFO - [2026-05-12T06:34:40.018+0000] {dag.py:3096} INFO - Sync 1 DAGs
[2026-05-12T06:34:40.085+0000] {logging_mixin.py:188} INFO - [2026-05-12T06:34:40.085+0000] {dag.py:3954} INFO - Setting next_dagrun for stackoverflow_medallion_pipeline to 2026-05-12 00:00:00+00:00, run_after=2026-05-13 00:00:00+00:00
[2026-05-12T06:34:40.142+0000] {processor.py:183} INFO - Processing /opt/airflow/dags/stackoverflow_migration_dag.py took 0.268 seconds
[2026-05-12T06:35:10.425+0000] {processor.py:161} INFO - Started process (PID=644) to work on /opt/airflow/dags/stackoverflow_migration_dag.py
[2026-05-12T06:35:10.427+0000] {processor.py:830} INFO - Processing file /opt/airflow/dags/stackoverflow_migration_dag.py for tasks to queue
[2026-05-12T06:35:10.431+0000] {logging_mixin.py:188} INFO - [2026-05-12T06:35:10.430+0000] {dagbag.py:545} INFO - Filling up the DagBag from /opt/airflow/dags/stackoverflow_migration_dag.py
[2026-05-12T06:35:10.479+0000] {processor.py:840} INFO - DAG(s) 'stackoverflow_medallion_pipeline' retrieved from /opt/airflow/dags/stackoverflow_migration_dag.py
[2026-05-12T06:35:10.610+0000] {logging_mixin.py:188} INFO - [2026-05-12T06:35:10.609+0000] {dag.py:3096} INFO - Sync 1 DAGs
[2026-05-12T06:35:10.706+0000] {logging_mixin.py:188} INFO - [2026-05-12T06:35:10.705+0000] {dag.py:3954} INFO - Setting next_dagrun for stackoverflow_medallion_pipeline to 2026-05-12 00:00:00+00:00, run_after=2026-05-13 00:00:00+00:00
[2026-05-12T06:35:10.778+0000] {processor.py:183} INFO - Processing /opt/airflow/dags/stackoverflow_migration_dag.py took 0.363 seconds
[2026-05-12T06:35:41.056+0000] {processor.py:161} INFO - Started process (PID=649) to work on /opt/airflow/dags/stackoverflow_migration_dag.py
[2026-05-12T06:35:41.059+0000] {processor.py:830} INFO - Processing file /opt/airflow/dags/stackoverflow_migration_dag.py for tasks to queue
[2026-05-12T06:35:41.066+0000] {logging_mixin.py:188} INFO - [2026-05-12T06:35:41.065+0000] {dagbag.py:545} INFO - Filling up the DagBag from /opt/airflow/dags/stackoverflow_migration_dag.py
[2026-05-12T06:35:41.129+0000] {processor.py:840} INFO - DAG(s) 'stackoverflow_medallion_pipeline' retrieved from /opt/airflow/dags/stackoverflow_migration_dag.py
[2026-05-12T06:35:41.282+0000] {logging_mixin.py:188} INFO - [2026-05-12T06:35:41.282+0000] {dag.py:3096} INFO - Sync 1 DAGs
[2026-05-12T06:35:41.389+0000] {logging_mixin.py:188} INFO - [2026-05-12T06:35:41.388+0000] {dag.py:3954} INFO - Setting next_dagrun for stackoverflow_medallion_pipeline to 2026-05-12 00:00:00+00:00, run_after=2026-05-13 00:00:00+00:00
[2026-05-12T06:35:41.463+0000] {processor.py:183} INFO - Processing /opt/airflow/dags/stackoverflow_migration_dag.py took 0.423 seconds
[2026-05-12T06:36:11.752+0000] {processor.py:161} INFO - Started process (PID=654) to work on /opt/airflow/dags/stackoverflow_migration_dag.py
[2026-05-12T06:36:11.754+0000] {processor.py:830} INFO - Processing file /opt/airflow/dags/stackoverflow_migration_dag.py for tasks to queue
[2026-05-12T06:36:11.759+0000] {logging_mixin.py:188} INFO - [2026-05-12T06:36:11.759+0000] {dagbag.py:545} INFO - Filling up the DagBag from /opt/airflow/dags/stackoverflow_migration_dag.py
[2026-05-12T06:36:11.825+0000] {processor.py:840} INFO - DAG(s) 'stackoverflow_medallion_pipeline' retrieved from /opt/airflow/dags/stackoverflow_migration_dag.py
[2026-05-12T06:36:11.948+0000] {logging_mixin.py:188} INFO - [2026-05-12T06:36:11.947+0000] {dag.py:3096} INFO - Sync 1 DAGs
[2026-05-12T06:36:12.036+0000] {logging_mixin.py:188} INFO - [2026-05-12T06:36:12.035+0000] {dag.py:3954} INFO - Setting next_dagrun for stackoverflow_medallion_pipeline to 2026-05-12 00:00:00+00:00, run_after=2026-05-13 00:00:00+00:00
[2026-05-12T06:36:12.375+0000] {processor.py:183} INFO - Processing /opt/airflow/dags/stackoverflow_migration_dag.py took 0.636 seconds
[2026-05-12T06:36:42.658+0000] {processor.py:161} INFO - Started process (PID=659) to work on /opt/airflow/dags/stackoverflow_migration_dag.py
[2026-05-12T06:36:42.660+0000] {processor.py:830} INFO - Processing file /opt/airflow/dags/stackoverflow_migration_dag.py for tasks to queue
[2026-05-12T06:36:42.664+0000] {logging_mixin.py:188} INFO - [2026-05-12T06:36:42.664+0000] {dagbag.py:545} INFO - Filling up the DagBag from /opt/airflow/dags/stackoverflow_migration_dag.py
[2026-05-12T06:36:42.740+0000] {processor.py:840} INFO - DAG(s) 'stackoverflow_medallion_pipeline' retrieved from /opt/airflow/dags/stackoverflow_migration_dag.py
[2026-05-12T06:36:42.857+0000] {logging_mixin.py:188} INFO - [2026-05-12T06:36:42.857+0000] {dag.py:3096} INFO - Sync 1 DAGs
[2026-05-12T06:36:42.936+0000] {logging_mixin.py:188} INFO - [2026-05-12T06:36:42.935+0000] {dag.py:3954} INFO - Setting next_dagrun for stackoverflow_medallion_pipeline to 2026-05-12 00:00:00+00:00, run_after=2026-05-13 00:00:00+00:00
[2026-05-12T06:36:43.005+0000] {processor.py:183} INFO - Processing /opt/airflow/dags/stackoverflow_migration_dag.py took 0.360 seconds
[2026-05-12T06:37:13.285+0000] {processor.py:161} INFO - Started process (PID=664) to work on /opt/airflow/dags/stackoverflow_migration_dag.py
[2026-05-12T06:37:13.287+0000] {processor.py:830} INFO - Processing file /opt/airflow/dags/stackoverflow_migration_dag.py for tasks to queue
[2026-05-12T06:37:13.290+0000] {logging_mixin.py:188} INFO - [2026-05-12T06:37:13.290+0000] {dagbag.py:545} INFO - Filling up the DagBag from /opt/airflow/dags/stackoverflow_migration_dag.py
[2026-05-12T06:37:13.337+0000] {processor.py:840} INFO - DAG(s) 'stackoverflow_medallion_pipeline' retrieved from /opt/airflow/dags/stackoverflow_migration_dag.py
[2026-05-12T06:37:13.442+0000] {logging_mixin.py:188} INFO - [2026-05-12T06:37:13.442+0000] {dag.py:3096} INFO - Sync 1 DAGs
[2026-05-12T06:37:13.531+0000] {logging_mixin.py:188} INFO - [2026-05-12T06:37:13.530+0000] {dag.py:3954} INFO - Setting next_dagrun for stackoverflow_medallion_pipeline to 2026-05-12 00:00:00+00:00, run_after=2026-05-13 00:00:00+00:00
[2026-05-12T06:37:13.588+0000] {processor.py:183} INFO - Processing /opt/airflow/dags/stackoverflow_migration_dag.py took 0.313 seconds
[2026-05-12T06:37:43.854+0000] {processor.py:161} INFO - Started process (PID=669) to work on /opt/airflow/dags/stackoverflow_migration_dag.py
[2026-05-12T06:37:43.856+0000] {processor.py:830} INFO - Processing file /opt/airflow/dags/stackoverflow_migration_dag.py for tasks to queue
[2026-05-12T06:37:43.859+0000] {logging_mixin.py:188} INFO - [2026-05-12T06:37:43.859+0000] {dagbag.py:545} INFO - Filling up the DagBag from /opt/airflow/dags/stackoverflow_migration_dag.py
[2026-05-12T06:37:43.901+0000] {processor.py:840} INFO - DAG(s) 'stackoverflow_medallion_pipeline' retrieved from /opt/airflow/dags/stackoverflow_migration_dag.py
[2026-05-12T06:37:44.012+0000] {logging_mixin.py:188} INFO - [2026-05-12T06:37:44.012+0000] {dag.py:3096} INFO - Sync 1 DAGs
[2026-05-12T06:37:44.103+0000] {logging_mixin.py:188} INFO - [2026-05-12T06:37:44.103+0000] {dag.py:3954} INFO - Setting next_dagrun for stackoverflow_medallion_pipeline to 2026-05-12 00:00:00+00:00, run_after=2026-05-13 00:00:00+00:00
[2026-05-12T06:37:44.171+0000] {processor.py:183} INFO - Processing /opt/airflow/dags/stackoverflow_migration_dag.py took 0.326 seconds
[2026-05-12T06:38:14.589+0000] {processor.py:161} INFO - Started process (PID=674) to work on /opt/airflow/dags/stackoverflow_migration_dag.py
[2026-05-12T06:38:14.591+0000] {processor.py:830} INFO - Processing file /opt/airflow/dags/stackoverflow_migration_dag.py for tasks to queue
[2026-05-12T06:38:14.595+0000] {logging_mixin.py:188} INFO - [2026-05-12T06:38:14.594+0000] {dagbag.py:545} INFO - Filling up the DagBag from /opt/airflow/dags/stackoverflow_migration_dag.py
[2026-05-12T06:38:14.641+0000] {processor.py:840} INFO - DAG(s) 'stackoverflow_medallion_pipeline' retrieved from /opt/airflow/dags/stackoverflow_migration_dag.py
[2026-05-12T06:38:14.750+0000] {logging_mixin.py:188} INFO - [2026-05-12T06:38:14.750+0000] {dag.py:3096} INFO - Sync 1 DAGs
[2026-05-12T06:38:14.823+0000] {logging_mixin.py:188} INFO - [2026-05-12T06:38:14.822+0000] {dag.py:3954} INFO - Setting next_dagrun for stackoverflow_medallion_pipeline to 2026-05-12 00:00:00+00:00, run_after=2026-05-13 00:00:00+00:00
[2026-05-12T06:38:14.883+0000] {processor.py:183} INFO - Processing /opt/airflow/dags/stackoverflow_migration_dag.py took 0.304 seconds
[2026-05-12T06:38:45.161+0000] {processor.py:161} INFO - Started process (PID=679) to work on /opt/airflow/dags/stackoverflow_migration_dag.py
[2026-05-12T06:38:45.163+0000] {processor.py:830} INFO - Processing file /opt/airflow/dags/stackoverflow_migration_dag.py for tasks to queue
[2026-05-12T06:38:45.167+0000] {logging_mixin.py:188} INFO - [2026-05-12T06:38:45.167+0000] {dagbag.py:545} INFO - Filling up the DagBag from /opt/airflow/dags/stackoverflow_migration_dag.py
[2026-05-12T06:38:45.217+0000] {processor.py:840} INFO - DAG(s) 'stackoverflow_medallion_pipeline' retrieved from /opt/airflow/dags/stackoverflow_migration_dag.py
[2026-05-12T06:38:45.331+0000] {logging_mixin.py:188} INFO - [2026-05-12T06:38:45.331+0000] {dag.py:3096} INFO - Sync 1 DAGs
[2026-05-12T06:38:45.411+0000] {logging_mixin.py:188} INFO - [2026-05-12T06:38:45.410+0000] {dag.py:3954} INFO - Setting next_dagrun for stackoverflow_medallion_pipeline to 2026-05-12 00:00:00+00:00, run_after=2026-05-13 00:00:00+00:00
[2026-05-12T06:38:45.466+0000] {processor.py:183} INFO - Processing /opt/airflow/dags/stackoverflow_migration_dag.py took 0.318 seconds
[2026-05-12T06:39:15.763+0000] {processor.py:161} INFO - Started process (PID=684) to work on /opt/airflow/dags/stackoverflow_migration_dag.py
[2026-05-12T06:39:15.773+0000] {processor.py:830} INFO - Processing file /opt/airflow/dags/stackoverflow_migration_dag.py for tasks to queue
[2026-05-12T06:39:15.780+0000] {logging_mixin.py:188} INFO - [2026-05-12T06:39:15.779+0000] {dagbag.py:545} INFO - Filling up the DagBag from /opt/airflow/dags/stackoverflow_migration_dag.py
[2026-05-12T06:39:15.847+0000] {processor.py:840} INFO - DAG(s) 'stackoverflow_medallion_pipeline' retrieved from /opt/airflow/dags/stackoverflow_migration_dag.py
[2026-05-12T06:39:15.956+0000] {logging_mixin.py:188} INFO - [2026-05-12T06:39:15.956+0000] {dag.py:3096} INFO - Sync 1 DAGs
[2026-05-12T06:39:16.033+0000] {logging_mixin.py:188} INFO - [2026-05-12T06:39:16.033+0000] {dag.py:3954} INFO - Setting next_dagrun for stackoverflow_medallion_pipeline to 2026-05-12 00:00:00+00:00, run_after=2026-05-13 00:00:00+00:00
[2026-05-12T06:39:16.098+0000] {processor.py:183} INFO - Processing /opt/airflow/dags/stackoverflow_migration_dag.py took 0.352 seconds
[2026-05-12T06:39:46.397+0000] {processor.py:161} INFO - Started process (PID=689) to work on /opt/airflow/dags/stackoverflow_migration_dag.py
[2026-05-12T06:39:46.400+0000] {processor.py:830} INFO - Processing file /opt/airflow/dags/stackoverflow_migration_dag.py for tasks to queue
[2026-05-12T06:39:46.403+0000] {logging_mixin.py:188} INFO - [2026-05-12T06:39:46.403+0000] {dagbag.py:545} INFO - Filling up the DagBag from /opt/airflow/dags/stackoverflow_migration_dag.py
[2026-05-12T06:39:46.468+0000] {processor.py:840} INFO - DAG(s) 'stackoverflow_medallion_pipeline' retrieved from /opt/airflow/dags/stackoverflow_migration_dag.py
[2026-05-12T06:39:46.572+0000] {logging_mixin.py:188} INFO - [2026-05-12T06:39:46.572+0000] {dag.py:3096} INFO - Sync 1 DAGs
[2026-05-12T06:39:46.645+0000] {logging_mixin.py:188} INFO - [2026-05-12T06:39:46.645+0000] {dag.py:3954} INFO - Setting next_dagrun for stackoverflow_medallion_pipeline to 2026-05-12 00:00:00+00:00, run_after=2026-05-13 00:00:00+00:00
[2026-05-12T06:39:46.756+0000] {processor.py:183} INFO - Processing /opt/airflow/dags/stackoverflow_migration_dag.py took 0.371 seconds
[2026-05-12T06:40:17.010+0000] {processor.py:161} INFO - Started process (PID=694) to work on /opt/airflow/dags/stackoverflow_migration_dag.py
[2026-05-12T06:40:17.012+0000] {processor.py:830} INFO - Processing file /opt/airflow/dags/stackoverflow_migration_dag.py for tasks to queue
[2026-05-12T06:40:17.015+0000] {logging_mixin.py:188} INFO - [2026-05-12T06:40:17.015+0000] {dagbag.py:545} INFO - Filling up the DagBag from /opt/airflow/dags/stackoverflow_migration_dag.py
[2026-05-12T06:40:17.064+0000] {processor.py:840} INFO - DAG(s) 'stackoverflow_medallion_pipeline' retrieved from /opt/airflow/dags/stackoverflow_migration_dag.py
[2026-05-12T06:40:17.168+0000] {logging_mixin.py:188} INFO - [2026-05-12T06:40:17.168+0000] {dag.py:3096} INFO - Sync 1 DAGs
[2026-05-12T06:40:17.236+0000] {logging_mixin.py:188} INFO - [2026-05-12T06:40:17.236+0000] {dag.py:3954} INFO - Setting next_dagrun for stackoverflow_medallion_pipeline to 2026-05-12 00:00:00+00:00, run_after=2026-05-13 00:00:00+00:00
[2026-05-12T06:40:17.293+0000] {processor.py:183} INFO - Processing /opt/airflow/dags/stackoverflow_migration_dag.py took 0.292 seconds
[2026-05-12T06:40:47.628+0000] {processor.py:161} INFO - Started process (PID=699) to work on /opt/airflow/dags/stackoverflow_migration_dag.py
[2026-05-12T06:40:47.631+0000] {processor.py:830} INFO - Processing file /opt/airflow/dags/stackoverflow_migration_dag.py for tasks to queue
[2026-05-12T06:40:47.635+0000] {logging_mixin.py:188} INFO - [2026-05-12T06:40:47.635+0000] {dagbag.py:545} INFO - Filling up the DagBag from /opt/airflow/dags/stackoverflow_migration_dag.py
[2026-05-12T06:40:47.692+0000] {processor.py:840} INFO - DAG(s) 'stackoverflow_medallion_pipeline' retrieved from /opt/airflow/dags/stackoverflow_migration_dag.py
[2026-05-12T06:40:47.801+0000] {logging_mixin.py:188} INFO - [2026-05-12T06:40:47.800+0000] {dag.py:3096} INFO - Sync 1 DAGs
[2026-05-12T06:40:47.872+0000] {logging_mixin.py:188} INFO - [2026-05-12T06:40:47.872+0000] {dag.py:3954} INFO - Setting next_dagrun for stackoverflow_medallion_pipeline to 2026-05-12 00:00:00+00:00, run_after=2026-05-13 00:00:00+00:00
[2026-05-12T06:40:47.931+0000] {processor.py:183} INFO - Processing /opt/airflow/dags/stackoverflow_migration_dag.py took 0.317 seconds
[2026-05-12T06:41:18.192+0000] {processor.py:161} INFO - Started process (PID=704) to work on /opt/airflow/dags/stackoverflow_migration_dag.py
[2026-05-12T06:41:18.194+0000] {processor.py:830} INFO - Processing file /opt/airflow/dags/stackoverflow_migration_dag.py for tasks to queue
[2026-05-12T06:41:18.197+0000] {logging_mixin.py:188} INFO - [2026-05-12T06:41:18.197+0000] {dagbag.py:545} INFO - Filling up the DagBag from /opt/airflow/dags/stackoverflow_migration_dag.py
[2026-05-12T06:41:18.242+0000] {processor.py:840} INFO - DAG(s) 'stackoverflow_medallion_pipeline' retrieved from /opt/airflow/dags/stackoverflow_migration_dag.py
[2026-05-12T06:41:18.343+0000] {logging_mixin.py:188} INFO - [2026-05-12T06:41:18.342+0000] {dag.py:3096} INFO - Sync 1 DAGs
[2026-05-12T06:41:18.411+0000] {logging_mixin.py:188} INFO - [2026-05-12T06:41:18.411+0000] {dag.py:3954} INFO - Setting next_dagrun for stackoverflow_medallion_pipeline to 2026-05-12 00:00:00+00:00, run_after=2026-05-13 00:00:00+00:00
[2026-05-12T06:41:18.464+0000] {processor.py:183} INFO - Processing /opt/airflow/dags/stackoverflow_migration_dag.py took 0.284 seconds
[2026-05-12T06:41:48.768+0000] {processor.py:161} INFO - Started process (PID=709) to work on /opt/airflow/dags/stackoverflow_migration_dag.py
[2026-05-12T06:41:48.770+0000] {processor.py:830} INFO - Processing file /opt/airflow/dags/stackoverflow_migration_dag.py for tasks to queue
[2026-05-12T06:41:48.773+0000] {logging_mixin.py:188} INFO - [2026-05-12T06:41:48.773+0000] {dagbag.py:545} INFO - Filling up the DagBag from /opt/airflow/dags/stackoverflow_migration_dag.py
[2026-05-12T06:41:48.815+0000] {processor.py:840} INFO - DAG(s) 'stackoverflow_medallion_pipeline' retrieved from /opt/airflow/dags/stackoverflow_migration_dag.py
[2026-05-12T06:41:48.917+0000] {logging_mixin.py:188} INFO - [2026-05-12T06:41:48.916+0000] {dag.py:3096} INFO - Sync 1 DAGs
[2026-05-12T06:41:48.980+0000] {logging_mixin.py:188} INFO - [2026-05-12T06:41:48.979+0000] {dag.py:3954} INFO - Setting next_dagrun for stackoverflow_medallion_pipeline to 2026-05-12 00:00:00+00:00, run_after=2026-05-13 00:00:00+00:00
[2026-05-12T06:41:49.095+0000] {processor.py:183} INFO - Processing /opt/airflow/dags/stackoverflow_migration_dag.py took 0.336 seconds
[2026-05-12T06:42:19.444+0000] {processor.py:161} INFO - Started process (PID=714) to work on /opt/airflow/dags/stackoverflow_migration_dag.py
[2026-05-12T06:42:19.448+0000] {processor.py:830} INFO - Processing file /opt/airflow/dags/stackoverflow_migration_dag.py for tasks to queue
[2026-05-12T06:42:19.455+0000] {logging_mixin.py:188} INFO - [2026-05-12T06:42:19.454+0000] {dagbag.py:545} INFO - Filling up the DagBag from /opt/airflow/dags/stackoverflow_migration_dag.py
[2026-05-12T06:42:19.530+0000] {processor.py:840} INFO - DAG(s) 'stackoverflow_medallion_pipeline' retrieved from /opt/airflow/dags/stackoverflow_migration_dag.py
[2026-05-12T06:42:19.667+0000] {logging_mixin.py:188} INFO - [2026-05-12T06:42:19.667+0000] {dag.py:3096} INFO - Sync 1 DAGs
[2026-05-12T06:42:19.756+0000] {logging_mixin.py:188} INFO - [2026-05-12T06:42:19.755+0000] {dag.py:3954} INFO - Setting next_dagrun for stackoverflow_medallion_pipeline to 2026-05-12 00:00:00+00:00, run_after=2026-05-13 00:00:00+00:00
[2026-05-12T06:42:19.819+0000] {processor.py:183} INFO - Processing /opt/airflow/dags/stackoverflow_migration_dag.py took 0.398 seconds
[2026-05-12T06:42:50.102+0000] {processor.py:161} INFO - Started process (PID=719) to work on /opt/airflow/dags/stackoverflow_migration_dag.py
[2026-05-12T06:42:50.104+0000] {processor.py:830} INFO - Processing file /opt/airflow/dags/stackoverflow_migration_dag.py for tasks to queue
[2026-05-12T06:42:50.108+0000] {logging_mixin.py:188} INFO - [2026-05-12T06:42:50.107+0000] {dagbag.py:545} INFO - Filling up the DagBag from /opt/airflow/dags/stackoverflow_migration_dag.py
[2026-05-12T06:42:50.148+0000] {processor.py:840} INFO - DAG(s) 'stackoverflow_medallion_pipeline' retrieved from /opt/airflow/dags/stackoverflow_migration_dag.py
[2026-05-12T06:42:50.243+0000] {logging_mixin.py:188} INFO - [2026-05-12T06:42:50.242+0000] {dag.py:3096} INFO - Sync 1 DAGs
[2026-05-12T06:42:50.313+0000] {logging_mixin.py:188} INFO - [2026-05-12T06:42:50.312+0000] {dag.py:3954} INFO - Setting next_dagrun for stackoverflow_medallion_pipeline to 2026-05-12 00:00:00+00:00, run_after=2026-05-13 00:00:00+00:00
[2026-05-12T06:42:50.368+0000] {processor.py:183} INFO - Processing /opt/airflow/dags/stackoverflow_migration_dag.py took 0.277 seconds
[2026-05-12T06:43:20.640+0000] {processor.py:161} INFO - Started process (PID=724) to work on /opt/airflow/dags/stackoverflow_migration_dag.py
[2026-05-12T06:43:20.642+0000] {processor.py:830} INFO - Processing file /opt/airflow/dags/stackoverflow_migration_dag.py for tasks to queue
[2026-05-12T06:43:20.647+0000] {logging_mixin.py:188} INFO - [2026-05-12T06:43:20.646+0000] {dagbag.py:545} INFO - Filling up the DagBag from /opt/airflow/dags/stackoverflow_migration_dag.py
[2026-05-12T06:43:20.699+0000] {processor.py:840} INFO - DAG(s) 'stackoverflow_medallion_pipeline' retrieved from /opt/airflow/dags/stackoverflow_migration_dag.py
[2026-05-12T06:43:20.803+0000] {logging_mixin.py:188} INFO - [2026-05-12T06:43:20.803+0000] {dag.py:3096} INFO - Sync 1 DAGs
[2026-05-12T06:43:20.873+0000] {logging_mixin.py:188} INFO - [2026-05-12T06:43:20.873+0000] {dag.py:3954} INFO - Setting next_dagrun for stackoverflow_medallion_pipeline to 2026-05-12 00:00:00+00:00, run_after=2026-05-13 00:00:00+00:00
[2026-05-12T06:43:20.930+0000] {processor.py:183} INFO - Processing /opt/airflow/dags/stackoverflow_migration_dag.py took 0.302 seconds
[2026-05-12T06:43:51.227+0000] {processor.py:161} INFO - Started process (PID=729) to work on /opt/airflow/dags/stackoverflow_migration_dag.py
[2026-05-12T06:43:51.230+0000] {processor.py:830} INFO - Processing file /opt/airflow/dags/stackoverflow_migration_dag.py for tasks to queue
[2026-05-12T06:43:51.235+0000] {logging_mixin.py:188} INFO - [2026-05-12T06:43:51.234+0000] {dagbag.py:545} INFO - Filling up the DagBag from /opt/airflow/dags/stackoverflow_migration_dag.py
[2026-05-12T06:43:51.319+0000] {processor.py:840} INFO - DAG(s) 'stackoverflow_medallion_pipeline' retrieved from /opt/airflow/dags/stackoverflow_migration_dag.py
[2026-05-12T06:43:51.498+0000] {logging_mixin.py:188} INFO - [2026-05-12T06:43:51.497+0000] {dag.py:3096} INFO - Sync 1 DAGs
[2026-05-12T06:43:51.619+0000] {logging_mixin.py:188} INFO - [2026-05-12T06:43:51.619+0000] {dag.py:3954} INFO - Setting next_dagrun for stackoverflow_medallion_pipeline to 2026-05-12 00:00:00+00:00, run_after=2026-05-13 00:00:00+00:00
[2026-05-12T06:43:51.716+0000] {processor.py:183} INFO - Processing /opt/airflow/dags/stackoverflow_migration_dag.py took 0.509 seconds
[2026-05-12T06:44:22.113+0000] {processor.py:161} INFO - Started process (PID=734) to work on /opt/airflow/dags/stackoverflow_migration_dag.py
[2026-05-12T06:44:22.115+0000] {processor.py:830} INFO - Processing file /opt/airflow/dags/stackoverflow_migration_dag.py for tasks to queue
[2026-05-12T06:44:22.118+0000] {logging_mixin.py:188} INFO - [2026-05-12T06:44:22.118+0000] {dagbag.py:545} INFO - Filling up the DagBag from /opt/airflow/dags/stackoverflow_migration_dag.py
[2026-05-12T06:44:22.164+0000] {processor.py:840} INFO - DAG(s) 'stackoverflow_medallion_pipeline' retrieved from /opt/airflow/dags/stackoverflow_migration_dag.py
[2026-05-12T06:44:22.268+0000] {logging_mixin.py:188} INFO - [2026-05-12T06:44:22.268+0000] {dag.py:3096} INFO - Sync 1 DAGs
[2026-05-12T06:44:22.341+0000] {logging_mixin.py:188} INFO - [2026-05-12T06:44:22.341+0000] {dag.py:3954} INFO - Setting next_dagrun for stackoverflow_medallion_pipeline to 2026-05-12 00:00:00+00:00, run_after=2026-05-13 00:00:00+00:00
[2026-05-12T06:44:22.397+0000] {processor.py:183} INFO - Processing /opt/airflow/dags/stackoverflow_migration_dag.py took 0.294 seconds
[2026-05-12T06:44:52.726+0000] {processor.py:161} INFO - Started process (PID=739) to work on /opt/airflow/dags/stackoverflow_migration_dag.py
[2026-05-12T06:44:52.728+0000] {processor.py:830} INFO - Processing file /opt/airflow/dags/stackoverflow_migration_dag.py for tasks to queue
[2026-05-12T06:44:52.731+0000] {logging_mixin.py:188} INFO - [2026-05-12T06:44:52.731+0000] {dagbag.py:545} INFO - Filling up the DagBag from /opt/airflow/dags/stackoverflow_migration_dag.py
[2026-05-12T06:44:52.775+0000] {processor.py:840} INFO - DAG(s) 'stackoverflow_medallion_pipeline' retrieved from /opt/airflow/dags/stackoverflow_migration_dag.py
[2026-05-12T06:44:52.887+0000] {logging_mixin.py:188} INFO - [2026-05-12T06:44:52.886+0000] {dag.py:3096} INFO - Sync 1 DAGs
[2026-05-12T06:44:52.963+0000] {logging_mixin.py:188} INFO - [2026-05-12T06:44:52.963+0000] {dag.py:3954} INFO - Setting next_dagrun for stackoverflow_medallion_pipeline to 2026-05-12 00:00:00+00:00, run_after=2026-05-13 00:00:00+00:00
[2026-05-12T06:44:53.018+0000] {processor.py:183} INFO - Processing /opt/airflow/dags/stackoverflow_migration_dag.py took 0.302 seconds
[2026-05-12T06:45:23.284+0000] {processor.py:161} INFO - Started process (PID=744) to work on /opt/airflow/dags/stackoverflow_migration_dag.py
[2026-05-12T06:45:23.286+0000] {processor.py:830} INFO - Processing file /opt/airflow/dags/stackoverflow_migration_dag.py for tasks to queue
[2026-05-12T06:45:23.290+0000] {logging_mixin.py:188} INFO - [2026-05-12T06:45:23.290+0000] {dagbag.py:545} INFO - Filling up the DagBag from /opt/airflow/dags/stackoverflow_migration_dag.py
[2026-05-12T06:45:23.340+0000] {processor.py:840} INFO - DAG(s) 'stackoverflow_medallion_pipeline' retrieved from /opt/airflow/dags/stackoverflow_migration_dag.py
[2026-05-12T06:45:23.439+0000] {logging_mixin.py:188} INFO - [2026-05-12T06:45:23.439+0000] {dag.py:3096} INFO - Sync 1 DAGs
[2026-05-12T06:45:23.506+0000] {logging_mixin.py:188} INFO - [2026-05-12T06:45:23.506+0000] {dag.py:3954} INFO - Setting next_dagrun for stackoverflow_medallion_pipeline to 2026-05-12 00:00:00+00:00, run_after=2026-05-13 00:00:00+00:00
[2026-05-12T06:45:23.560+0000] {processor.py:183} INFO - Processing /opt/airflow/dags/stackoverflow_migration_dag.py took 0.286 seconds
[2026-05-12T06:45:53.826+0000] {processor.py:161} INFO - Started process (PID=749) to work on /opt/airflow/dags/stackoverflow_migration_dag.py
[2026-05-12T06:45:53.828+0000] {processor.py:830} INFO - Processing file /opt/airflow/dags/stackoverflow_migration_dag.py for tasks to queue
[2026-05-12T06:45:53.831+0000] {logging_mixin.py:188} INFO - [2026-05-12T06:45:53.830+0000] {dagbag.py:545} INFO - Filling up the DagBag from /opt/airflow/dags/stackoverflow_migration_dag.py
[2026-05-12T06:45:53.878+0000] {processor.py:840} INFO - DAG(s) 'stackoverflow_medallion_pipeline' retrieved from /opt/airflow/dags/stackoverflow_migration_dag.py
[2026-05-12T06:45:53.982+0000] {logging_mixin.py:188} INFO - [2026-05-12T06:45:53.981+0000] {dag.py:3096} INFO - Sync 1 DAGs
[2026-05-12T06:45:54.057+0000] {logging_mixin.py:188} INFO - [2026-05-12T06:45:54.057+0000] {dag.py:3954} INFO - Setting next_dagrun for stackoverflow_medallion_pipeline to 2026-05-12 00:00:00+00:00, run_after=2026-05-13 00:00:00+00:00
[2026-05-12T06:45:54.114+0000] {processor.py:183} INFO - Processing /opt/airflow/dags/stackoverflow_migration_dag.py took 0.297 seconds
[2026-05-12T06:46:24.383+0000] {processor.py:161} INFO - Started process (PID=754) to work on /opt/airflow/dags/stackoverflow_migration_dag.py
[2026-05-12T06:46:24.385+0000] {processor.py:830} INFO - Processing file /opt/airflow/dags/stackoverflow_migration_dag.py for tasks to queue
[2026-05-12T06:46:24.390+0000] {logging_mixin.py:188} INFO - [2026-05-12T06:46:24.389+0000] {dagbag.py:545} INFO - Filling up the DagBag from /opt/airflow/dags/stackoverflow_migration_dag.py
[2026-05-12T06:46:24.440+0000] {processor.py:840} INFO - DAG(s) 'stackoverflow_medallion_pipeline' retrieved from /opt/airflow/dags/stackoverflow_migration_dag.py
[2026-05-12T06:46:24.555+0000] {logging_mixin.py:188} INFO - [2026-05-12T06:46:24.555+0000] {dag.py:3096} INFO - Sync 1 DAGs
[2026-05-12T06:46:24.634+0000] {logging_mixin.py:188} INFO - [2026-05-12T06:46:24.633+0000] {dag.py:3954} INFO - Setting next_dagrun for stackoverflow_medallion_pipeline to 2026-05-12 00:00:00+00:00, run_after=2026-05-13 00:00:00+00:00
[2026-05-12T06:46:24.694+0000] {processor.py:183} INFO - Processing /opt/airflow/dags/stackoverflow_migration_dag.py took 0.321 seconds
[2026-05-12T06:46:54.954+0000] {processor.py:161} INFO - Started process (PID=759) to work on /opt/airflow/dags/stackoverflow_migration_dag.py
[2026-05-12T06:46:54.956+0000] {processor.py:830} INFO - Processing file /opt/airflow/dags/stackoverflow_migration_dag.py for tasks to queue
[2026-05-12T06:46:54.959+0000] {logging_mixin.py:188} INFO - [2026-05-12T06:46:54.959+0000] {dagbag.py:545} INFO - Filling up the DagBag from /opt/airflow/dags/stackoverflow_migration_dag.py
[2026-05-12T06:46:55.003+0000] {processor.py:840} INFO - DAG(s) 'stackoverflow_medallion_pipeline' retrieved from /opt/airflow/dags/stackoverflow_migration_dag.py
[2026-05-12T06:46:55.102+0000] {logging_mixin.py:188} INFO - [2026-05-12T06:46:55.102+0000] {dag.py:3096} INFO - Sync 1 DAGs
[2026-05-12T06:46:55.169+0000] {logging_mixin.py:188} INFO - [2026-05-12T06:46:55.169+0000] {dag.py:3954} INFO - Setting next_dagrun for stackoverflow_medallion_pipeline to 2026-05-12 00:00:00+00:00, run_after=2026-05-13 00:00:00+00:00
[2026-05-12T06:46:55.218+0000] {processor.py:183} INFO - Processing /opt/airflow/dags/stackoverflow_migration_dag.py took 0.274 seconds
[2026-05-12T06:47:25.491+0000] {processor.py:161} INFO - Started process (PID=764) to work on /opt/airflow/dags/stackoverflow_migration_dag.py
[2026-05-12T06:47:25.493+0000] {processor.py:830} INFO - Processing file /opt/airflow/dags/stackoverflow_migration_dag.py for tasks to queue
[2026-05-12T06:47:25.497+0000] {logging_mixin.py:188} INFO - [2026-05-12T06:47:25.496+0000] {dagbag.py:545} INFO - Filling up the DagBag from /opt/airflow/dags/stackoverflow_migration_dag.py
[2026-05-12T06:47:25.558+0000] {processor.py:840} INFO - DAG(s) 'stackoverflow_medallion_pipeline' retrieved from /opt/airflow/dags/stackoverflow_migration_dag.py
[2026-05-12T06:47:25.675+0000] {logging_mixin.py:188} INFO - [2026-05-12T06:47:25.675+0000] {dag.py:3096} INFO - Sync 1 DAGs
[2026-05-12T06:47:25.771+0000] {logging_mixin.py:188} INFO - [2026-05-12T06:47:25.771+0000] {dag.py:3954} INFO - Setting next_dagrun for stackoverflow_medallion_pipeline to 2026-05-12 00:00:00+00:00, run_after=2026-05-13 00:00:00+00:00
[2026-05-12T06:47:25.834+0000] {processor.py:183} INFO - Processing /opt/airflow/dags/stackoverflow_migration_dag.py took 0.356 seconds
[2026-05-12T06:47:56.127+0000] {processor.py:161} INFO - Started process (PID=769) to work on /opt/airflow/dags/stackoverflow_migration_dag.py
[2026-05-12T06:47:56.129+0000] {processor.py:830} INFO - Processing file /opt/airflow/dags/stackoverflow_migration_dag.py for tasks to queue
[2026-05-12T06:47:56.132+0000] {logging_mixin.py:188} INFO - [2026-05-12T06:47:56.131+0000] {dagbag.py:545} INFO - Filling up the DagBag from /opt/airflow/dags/stackoverflow_migration_dag.py
[2026-05-12T06:47:56.179+0000] {processor.py:840} INFO - DAG(s) 'stackoverflow_medallion_pipeline' retrieved from /opt/airflow/dags/stackoverflow_migration_dag.py
[2026-05-12T06:47:56.300+0000] {logging_mixin.py:188} INFO - [2026-05-12T06:47:56.300+0000] {dag.py:3096} INFO - Sync 1 DAGs
[2026-05-12T06:47:56.384+0000] {logging_mixin.py:188} INFO - [2026-05-12T06:47:56.383+0000] {dag.py:3954} INFO - Setting next_dagrun for stackoverflow_medallion_pipeline to 2026-05-12 00:00:00+00:00, run_after=2026-05-13 00:00:00+00:00
[2026-05-12T06:47:56.453+0000] {processor.py:183} INFO - Processing /opt/airflow/dags/stackoverflow_migration_dag.py took 0.336 seconds
[2026-05-12T06:48:26.750+0000] {processor.py:161} INFO - Started process (PID=774) to work on /opt/airflow/dags/stackoverflow_migration_dag.py
[2026-05-12T06:48:26.752+0000] {processor.py:830} INFO - Processing file /opt/airflow/dags/stackoverflow_migration_dag.py for tasks to queue
[2026-05-12T06:48:26.755+0000] {logging_mixin.py:188} INFO - [2026-05-12T06:48:26.755+0000] {dagbag.py:545} INFO - Filling up the DagBag from /opt/airflow/dags/stackoverflow_migration_dag.py
[2026-05-12T06:48:26.805+0000] {processor.py:840} INFO - DAG(s) 'stackoverflow_medallion_pipeline' retrieved from /opt/airflow/dags/stackoverflow_migration_dag.py
[2026-05-12T06:48:26.931+0000] {logging_mixin.py:188} INFO - [2026-05-12T06:48:26.930+0000] {dag.py:3096} INFO - Sync 1 DAGs
[2026-05-12T06:48:27.002+0000] {logging_mixin.py:188} INFO - [2026-05-12T06:48:27.002+0000] {dag.py:3954} INFO - Setting next_dagrun for stackoverflow_medallion_pipeline to 2026-05-12 00:00:00+00:00, run_after=2026-05-13 00:00:00+00:00
[2026-05-12T06:48:27.056+0000] {processor.py:183} INFO - Processing /opt/airflow/dags/stackoverflow_migration_dag.py took 0.319 seconds
[2026-05-12T06:48:57.162+0000] {processor.py:161} INFO - Started process (PID=779) to work on /opt/airflow/dags/stackoverflow_migration_dag.py
[2026-05-12T06:48:57.164+0000] {processor.py:830} INFO - Processing file /opt/airflow/dags/stackoverflow_migration_dag.py for tasks to queue
[2026-05-12T06:48:57.168+0000] {logging_mixin.py:188} INFO - [2026-05-12T06:48:57.167+0000] {dagbag.py:545} INFO - Filling up the DagBag from /opt/airflow/dags/stackoverflow_migration_dag.py
[2026-05-12T06:48:57.212+0000] {processor.py:840} INFO - DAG(s) 'stackoverflow_medallion_pipeline' retrieved from /opt/airflow/dags/stackoverflow_migration_dag.py
[2026-05-12T06:48:57.326+0000] {logging_mixin.py:188} INFO - [2026-05-12T06:48:57.325+0000] {dag.py:3096} INFO - Sync 1 DAGs
[2026-05-12T06:48:57.394+0000] {logging_mixin.py:188} INFO - [2026-05-12T06:48:57.393+0000] {dag.py:3954} INFO - Setting next_dagrun for stackoverflow_medallion_pipeline to 2026-05-12 00:00:00+00:00, run_after=2026-05-13 00:00:00+00:00
[2026-05-12T06:48:57.446+0000] {processor.py:183} INFO - Processing /opt/airflow/dags/stackoverflow_migration_dag.py took 0.292 seconds
[2026-05-12T06:49:27.715+0000] {processor.py:161} INFO - Started process (PID=784) to work on /opt/airflow/dags/stackoverflow_migration_dag.py
[2026-05-12T06:49:27.717+0000] {processor.py:830} INFO - Processing file /opt/airflow/dags/stackoverflow_migration_dag.py for tasks to queue
[2026-05-12T06:49:27.720+0000] {logging_mixin.py:188} INFO - [2026-05-12T06:49:27.720+0000] {dagbag.py:545} INFO - Filling up the DagBag from /opt/airflow/dags/stackoverflow_migration_dag.py
[2026-05-12T06:49:27.774+0000] {processor.py:840} INFO - DAG(s) 'stackoverflow_medallion_pipeline' retrieved from /opt/airflow/dags/stackoverflow_migration_dag.py
[2026-05-12T06:49:27.895+0000] {logging_mixin.py:188} INFO - [2026-05-12T06:49:27.894+0000] {dag.py:3096} INFO - Sync 1 DAGs
[2026-05-12T06:49:27.994+0000] {logging_mixin.py:188} INFO - [2026-05-12T06:49:27.993+0000] {dag.py:3954} INFO - Setting next_dagrun for stackoverflow_medallion_pipeline to 2026-05-12 00:00:00+00:00, run_after=2026-05-13 00:00:00+00:00
[2026-05-12T06:49:28.059+0000] {processor.py:183} INFO - Processing /opt/airflow/dags/stackoverflow_migration_dag.py took 0.356 seconds
[2026-05-12T06:49:58.323+0000] {processor.py:161} INFO - Started process (PID=789) to work on /opt/airflow/dags/stackoverflow_migration_dag.py
[2026-05-12T06:49:58.325+0000] {processor.py:830} INFO - Processing file /opt/airflow/dags/stackoverflow_migration_dag.py for tasks to queue
[2026-05-12T06:49:58.328+0000] {logging_mixin.py:188} INFO - [2026-05-12T06:49:58.328+0000] {dagbag.py:545} INFO - Filling up the DagBag from /opt/airflow/dags/stackoverflow_migration_dag.py
[2026-05-12T06:49:58.372+0000] {processor.py:840} INFO - DAG(s) 'stackoverflow_medallion_pipeline' retrieved from /opt/airflow/dags/stackoverflow_migration_dag.py
[2026-05-12T06:49:58.466+0000] {logging_mixin.py:188} INFO - [2026-05-12T06:49:58.466+0000] {dag.py:3096} INFO - Sync 1 DAGs
[2026-05-12T06:49:58.537+0000] {logging_mixin.py:188} INFO - [2026-05-12T06:49:58.536+0000] {dag.py:3954} INFO - Setting next_dagrun for stackoverflow_medallion_pipeline to 2026-05-12 00:00:00+00:00, run_after=2026-05-13 00:00:00+00:00
[2026-05-12T06:49:58.587+0000] {processor.py:183} INFO - Processing /opt/airflow/dags/stackoverflow_migration_dag.py took 0.273 seconds
[2026-05-12T06:50:28.864+0000] {processor.py:161} INFO - Started process (PID=794) to work on /opt/airflow/dags/stackoverflow_migration_dag.py
[2026-05-12T06:50:28.867+0000] {processor.py:830} INFO - Processing file /opt/airflow/dags/stackoverflow_migration_dag.py for tasks to queue
[2026-05-12T06:50:28.871+0000] {logging_mixin.py:188} INFO - [2026-05-12T06:50:28.870+0000] {dagbag.py:545} INFO - Filling up the DagBag from /opt/airflow/dags/stackoverflow_migration_dag.py
[2026-05-12T06:50:28.924+0000] {processor.py:840} INFO - DAG(s) 'stackoverflow_medallion_pipeline' retrieved from /opt/airflow/dags/stackoverflow_migration_dag.py
[2026-05-12T06:50:29.047+0000] {logging_mixin.py:188} INFO - [2026-05-12T06:50:29.047+0000] {dag.py:3096} INFO - Sync 1 DAGs
[2026-05-12T06:50:29.122+0000] {logging_mixin.py:188} INFO - [2026-05-12T06:50:29.121+0000] {dag.py:3954} INFO - Setting next_dagrun for stackoverflow_medallion_pipeline to 2026-05-12 00:00:00+00:00, run_after=2026-05-13 00:00:00+00:00
[2026-05-12T06:50:29.179+0000] {processor.py:183} INFO - Processing /opt/airflow/dags/stackoverflow_migration_dag.py took 0.330 seconds
[2026-05-12T06:50:59.434+0000] {processor.py:161} INFO - Started process (PID=799) to work on /opt/airflow/dags/stackoverflow_migration_dag.py
[2026-05-12T06:50:59.436+0000] {processor.py:830} INFO - Processing file /opt/airflow/dags/stackoverflow_migration_dag.py for tasks to queue
[2026-05-12T06:50:59.439+0000] {logging_mixin.py:188} INFO - [2026-05-12T06:50:59.438+0000] {dagbag.py:545} INFO - Filling up the DagBag from /opt/airflow/dags/stackoverflow_migration_dag.py
[2026-05-12T06:50:59.479+0000] {processor.py:840} INFO - DAG(s) 'stackoverflow_medallion_pipeline' retrieved from /opt/airflow/dags/stackoverflow_migration_dag.py
[2026-05-12T06:50:59.582+0000] {logging_mixin.py:188} INFO - [2026-05-12T06:50:59.581+0000] {dag.py:3096} INFO - Sync 1 DAGs
[2026-05-12T06:50:59.660+0000] {logging_mixin.py:188} INFO - [2026-05-12T06:50:59.660+0000] {dag.py:3954} INFO - Setting next_dagrun for stackoverflow_medallion_pipeline to 2026-05-12 00:00:00+00:00, run_after=2026-05-13 00:00:00+00:00
[2026-05-12T06:50:59.724+0000] {processor.py:183} INFO - Processing /opt/airflow/dags/stackoverflow_migration_dag.py took 0.299 seconds
[2026-05-12T06:51:29.985+0000] {processor.py:161} INFO - Started process (PID=804) to work on /opt/airflow/dags/stackoverflow_migration_dag.py
[2026-05-12T06:51:29.987+0000] {processor.py:830} INFO - Processing file /opt/airflow/dags/stackoverflow_migration_dag.py for tasks to queue
[2026-05-12T06:51:29.990+0000] {logging_mixin.py:188} INFO - [2026-05-12T06:51:29.990+0000] {dagbag.py:545} INFO - Filling up the DagBag from /opt/airflow/dags/stackoverflow_migration_dag.py
[2026-05-12T06:51:30.033+0000] {processor.py:840} INFO - DAG(s) 'stackoverflow_medallion_pipeline' retrieved from /opt/airflow/dags/stackoverflow_migration_dag.py
[2026-05-12T06:51:30.125+0000] {logging_mixin.py:188} INFO - [2026-05-12T06:51:30.124+0000] {dag.py:3096} INFO - Sync 1 DAGs
[2026-05-12T06:51:30.191+0000] {logging_mixin.py:188} INFO - [2026-05-12T06:51:30.190+0000] {dag.py:3954} INFO - Setting next_dagrun for stackoverflow_medallion_pipeline to 2026-05-12 00:00:00+00:00, run_after=2026-05-13 00:00:00+00:00
[2026-05-12T06:51:30.246+0000] {processor.py:183} INFO - Processing /opt/airflow/dags/stackoverflow_migration_dag.py took 0.270 seconds
[2026-05-12T06:52:00.496+0000] {processor.py:161} INFO - Started process (PID=809) to work on /opt/airflow/dags/stackoverflow_migration_dag.py
[2026-05-12T06:52:00.498+0000] {processor.py:830} INFO - Processing file /opt/airflow/dags/stackoverflow_migration_dag.py for tasks to queue
[2026-05-12T06:52:00.502+0000] {logging_mixin.py:188} INFO - [2026-05-12T06:52:00.501+0000] {dagbag.py:545} INFO - Filling up the DagBag from /opt/airflow/dags/stackoverflow_migration_dag.py
[2026-05-12T06:52:00.549+0000] {processor.py:840} INFO - DAG(s) 'stackoverflow_medallion_pipeline' retrieved from /opt/airflow/dags/stackoverflow_migration_dag.py
[2026-05-12T06:52:00.664+0000] {logging_mixin.py:188} INFO - [2026-05-12T06:52:00.664+0000] {dag.py:3096} INFO - Sync 1 DAGs
[2026-05-12T06:52:00.746+0000] {logging_mixin.py:188} INFO - [2026-05-12T06:52:00.745+0000] {dag.py:3954} INFO - Setting next_dagrun for stackoverflow_medallion_pipeline to 2026-05-12 00:00:00+00:00, run_after=2026-05-13 00:00:00+00:00
[2026-05-12T06:52:00.805+0000] {processor.py:183} INFO - Processing /opt/airflow/dags/stackoverflow_migration_dag.py took 0.317 seconds
[2026-05-12T06:52:31.077+0000] {processor.py:161} INFO - Started process (PID=814) to work on /opt/airflow/dags/stackoverflow_migration_dag.py
[2026-05-12T06:52:31.078+0000] {processor.py:830} INFO - Processing file /opt/airflow/dags/stackoverflow_migration_dag.py for tasks to queue
[2026-05-12T06:52:31.082+0000] {logging_mixin.py:188} INFO - [2026-05-12T06:52:31.081+0000] {dagbag.py:545} INFO - Filling up the DagBag from /opt/airflow/dags/stackoverflow_migration_dag.py
[2026-05-12T06:52:31.135+0000] {processor.py:840} INFO - DAG(s) 'stackoverflow_medallion_pipeline' retrieved from /opt/airflow/dags/stackoverflow_migration_dag.py
[2026-05-12T06:52:31.241+0000] {logging_mixin.py:188} INFO - [2026-05-12T06:52:31.241+0000] {dag.py:3096} INFO - Sync 1 DAGs
[2026-05-12T06:52:31.318+0000] {logging_mixin.py:188} INFO - [2026-05-12T06:52:31.317+0000] {dag.py:3954} INFO - Setting next_dagrun for stackoverflow_medallion_pipeline to 2026-05-12 00:00:00+00:00, run_after=2026-05-13 00:00:00+00:00
[2026-05-12T06:52:31.390+0000] {processor.py:183} INFO - Processing /opt/airflow/dags/stackoverflow_migration_dag.py took 0.325 seconds
[2026-05-12T06:53:01.819+0000] {processor.py:161} INFO - Started process (PID=819) to work on /opt/airflow/dags/stackoverflow_migration_dag.py
[2026-05-12T06:53:01.822+0000] {processor.py:830} INFO - Processing file /opt/airflow/dags/stackoverflow_migration_dag.py for tasks to queue
[2026-05-12T06:53:01.826+0000] {logging_mixin.py:188} INFO - [2026-05-12T06:53:01.826+0000] {dagbag.py:545} INFO - Filling up the DagBag from /opt/airflow/dags/stackoverflow_migration_dag.py
[2026-05-12T06:53:01.900+0000] {processor.py:840} INFO - DAG(s) 'stackoverflow_medallion_pipeline' retrieved from /opt/airflow/dags/stackoverflow_migration_dag.py
[2026-05-12T06:53:02.077+0000] {logging_mixin.py:188} INFO - [2026-05-12T06:53:02.076+0000] {dag.py:3096} INFO - Sync 1 DAGs
[2026-05-12T06:53:02.193+0000] {logging_mixin.py:188} INFO - [2026-05-12T06:53:02.192+0000] {dag.py:3954} INFO - Setting next_dagrun for stackoverflow_medallion_pipeline to 2026-05-12 00:00:00+00:00, run_after=2026-05-13 00:00:00+00:00
[2026-05-12T06:53:02.277+0000] {processor.py:183} INFO - Processing /opt/airflow/dags/stackoverflow_migration_dag.py took 0.473 seconds
[2026-05-12T06:53:32.535+0000] {processor.py:161} INFO - Started process (PID=824) to work on /opt/airflow/dags/stackoverflow_migration_dag.py
[2026-05-12T06:53:32.537+0000] {processor.py:830} INFO - Processing file /opt/airflow/dags/stackoverflow_migration_dag.py for tasks to queue
[2026-05-12T06:53:32.540+0000] {logging_mixin.py:188} INFO - [2026-05-12T06:53:32.540+0000] {dagbag.py:545} INFO - Filling up the DagBag from /opt/airflow/dags/stackoverflow_migration_dag.py
[2026-05-12T06:53:32.585+0000] {processor.py:840} INFO - DAG(s) 'stackoverflow_medallion_pipeline' retrieved from /opt/airflow/dags/stackoverflow_migration_dag.py
[2026-05-12T06:53:32.676+0000] {logging_mixin.py:188} INFO - [2026-05-12T06:53:32.675+0000] {dag.py:3096} INFO - Sync 1 DAGs
[2026-05-12T06:53:32.738+0000] {logging_mixin.py:188} INFO - [2026-05-12T06:53:32.738+0000] {dag.py:3954} INFO - Setting next_dagrun for stackoverflow_medallion_pipeline to 2026-05-12 00:00:00+00:00, run_after=2026-05-13 00:00:00+00:00
[2026-05-12T06:53:32.788+0000] {processor.py:183} INFO - Processing /opt/airflow/dags/stackoverflow_migration_dag.py took 0.264 seconds
[2026-05-12T06:54:03.052+0000] {processor.py:161} INFO - Started process (PID=829) to work on /opt/airflow/dags/stackoverflow_migration_dag.py
[2026-05-12T06:54:03.054+0000] {processor.py:830} INFO - Processing file /opt/airflow/dags/stackoverflow_migration_dag.py for tasks to queue
[2026-05-12T06:54:03.061+0000] {logging_mixin.py:188} INFO - [2026-05-12T06:54:03.060+0000] {dagbag.py:545} INFO - Filling up the DagBag from /opt/airflow/dags/stackoverflow_migration_dag.py
[2026-05-12T06:54:03.114+0000] {processor.py:840} INFO - DAG(s) 'stackoverflow_medallion_pipeline' retrieved from /opt/airflow/dags/stackoverflow_migration_dag.py
[2026-05-12T06:54:03.227+0000] {logging_mixin.py:188} INFO - [2026-05-12T06:54:03.227+0000] {dag.py:3096} INFO - Sync 1 DAGs
[2026-05-12T06:54:03.318+0000] {logging_mixin.py:188} INFO - [2026-05-12T06:54:03.317+0000] {dag.py:3954} INFO - Setting next_dagrun for stackoverflow_medallion_pipeline to 2026-05-12 00:00:00+00:00, run_after=2026-05-13 00:00:00+00:00
[2026-05-12T06:54:03.382+0000] {processor.py:183} INFO - Processing /opt/airflow/dags/stackoverflow_migration_dag.py took 0.348 seconds
[2026-05-12T06:54:33.639+0000] {processor.py:161} INFO - Started process (PID=834) to work on /opt/airflow/dags/stackoverflow_migration_dag.py
[2026-05-12T06:54:33.641+0000] {processor.py:830} INFO - Processing file /opt/airflow/dags/stackoverflow_migration_dag.py for tasks to queue
[2026-05-12T06:54:33.644+0000] {logging_mixin.py:188} INFO - [2026-05-12T06:54:33.644+0000] {dagbag.py:545} INFO - Filling up the DagBag from /opt/airflow/dags/stackoverflow_migration_dag.py
[2026-05-12T06:54:33.686+0000] {processor.py:840} INFO - DAG(s) 'stackoverflow_medallion_pipeline' retrieved from /opt/airflow/dags/stackoverflow_migration_dag.py
[2026-05-12T06:54:33.772+0000] {logging_mixin.py:188} INFO - [2026-05-12T06:54:33.772+0000] {dag.py:3096} INFO - Sync 1 DAGs
[2026-05-12T06:54:33.832+0000] {logging_mixin.py:188} INFO - [2026-05-12T06:54:33.832+0000] {dag.py:3954} INFO - Setting next_dagrun for stackoverflow_medallion_pipeline to 2026-05-12 00:00:00+00:00, run_after=2026-05-13 00:00:00+00:00
[2026-05-12T06:54:33.879+0000] {processor.py:183} INFO - Processing /opt/airflow/dags/stackoverflow_migration_dag.py took 0.251 seconds
[2026-05-12T06:55:04.125+0000] {processor.py:161} INFO - Started process (PID=839) to work on /opt/airflow/dags/stackoverflow_migration_dag.py
[2026-05-12T06:55:04.127+0000] {processor.py:830} INFO - Processing file /opt/airflow/dags/stackoverflow_migration_dag.py for tasks to queue
[2026-05-12T06:55:04.130+0000] {logging_mixin.py:188} INFO - [2026-05-12T06:55:04.129+0000] {dagbag.py:545} INFO - Filling up the DagBag from /opt/airflow/dags/stackoverflow_migration_dag.py
[2026-05-12T06:55:04.171+0000] {processor.py:840} INFO - DAG(s) 'stackoverflow_medallion_pipeline' retrieved from /opt/airflow/dags/stackoverflow_migration_dag.py
[2026-05-12T06:55:04.253+0000] {logging_mixin.py:188} INFO - [2026-05-12T06:55:04.252+0000] {dag.py:3096} INFO - Sync 1 DAGs
[2026-05-12T06:55:04.317+0000] {logging_mixin.py:188} INFO - [2026-05-12T06:55:04.316+0000] {dag.py:3954} INFO - Setting next_dagrun for stackoverflow_medallion_pipeline to 2026-05-12 00:00:00+00:00, run_after=2026-05-13 00:00:00+00:00
[2026-05-12T06:55:04.371+0000] {processor.py:183} INFO - Processing /opt/airflow/dags/stackoverflow_migration_dag.py took 0.255 seconds
[2026-05-12T06:55:34.615+0000] {processor.py:161} INFO - Started process (PID=844) to work on /opt/airflow/dags/stackoverflow_migration_dag.py
[2026-05-12T06:55:34.617+0000] {processor.py:830} INFO - Processing file /opt/airflow/dags/stackoverflow_migration_dag.py for tasks to queue
[2026-05-12T06:55:34.621+0000] {logging_mixin.py:188} INFO - [2026-05-12T06:55:34.620+0000] {dagbag.py:545} INFO - Filling up the DagBag from /opt/airflow/dags/stackoverflow_migration_dag.py
[2026-05-12T06:55:34.664+0000] {processor.py:840} INFO - DAG(s) 'stackoverflow_medallion_pipeline' retrieved from /opt/airflow/dags/stackoverflow_migration_dag.py
[2026-05-12T06:55:34.756+0000] {logging_mixin.py:188} INFO - [2026-05-12T06:55:34.755+0000] {dag.py:3096} INFO - Sync 1 DAGs
[2026-05-12T06:55:34.817+0000] {logging_mixin.py:188} INFO - [2026-05-12T06:55:34.817+0000] {dag.py:3954} INFO - Setting next_dagrun for stackoverflow_medallion_pipeline to 2026-05-12 00:00:00+00:00, run_after=2026-05-13 00:00:00+00:00
[2026-05-12T06:55:34.870+0000] {processor.py:183} INFO - Processing /opt/airflow/dags/stackoverflow_migration_dag.py took 0.266 seconds
[2026-05-12T06:56:05.112+0000] {processor.py:161} INFO - Started process (PID=849) to work on /opt/airflow/dags/stackoverflow_migration_dag.py
[2026-05-12T06:56:05.114+0000] {processor.py:830} INFO - Processing file /opt/airflow/dags/stackoverflow_migration_dag.py for tasks to queue
[2026-05-12T06:56:05.119+0000] {logging_mixin.py:188} INFO - [2026-05-12T06:56:05.118+0000] {dagbag.py:545} INFO - Filling up the DagBag from /opt/airflow/dags/stackoverflow_migration_dag.py
[2026-05-12T06:56:05.169+0000] {processor.py:840} INFO - DAG(s) 'stackoverflow_medallion_pipeline' retrieved from /opt/airflow/dags/stackoverflow_migration_dag.py
[2026-05-12T06:56:05.268+0000] {logging_mixin.py:188} INFO - [2026-05-12T06:56:05.267+0000] {dag.py:3096} INFO - Sync 1 DAGs
[2026-05-12T06:56:05.343+0000] {logging_mixin.py:188} INFO - [2026-05-12T06:56:05.343+0000] {dag.py:3954} INFO - Setting next_dagrun for stackoverflow_medallion_pipeline to 2026-05-12 00:00:00+00:00, run_after=2026-05-13 00:00:00+00:00
[2026-05-12T06:56:05.401+0000] {processor.py:183} INFO - Processing /opt/airflow/dags/stackoverflow_migration_dag.py took 0.300 seconds
[2026-05-12T06:56:35.646+0000] {processor.py:161} INFO - Started process (PID=854) to work on /opt/airflow/dags/stackoverflow_migration_dag.py
[2026-05-12T06:56:35.648+0000] {processor.py:830} INFO - Processing file /opt/airflow/dags/stackoverflow_migration_dag.py for tasks to queue
[2026-05-12T06:56:35.651+0000] {logging_mixin.py:188} INFO - [2026-05-12T06:56:35.651+0000] {dagbag.py:545} INFO - Filling up the DagBag from /opt/airflow/dags/stackoverflow_migration_dag.py
[2026-05-12T06:56:35.691+0000] {processor.py:840} INFO - DAG(s) 'stackoverflow_medallion_pipeline' retrieved from /opt/airflow/dags/stackoverflow_migration_dag.py
[2026-05-12T06:56:35.769+0000] {logging_mixin.py:188} INFO - [2026-05-12T06:56:35.769+0000] {dag.py:3096} INFO - Sync 1 DAGs
[2026-05-12T06:56:35.828+0000] {logging_mixin.py:188} INFO - [2026-05-12T06:56:35.827+0000] {dag.py:3954} INFO - Setting next_dagrun for stackoverflow_medallion_pipeline to 2026-05-12 00:00:00+00:00, run_after=2026-05-13 00:00:00+00:00
[2026-05-12T06:56:35.871+0000] {processor.py:183} INFO - Processing /opt/airflow/dags/stackoverflow_migration_dag.py took 0.234 seconds
[2026-05-12T06:57:06.105+0000] {processor.py:161} INFO - Started process (PID=859) to work on /opt/airflow/dags/stackoverflow_migration_dag.py
[2026-05-12T06:57:06.107+0000] {processor.py:830} INFO - Processing file /opt/airflow/dags/stackoverflow_migration_dag.py for tasks to queue
[2026-05-12T06:57:06.110+0000] {logging_mixin.py:188} INFO - [2026-05-12T06:57:06.110+0000] {dagbag.py:545} INFO - Filling up the DagBag from /opt/airflow/dags/stackoverflow_migration_dag.py
[2026-05-12T06:57:06.156+0000] {processor.py:840} INFO - DAG(s) 'stackoverflow_medallion_pipeline' retrieved from /opt/airflow/dags/stackoverflow_migration_dag.py
[2026-05-12T06:57:06.254+0000] {logging_mixin.py:188} INFO - [2026-05-12T06:57:06.253+0000] {dag.py:3096} INFO - Sync 1 DAGs
[2026-05-12T06:57:06.315+0000] {logging_mixin.py:188} INFO - [2026-05-12T06:57:06.315+0000] {dag.py:3954} INFO - Setting next_dagrun for stackoverflow_medallion_pipeline to 2026-05-12 00:00:00+00:00, run_after=2026-05-13 00:00:00+00:00
[2026-05-12T06:57:06.366+0000] {processor.py:183} INFO - Processing /opt/airflow/dags/stackoverflow_migration_dag.py took 0.270 seconds
[2026-05-12T06:57:36.607+0000] {processor.py:161} INFO - Started process (PID=864) to work on /opt/airflow/dags/stackoverflow_migration_dag.py
[2026-05-12T06:57:36.609+0000] {processor.py:830} INFO - Processing file /opt/airflow/dags/stackoverflow_migration_dag.py for tasks to queue
[2026-05-12T06:57:36.612+0000] {logging_mixin.py:188} INFO - [2026-05-12T06:57:36.611+0000] {dagbag.py:545} INFO - Filling up the DagBag from /opt/airflow/dags/stackoverflow_migration_dag.py
[2026-05-12T06:57:36.660+0000] {processor.py:840} INFO - DAG(s) 'stackoverflow_medallion_pipeline' retrieved from /opt/airflow/dags/stackoverflow_migration_dag.py
[2026-05-12T06:57:36.764+0000] {logging_mixin.py:188} INFO - [2026-05-12T06:57:36.764+0000] {dag.py:3096} INFO - Sync 1 DAGs
[2026-05-12T06:57:36.833+0000] {logging_mixin.py:188} INFO - [2026-05-12T06:57:36.833+0000] {dag.py:3954} INFO - Setting next_dagrun for stackoverflow_medallion_pipeline to 2026-05-12 00:00:00+00:00, run_after=2026-05-13 00:00:00+00:00
[2026-05-12T06:57:36.933+0000] {processor.py:183} INFO - Processing /opt/airflow/dags/stackoverflow_migration_dag.py took 0.337 seconds
[2026-05-12T06:58:07.173+0000] {processor.py:161} INFO - Started process (PID=869) to work on /opt/airflow/dags/stackoverflow_migration_dag.py
[2026-05-12T06:58:07.175+0000] {processor.py:830} INFO - Processing file /opt/airflow/dags/stackoverflow_migration_dag.py for tasks to queue
[2026-05-12T06:58:07.178+0000] {logging_mixin.py:188} INFO - [2026-05-12T06:58:07.178+0000] {dagbag.py:545} INFO - Filling up the DagBag from /opt/airflow/dags/stackoverflow_migration_dag.py
[2026-05-12T06:58:07.211+0000] {processor.py:840} INFO - DAG(s) 'stackoverflow_medallion_pipeline' retrieved from /opt/airflow/dags/stackoverflow_migration_dag.py
[2026-05-12T06:58:07.285+0000] {logging_mixin.py:188} INFO - [2026-05-12T06:58:07.285+0000] {dag.py:3096} INFO - Sync 1 DAGs
[2026-05-12T06:58:07.334+0000] {logging_mixin.py:188} INFO - [2026-05-12T06:58:07.334+0000] {dag.py:3954} INFO - Setting next_dagrun for stackoverflow_medallion_pipeline to 2026-05-12 00:00:00+00:00, run_after=2026-05-13 00:00:00+00:00
[2026-05-12T06:58:07.374+0000] {processor.py:183} INFO - Processing /opt/airflow/dags/stackoverflow_migration_dag.py took 0.210 seconds
[2026-05-12T06:58:37.641+0000] {processor.py:161} INFO - Started process (PID=874) to work on /opt/airflow/dags/stackoverflow_migration_dag.py
[2026-05-12T06:58:37.643+0000] {processor.py:830} INFO - Processing file /opt/airflow/dags/stackoverflow_migration_dag.py for tasks to queue
[2026-05-12T06:58:37.649+0000] {logging_mixin.py:188} INFO - [2026-05-12T06:58:37.648+0000] {dagbag.py:545} INFO - Filling up the DagBag from /opt/airflow/dags/stackoverflow_migration_dag.py
[2026-05-12T06:58:37.696+0000] {processor.py:840} INFO - DAG(s) 'stackoverflow_medallion_pipeline' retrieved from /opt/airflow/dags/stackoverflow_migration_dag.py
[2026-05-12T06:58:37.805+0000] {logging_mixin.py:188} INFO - [2026-05-12T06:58:37.805+0000] {dag.py:3096} INFO - Sync 1 DAGs
[2026-05-12T06:58:37.874+0000] {logging_mixin.py:188} INFO - [2026-05-12T06:58:37.874+0000] {dag.py:3954} INFO - Setting next_dagrun for stackoverflow_medallion_pipeline to 2026-05-12 00:00:00+00:00, run_after=2026-05-13 00:00:00+00:00
[2026-05-12T06:58:37.951+0000] {processor.py:183} INFO - Processing /opt/airflow/dags/stackoverflow_migration_dag.py took 0.323 seconds
[2026-05-12T06:59:08.204+0000] {processor.py:161} INFO - Started process (PID=879) to work on /opt/airflow/dags/stackoverflow_migration_dag.py
[2026-05-12T06:59:08.206+0000] {processor.py:830} INFO - Processing file /opt/airflow/dags/stackoverflow_migration_dag.py for tasks to queue
[2026-05-12T06:59:08.210+0000] {logging_mixin.py:188} INFO - [2026-05-12T06:59:08.209+0000] {dagbag.py:545} INFO - Filling up the DagBag from /opt/airflow/dags/stackoverflow_migration_dag.py
[2026-05-12T06:59:08.256+0000] {processor.py:840} INFO - DAG(s) 'stackoverflow_medallion_pipeline' retrieved from /opt/airflow/dags/stackoverflow_migration_dag.py
[2026-05-12T06:59:08.385+0000] {logging_mixin.py:188} INFO - [2026-05-12T06:59:08.385+0000] {dag.py:3096} INFO - Sync 1 DAGs
[2026-05-12T06:59:08.466+0000] {logging_mixin.py:188} INFO - [2026-05-12T06:59:08.465+0000] {dag.py:3954} INFO - Setting next_dagrun for stackoverflow_medallion_pipeline to 2026-05-12 00:00:00+00:00, run_after=2026-05-13 00:00:00+00:00
[2026-05-12T06:59:08.548+0000] {processor.py:183} INFO - Processing /opt/airflow/dags/stackoverflow_migration_dag.py took 0.353 seconds
[2026-05-12T06:59:38.824+0000] {processor.py:161} INFO - Started process (PID=884) to work on /opt/airflow/dags/stackoverflow_migration_dag.py
[2026-05-12T06:59:38.826+0000] {processor.py:830} INFO - Processing file /opt/airflow/dags/stackoverflow_migration_dag.py for tasks to queue
[2026-05-12T06:59:38.830+0000] {logging_mixin.py:188} INFO - [2026-05-12T06:59:38.829+0000] {dagbag.py:545} INFO - Filling up the DagBag from /opt/airflow/dags/stackoverflow_migration_dag.py
[2026-05-12T06:59:38.885+0000] {processor.py:840} INFO - DAG(s) 'stackoverflow_medallion_pipeline' retrieved from /opt/airflow/dags/stackoverflow_migration_dag.py
[2026-05-12T06:59:38.988+0000] {logging_mixin.py:188} INFO - [2026-05-12T06:59:38.987+0000] {dag.py:3096} INFO - Sync 1 DAGs
[2026-05-12T06:59:39.058+0000] {logging_mixin.py:188} INFO - [2026-05-12T06:59:39.057+0000] {dag.py:3954} INFO - Setting next_dagrun for stackoverflow_medallion_pipeline to 2026-05-12 00:00:00+00:00, run_after=2026-05-13 00:00:00+00:00
[2026-05-12T06:59:39.117+0000] {processor.py:183} INFO - Processing /opt/airflow/dags/stackoverflow_migration_dag.py took 0.305 seconds
[2026-05-12T07:00:09.354+0000] {processor.py:161} INFO - Started process (PID=889) to work on /opt/airflow/dags/stackoverflow_migration_dag.py
[2026-05-12T07:00:09.355+0000] {processor.py:830} INFO - Processing file /opt/airflow/dags/stackoverflow_migration_dag.py for tasks to queue
[2026-05-12T07:00:09.358+0000] {logging_mixin.py:188} INFO - [2026-05-12T07:00:09.358+0000] {dagbag.py:545} INFO - Filling up the DagBag from /opt/airflow/dags/stackoverflow_migration_dag.py
[2026-05-12T07:00:09.398+0000] {processor.py:840} INFO - DAG(s) 'stackoverflow_medallion_pipeline' retrieved from /opt/airflow/dags/stackoverflow_migration_dag.py
[2026-05-12T07:00:09.489+0000] {logging_mixin.py:188} INFO - [2026-05-12T07:00:09.488+0000] {dag.py:3096} INFO - Sync 1 DAGs
[2026-05-12T07:00:09.552+0000] {logging_mixin.py:188} INFO - [2026-05-12T07:00:09.551+0000] {dag.py:3954} INFO - Setting next_dagrun for stackoverflow_medallion_pipeline to 2026-05-12 00:00:00+00:00, run_after=2026-05-13 00:00:00+00:00
[2026-05-12T07:00:09.599+0000] {processor.py:183} INFO - Processing /opt/airflow/dags/stackoverflow_migration_dag.py took 0.254 seconds
[2026-05-12T07:00:39.855+0000] {processor.py:161} INFO - Started process (PID=894) to work on /opt/airflow/dags/stackoverflow_migration_dag.py
[2026-05-12T07:00:39.857+0000] {processor.py:830} INFO - Processing file /opt/airflow/dags/stackoverflow_migration_dag.py for tasks to queue
[2026-05-12T07:00:39.861+0000] {logging_mixin.py:188} INFO - [2026-05-12T07:00:39.861+0000] {dagbag.py:545} INFO - Filling up the DagBag from /opt/airflow/dags/stackoverflow_migration_dag.py
[2026-05-12T07:00:39.917+0000] {processor.py:840} INFO - DAG(s) 'stackoverflow_medallion_pipeline' retrieved from /opt/airflow/dags/stackoverflow_migration_dag.py
[2026-05-12T07:00:40.028+0000] {logging_mixin.py:188} INFO - [2026-05-12T07:00:40.027+0000] {dag.py:3096} INFO - Sync 1 DAGs
[2026-05-12T07:00:40.093+0000] {logging_mixin.py:188} INFO - [2026-05-12T07:00:40.093+0000] {dag.py:3954} INFO - Setting next_dagrun for stackoverflow_medallion_pipeline to 2026-05-12 00:00:00+00:00, run_after=2026-05-13 00:00:00+00:00
[2026-05-12T07:00:40.152+0000] {processor.py:183} INFO - Processing /opt/airflow/dags/stackoverflow_migration_dag.py took 0.308 seconds
[2026-05-12T07:01:10.403+0000] {processor.py:161} INFO - Started process (PID=899) to work on /opt/airflow/dags/stackoverflow_migration_dag.py
[2026-05-12T07:01:10.405+0000] {processor.py:830} INFO - Processing file /opt/airflow/dags/stackoverflow_migration_dag.py for tasks to queue
[2026-05-12T07:01:10.408+0000] {logging_mixin.py:188} INFO - [2026-05-12T07:01:10.408+0000] {dagbag.py:545} INFO - Filling up the DagBag from /opt/airflow/dags/stackoverflow_migration_dag.py
[2026-05-12T07:01:10.447+0000] {processor.py:840} INFO - DAG(s) 'stackoverflow_medallion_pipeline' retrieved from /opt/airflow/dags/stackoverflow_migration_dag.py
[2026-05-12T07:01:10.540+0000] {logging_mixin.py:188} INFO - [2026-05-12T07:01:10.540+0000] {dag.py:3096} INFO - Sync 1 DAGs
[2026-05-12T07:01:10.603+0000] {logging_mixin.py:188} INFO - [2026-05-12T07:01:10.602+0000] {dag.py:3954} INFO - Setting next_dagrun for stackoverflow_medallion_pipeline to 2026-05-12 00:00:00+00:00, run_after=2026-05-13 00:00:00+00:00
[2026-05-12T07:01:10.653+0000] {processor.py:183} INFO - Processing /opt/airflow/dags/stackoverflow_migration_dag.py took 0.258 seconds
[2026-05-12T07:01:40.894+0000] {processor.py:161} INFO - Started process (PID=904) to work on /opt/airflow/dags/stackoverflow_migration_dag.py
[2026-05-12T07:01:40.895+0000] {processor.py:830} INFO - Processing file /opt/airflow/dags/stackoverflow_migration_dag.py for tasks to queue
[2026-05-12T07:01:40.898+0000] {logging_mixin.py:188} INFO - [2026-05-12T07:01:40.898+0000] {dagbag.py:545} INFO - Filling up the DagBag from /opt/airflow/dags/stackoverflow_migration_dag.py
[2026-05-12T07:01:40.942+0000] {processor.py:840} INFO - DAG(s) 'stackoverflow_medallion_pipeline' retrieved from /opt/airflow/dags/stackoverflow_migration_dag.py
[2026-05-12T07:01:41.038+0000] {logging_mixin.py:188} INFO - [2026-05-12T07:01:41.038+0000] {dag.py:3096} INFO - Sync 1 DAGs
[2026-05-12T07:01:41.100+0000] {logging_mixin.py:188} INFO - [2026-05-12T07:01:41.100+0000] {dag.py:3954} INFO - Setting next_dagrun for stackoverflow_medallion_pipeline to 2026-05-12 00:00:00+00:00, run_after=2026-05-13 00:00:00+00:00
[2026-05-12T07:01:41.152+0000] {processor.py:183} INFO - Processing /opt/airflow/dags/stackoverflow_migration_dag.py took 0.267 seconds
[2026-05-12T07:02:11.400+0000] {processor.py:161} INFO - Started process (PID=909) to work on /opt/airflow/dags/stackoverflow_migration_dag.py
[2026-05-12T07:02:11.402+0000] {processor.py:830} INFO - Processing file /opt/airflow/dags/stackoverflow_migration_dag.py for tasks to queue
[2026-05-12T07:02:11.405+0000] {logging_mixin.py:188} INFO - [2026-05-12T07:02:11.404+0000] {dagbag.py:545} INFO - Filling up the DagBag from /opt/airflow/dags/stackoverflow_migration_dag.py
[2026-05-12T07:02:11.440+0000] {processor.py:840} INFO - DAG(s) 'stackoverflow_medallion_pipeline' retrieved from /opt/airflow/dags/stackoverflow_migration_dag.py
[2026-05-12T07:02:11.520+0000] {logging_mixin.py:188} INFO - [2026-05-12T07:02:11.520+0000] {dag.py:3096} INFO - Sync 1 DAGs
[2026-05-12T07:02:11.577+0000] {logging_mixin.py:188} INFO - [2026-05-12T07:02:11.577+0000] {dag.py:3954} INFO - Setting next_dagrun for stackoverflow_medallion_pipeline to 2026-05-12 00:00:00+00:00, run_after=2026-05-13 00:00:00+00:00
[2026-05-12T07:02:11.622+0000] {processor.py:183} INFO - Processing /opt/airflow/dags/stackoverflow_migration_dag.py took 0.230 seconds
[2026-05-12T07:02:41.867+0000] {processor.py:161} INFO - Started process (PID=914) to work on /opt/airflow/dags/stackoverflow_migration_dag.py
[2026-05-12T07:02:41.869+0000] {processor.py:830} INFO - Processing file /opt/airflow/dags/stackoverflow_migration_dag.py for tasks to queue
[2026-05-12T07:02:41.873+0000] {logging_mixin.py:188} INFO - [2026-05-12T07:02:41.872+0000] {dagbag.py:545} INFO - Filling up the DagBag from /opt/airflow/dags/stackoverflow_migration_dag.py
[2026-05-12T07:02:41.919+0000] {processor.py:840} INFO - DAG(s) 'stackoverflow_medallion_pipeline' retrieved from /opt/airflow/dags/stackoverflow_migration_dag.py
[2026-05-12T07:02:42.018+0000] {logging_mixin.py:188} INFO - [2026-05-12T07:02:42.018+0000] {dag.py:3096} INFO - Sync 1 DAGs
[2026-05-12T07:02:42.087+0000] {logging_mixin.py:188} INFO - [2026-05-12T07:02:42.086+0000] {dag.py:3954} INFO - Setting next_dagrun for stackoverflow_medallion_pipeline to 2026-05-12 00:00:00+00:00, run_after=2026-05-13 00:00:00+00:00
[2026-05-12T07:02:42.151+0000] {processor.py:183} INFO - Processing /opt/airflow/dags/stackoverflow_migration_dag.py took 0.296 seconds
[2026-05-12T07:03:12.432+0000] {processor.py:161} INFO - Started process (PID=919) to work on /opt/airflow/dags/stackoverflow_migration_dag.py
[2026-05-12T07:03:12.434+0000] {processor.py:830} INFO - Processing file /opt/airflow/dags/stackoverflow_migration_dag.py for tasks to queue
[2026-05-12T07:03:12.438+0000] {logging_mixin.py:188} INFO - [2026-05-12T07:03:12.437+0000] {dagbag.py:545} INFO - Filling up the DagBag from /opt/airflow/dags/stackoverflow_migration_dag.py
[2026-05-12T07:03:12.499+0000] {processor.py:840} INFO - DAG(s) 'stackoverflow_medallion_pipeline' retrieved from /opt/airflow/dags/stackoverflow_migration_dag.py
[2026-05-12T07:03:12.621+0000] {logging_mixin.py:188} INFO - [2026-05-12T07:03:12.620+0000] {dag.py:3096} INFO - Sync 1 DAGs
[2026-05-12T07:03:12.708+0000] {logging_mixin.py:188} INFO - [2026-05-12T07:03:12.707+0000] {dag.py:3954} INFO - Setting next_dagrun for stackoverflow_medallion_pipeline to 2026-05-12 00:00:00+00:00, run_after=2026-05-13 00:00:00+00:00
[2026-05-12T07:03:12.776+0000] {processor.py:183} INFO - Processing /opt/airflow/dags/stackoverflow_migration_dag.py took 0.357 seconds
[2026-05-12T07:03:43.040+0000] {processor.py:161} INFO - Started process (PID=924) to work on /opt/airflow/dags/stackoverflow_migration_dag.py
[2026-05-12T07:03:43.041+0000] {processor.py:830} INFO - Processing file /opt/airflow/dags/stackoverflow_migration_dag.py for tasks to queue
[2026-05-12T07:03:43.045+0000] {logging_mixin.py:188} INFO - [2026-05-12T07:03:43.044+0000] {dagbag.py:545} INFO - Filling up the DagBag from /opt/airflow/dags/stackoverflow_migration_dag.py
[2026-05-12T07:03:43.085+0000] {processor.py:840} INFO - DAG(s) 'stackoverflow_medallion_pipeline' retrieved from /opt/airflow/dags/stackoverflow_migration_dag.py
[2026-05-12T07:03:43.183+0000] {logging_mixin.py:188} INFO - [2026-05-12T07:03:43.182+0000] {dag.py:3096} INFO - Sync 1 DAGs
[2026-05-12T07:03:43.256+0000] {logging_mixin.py:188} INFO - [2026-05-12T07:03:43.255+0000] {dag.py:3954} INFO - Setting next_dagrun for stackoverflow_medallion_pipeline to 2026-05-12 00:00:00+00:00, run_after=2026-05-13 00:00:00+00:00
[2026-05-12T07:03:43.314+0000] {processor.py:183} INFO - Processing /opt/airflow/dags/stackoverflow_migration_dag.py took 0.283 seconds
[2026-05-12T07:04:13.585+0000] {processor.py:161} INFO - Started process (PID=929) to work on /opt/airflow/dags/stackoverflow_migration_dag.py
[2026-05-12T07:04:13.587+0000] {processor.py:830} INFO - Processing file /opt/airflow/dags/stackoverflow_migration_dag.py for tasks to queue
[2026-05-12T07:04:13.591+0000] {logging_mixin.py:188} INFO - [2026-05-12T07:04:13.590+0000] {dagbag.py:545} INFO - Filling up the DagBag from /opt/airflow/dags/stackoverflow_migration_dag.py
[2026-05-12T07:04:13.636+0000] {processor.py:840} INFO - DAG(s) 'stackoverflow_medallion_pipeline' retrieved from /opt/airflow/dags/stackoverflow_migration_dag.py
[2026-05-12T07:04:13.730+0000] {logging_mixin.py:188} INFO - [2026-05-12T07:04:13.730+0000] {dag.py:3096} INFO - Sync 1 DAGs
[2026-05-12T07:04:13.793+0000] {logging_mixin.py:188} INFO - [2026-05-12T07:04:13.792+0000] {dag.py:3954} INFO - Setting next_dagrun for stackoverflow_medallion_pipeline to 2026-05-12 00:00:00+00:00, run_after=2026-05-13 00:00:00+00:00
[2026-05-12T07:04:13.846+0000] {processor.py:183} INFO - Processing /opt/airflow/dags/stackoverflow_migration_dag.py took 0.272 seconds
[2026-05-12T07:04:44.109+0000] {processor.py:161} INFO - Started process (PID=934) to work on /opt/airflow/dags/stackoverflow_migration_dag.py
[2026-05-12T07:04:44.111+0000] {processor.py:830} INFO - Processing file /opt/airflow/dags/stackoverflow_migration_dag.py for tasks to queue
[2026-05-12T07:04:44.114+0000] {logging_mixin.py:188} INFO - [2026-05-12T07:04:44.114+0000] {dagbag.py:545} INFO - Filling up the DagBag from /opt/airflow/dags/stackoverflow_migration_dag.py
[2026-05-12T07:04:44.157+0000] {processor.py:840} INFO - DAG(s) 'stackoverflow_medallion_pipeline' retrieved from /opt/airflow/dags/stackoverflow_migration_dag.py
[2026-05-12T07:04:44.245+0000] {logging_mixin.py:188} INFO - [2026-05-12T07:04:44.245+0000] {dag.py:3096} INFO - Sync 1 DAGs
[2026-05-12T07:04:44.308+0000] {logging_mixin.py:188} INFO - [2026-05-12T07:04:44.308+0000] {dag.py:3954} INFO - Setting next_dagrun for stackoverflow_medallion_pipeline to 2026-05-12 00:00:00+00:00, run_after=2026-05-13 00:00:00+00:00
[2026-05-12T07:04:44.358+0000] {processor.py:183} INFO - Processing /opt/airflow/dags/stackoverflow_migration_dag.py took 0.258 seconds
[2026-05-12T07:05:14.592+0000] {processor.py:161} INFO - Started process (PID=939) to work on /opt/airflow/dags/stackoverflow_migration_dag.py
[2026-05-12T07:05:14.593+0000] {processor.py:830} INFO - Processing file /opt/airflow/dags/stackoverflow_migration_dag.py for tasks to queue
[2026-05-12T07:05:14.596+0000] {logging_mixin.py:188} INFO - [2026-05-12T07:05:14.596+0000] {dagbag.py:545} INFO - Filling up the DagBag from /opt/airflow/dags/stackoverflow_migration_dag.py
[2026-05-12T07:05:14.634+0000] {processor.py:840} INFO - DAG(s) 'stackoverflow_medallion_pipeline' retrieved from /opt/airflow/dags/stackoverflow_migration_dag.py
[2026-05-12T07:05:14.731+0000] {logging_mixin.py:188} INFO - [2026-05-12T07:05:14.731+0000] {dag.py:3096} INFO - Sync 1 DAGs
[2026-05-12T07:05:14.800+0000] {logging_mixin.py:188} INFO - [2026-05-12T07:05:14.800+0000] {dag.py:3954} INFO - Setting next_dagrun for stackoverflow_medallion_pipeline to 2026-05-12 00:00:00+00:00, run_after=2026-05-13 00:00:00+00:00
[2026-05-12T07:05:14.856+0000] {processor.py:183} INFO - Processing /opt/airflow/dags/stackoverflow_migration_dag.py took 0.273 seconds
[2026-05-12T07:05:45.110+0000] {processor.py:161} INFO - Started process (PID=944) to work on /opt/airflow/dags/stackoverflow_migration_dag.py
[2026-05-12T07:05:45.112+0000] {processor.py:830} INFO - Processing file /opt/airflow/dags/stackoverflow_migration_dag.py for tasks to queue
[2026-05-12T07:05:45.116+0000] {logging_mixin.py:188} INFO - [2026-05-12T07:05:45.115+0000] {dagbag.py:545} INFO - Filling up the DagBag from /opt/airflow/dags/stackoverflow_migration_dag.py
[2026-05-12T07:05:45.160+0000] {processor.py:840} INFO - DAG(s) 'stackoverflow_medallion_pipeline' retrieved from /opt/airflow/dags/stackoverflow_migration_dag.py
[2026-05-12T07:05:45.242+0000] {logging_mixin.py:188} INFO - [2026-05-12T07:05:45.241+0000] {dag.py:3096} INFO - Sync 1 DAGs
[2026-05-12T07:05:45.302+0000] {logging_mixin.py:188} INFO - [2026-05-12T07:05:45.302+0000] {dag.py:3954} INFO - Setting next_dagrun for stackoverflow_medallion_pipeline to 2026-05-12 00:00:00+00:00, run_after=2026-05-13 00:00:00+00:00
[2026-05-12T07:05:45.349+0000] {processor.py:183} INFO - Processing /opt/airflow/dags/stackoverflow_migration_dag.py took 0.248 seconds
[2026-05-12T07:06:15.605+0000] {processor.py:161} INFO - Started process (PID=949) to work on /opt/airflow/dags/stackoverflow_migration_dag.py
[2026-05-12T07:06:15.607+0000] {processor.py:830} INFO - Processing file /opt/airflow/dags/stackoverflow_migration_dag.py for tasks to queue
[2026-05-12T07:06:15.611+0000] {logging_mixin.py:188} INFO - [2026-05-12T07:06:15.610+0000] {dagbag.py:545} INFO - Filling up the DagBag from /opt/airflow/dags/stackoverflow_migration_dag.py
[2026-05-12T07:06:15.662+0000] {processor.py:840} INFO - DAG(s) 'stackoverflow_medallion_pipeline' retrieved from /opt/airflow/dags/stackoverflow_migration_dag.py
[2026-05-12T07:06:15.795+0000] {logging_mixin.py:188} INFO - [2026-05-12T07:06:15.794+0000] {dag.py:3096} INFO - Sync 1 DAGs
[2026-05-12T07:06:15.889+0000] {logging_mixin.py:188} INFO - [2026-05-12T07:06:15.888+0000] {dag.py:3954} INFO - Setting next_dagrun for stackoverflow_medallion_pipeline to 2026-05-12 00:00:00+00:00, run_after=2026-05-13 00:00:00+00:00
[2026-05-12T07:06:15.954+0000] {processor.py:183} INFO - Processing /opt/airflow/dags/stackoverflow_migration_dag.py took 0.362 seconds
[2026-05-12T07:06:46.210+0000] {processor.py:161} INFO - Started process (PID=954) to work on /opt/airflow/dags/stackoverflow_migration_dag.py
[2026-05-12T07:06:46.212+0000] {processor.py:830} INFO - Processing file /opt/airflow/dags/stackoverflow_migration_dag.py for tasks to queue
[2026-05-12T07:06:46.215+0000] {logging_mixin.py:188} INFO - [2026-05-12T07:06:46.214+0000] {dagbag.py:545} INFO - Filling up the DagBag from /opt/airflow/dags/stackoverflow_migration_dag.py
[2026-05-12T07:06:46.253+0000] {processor.py:840} INFO - DAG(s) 'stackoverflow_medallion_pipeline' retrieved from /opt/airflow/dags/stackoverflow_migration_dag.py
[2026-05-12T07:06:46.338+0000] {logging_mixin.py:188} INFO - [2026-05-12T07:06:46.337+0000] {dag.py:3096} INFO - Sync 1 DAGs
[2026-05-12T07:06:46.401+0000] {logging_mixin.py:188} INFO - [2026-05-12T07:06:46.401+0000] {dag.py:3954} INFO - Setting next_dagrun for stackoverflow_medallion_pipeline to 2026-05-12 00:00:00+00:00, run_after=2026-05-13 00:00:00+00:00
[2026-05-12T07:06:46.450+0000] {processor.py:183} INFO - Processing /opt/airflow/dags/stackoverflow_migration_dag.py took 0.248 seconds
[2026-05-12T07:07:16.702+0000] {processor.py:161} INFO - Started process (PID=959) to work on /opt/airflow/dags/stackoverflow_migration_dag.py
[2026-05-12T07:07:16.704+0000] {processor.py:830} INFO - Processing file /opt/airflow/dags/stackoverflow_migration_dag.py for tasks to queue
[2026-05-12T07:07:16.708+0000] {logging_mixin.py:188} INFO - [2026-05-12T07:07:16.707+0000] {dagbag.py:545} INFO - Filling up the DagBag from /opt/airflow/dags/stackoverflow_migration_dag.py
[2026-05-12T07:07:16.755+0000] {processor.py:840} INFO - DAG(s) 'stackoverflow_medallion_pipeline' retrieved from /opt/airflow/dags/stackoverflow_migration_dag.py
[2026-05-12T07:07:16.866+0000] {logging_mixin.py:188} INFO - [2026-05-12T07:07:16.865+0000] {dag.py:3096} INFO - Sync 1 DAGs
[2026-05-12T07:07:16.943+0000] {logging_mixin.py:188} INFO - [2026-05-12T07:07:16.943+0000] {dag.py:3954} INFO - Setting next_dagrun for stackoverflow_medallion_pipeline to 2026-05-12 00:00:00+00:00, run_after=2026-05-13 00:00:00+00:00
[2026-05-12T07:07:17.003+0000] {processor.py:183} INFO - Processing /opt/airflow/dags/stackoverflow_migration_dag.py took 0.312 seconds
[2026-05-12T07:07:47.275+0000] {processor.py:161} INFO - Started process (PID=964) to work on /opt/airflow/dags/stackoverflow_migration_dag.py
[2026-05-12T07:07:47.277+0000] {processor.py:830} INFO - Processing file /opt/airflow/dags/stackoverflow_migration_dag.py for tasks to queue
[2026-05-12T07:07:47.281+0000] {logging_mixin.py:188} INFO - [2026-05-12T07:07:47.280+0000] {dagbag.py:545} INFO - Filling up the DagBag from /opt/airflow/dags/stackoverflow_migration_dag.py
[2026-05-12T07:07:47.335+0000] {processor.py:840} INFO - DAG(s) 'stackoverflow_medallion_pipeline' retrieved from /opt/airflow/dags/stackoverflow_migration_dag.py
[2026-05-12T07:07:47.447+0000] {logging_mixin.py:188} INFO - [2026-05-12T07:07:47.446+0000] {dag.py:3096} INFO - Sync 1 DAGs
[2026-05-12T07:07:47.535+0000] {logging_mixin.py:188} INFO - [2026-05-12T07:07:47.535+0000] {dag.py:3954} INFO - Setting next_dagrun for stackoverflow_medallion_pipeline to 2026-05-12 00:00:00+00:00, run_after=2026-05-13 00:00:00+00:00
[2026-05-12T07:07:47.618+0000] {processor.py:183} INFO - Processing /opt/airflow/dags/stackoverflow_migration_dag.py took 0.354 seconds
[2026-05-12T07:08:18.009+0000] {processor.py:161} INFO - Started process (PID=969) to work on /opt/airflow/dags/stackoverflow_migration_dag.py
[2026-05-12T07:08:18.022+0000] {processor.py:830} INFO - Processing file /opt/airflow/dags/stackoverflow_migration_dag.py for tasks to queue
[2026-05-12T07:08:18.034+0000] {logging_mixin.py:188} INFO - [2026-05-12T07:08:18.029+0000] {dagbag.py:545} INFO - Filling up the DagBag from /opt/airflow/dags/stackoverflow_migration_dag.py
[2026-05-12T07:08:18.277+0000] {processor.py:840} INFO - DAG(s) 'stackoverflow_medallion_pipeline' retrieved from /opt/airflow/dags/stackoverflow_migration_dag.py
[2026-05-12T07:08:18.579+0000] {logging_mixin.py:188} INFO - [2026-05-12T07:08:18.578+0000] {dag.py:3096} INFO - Sync 1 DAGs
[2026-05-12T07:08:18.879+0000] {logging_mixin.py:188} INFO - [2026-05-12T07:08:18.878+0000] {dag.py:3954} INFO - Setting next_dagrun for stackoverflow_medallion_pipeline to 2026-05-12 00:00:00+00:00, run_after=2026-05-13 00:00:00+00:00
[2026-05-12T07:08:19.065+0000] {processor.py:183} INFO - Processing /opt/airflow/dags/stackoverflow_migration_dag.py took 1.081 seconds
[2026-05-12T07:08:49.198+0000] {processor.py:161} INFO - Started process (PID=974) to work on /opt/airflow/dags/stackoverflow_migration_dag.py
[2026-05-12T07:08:49.200+0000] {processor.py:830} INFO - Processing file /opt/airflow/dags/stackoverflow_migration_dag.py for tasks to queue
[2026-05-12T07:08:49.203+0000] {logging_mixin.py:188} INFO - [2026-05-12T07:08:49.202+0000] {dagbag.py:545} INFO - Filling up the DagBag from /opt/airflow/dags/stackoverflow_migration_dag.py
[2026-05-12T07:08:49.247+0000] {processor.py:840} INFO - DAG(s) 'stackoverflow_medallion_pipeline' retrieved from /opt/airflow/dags/stackoverflow_migration_dag.py
[2026-05-12T07:08:49.345+0000] {logging_mixin.py:188} INFO - [2026-05-12T07:08:49.345+0000] {dag.py:3096} INFO - Sync 1 DAGs
[2026-05-12T07:08:49.416+0000] {logging_mixin.py:188} INFO - [2026-05-12T07:08:49.415+0000] {dag.py:3954} INFO - Setting next_dagrun for stackoverflow_medallion_pipeline to 2026-05-12 00:00:00+00:00, run_after=2026-05-13 00:00:00+00:00
[2026-05-12T07:08:49.474+0000] {processor.py:183} INFO - Processing /opt/airflow/dags/stackoverflow_migration_dag.py took 0.286 seconds
[2026-05-12T07:09:19.770+0000] {processor.py:161} INFO - Started process (PID=979) to work on /opt/airflow/dags/stackoverflow_migration_dag.py
[2026-05-12T07:09:19.772+0000] {processor.py:830} INFO - Processing file /opt/airflow/dags/stackoverflow_migration_dag.py for tasks to queue
[2026-05-12T07:09:19.775+0000] {logging_mixin.py:188} INFO - [2026-05-12T07:09:19.774+0000] {dagbag.py:545} INFO - Filling up the DagBag from /opt/airflow/dags/stackoverflow_migration_dag.py
[2026-05-12T07:09:19.821+0000] {processor.py:840} INFO - DAG(s) 'stackoverflow_medallion_pipeline' retrieved from /opt/airflow/dags/stackoverflow_migration_dag.py
[2026-05-12T07:09:19.923+0000] {logging_mixin.py:188} INFO - [2026-05-12T07:09:19.923+0000] {dag.py:3096} INFO - Sync 1 DAGs
[2026-05-12T07:09:19.992+0000] {logging_mixin.py:188} INFO - [2026-05-12T07:09:19.991+0000] {dag.py:3954} INFO - Setting next_dagrun for stackoverflow_medallion_pipeline to 2026-05-12 00:00:00+00:00, run_after=2026-05-13 00:00:00+00:00
[2026-05-12T07:09:20.041+0000] {processor.py:183} INFO - Processing /opt/airflow/dags/stackoverflow_migration_dag.py took 0.281 seconds
[2026-05-12T07:09:50.378+0000] {processor.py:161} INFO - Started process (PID=984) to work on /opt/airflow/dags/stackoverflow_migration_dag.py
[2026-05-12T07:09:50.380+0000] {processor.py:830} INFO - Processing file /opt/airflow/dags/stackoverflow_migration_dag.py for tasks to queue
[2026-05-12T07:09:50.383+0000] {logging_mixin.py:188} INFO - [2026-05-12T07:09:50.383+0000] {dagbag.py:545} INFO - Filling up the DagBag from /opt/airflow/dags/stackoverflow_migration_dag.py
[2026-05-12T07:09:50.430+0000] {processor.py:840} INFO - DAG(s) 'stackoverflow_medallion_pipeline' retrieved from /opt/airflow/dags/stackoverflow_migration_dag.py
[2026-05-12T07:09:50.542+0000] {logging_mixin.py:188} INFO - [2026-05-12T07:09:50.542+0000] {dag.py:3096} INFO - Sync 1 DAGs
[2026-05-12T07:09:50.627+0000] {logging_mixin.py:188} INFO - [2026-05-12T07:09:50.627+0000] {dag.py:3954} INFO - Setting next_dagrun for stackoverflow_medallion_pipeline to 2026-05-12 00:00:00+00:00, run_after=2026-05-13 00:00:00+00:00
[2026-05-12T07:09:50.684+0000] {processor.py:183} INFO - Processing /opt/airflow/dags/stackoverflow_migration_dag.py took 0.315 seconds
[2026-05-12T07:10:20.936+0000] {processor.py:161} INFO - Started process (PID=989) to work on /opt/airflow/dags/stackoverflow_migration_dag.py
[2026-05-12T07:10:20.938+0000] {processor.py:830} INFO - Processing file /opt/airflow/dags/stackoverflow_migration_dag.py for tasks to queue
[2026-05-12T07:10:20.941+0000] {logging_mixin.py:188} INFO - [2026-05-12T07:10:20.941+0000] {dagbag.py:545} INFO - Filling up the DagBag from /opt/airflow/dags/stackoverflow_migration_dag.py
[2026-05-12T07:10:20.986+0000] {processor.py:840} INFO - DAG(s) 'stackoverflow_medallion_pipeline' retrieved from /opt/airflow/dags/stackoverflow_migration_dag.py
[2026-05-12T07:10:21.077+0000] {logging_mixin.py:188} INFO - [2026-05-12T07:10:21.077+0000] {dag.py:3096} INFO - Sync 1 DAGs
[2026-05-12T07:10:21.138+0000] {logging_mixin.py:188} INFO - [2026-05-12T07:10:21.138+0000] {dag.py:3954} INFO - Setting next_dagrun for stackoverflow_medallion_pipeline to 2026-05-12 00:00:00+00:00, run_after=2026-05-13 00:00:00+00:00
[2026-05-12T07:10:21.187+0000] {processor.py:183} INFO - Processing /opt/airflow/dags/stackoverflow_migration_dag.py took 0.260 seconds
[2026-05-12T07:10:51.423+0000] {processor.py:161} INFO - Started process (PID=994) to work on /opt/airflow/dags/stackoverflow_migration_dag.py
[2026-05-12T07:10:51.425+0000] {processor.py:830} INFO - Processing file /opt/airflow/dags/stackoverflow_migration_dag.py for tasks to queue
[2026-05-12T07:10:51.428+0000] {logging_mixin.py:188} INFO - [2026-05-12T07:10:51.427+0000] {dagbag.py:545} INFO - Filling up the DagBag from /opt/airflow/dags/stackoverflow_migration_dag.py
[2026-05-12T07:10:51.473+0000] {processor.py:840} INFO - DAG(s) 'stackoverflow_medallion_pipeline' retrieved from /opt/airflow/dags/stackoverflow_migration_dag.py
[2026-05-12T07:10:51.562+0000] {logging_mixin.py:188} INFO - [2026-05-12T07:10:51.562+0000] {dag.py:3096} INFO - Sync 1 DAGs
[2026-05-12T07:10:51.621+0000] {logging_mixin.py:188} INFO - [2026-05-12T07:10:51.620+0000] {dag.py:3954} INFO - Setting next_dagrun for stackoverflow_medallion_pipeline to 2026-05-12 00:00:00+00:00, run_after=2026-05-13 00:00:00+00:00
[2026-05-12T07:10:51.670+0000] {processor.py:183} INFO - Processing /opt/airflow/dags/stackoverflow_migration_dag.py took 0.255 seconds
[2026-05-12T07:11:21.911+0000] {processor.py:161} INFO - Started process (PID=999) to work on /opt/airflow/dags/stackoverflow_migration_dag.py
[2026-05-12T07:11:21.913+0000] {processor.py:830} INFO - Processing file /opt/airflow/dags/stackoverflow_migration_dag.py for tasks to queue
[2026-05-12T07:11:21.917+0000] {logging_mixin.py:188} INFO - [2026-05-12T07:11:21.916+0000] {dagbag.py:545} INFO - Filling up the DagBag from /opt/airflow/dags/stackoverflow_migration_dag.py
[2026-05-12T07:11:21.958+0000] {processor.py:840} INFO - DAG(s) 'stackoverflow_medallion_pipeline' retrieved from /opt/airflow/dags/stackoverflow_migration_dag.py
[2026-05-12T07:11:22.052+0000] {logging_mixin.py:188} INFO - [2026-05-12T07:11:22.052+0000] {dag.py:3096} INFO - Sync 1 DAGs
[2026-05-12T07:11:22.115+0000] {logging_mixin.py:188} INFO - [2026-05-12T07:11:22.114+0000] {dag.py:3954} INFO - Setting next_dagrun for stackoverflow_medallion_pipeline to 2026-05-12 00:00:00+00:00, run_after=2026-05-13 00:00:00+00:00
[2026-05-12T07:11:22.160+0000] {processor.py:183} INFO - Processing /opt/airflow/dags/stackoverflow_migration_dag.py took 0.260 seconds
[2026-05-12T07:11:52.392+0000] {processor.py:161} INFO - Started process (PID=1004) to work on /opt/airflow/dags/stackoverflow_migration_dag.py
[2026-05-12T07:11:52.394+0000] {processor.py:830} INFO - Processing file /opt/airflow/dags/stackoverflow_migration_dag.py for tasks to queue
[2026-05-12T07:11:52.398+0000] {logging_mixin.py:188} INFO - [2026-05-12T07:11:52.397+0000] {dagbag.py:545} INFO - Filling up the DagBag from /opt/airflow/dags/stackoverflow_migration_dag.py
[2026-05-12T07:11:52.441+0000] {processor.py:840} INFO - DAG(s) 'stackoverflow_medallion_pipeline' retrieved from /opt/airflow/dags/stackoverflow_migration_dag.py
[2026-05-12T07:11:52.547+0000] {logging_mixin.py:188} INFO - [2026-05-12T07:11:52.547+0000] {dag.py:3096} INFO - Sync 1 DAGs
[2026-05-12T07:11:52.629+0000] {logging_mixin.py:188} INFO - [2026-05-12T07:11:52.629+0000] {dag.py:3954} INFO - Setting next_dagrun for stackoverflow_medallion_pipeline to 2026-05-12 00:00:00+00:00, run_after=2026-05-13 00:00:00+00:00
[2026-05-12T07:11:52.690+0000] {processor.py:183} INFO - Processing /opt/airflow/dags/stackoverflow_migration_dag.py took 0.309 seconds
[2026-05-12T07:12:22.946+0000] {processor.py:161} INFO - Started process (PID=1009) to work on /opt/airflow/dags/stackoverflow_migration_dag.py
[2026-05-12T07:12:22.948+0000] {processor.py:830} INFO - Processing file /opt/airflow/dags/stackoverflow_migration_dag.py for tasks to queue
[2026-05-12T07:12:22.952+0000] {logging_mixin.py:188} INFO - [2026-05-12T07:12:22.951+0000] {dagbag.py:545} INFO - Filling up the DagBag from /opt/airflow/dags/stackoverflow_migration_dag.py
[2026-05-12T07:12:23.000+0000] {processor.py:840} INFO - DAG(s) 'stackoverflow_medallion_pipeline' retrieved from /opt/airflow/dags/stackoverflow_migration_dag.py
[2026-05-12T07:12:23.109+0000] {logging_mixin.py:188} INFO - [2026-05-12T07:12:23.109+0000] {dag.py:3096} INFO - Sync 1 DAGs
[2026-05-12T07:12:23.193+0000] {logging_mixin.py:188} INFO - [2026-05-12T07:12:23.193+0000] {dag.py:3954} INFO - Setting next_dagrun for stackoverflow_medallion_pipeline to 2026-05-12 00:00:00+00:00, run_after=2026-05-13 00:00:00+00:00
[2026-05-12T07:12:23.243+0000] {processor.py:183} INFO - Processing /opt/airflow/dags/stackoverflow_migration_dag.py took 0.308 seconds
[2026-05-12T07:12:53.491+0000] {processor.py:161} INFO - Started process (PID=1014) to work on /opt/airflow/dags/stackoverflow_migration_dag.py
[2026-05-12T07:12:53.493+0000] {processor.py:830} INFO - Processing file /opt/airflow/dags/stackoverflow_migration_dag.py for tasks to queue
[2026-05-12T07:12:53.496+0000] {logging_mixin.py:188} INFO - [2026-05-12T07:12:53.495+0000] {dagbag.py:545} INFO - Filling up the DagBag from /opt/airflow/dags/stackoverflow_migration_dag.py
[2026-05-12T07:12:53.536+0000] {processor.py:840} INFO - DAG(s) 'stackoverflow_medallion_pipeline' retrieved from /opt/airflow/dags/stackoverflow_migration_dag.py
[2026-05-12T07:12:53.628+0000] {logging_mixin.py:188} INFO - [2026-05-12T07:12:53.628+0000] {dag.py:3096} INFO - Sync 1 DAGs
[2026-05-12T07:12:53.690+0000] {logging_mixin.py:188} INFO - [2026-05-12T07:12:53.690+0000] {dag.py:3954} INFO - Setting next_dagrun for stackoverflow_medallion_pipeline to 2026-05-12 00:00:00+00:00, run_after=2026-05-13 00:00:00+00:00
[2026-05-12T07:12:53.738+0000] {processor.py:183} INFO - Processing /opt/airflow/dags/stackoverflow_migration_dag.py took 0.257 seconds
[2026-05-12T07:13:23.991+0000] {processor.py:161} INFO - Started process (PID=1019) to work on /opt/airflow/dags/stackoverflow_migration_dag.py
[2026-05-12T07:13:23.994+0000] {processor.py:830} INFO - Processing file /opt/airflow/dags/stackoverflow_migration_dag.py for tasks to queue
[2026-05-12T07:13:23.997+0000] {logging_mixin.py:188} INFO - [2026-05-12T07:13:23.997+0000] {dagbag.py:545} INFO - Filling up the DagBag from /opt/airflow/dags/stackoverflow_migration_dag.py
[2026-05-12T07:13:24.047+0000] {processor.py:840} INFO - DAG(s) 'stackoverflow_medallion_pipeline' retrieved from /opt/airflow/dags/stackoverflow_migration_dag.py
[2026-05-12T07:13:24.161+0000] {logging_mixin.py:188} INFO - [2026-05-12T07:13:24.161+0000] {dag.py:3096} INFO - Sync 1 DAGs
[2026-05-12T07:13:24.229+0000] {logging_mixin.py:188} INFO - [2026-05-12T07:13:24.229+0000] {dag.py:3954} INFO - Setting next_dagrun for stackoverflow_medallion_pipeline to 2026-05-12 00:00:00+00:00, run_after=2026-05-13 00:00:00+00:00
[2026-05-12T07:13:24.280+0000] {processor.py:183} INFO - Processing /opt/airflow/dags/stackoverflow_migration_dag.py took 0.299 seconds
[2026-05-12T07:13:54.528+0000] {processor.py:161} INFO - Started process (PID=1024) to work on /opt/airflow/dags/stackoverflow_migration_dag.py
[2026-05-12T07:13:54.530+0000] {processor.py:830} INFO - Processing file /opt/airflow/dags/stackoverflow_migration_dag.py for tasks to queue
[2026-05-12T07:13:54.533+0000] {logging_mixin.py:188} INFO - [2026-05-12T07:13:54.533+0000] {dagbag.py:545} INFO - Filling up the DagBag from /opt/airflow/dags/stackoverflow_migration_dag.py
[2026-05-12T07:13:54.578+0000] {processor.py:840} INFO - DAG(s) 'stackoverflow_medallion_pipeline' retrieved from /opt/airflow/dags/stackoverflow_migration_dag.py
[2026-05-12T07:13:54.684+0000] {logging_mixin.py:188} INFO - [2026-05-12T07:13:54.684+0000] {dag.py:3096} INFO - Sync 1 DAGs
[2026-05-12T07:13:54.753+0000] {logging_mixin.py:188} INFO - [2026-05-12T07:13:54.753+0000] {dag.py:3954} INFO - Setting next_dagrun for stackoverflow_medallion_pipeline to 2026-05-12 00:00:00+00:00, run_after=2026-05-13 00:00:00+00:00
[2026-05-12T07:13:54.808+0000] {processor.py:183} INFO - Processing /opt/airflow/dags/stackoverflow_migration_dag.py took 0.291 seconds
[2026-05-12T07:14:25.065+0000] {processor.py:161} INFO - Started process (PID=1029) to work on /opt/airflow/dags/stackoverflow_migration_dag.py
[2026-05-12T07:14:25.067+0000] {processor.py:830} INFO - Processing file /opt/airflow/dags/stackoverflow_migration_dag.py for tasks to queue
[2026-05-12T07:14:25.070+0000] {logging_mixin.py:188} INFO - [2026-05-12T07:14:25.070+0000] {dagbag.py:545} INFO - Filling up the DagBag from /opt/airflow/dags/stackoverflow_migration_dag.py
[2026-05-12T07:14:25.117+0000] {processor.py:840} INFO - DAG(s) 'stackoverflow_medallion_pipeline' retrieved from /opt/airflow/dags/stackoverflow_migration_dag.py
[2026-05-12T07:14:25.225+0000] {logging_mixin.py:188} INFO - [2026-05-12T07:14:25.224+0000] {dag.py:3096} INFO - Sync 1 DAGs
[2026-05-12T07:14:25.320+0000] {logging_mixin.py:188} INFO - [2026-05-12T07:14:25.320+0000] {dag.py:3954} INFO - Setting next_dagrun for stackoverflow_medallion_pipeline to 2026-05-12 00:00:00+00:00, run_after=2026-05-13 00:00:00+00:00
[2026-05-12T07:14:25.466+0000] {processor.py:183} INFO - Processing /opt/airflow/dags/stackoverflow_migration_dag.py took 0.411 seconds
[2026-05-12T07:14:55.744+0000] {processor.py:161} INFO - Started process (PID=1034) to work on /opt/airflow/dags/stackoverflow_migration_dag.py
[2026-05-12T07:14:55.746+0000] {processor.py:830} INFO - Processing file /opt/airflow/dags/stackoverflow_migration_dag.py for tasks to queue
[2026-05-12T07:14:55.749+0000] {logging_mixin.py:188} INFO - [2026-05-12T07:14:55.748+0000] {dagbag.py:545} INFO - Filling up the DagBag from /opt/airflow/dags/stackoverflow_migration_dag.py
[2026-05-12T07:14:55.795+0000] {processor.py:840} INFO - DAG(s) 'stackoverflow_medallion_pipeline' retrieved from /opt/airflow/dags/stackoverflow_migration_dag.py
[2026-05-12T07:14:55.900+0000] {logging_mixin.py:188} INFO - [2026-05-12T07:14:55.900+0000] {dag.py:3096} INFO - Sync 1 DAGs
[2026-05-12T07:14:55.972+0000] {logging_mixin.py:188} INFO - [2026-05-12T07:14:55.971+0000] {dag.py:3954} INFO - Setting next_dagrun for stackoverflow_medallion_pipeline to 2026-05-12 00:00:00+00:00, run_after=2026-05-13 00:00:00+00:00
[2026-05-12T07:14:56.022+0000] {processor.py:183} INFO - Processing /opt/airflow/dags/stackoverflow_migration_dag.py took 0.288 seconds
[2026-05-12T07:15:26.374+0000] {processor.py:161} INFO - Started process (PID=1039) to work on /opt/airflow/dags/stackoverflow_migration_dag.py
[2026-05-12T07:15:26.376+0000] {processor.py:830} INFO - Processing file /opt/airflow/dags/stackoverflow_migration_dag.py for tasks to queue
[2026-05-12T07:15:26.379+0000] {logging_mixin.py:188} INFO - [2026-05-12T07:15:26.378+0000] {dagbag.py:545} INFO - Filling up the DagBag from /opt/airflow/dags/stackoverflow_migration_dag.py
[2026-05-12T07:15:26.421+0000] {processor.py:840} INFO - DAG(s) 'stackoverflow_medallion_pipeline' retrieved from /opt/airflow/dags/stackoverflow_migration_dag.py
[2026-05-12T07:15:26.525+0000] {logging_mixin.py:188} INFO - [2026-05-12T07:15:26.525+0000] {dag.py:3096} INFO - Sync 1 DAGs
[2026-05-12T07:15:26.594+0000] {logging_mixin.py:188} INFO - [2026-05-12T07:15:26.594+0000] {dag.py:3954} INFO - Setting next_dagrun for stackoverflow_medallion_pipeline to 2026-05-12 00:00:00+00:00, run_after=2026-05-13 00:00:00+00:00
[2026-05-12T07:15:26.644+0000] {processor.py:183} INFO - Processing /opt/airflow/dags/stackoverflow_migration_dag.py took 0.278 seconds
[2026-05-12T07:15:56.884+0000] {processor.py:161} INFO - Started process (PID=1044) to work on /opt/airflow/dags/stackoverflow_migration_dag.py
[2026-05-12T07:15:56.887+0000] {processor.py:830} INFO - Processing file /opt/airflow/dags/stackoverflow_migration_dag.py for tasks to queue
[2026-05-12T07:15:56.892+0000] {logging_mixin.py:188} INFO - [2026-05-12T07:15:56.891+0000] {dagbag.py:545} INFO - Filling up the DagBag from /opt/airflow/dags/stackoverflow_migration_dag.py
[2026-05-12T07:15:56.931+0000] {processor.py:840} INFO - DAG(s) 'stackoverflow_medallion_pipeline' retrieved from /opt/airflow/dags/stackoverflow_migration_dag.py
[2026-05-12T07:15:57.007+0000] {logging_mixin.py:188} INFO - [2026-05-12T07:15:57.006+0000] {dag.py:3096} INFO - Sync 1 DAGs
[2026-05-12T07:15:57.061+0000] {logging_mixin.py:188} INFO - [2026-05-12T07:15:57.061+0000] {dag.py:3954} INFO - Setting next_dagrun for stackoverflow_medallion_pipeline to 2026-05-12 00:00:00+00:00, run_after=2026-05-13 00:00:00+00:00
[2026-05-12T07:15:57.106+0000] {processor.py:183} INFO - Processing /opt/airflow/dags/stackoverflow_migration_dag.py took 0.235 seconds
[2026-05-12T07:16:27.349+0000] {processor.py:161} INFO - Started process (PID=1049) to work on /opt/airflow/dags/stackoverflow_migration_dag.py
[2026-05-12T07:16:27.351+0000] {processor.py:830} INFO - Processing file /opt/airflow/dags/stackoverflow_migration_dag.py for tasks to queue
[2026-05-12T07:16:27.355+0000] {logging_mixin.py:188} INFO - [2026-05-12T07:16:27.354+0000] {dagbag.py:545} INFO - Filling up the DagBag from /opt/airflow/dags/stackoverflow_migration_dag.py
[2026-05-12T07:16:27.401+0000] {processor.py:840} INFO - DAG(s) 'stackoverflow_medallion_pipeline' retrieved from /opt/airflow/dags/stackoverflow_migration_dag.py
[2026-05-12T07:16:27.492+0000] {logging_mixin.py:188} INFO - [2026-05-12T07:16:27.492+0000] {dag.py:3096} INFO - Sync 1 DAGs
[2026-05-12T07:16:27.554+0000] {logging_mixin.py:188} INFO - [2026-05-12T07:16:27.554+0000] {dag.py:3954} INFO - Setting next_dagrun for stackoverflow_medallion_pipeline to 2026-05-12 00:00:00+00:00, run_after=2026-05-13 00:00:00+00:00
[2026-05-12T07:16:27.603+0000] {processor.py:183} INFO - Processing /opt/airflow/dags/stackoverflow_migration_dag.py took 0.264 seconds
[2026-05-12T07:16:57.840+0000] {processor.py:161} INFO - Started process (PID=1054) to work on /opt/airflow/dags/stackoverflow_migration_dag.py
[2026-05-12T07:16:57.842+0000] {processor.py:830} INFO - Processing file /opt/airflow/dags/stackoverflow_migration_dag.py for tasks to queue
[2026-05-12T07:16:57.846+0000] {logging_mixin.py:188} INFO - [2026-05-12T07:16:57.845+0000] {dagbag.py:545} INFO - Filling up the DagBag from /opt/airflow/dags/stackoverflow_migration_dag.py
[2026-05-12T07:16:57.901+0000] {processor.py:840} INFO - DAG(s) 'stackoverflow_medallion_pipeline' retrieved from /opt/airflow/dags/stackoverflow_migration_dag.py
[2026-05-12T07:16:58.000+0000] {logging_mixin.py:188} INFO - [2026-05-12T07:16:58.000+0000] {dag.py:3096} INFO - Sync 1 DAGs
[2026-05-12T07:16:58.067+0000] {logging_mixin.py:188} INFO - [2026-05-12T07:16:58.067+0000] {dag.py:3954} INFO - Setting next_dagrun for stackoverflow_medallion_pipeline to 2026-05-12 00:00:00+00:00, run_after=2026-05-13 00:00:00+00:00
[2026-05-12T07:16:58.125+0000] {processor.py:183} INFO - Processing /opt/airflow/dags/stackoverflow_migration_dag.py took 0.294 seconds
[2026-05-12T07:17:28.389+0000] {processor.py:161} INFO - Started process (PID=1059) to work on /opt/airflow/dags/stackoverflow_migration_dag.py
[2026-05-12T07:17:28.392+0000] {processor.py:830} INFO - Processing file /opt/airflow/dags/stackoverflow_migration_dag.py for tasks to queue
[2026-05-12T07:17:28.396+0000] {logging_mixin.py:188} INFO - [2026-05-12T07:17:28.396+0000] {dagbag.py:545} INFO - Filling up the DagBag from /opt/airflow/dags/stackoverflow_migration_dag.py
[2026-05-12T07:17:28.447+0000] {processor.py:840} INFO - DAG(s) 'stackoverflow_medallion_pipeline' retrieved from /opt/airflow/dags/stackoverflow_migration_dag.py
[2026-05-12T07:17:28.544+0000] {logging_mixin.py:188} INFO - [2026-05-12T07:17:28.543+0000] {dag.py:3096} INFO - Sync 1 DAGs
[2026-05-12T07:17:28.609+0000] {logging_mixin.py:188} INFO - [2026-05-12T07:17:28.609+0000] {dag.py:3954} INFO - Setting next_dagrun for stackoverflow_medallion_pipeline to 2026-05-12 00:00:00+00:00, run_after=2026-05-13 00:00:00+00:00
[2026-05-12T07:17:28.660+0000] {processor.py:183} INFO - Processing /opt/airflow/dags/stackoverflow_migration_dag.py took 0.283 seconds
[2026-05-12T07:17:58.915+0000] {processor.py:161} INFO - Started process (PID=1064) to work on /opt/airflow/dags/stackoverflow_migration_dag.py
[2026-05-12T07:17:58.917+0000] {processor.py:830} INFO - Processing file /opt/airflow/dags/stackoverflow_migration_dag.py for tasks to queue
[2026-05-12T07:17:58.920+0000] {logging_mixin.py:188} INFO - [2026-05-12T07:17:58.920+0000] {dagbag.py:545} INFO - Filling up the DagBag from /opt/airflow/dags/stackoverflow_migration_dag.py
[2026-05-12T07:17:58.968+0000] {processor.py:840} INFO - DAG(s) 'stackoverflow_medallion_pipeline' retrieved from /opt/airflow/dags/stackoverflow_migration_dag.py
[2026-05-12T07:17:59.066+0000] {logging_mixin.py:188} INFO - [2026-05-12T07:17:59.066+0000] {dag.py:3096} INFO - Sync 1 DAGs
[2026-05-12T07:17:59.136+0000] {logging_mixin.py:188} INFO - [2026-05-12T07:17:59.136+0000] {dag.py:3954} INFO - Setting next_dagrun for stackoverflow_medallion_pipeline to 2026-05-12 00:00:00+00:00, run_after=2026-05-13 00:00:00+00:00
[2026-05-12T07:17:59.192+0000] {processor.py:183} INFO - Processing /opt/airflow/dags/stackoverflow_migration_dag.py took 0.287 seconds
[2026-05-12T07:18:29.431+0000] {processor.py:161} INFO - Started process (PID=1069) to work on /opt/airflow/dags/stackoverflow_migration_dag.py
[2026-05-12T07:18:29.433+0000] {processor.py:830} INFO - Processing file /opt/airflow/dags/stackoverflow_migration_dag.py for tasks to queue
[2026-05-12T07:18:29.437+0000] {logging_mixin.py:188} INFO - [2026-05-12T07:18:29.436+0000] {dagbag.py:545} INFO - Filling up the DagBag from /opt/airflow/dags/stackoverflow_migration_dag.py
[2026-05-12T07:18:29.479+0000] {processor.py:840} INFO - DAG(s) 'stackoverflow_medallion_pipeline' retrieved from /opt/airflow/dags/stackoverflow_migration_dag.py
[2026-05-12T07:18:29.581+0000] {logging_mixin.py:188} INFO - [2026-05-12T07:18:29.579+0000] {dag.py:3096} INFO - Sync 1 DAGs
[2026-05-12T07:18:29.648+0000] {logging_mixin.py:188} INFO - [2026-05-12T07:18:29.648+0000] {dag.py:3954} INFO - Setting next_dagrun for stackoverflow_medallion_pipeline to 2026-05-12 00:00:00+00:00, run_after=2026-05-13 00:00:00+00:00
[2026-05-12T07:18:29.704+0000] {processor.py:183} INFO - Processing /opt/airflow/dags/stackoverflow_migration_dag.py took 0.282 seconds
[2026-05-12T07:18:59.956+0000] {processor.py:161} INFO - Started process (PID=1074) to work on /opt/airflow/dags/stackoverflow_migration_dag.py
[2026-05-12T07:18:59.958+0000] {processor.py:830} INFO - Processing file /opt/airflow/dags/stackoverflow_migration_dag.py for tasks to queue
[2026-05-12T07:18:59.961+0000] {logging_mixin.py:188} INFO - [2026-05-12T07:18:59.960+0000] {dagbag.py:545} INFO - Filling up the DagBag from /opt/airflow/dags/stackoverflow_migration_dag.py
[2026-05-12T07:18:59.999+0000] {processor.py:840} INFO - DAG(s) 'stackoverflow_medallion_pipeline' retrieved from /opt/airflow/dags/stackoverflow_migration_dag.py
[2026-05-12T07:19:00.090+0000] {logging_mixin.py:188} INFO - [2026-05-12T07:19:00.090+0000] {dag.py:3096} INFO - Sync 1 DAGs
[2026-05-12T07:19:00.151+0000] {logging_mixin.py:188} INFO - [2026-05-12T07:19:00.151+0000] {dag.py:3954} INFO - Setting next_dagrun for stackoverflow_medallion_pipeline to 2026-05-12 00:00:00+00:00, run_after=2026-05-13 00:00:00+00:00
[2026-05-12T07:19:00.199+0000] {processor.py:183} INFO - Processing /opt/airflow/dags/stackoverflow_migration_dag.py took 0.251 seconds
[2026-05-12T07:19:30.441+0000] {processor.py:161} INFO - Started process (PID=1079) to work on /opt/airflow/dags/stackoverflow_migration_dag.py
[2026-05-12T07:19:30.443+0000] {processor.py:830} INFO - Processing file /opt/airflow/dags/stackoverflow_migration_dag.py for tasks to queue
[2026-05-12T07:19:30.447+0000] {logging_mixin.py:188} INFO - [2026-05-12T07:19:30.446+0000] {dagbag.py:545} INFO - Filling up the DagBag from /opt/airflow/dags/stackoverflow_migration_dag.py
[2026-05-12T07:19:30.493+0000] {processor.py:840} INFO - DAG(s) 'stackoverflow_medallion_pipeline' retrieved from /opt/airflow/dags/stackoverflow_migration_dag.py
[2026-05-12T07:19:30.590+0000] {logging_mixin.py:188} INFO - [2026-05-12T07:19:30.590+0000] {dag.py:3096} INFO - Sync 1 DAGs
[2026-05-12T07:19:30.654+0000] {logging_mixin.py:188} INFO - [2026-05-12T07:19:30.653+0000] {dag.py:3954} INFO - Setting next_dagrun for stackoverflow_medallion_pipeline to 2026-05-12 00:00:00+00:00, run_after=2026-05-13 00:00:00+00:00
[2026-05-12T07:19:30.705+0000] {processor.py:183} INFO - Processing /opt/airflow/dags/stackoverflow_migration_dag.py took 0.273 seconds
[2026-05-12T07:20:00.955+0000] {processor.py:161} INFO - Started process (PID=1084) to work on /opt/airflow/dags/stackoverflow_migration_dag.py
[2026-05-12T07:20:00.957+0000] {processor.py:830} INFO - Processing file /opt/airflow/dags/stackoverflow_migration_dag.py for tasks to queue
[2026-05-12T07:20:00.960+0000] {logging_mixin.py:188} INFO - [2026-05-12T07:20:00.959+0000] {dagbag.py:545} INFO - Filling up the DagBag from /opt/airflow/dags/stackoverflow_migration_dag.py
[2026-05-12T07:20:01.003+0000] {processor.py:840} INFO - DAG(s) 'stackoverflow_medallion_pipeline' retrieved from /opt/airflow/dags/stackoverflow_migration_dag.py
[2026-05-12T07:20:01.092+0000] {logging_mixin.py:188} INFO - [2026-05-12T07:20:01.091+0000] {dag.py:3096} INFO - Sync 1 DAGs
[2026-05-12T07:20:01.153+0000] {logging_mixin.py:188} INFO - [2026-05-12T07:20:01.153+0000] {dag.py:3954} INFO - Setting next_dagrun for stackoverflow_medallion_pipeline to 2026-05-12 00:00:00+00:00, run_after=2026-05-13 00:00:00+00:00
[2026-05-12T07:20:01.202+0000] {processor.py:183} INFO - Processing /opt/airflow/dags/stackoverflow_migration_dag.py took 0.256 seconds
[2026-05-12T07:20:31.447+0000] {processor.py:161} INFO - Started process (PID=1089) to work on /opt/airflow/dags/stackoverflow_migration_dag.py
[2026-05-12T07:20:31.449+0000] {processor.py:830} INFO - Processing file /opt/airflow/dags/stackoverflow_migration_dag.py for tasks to queue
[2026-05-12T07:20:31.452+0000] {logging_mixin.py:188} INFO - [2026-05-12T07:20:31.452+0000] {dagbag.py:545} INFO - Filling up the DagBag from /opt/airflow/dags/stackoverflow_migration_dag.py
[2026-05-12T07:20:31.498+0000] {processor.py:840} INFO - DAG(s) 'stackoverflow_medallion_pipeline' retrieved from /opt/airflow/dags/stackoverflow_migration_dag.py
[2026-05-12T07:20:31.592+0000] {logging_mixin.py:188} INFO - [2026-05-12T07:20:31.592+0000] {dag.py:3096} INFO - Sync 1 DAGs
[2026-05-12T07:20:31.664+0000] {logging_mixin.py:188} INFO - [2026-05-12T07:20:31.663+0000] {dag.py:3954} INFO - Setting next_dagrun for stackoverflow_medallion_pipeline to 2026-05-12 00:00:00+00:00, run_after=2026-05-13 00:00:00+00:00
[2026-05-12T07:20:31.714+0000] {processor.py:183} INFO - Processing /opt/airflow/dags/stackoverflow_migration_dag.py took 0.277 seconds
[2026-05-12T07:21:01.953+0000] {processor.py:161} INFO - Started process (PID=1094) to work on /opt/airflow/dags/stackoverflow_migration_dag.py
[2026-05-12T07:21:01.954+0000] {processor.py:830} INFO - Processing file /opt/airflow/dags/stackoverflow_migration_dag.py for tasks to queue
[2026-05-12T07:21:01.957+0000] {logging_mixin.py:188} INFO - [2026-05-12T07:21:01.957+0000] {dagbag.py:545} INFO - Filling up the DagBag from /opt/airflow/dags/stackoverflow_migration_dag.py
[2026-05-12T07:21:01.997+0000] {processor.py:840} INFO - DAG(s) 'stackoverflow_medallion_pipeline' retrieved from /opt/airflow/dags/stackoverflow_migration_dag.py
[2026-05-12T07:21:02.088+0000] {logging_mixin.py:188} INFO - [2026-05-12T07:21:02.087+0000] {dag.py:3096} INFO - Sync 1 DAGs
[2026-05-12T07:21:02.160+0000] {logging_mixin.py:188} INFO - [2026-05-12T07:21:02.160+0000] {dag.py:3954} INFO - Setting next_dagrun for stackoverflow_medallion_pipeline to 2026-05-12 00:00:00+00:00, run_after=2026-05-13 00:00:00+00:00
[2026-05-12T07:21:02.216+0000] {processor.py:183} INFO - Processing /opt/airflow/dags/stackoverflow_migration_dag.py took 0.271 seconds
[2026-05-12T07:21:32.463+0000] {processor.py:161} INFO - Started process (PID=1099) to work on /opt/airflow/dags/stackoverflow_migration_dag.py
[2026-05-12T07:21:32.465+0000] {processor.py:830} INFO - Processing file /opt/airflow/dags/stackoverflow_migration_dag.py for tasks to queue
[2026-05-12T07:21:32.468+0000] {logging_mixin.py:188} INFO - [2026-05-12T07:21:32.467+0000] {dagbag.py:545} INFO - Filling up the DagBag from /opt/airflow/dags/stackoverflow_migration_dag.py
[2026-05-12T07:21:32.508+0000] {processor.py:840} INFO - DAG(s) 'stackoverflow_medallion_pipeline' retrieved from /opt/airflow/dags/stackoverflow_migration_dag.py
[2026-05-12T07:21:32.596+0000] {logging_mixin.py:188} INFO - [2026-05-12T07:21:32.596+0000] {dag.py:3096} INFO - Sync 1 DAGs
[2026-05-12T07:21:32.657+0000] {logging_mixin.py:188} INFO - [2026-05-12T07:21:32.657+0000] {dag.py:3954} INFO - Setting next_dagrun for stackoverflow_medallion_pipeline to 2026-05-12 00:00:00+00:00, run_after=2026-05-13 00:00:00+00:00
[2026-05-12T07:21:32.705+0000] {processor.py:183} INFO - Processing /opt/airflow/dags/stackoverflow_migration_dag.py took 0.250 seconds
[2026-05-12T07:22:02.945+0000] {processor.py:161} INFO - Started process (PID=1104) to work on /opt/airflow/dags/stackoverflow_migration_dag.py
[2026-05-12T07:22:02.947+0000] {processor.py:830} INFO - Processing file /opt/airflow/dags/stackoverflow_migration_dag.py for tasks to queue
[2026-05-12T07:22:02.951+0000] {logging_mixin.py:188} INFO - [2026-05-12T07:22:02.950+0000] {dagbag.py:545} INFO - Filling up the DagBag from /opt/airflow/dags/stackoverflow_migration_dag.py
[2026-05-12T07:22:02.995+0000] {processor.py:840} INFO - DAG(s) 'stackoverflow_medallion_pipeline' retrieved from /opt/airflow/dags/stackoverflow_migration_dag.py
[2026-05-12T07:22:03.093+0000] {logging_mixin.py:188} INFO - [2026-05-12T07:22:03.093+0000] {dag.py:3096} INFO - Sync 1 DAGs
[2026-05-12T07:22:03.164+0000] {logging_mixin.py:188} INFO - [2026-05-12T07:22:03.164+0000] {dag.py:3954} INFO - Setting next_dagrun for stackoverflow_medallion_pipeline to 2026-05-12 00:00:00+00:00, run_after=2026-05-13 00:00:00+00:00
[2026-05-12T07:22:03.221+0000] {processor.py:183} INFO - Processing /opt/airflow/dags/stackoverflow_migration_dag.py took 0.285 seconds
[2026-05-12T07:22:33.493+0000] {processor.py:161} INFO - Started process (PID=1109) to work on /opt/airflow/dags/stackoverflow_migration_dag.py
[2026-05-12T07:22:33.496+0000] {processor.py:830} INFO - Processing file /opt/airflow/dags/stackoverflow_migration_dag.py for tasks to queue
[2026-05-12T07:22:33.500+0000] {logging_mixin.py:188} INFO - [2026-05-12T07:22:33.499+0000] {dagbag.py:545} INFO - Filling up the DagBag from /opt/airflow/dags/stackoverflow_migration_dag.py
[2026-05-12T07:22:33.558+0000] {processor.py:840} INFO - DAG(s) 'stackoverflow_medallion_pipeline' retrieved from /opt/airflow/dags/stackoverflow_migration_dag.py
[2026-05-12T07:22:33.661+0000] {logging_mixin.py:188} INFO - [2026-05-12T07:22:33.660+0000] {dag.py:3096} INFO - Sync 1 DAGs
[2026-05-12T07:22:33.741+0000] {logging_mixin.py:188} INFO - [2026-05-12T07:22:33.740+0000] {dag.py:3954} INFO - Setting next_dagrun for stackoverflow_medallion_pipeline to 2026-05-12 00:00:00+00:00, run_after=2026-05-13 00:00:00+00:00
[2026-05-12T07:22:33.805+0000] {processor.py:183} INFO - Processing /opt/airflow/dags/stackoverflow_migration_dag.py took 0.328 seconds
[2026-05-12T07:23:04.048+0000] {processor.py:161} INFO - Started process (PID=1114) to work on /opt/airflow/dags/stackoverflow_migration_dag.py
[2026-05-12T07:23:04.050+0000] {processor.py:830} INFO - Processing file /opt/airflow/dags/stackoverflow_migration_dag.py for tasks to queue
[2026-05-12T07:23:04.053+0000] {logging_mixin.py:188} INFO - [2026-05-12T07:23:04.052+0000] {dagbag.py:545} INFO - Filling up the DagBag from /opt/airflow/dags/stackoverflow_migration_dag.py
[2026-05-12T07:23:04.095+0000] {processor.py:840} INFO - DAG(s) 'stackoverflow_medallion_pipeline' retrieved from /opt/airflow/dags/stackoverflow_migration_dag.py
[2026-05-12T07:23:04.188+0000] {logging_mixin.py:188} INFO - [2026-05-12T07:23:04.188+0000] {dag.py:3096} INFO - Sync 1 DAGs
[2026-05-12T07:23:04.259+0000] {logging_mixin.py:188} INFO - [2026-05-12T07:23:04.258+0000] {dag.py:3954} INFO - Setting next_dagrun for stackoverflow_medallion_pipeline to 2026-05-12 00:00:00+00:00, run_after=2026-05-13 00:00:00+00:00
[2026-05-12T07:23:04.324+0000] {processor.py:183} INFO - Processing /opt/airflow/dags/stackoverflow_migration_dag.py took 0.285 seconds
[2026-05-12T07:23:34.583+0000] {processor.py:161} INFO - Started process (PID=1119) to work on /opt/airflow/dags/stackoverflow_migration_dag.py
[2026-05-12T07:23:34.585+0000] {processor.py:830} INFO - Processing file /opt/airflow/dags/stackoverflow_migration_dag.py for tasks to queue
[2026-05-12T07:23:34.588+0000] {logging_mixin.py:188} INFO - [2026-05-12T07:23:34.588+0000] {dagbag.py:545} INFO - Filling up the DagBag from /opt/airflow/dags/stackoverflow_migration_dag.py
[2026-05-12T07:23:34.629+0000] {processor.py:840} INFO - DAG(s) 'stackoverflow_medallion_pipeline' retrieved from /opt/airflow/dags/stackoverflow_migration_dag.py
[2026-05-12T07:23:34.725+0000] {logging_mixin.py:188} INFO - [2026-05-12T07:23:34.724+0000] {dag.py:3096} INFO - Sync 1 DAGs
[2026-05-12T07:23:34.791+0000] {logging_mixin.py:188} INFO - [2026-05-12T07:23:34.791+0000] {dag.py:3954} INFO - Setting next_dagrun for stackoverflow_medallion_pipeline to 2026-05-12 00:00:00+00:00, run_after=2026-05-13 00:00:00+00:00
[2026-05-12T07:23:34.848+0000] {processor.py:183} INFO - Processing /opt/airflow/dags/stackoverflow_migration_dag.py took 0.273 seconds
[2026-05-12T07:24:05.108+0000] {processor.py:161} INFO - Started process (PID=1124) to work on /opt/airflow/dags/stackoverflow_migration_dag.py
[2026-05-12T07:24:05.111+0000] {processor.py:830} INFO - Processing file /opt/airflow/dags/stackoverflow_migration_dag.py for tasks to queue
[2026-05-12T07:24:05.115+0000] {logging_mixin.py:188} INFO - [2026-05-12T07:24:05.115+0000] {dagbag.py:545} INFO - Filling up the DagBag from /opt/airflow/dags/stackoverflow_migration_dag.py
[2026-05-12T07:24:05.168+0000] {processor.py:840} INFO - DAG(s) 'stackoverflow_medallion_pipeline' retrieved from /opt/airflow/dags/stackoverflow_migration_dag.py
[2026-05-12T07:24:05.266+0000] {logging_mixin.py:188} INFO - [2026-05-12T07:24:05.266+0000] {dag.py:3096} INFO - Sync 1 DAGs
[2026-05-12T07:24:05.332+0000] {logging_mixin.py:188} INFO - [2026-05-12T07:24:05.331+0000] {dag.py:3954} INFO - Setting next_dagrun for stackoverflow_medallion_pipeline to 2026-05-12 00:00:00+00:00, run_after=2026-05-13 00:00:00+00:00
[2026-05-12T07:24:05.382+0000] {processor.py:183} INFO - Processing /opt/airflow/dags/stackoverflow_migration_dag.py took 0.288 seconds
[2026-05-12T07:24:35.624+0000] {processor.py:161} INFO - Started process (PID=1129) to work on /opt/airflow/dags/stackoverflow_migration_dag.py
[2026-05-12T07:24:35.625+0000] {processor.py:830} INFO - Processing file /opt/airflow/dags/stackoverflow_migration_dag.py for tasks to queue
[2026-05-12T07:24:35.628+0000] {logging_mixin.py:188} INFO - [2026-05-12T07:24:35.628+0000] {dagbag.py:545} INFO - Filling up the DagBag from /opt/airflow/dags/stackoverflow_migration_dag.py
[2026-05-12T07:24:35.666+0000] {processor.py:840} INFO - DAG(s) 'stackoverflow_medallion_pipeline' retrieved from /opt/airflow/dags/stackoverflow_migration_dag.py
[2026-05-12T07:24:35.758+0000] {logging_mixin.py:188} INFO - [2026-05-12T07:24:35.757+0000] {dag.py:3096} INFO - Sync 1 DAGs
[2026-05-12T07:24:35.820+0000] {logging_mixin.py:188} INFO - [2026-05-12T07:24:35.820+0000] {dag.py:3954} INFO - Setting next_dagrun for stackoverflow_medallion_pipeline to 2026-05-12 00:00:00+00:00, run_after=2026-05-13 00:00:00+00:00
[2026-05-12T07:24:35.872+0000] {processor.py:183} INFO - Processing /opt/airflow/dags/stackoverflow_migration_dag.py took 0.256 seconds
[2026-05-12T07:56:09.173+0000] {processor.py:161} INFO - Started process (PID=1134) to work on /opt/airflow/dags/stackoverflow_migration_dag.py
[2026-05-12T07:56:09.180+0000] {processor.py:830} INFO - Processing file /opt/airflow/dags/stackoverflow_migration_dag.py for tasks to queue
[2026-05-12T07:56:09.192+0000] {logging_mixin.py:188} INFO - [2026-05-12T07:56:09.191+0000] {dagbag.py:545} INFO - Filling up the DagBag from /opt/airflow/dags/stackoverflow_migration_dag.py
[2026-05-12T07:56:09.805+0000] {processor.py:840} INFO - DAG(s) 'stackoverflow_medallion_pipeline' retrieved from /opt/airflow/dags/stackoverflow_migration_dag.py
[2026-05-12T07:56:10.599+0000] {logging_mixin.py:188} INFO - [2026-05-12T07:56:10.597+0000] {dag.py:3096} INFO - Sync 1 DAGs
[2026-05-12T07:56:11.156+0000] {logging_mixin.py:188} INFO - [2026-05-12T07:56:11.155+0000] {dag.py:3954} INFO - Setting next_dagrun for stackoverflow_medallion_pipeline to 2026-05-12 00:00:00+00:00, run_after=2026-05-13 00:00:00+00:00
[2026-05-12T07:56:11.507+0000] {processor.py:183} INFO - Processing /opt/airflow/dags/stackoverflow_migration_dag.py took 2.358 seconds
[2026-05-12T07:56:41.865+0000] {processor.py:161} INFO - Started process (PID=1139) to work on /opt/airflow/dags/stackoverflow_migration_dag.py
[2026-05-12T07:56:41.867+0000] {processor.py:830} INFO - Processing file /opt/airflow/dags/stackoverflow_migration_dag.py for tasks to queue
[2026-05-12T07:56:41.870+0000] {logging_mixin.py:188} INFO - [2026-05-12T07:56:41.870+0000] {dagbag.py:545} INFO - Filling up the DagBag from /opt/airflow/dags/stackoverflow_migration_dag.py
[2026-05-12T07:56:41.906+0000] {processor.py:840} INFO - DAG(s) 'stackoverflow_medallion_pipeline' retrieved from /opt/airflow/dags/stackoverflow_migration_dag.py
[2026-05-12T07:56:41.987+0000] {logging_mixin.py:188} INFO - [2026-05-12T07:56:41.987+0000] {dag.py:3096} INFO - Sync 1 DAGs
[2026-05-12T07:56:42.054+0000] {logging_mixin.py:188} INFO - [2026-05-12T07:56:42.054+0000] {dag.py:3954} INFO - Setting next_dagrun for stackoverflow_medallion_pipeline to 2026-05-12 00:00:00+00:00, run_after=2026-05-13 00:00:00+00:00
[2026-05-12T07:56:42.104+0000] {processor.py:183} INFO - Processing /opt/airflow/dags/stackoverflow_migration_dag.py took 0.246 seconds
[2026-05-12T07:57:12.285+0000] {processor.py:161} INFO - Started process (PID=1144) to work on /opt/airflow/dags/stackoverflow_migration_dag.py
[2026-05-12T07:57:12.287+0000] {processor.py:830} INFO - Processing file /opt/airflow/dags/stackoverflow_migration_dag.py for tasks to queue
[2026-05-12T07:57:12.291+0000] {logging_mixin.py:188} INFO - [2026-05-12T07:57:12.290+0000] {dagbag.py:545} INFO - Filling up the DagBag from /opt/airflow/dags/stackoverflow_migration_dag.py
[2026-05-12T07:57:12.333+0000] {processor.py:840} INFO - DAG(s) 'stackoverflow_medallion_pipeline' retrieved from /opt/airflow/dags/stackoverflow_migration_dag.py
[2026-05-12T07:57:12.413+0000] {logging_mixin.py:188} INFO - [2026-05-12T07:57:12.413+0000] {dag.py:3096} INFO - Sync 1 DAGs
[2026-05-12T07:57:12.470+0000] {logging_mixin.py:188} INFO - [2026-05-12T07:57:12.470+0000] {dag.py:3954} INFO - Setting next_dagrun for stackoverflow_medallion_pipeline to 2026-05-12 00:00:00+00:00, run_after=2026-05-13 00:00:00+00:00
[2026-05-12T07:57:12.516+0000] {processor.py:183} INFO - Processing /opt/airflow/dags/stackoverflow_migration_dag.py took 0.238 seconds
[2026-05-12T07:57:42.744+0000] {processor.py:161} INFO - Started process (PID=1149) to work on /opt/airflow/dags/stackoverflow_migration_dag.py
[2026-05-12T07:57:42.746+0000] {processor.py:830} INFO - Processing file /opt/airflow/dags/stackoverflow_migration_dag.py for tasks to queue
[2026-05-12T07:57:42.750+0000] {logging_mixin.py:188} INFO - [2026-05-12T07:57:42.749+0000] {dagbag.py:545} INFO - Filling up the DagBag from /opt/airflow/dags/stackoverflow_migration_dag.py
[2026-05-12T07:57:42.793+0000] {processor.py:840} INFO - DAG(s) 'stackoverflow_medallion_pipeline' retrieved from /opt/airflow/dags/stackoverflow_migration_dag.py
[2026-05-12T07:57:42.901+0000] {logging_mixin.py:188} INFO - [2026-05-12T07:57:42.900+0000] {dag.py:3096} INFO - Sync 1 DAGs
[2026-05-12T07:57:42.964+0000] {logging_mixin.py:188} INFO - [2026-05-12T07:57:42.963+0000] {dag.py:3954} INFO - Setting next_dagrun for stackoverflow_medallion_pipeline to 2026-05-12 00:00:00+00:00, run_after=2026-05-13 00:00:00+00:00
[2026-05-12T07:57:43.016+0000] {processor.py:183} INFO - Processing /opt/airflow/dags/stackoverflow_migration_dag.py took 0.282 seconds
[2026-05-12T07:58:13.266+0000] {processor.py:161} INFO - Started process (PID=1154) to work on /opt/airflow/dags/stackoverflow_migration_dag.py
[2026-05-12T07:58:13.268+0000] {processor.py:830} INFO - Processing file /opt/airflow/dags/stackoverflow_migration_dag.py for tasks to queue
[2026-05-12T07:58:13.271+0000] {logging_mixin.py:188} INFO - [2026-05-12T07:58:13.271+0000] {dagbag.py:545} INFO - Filling up the DagBag from /opt/airflow/dags/stackoverflow_migration_dag.py
[2026-05-12T07:58:13.325+0000] {processor.py:840} INFO - DAG(s) 'stackoverflow_medallion_pipeline' retrieved from /opt/airflow/dags/stackoverflow_migration_dag.py
[2026-05-12T07:58:13.422+0000] {logging_mixin.py:188} INFO - [2026-05-12T07:58:13.422+0000] {dag.py:3096} INFO - Sync 1 DAGs
[2026-05-12T07:58:13.486+0000] {logging_mixin.py:188} INFO - [2026-05-12T07:58:13.485+0000] {dag.py:3954} INFO - Setting next_dagrun for stackoverflow_medallion_pipeline to 2026-05-12 00:00:00+00:00, run_after=2026-05-13 00:00:00+00:00
[2026-05-12T07:58:13.533+0000] {processor.py:183} INFO - Processing /opt/airflow/dags/stackoverflow_migration_dag.py took 0.276 seconds
[2026-05-12T07:58:43.859+0000] {processor.py:161} INFO - Started process (PID=1159) to work on /opt/airflow/dags/stackoverflow_migration_dag.py
[2026-05-12T07:58:43.863+0000] {processor.py:830} INFO - Processing file /opt/airflow/dags/stackoverflow_migration_dag.py for tasks to queue
[2026-05-12T07:58:43.868+0000] {logging_mixin.py:188} INFO - [2026-05-12T07:58:43.867+0000] {dagbag.py:545} INFO - Filling up the DagBag from /opt/airflow/dags/stackoverflow_migration_dag.py
[2026-05-12T07:58:43.950+0000] {processor.py:840} INFO - DAG(s) 'stackoverflow_medallion_pipeline' retrieved from /opt/airflow/dags/stackoverflow_migration_dag.py
[2026-05-12T07:58:44.123+0000] {logging_mixin.py:188} INFO - [2026-05-12T07:58:44.121+0000] {dag.py:3096} INFO - Sync 1 DAGs
[2026-05-12T07:58:44.218+0000] {logging_mixin.py:188} INFO - [2026-05-12T07:58:44.217+0000] {dag.py:3954} INFO - Setting next_dagrun for stackoverflow_medallion_pipeline to 2026-05-12 00:00:00+00:00, run_after=2026-05-13 00:00:00+00:00
[2026-05-12T07:58:44.292+0000] {processor.py:183} INFO - Processing /opt/airflow/dags/stackoverflow_migration_dag.py took 0.458 seconds
[2026-05-12T07:59:14.628+0000] {processor.py:161} INFO - Started process (PID=1164) to work on /opt/airflow/dags/stackoverflow_migration_dag.py
[2026-05-12T07:59:14.630+0000] {processor.py:830} INFO - Processing file /opt/airflow/dags/stackoverflow_migration_dag.py for tasks to queue
[2026-05-12T07:59:14.636+0000] {logging_mixin.py:188} INFO - [2026-05-12T07:59:14.635+0000] {dagbag.py:545} INFO - Filling up the DagBag from /opt/airflow/dags/stackoverflow_migration_dag.py
[2026-05-12T07:59:14.703+0000] {processor.py:840} INFO - DAG(s) 'stackoverflow_medallion_pipeline' retrieved from /opt/airflow/dags/stackoverflow_migration_dag.py
[2026-05-12T07:59:14.824+0000] {logging_mixin.py:188} INFO - [2026-05-12T07:59:14.824+0000] {dag.py:3096} INFO - Sync 1 DAGs
[2026-05-12T07:59:14.911+0000] {logging_mixin.py:188} INFO - [2026-05-12T07:59:14.910+0000] {dag.py:3954} INFO - Setting next_dagrun for stackoverflow_medallion_pipeline to 2026-05-12 00:00:00+00:00, run_after=2026-05-13 00:00:00+00:00
[2026-05-12T07:59:14.974+0000] {processor.py:183} INFO - Processing /opt/airflow/dags/stackoverflow_migration_dag.py took 0.374 seconds
[2026-05-12T07:59:45.236+0000] {processor.py:161} INFO - Started process (PID=1169) to work on /opt/airflow/dags/stackoverflow_migration_dag.py
[2026-05-12T07:59:45.237+0000] {processor.py:830} INFO - Processing file /opt/airflow/dags/stackoverflow_migration_dag.py for tasks to queue
[2026-05-12T07:59:45.241+0000] {logging_mixin.py:188} INFO - [2026-05-12T07:59:45.240+0000] {dagbag.py:545} INFO - Filling up the DagBag from /opt/airflow/dags/stackoverflow_migration_dag.py
[2026-05-12T07:59:45.287+0000] {processor.py:840} INFO - DAG(s) 'stackoverflow_medallion_pipeline' retrieved from /opt/airflow/dags/stackoverflow_migration_dag.py
[2026-05-12T07:59:45.380+0000] {logging_mixin.py:188} INFO - [2026-05-12T07:59:45.380+0000] {dag.py:3096} INFO - Sync 1 DAGs
[2026-05-12T07:59:45.453+0000] {logging_mixin.py:188} INFO - [2026-05-12T07:59:45.453+0000] {dag.py:3954} INFO - Setting next_dagrun for stackoverflow_medallion_pipeline to 2026-05-12 00:00:00+00:00, run_after=2026-05-13 00:00:00+00:00
[2026-05-12T07:59:45.508+0000] {processor.py:183} INFO - Processing /opt/airflow/dags/stackoverflow_migration_dag.py took 0.281 seconds
[2026-05-12T08:00:15.751+0000] {processor.py:161} INFO - Started process (PID=1174) to work on /opt/airflow/dags/stackoverflow_migration_dag.py
[2026-05-12T08:00:15.752+0000] {processor.py:830} INFO - Processing file /opt/airflow/dags/stackoverflow_migration_dag.py for tasks to queue
[2026-05-12T08:00:15.755+0000] {logging_mixin.py:188} INFO - [2026-05-12T08:00:15.755+0000] {dagbag.py:545} INFO - Filling up the DagBag from /opt/airflow/dags/stackoverflow_migration_dag.py
[2026-05-12T08:00:15.794+0000] {processor.py:840} INFO - DAG(s) 'stackoverflow_medallion_pipeline' retrieved from /opt/airflow/dags/stackoverflow_migration_dag.py
[2026-05-12T08:00:15.880+0000] {logging_mixin.py:188} INFO - [2026-05-12T08:00:15.879+0000] {dag.py:3096} INFO - Sync 1 DAGs
[2026-05-12T08:00:15.944+0000] {logging_mixin.py:188} INFO - [2026-05-12T08:00:15.943+0000] {dag.py:3954} INFO - Setting next_dagrun for stackoverflow_medallion_pipeline to 2026-05-12 00:00:00+00:00, run_after=2026-05-13 00:00:00+00:00
[2026-05-12T08:00:15.993+0000] {processor.py:183} INFO - Processing /opt/airflow/dags/stackoverflow_migration_dag.py took 0.251 seconds
[2026-05-12T08:00:46.247+0000] {processor.py:161} INFO - Started process (PID=1179) to work on /opt/airflow/dags/stackoverflow_migration_dag.py
[2026-05-12T08:00:46.249+0000] {processor.py:830} INFO - Processing file /opt/airflow/dags/stackoverflow_migration_dag.py for tasks to queue
[2026-05-12T08:00:46.253+0000] {logging_mixin.py:188} INFO - [2026-05-12T08:00:46.252+0000] {dagbag.py:545} INFO - Filling up the DagBag from /opt/airflow/dags/stackoverflow_migration_dag.py
[2026-05-12T08:00:46.307+0000] {processor.py:840} INFO - DAG(s) 'stackoverflow_medallion_pipeline' retrieved from /opt/airflow/dags/stackoverflow_migration_dag.py
[2026-05-12T08:00:46.426+0000] {logging_mixin.py:188} INFO - [2026-05-12T08:00:46.426+0000] {dag.py:3096} INFO - Sync 1 DAGs
[2026-05-12T08:00:46.499+0000] {logging_mixin.py:188} INFO - [2026-05-12T08:00:46.499+0000] {dag.py:3954} INFO - Setting next_dagrun for stackoverflow_medallion_pipeline to 2026-05-12 00:00:00+00:00, run_after=2026-05-13 00:00:00+00:00
[2026-05-12T08:00:46.559+0000] {processor.py:183} INFO - Processing /opt/airflow/dags/stackoverflow_migration_dag.py took 0.324 seconds
[2026-05-12T08:01:16.827+0000] {processor.py:161} INFO - Started process (PID=1184) to work on /opt/airflow/dags/stackoverflow_migration_dag.py
[2026-05-12T08:01:16.829+0000] {processor.py:830} INFO - Processing file /opt/airflow/dags/stackoverflow_migration_dag.py for tasks to queue
[2026-05-12T08:01:16.833+0000] {logging_mixin.py:188} INFO - [2026-05-12T08:01:16.832+0000] {dagbag.py:545} INFO - Filling up the DagBag from /opt/airflow/dags/stackoverflow_migration_dag.py
[2026-05-12T08:01:16.880+0000] {processor.py:840} INFO - DAG(s) 'stackoverflow_medallion_pipeline' retrieved from /opt/airflow/dags/stackoverflow_migration_dag.py
[2026-05-12T08:01:16.975+0000] {logging_mixin.py:188} INFO - [2026-05-12T08:01:16.975+0000] {dag.py:3096} INFO - Sync 1 DAGs
[2026-05-12T08:01:17.043+0000] {logging_mixin.py:188} INFO - [2026-05-12T08:01:17.042+0000] {dag.py:3954} INFO - Setting next_dagrun for stackoverflow_medallion_pipeline to 2026-05-12 00:00:00+00:00, run_after=2026-05-13 00:00:00+00:00
[2026-05-12T08:01:17.094+0000] {processor.py:183} INFO - Processing /opt/airflow/dags/stackoverflow_migration_dag.py took 0.279 seconds
[2026-05-12T08:01:47.353+0000] {processor.py:161} INFO - Started process (PID=1189) to work on /opt/airflow/dags/stackoverflow_migration_dag.py
[2026-05-12T08:01:47.355+0000] {processor.py:830} INFO - Processing file /opt/airflow/dags/stackoverflow_migration_dag.py for tasks to queue
[2026-05-12T08:01:47.359+0000] {logging_mixin.py:188} INFO - [2026-05-12T08:01:47.358+0000] {dagbag.py:545} INFO - Filling up the DagBag from /opt/airflow/dags/stackoverflow_migration_dag.py
[2026-05-12T08:01:47.402+0000] {processor.py:840} INFO - DAG(s) 'stackoverflow_medallion_pipeline' retrieved from /opt/airflow/dags/stackoverflow_migration_dag.py
[2026-05-12T08:01:47.508+0000] {logging_mixin.py:188} INFO - [2026-05-12T08:01:47.508+0000] {dag.py:3096} INFO - Sync 1 DAGs
[2026-05-12T08:01:47.579+0000] {logging_mixin.py:188} INFO - [2026-05-12T08:01:47.578+0000] {dag.py:3954} INFO - Setting next_dagrun for stackoverflow_medallion_pipeline to 2026-05-12 00:00:00+00:00, run_after=2026-05-13 00:00:00+00:00
[2026-05-12T08:01:47.630+0000] {processor.py:183} INFO - Processing /opt/airflow/dags/stackoverflow_migration_dag.py took 0.287 seconds
[2026-05-12T08:02:17.908+0000] {processor.py:161} INFO - Started process (PID=1194) to work on /opt/airflow/dags/stackoverflow_migration_dag.py
[2026-05-12T08:02:17.910+0000] {processor.py:830} INFO - Processing file /opt/airflow/dags/stackoverflow_migration_dag.py for tasks to queue
[2026-05-12T08:02:17.915+0000] {logging_mixin.py:188} INFO - [2026-05-12T08:02:17.914+0000] {dagbag.py:545} INFO - Filling up the DagBag from /opt/airflow/dags/stackoverflow_migration_dag.py
[2026-05-12T08:02:17.969+0000] {processor.py:840} INFO - DAG(s) 'stackoverflow_medallion_pipeline' retrieved from /opt/airflow/dags/stackoverflow_migration_dag.py
[2026-05-12T08:02:18.078+0000] {logging_mixin.py:188} INFO - [2026-05-12T08:02:18.078+0000] {dag.py:3096} INFO - Sync 1 DAGs
[2026-05-12T08:02:18.150+0000] {logging_mixin.py:188} INFO - [2026-05-12T08:02:18.150+0000] {dag.py:3954} INFO - Setting next_dagrun for stackoverflow_medallion_pipeline to 2026-05-12 00:00:00+00:00, run_after=2026-05-13 00:00:00+00:00
[2026-05-12T08:02:18.208+0000] {processor.py:183} INFO - Processing /opt/airflow/dags/stackoverflow_migration_dag.py took 0.310 seconds
[2026-05-12T08:02:48.451+0000] {processor.py:161} INFO - Started process (PID=1199) to work on /opt/airflow/dags/stackoverflow_migration_dag.py
[2026-05-12T08:02:48.452+0000] {processor.py:830} INFO - Processing file /opt/airflow/dags/stackoverflow_migration_dag.py for tasks to queue
[2026-05-12T08:02:48.455+0000] {logging_mixin.py:188} INFO - [2026-05-12T08:02:48.455+0000] {dagbag.py:545} INFO - Filling up the DagBag from /opt/airflow/dags/stackoverflow_migration_dag.py
[2026-05-12T08:02:48.491+0000] {processor.py:840} INFO - DAG(s) 'stackoverflow_medallion_pipeline' retrieved from /opt/airflow/dags/stackoverflow_migration_dag.py
[2026-05-12T08:02:48.576+0000] {logging_mixin.py:188} INFO - [2026-05-12T08:02:48.576+0000] {dag.py:3096} INFO - Sync 1 DAGs
[2026-05-12T08:02:48.636+0000] {logging_mixin.py:188} INFO - [2026-05-12T08:02:48.636+0000] {dag.py:3954} INFO - Setting next_dagrun for stackoverflow_medallion_pipeline to 2026-05-12 00:00:00+00:00, run_after=2026-05-13 00:00:00+00:00
[2026-05-12T08:02:48.683+0000] {processor.py:183} INFO - Processing /opt/airflow/dags/stackoverflow_migration_dag.py took 0.240 seconds
[2026-05-12T08:03:18.914+0000] {processor.py:161} INFO - Started process (PID=1204) to work on /opt/airflow/dags/stackoverflow_migration_dag.py
[2026-05-12T08:03:18.916+0000] {processor.py:830} INFO - Processing file /opt/airflow/dags/stackoverflow_migration_dag.py for tasks to queue
[2026-05-12T08:03:18.919+0000] {logging_mixin.py:188} INFO - [2026-05-12T08:03:18.919+0000] {dagbag.py:545} INFO - Filling up the DagBag from /opt/airflow/dags/stackoverflow_migration_dag.py
[2026-05-12T08:03:18.960+0000] {processor.py:840} INFO - DAG(s) 'stackoverflow_medallion_pipeline' retrieved from /opt/airflow/dags/stackoverflow_migration_dag.py
[2026-05-12T08:03:19.043+0000] {logging_mixin.py:188} INFO - [2026-05-12T08:03:19.043+0000] {dag.py:3096} INFO - Sync 1 DAGs
[2026-05-12T08:03:19.108+0000] {logging_mixin.py:188} INFO - [2026-05-12T08:03:19.108+0000] {dag.py:3954} INFO - Setting next_dagrun for stackoverflow_medallion_pipeline to 2026-05-12 00:00:00+00:00, run_after=2026-05-13 00:00:00+00:00
[2026-05-12T08:03:19.162+0000] {processor.py:183} INFO - Processing /opt/airflow/dags/stackoverflow_migration_dag.py took 0.258 seconds
[2026-05-12T08:03:49.399+0000] {processor.py:161} INFO - Started process (PID=1209) to work on /opt/airflow/dags/stackoverflow_migration_dag.py
[2026-05-12T08:03:49.401+0000] {processor.py:830} INFO - Processing file /opt/airflow/dags/stackoverflow_migration_dag.py for tasks to queue
[2026-05-12T08:03:49.404+0000] {logging_mixin.py:188} INFO - [2026-05-12T08:03:49.403+0000] {dagbag.py:545} INFO - Filling up the DagBag from /opt/airflow/dags/stackoverflow_migration_dag.py
[2026-05-12T08:03:49.445+0000] {processor.py:840} INFO - DAG(s) 'stackoverflow_medallion_pipeline' retrieved from /opt/airflow/dags/stackoverflow_migration_dag.py
[2026-05-12T08:03:49.547+0000] {logging_mixin.py:188} INFO - [2026-05-12T08:03:49.547+0000] {dag.py:3096} INFO - Sync 1 DAGs
[2026-05-12T08:03:49.621+0000] {logging_mixin.py:188} INFO - [2026-05-12T08:03:49.621+0000] {dag.py:3954} INFO - Setting next_dagrun for stackoverflow_medallion_pipeline to 2026-05-12 00:00:00+00:00, run_after=2026-05-13 00:00:00+00:00
[2026-05-12T08:03:49.678+0000] {processor.py:183} INFO - Processing /opt/airflow/dags/stackoverflow_migration_dag.py took 0.288 seconds
[2026-05-12T08:04:19.935+0000] {processor.py:161} INFO - Started process (PID=1214) to work on /opt/airflow/dags/stackoverflow_migration_dag.py
[2026-05-12T08:04:19.937+0000] {processor.py:830} INFO - Processing file /opt/airflow/dags/stackoverflow_migration_dag.py for tasks to queue
[2026-05-12T08:04:19.942+0000] {logging_mixin.py:188} INFO - [2026-05-12T08:04:19.941+0000] {dagbag.py:545} INFO - Filling up the DagBag from /opt/airflow/dags/stackoverflow_migration_dag.py
[2026-05-12T08:04:20.000+0000] {processor.py:840} INFO - DAG(s) 'stackoverflow_medallion_pipeline' retrieved from /opt/airflow/dags/stackoverflow_migration_dag.py
[2026-05-12T08:04:20.111+0000] {logging_mixin.py:188} INFO - [2026-05-12T08:04:20.110+0000] {dag.py:3096} INFO - Sync 1 DAGs
[2026-05-12T08:04:20.190+0000] {logging_mixin.py:188} INFO - [2026-05-12T08:04:20.189+0000] {dag.py:3954} INFO - Setting next_dagrun for stackoverflow_medallion_pipeline to 2026-05-12 00:00:00+00:00, run_after=2026-05-13 00:00:00+00:00
[2026-05-12T08:04:20.250+0000] {processor.py:183} INFO - Processing /opt/airflow/dags/stackoverflow_migration_dag.py took 0.329 seconds
[2026-05-12T08:04:50.497+0000] {processor.py:161} INFO - Started process (PID=1219) to work on /opt/airflow/dags/stackoverflow_migration_dag.py
[2026-05-12T08:04:50.498+0000] {processor.py:830} INFO - Processing file /opt/airflow/dags/stackoverflow_migration_dag.py for tasks to queue
[2026-05-12T08:04:50.501+0000] {logging_mixin.py:188} INFO - [2026-05-12T08:04:50.501+0000] {dagbag.py:545} INFO - Filling up the DagBag from /opt/airflow/dags/stackoverflow_migration_dag.py
[2026-05-12T08:04:50.543+0000] {processor.py:840} INFO - DAG(s) 'stackoverflow_medallion_pipeline' retrieved from /opt/airflow/dags/stackoverflow_migration_dag.py
[2026-05-12T08:04:50.623+0000] {logging_mixin.py:188} INFO - [2026-05-12T08:04:50.623+0000] {dag.py:3096} INFO - Sync 1 DAGs
[2026-05-12T08:04:50.683+0000] {logging_mixin.py:188} INFO - [2026-05-12T08:04:50.683+0000] {dag.py:3954} INFO - Setting next_dagrun for stackoverflow_medallion_pipeline to 2026-05-12 00:00:00+00:00, run_after=2026-05-13 00:00:00+00:00
[2026-05-12T08:04:50.733+0000] {processor.py:183} INFO - Processing /opt/airflow/dags/stackoverflow_migration_dag.py took 0.245 seconds
[2026-05-12T08:05:20.984+0000] {processor.py:161} INFO - Started process (PID=1224) to work on /opt/airflow/dags/stackoverflow_migration_dag.py
[2026-05-12T08:05:20.986+0000] {processor.py:830} INFO - Processing file /opt/airflow/dags/stackoverflow_migration_dag.py for tasks to queue
[2026-05-12T08:05:20.989+0000] {logging_mixin.py:188} INFO - [2026-05-12T08:05:20.989+0000] {dagbag.py:545} INFO - Filling up the DagBag from /opt/airflow/dags/stackoverflow_migration_dag.py
[2026-05-12T08:05:21.039+0000] {processor.py:840} INFO - DAG(s) 'stackoverflow_medallion_pipeline' retrieved from /opt/airflow/dags/stackoverflow_migration_dag.py
[2026-05-12T08:05:21.148+0000] {logging_mixin.py:188} INFO - [2026-05-12T08:05:21.148+0000] {dag.py:3096} INFO - Sync 1 DAGs
[2026-05-12T08:05:21.217+0000] {logging_mixin.py:188} INFO - [2026-05-12T08:05:21.217+0000] {dag.py:3954} INFO - Setting next_dagrun for stackoverflow_medallion_pipeline to 2026-05-12 00:00:00+00:00, run_after=2026-05-13 00:00:00+00:00
[2026-05-12T08:05:21.271+0000] {processor.py:183} INFO - Processing /opt/airflow/dags/stackoverflow_migration_dag.py took 0.298 seconds
[2026-05-12T08:05:51.509+0000] {processor.py:161} INFO - Started process (PID=1229) to work on /opt/airflow/dags/stackoverflow_migration_dag.py
[2026-05-12T08:05:51.511+0000] {processor.py:830} INFO - Processing file /opt/airflow/dags/stackoverflow_migration_dag.py for tasks to queue
[2026-05-12T08:05:51.514+0000] {logging_mixin.py:188} INFO - [2026-05-12T08:05:51.514+0000] {dagbag.py:545} INFO - Filling up the DagBag from /opt/airflow/dags/stackoverflow_migration_dag.py
[2026-05-12T08:05:51.554+0000] {processor.py:840} INFO - DAG(s) 'stackoverflow_medallion_pipeline' retrieved from /opt/airflow/dags/stackoverflow_migration_dag.py
[2026-05-12T08:05:51.646+0000] {logging_mixin.py:188} INFO - [2026-05-12T08:05:51.646+0000] {dag.py:3096} INFO - Sync 1 DAGs
[2026-05-12T08:05:51.708+0000] {logging_mixin.py:188} INFO - [2026-05-12T08:05:51.707+0000] {dag.py:3954} INFO - Setting next_dagrun for stackoverflow_medallion_pipeline to 2026-05-12 00:00:00+00:00, run_after=2026-05-13 00:00:00+00:00
[2026-05-12T08:05:51.759+0000] {processor.py:183} INFO - Processing /opt/airflow/dags/stackoverflow_migration_dag.py took 0.259 seconds
[2026-05-12T08:06:22.002+0000] {processor.py:161} INFO - Started process (PID=1234) to work on /opt/airflow/dags/stackoverflow_migration_dag.py
[2026-05-12T08:06:22.003+0000] {processor.py:830} INFO - Processing file /opt/airflow/dags/stackoverflow_migration_dag.py for tasks to queue
[2026-05-12T08:06:22.007+0000] {logging_mixin.py:188} INFO - [2026-05-12T08:06:22.006+0000] {dagbag.py:545} INFO - Filling up the DagBag from /opt/airflow/dags/stackoverflow_migration_dag.py
[2026-05-12T08:06:22.052+0000] {processor.py:840} INFO - DAG(s) 'stackoverflow_medallion_pipeline' retrieved from /opt/airflow/dags/stackoverflow_migration_dag.py
[2026-05-12T08:06:22.160+0000] {logging_mixin.py:188} INFO - [2026-05-12T08:06:22.159+0000] {dag.py:3096} INFO - Sync 1 DAGs
[2026-05-12T08:06:22.238+0000] {logging_mixin.py:188} INFO - [2026-05-12T08:06:22.238+0000] {dag.py:3954} INFO - Setting next_dagrun for stackoverflow_medallion_pipeline to 2026-05-12 00:00:00+00:00, run_after=2026-05-13 00:00:00+00:00
[2026-05-12T08:06:22.300+0000] {processor.py:183} INFO - Processing /opt/airflow/dags/stackoverflow_migration_dag.py took 0.308 seconds
[2026-05-12T08:06:52.601+0000] {processor.py:161} INFO - Started process (PID=1239) to work on /opt/airflow/dags/stackoverflow_migration_dag.py
[2026-05-12T08:06:52.602+0000] {processor.py:830} INFO - Processing file /opt/airflow/dags/stackoverflow_migration_dag.py for tasks to queue
[2026-05-12T08:06:52.604+0000] {logging_mixin.py:188} INFO - [2026-05-12T08:06:52.604+0000] {dagbag.py:545} INFO - Filling up the DagBag from /opt/airflow/dags/stackoverflow_migration_dag.py
[2026-05-12T08:06:52.640+0000] {processor.py:840} INFO - DAG(s) 'stackoverflow_medallion_pipeline' retrieved from /opt/airflow/dags/stackoverflow_migration_dag.py
[2026-05-12T08:06:52.715+0000] {logging_mixin.py:188} INFO - [2026-05-12T08:06:52.715+0000] {dag.py:3096} INFO - Sync 1 DAGs
[2026-05-12T08:06:52.778+0000] {logging_mixin.py:188} INFO - [2026-05-12T08:06:52.778+0000] {dag.py:3954} INFO - Setting next_dagrun for stackoverflow_medallion_pipeline to 2026-05-12 00:00:00+00:00, run_after=2026-05-13 00:00:00+00:00
[2026-05-12T08:06:52.822+0000] {processor.py:183} INFO - Processing /opt/airflow/dags/stackoverflow_migration_dag.py took 0.229 seconds
[2026-05-12T08:07:23.050+0000] {processor.py:161} INFO - Started process (PID=1244) to work on /opt/airflow/dags/stackoverflow_migration_dag.py
[2026-05-12T08:07:23.053+0000] {processor.py:830} INFO - Processing file /opt/airflow/dags/stackoverflow_migration_dag.py for tasks to queue
[2026-05-12T08:07:23.057+0000] {logging_mixin.py:188} INFO - [2026-05-12T08:07:23.056+0000] {dagbag.py:545} INFO - Filling up the DagBag from /opt/airflow/dags/stackoverflow_migration_dag.py
[2026-05-12T08:07:23.103+0000] {processor.py:840} INFO - DAG(s) 'stackoverflow_medallion_pipeline' retrieved from /opt/airflow/dags/stackoverflow_migration_dag.py
[2026-05-12T08:07:23.185+0000] {logging_mixin.py:188} INFO - [2026-05-12T08:07:23.184+0000] {dag.py:3096} INFO - Sync 1 DAGs
[2026-05-12T08:07:23.246+0000] {logging_mixin.py:188} INFO - [2026-05-12T08:07:23.246+0000] {dag.py:3954} INFO - Setting next_dagrun for stackoverflow_medallion_pipeline to 2026-05-12 00:00:00+00:00, run_after=2026-05-13 00:00:00+00:00
[2026-05-12T08:07:23.294+0000] {processor.py:183} INFO - Processing /opt/airflow/dags/stackoverflow_migration_dag.py took 0.252 seconds
[2026-05-12T08:07:53.522+0000] {processor.py:161} INFO - Started process (PID=1249) to work on /opt/airflow/dags/stackoverflow_migration_dag.py
[2026-05-12T08:07:53.523+0000] {processor.py:830} INFO - Processing file /opt/airflow/dags/stackoverflow_migration_dag.py for tasks to queue
[2026-05-12T08:07:53.526+0000] {logging_mixin.py:188} INFO - [2026-05-12T08:07:53.526+0000] {dagbag.py:545} INFO - Filling up the DagBag from /opt/airflow/dags/stackoverflow_migration_dag.py
[2026-05-12T08:07:53.574+0000] {processor.py:840} INFO - DAG(s) 'stackoverflow_medallion_pipeline' retrieved from /opt/airflow/dags/stackoverflow_migration_dag.py
[2026-05-12T08:07:53.684+0000] {logging_mixin.py:188} INFO - [2026-05-12T08:07:53.684+0000] {dag.py:3096} INFO - Sync 1 DAGs
[2026-05-12T08:07:53.755+0000] {logging_mixin.py:188} INFO - [2026-05-12T08:07:53.755+0000] {dag.py:3954} INFO - Setting next_dagrun for stackoverflow_medallion_pipeline to 2026-05-12 00:00:00+00:00, run_after=2026-05-13 00:00:00+00:00
[2026-05-12T08:07:53.810+0000] {processor.py:183} INFO - Processing /opt/airflow/dags/stackoverflow_migration_dag.py took 0.298 seconds
[2026-05-12T08:08:24.087+0000] {processor.py:161} INFO - Started process (PID=1254) to work on /opt/airflow/dags/stackoverflow_migration_dag.py
[2026-05-12T08:08:24.090+0000] {processor.py:830} INFO - Processing file /opt/airflow/dags/stackoverflow_migration_dag.py for tasks to queue
[2026-05-12T08:08:24.094+0000] {logging_mixin.py:188} INFO - [2026-05-12T08:08:24.093+0000] {dagbag.py:545} INFO - Filling up the DagBag from /opt/airflow/dags/stackoverflow_migration_dag.py
[2026-05-12T08:08:24.141+0000] {processor.py:840} INFO - DAG(s) 'stackoverflow_medallion_pipeline' retrieved from /opt/airflow/dags/stackoverflow_migration_dag.py
[2026-05-12T08:08:24.237+0000] {logging_mixin.py:188} INFO - [2026-05-12T08:08:24.237+0000] {dag.py:3096} INFO - Sync 1 DAGs
[2026-05-12T08:08:24.297+0000] {logging_mixin.py:188} INFO - [2026-05-12T08:08:24.296+0000] {dag.py:3954} INFO - Setting next_dagrun for stackoverflow_medallion_pipeline to 2026-05-12 00:00:00+00:00, run_after=2026-05-13 00:00:00+00:00
[2026-05-12T08:08:24.344+0000] {processor.py:183} INFO - Processing /opt/airflow/dags/stackoverflow_migration_dag.py took 0.270 seconds
[2026-05-12T08:08:54.581+0000] {processor.py:161} INFO - Started process (PID=1259) to work on /opt/airflow/dags/stackoverflow_migration_dag.py
[2026-05-12T08:08:54.583+0000] {processor.py:830} INFO - Processing file /opt/airflow/dags/stackoverflow_migration_dag.py for tasks to queue
[2026-05-12T08:08:54.586+0000] {logging_mixin.py:188} INFO - [2026-05-12T08:08:54.586+0000] {dagbag.py:545} INFO - Filling up the DagBag from /opt/airflow/dags/stackoverflow_migration_dag.py
[2026-05-12T08:08:54.627+0000] {processor.py:840} INFO - DAG(s) 'stackoverflow_medallion_pipeline' retrieved from /opt/airflow/dags/stackoverflow_migration_dag.py
[2026-05-12T08:08:54.712+0000] {logging_mixin.py:188} INFO - [2026-05-12T08:08:54.712+0000] {dag.py:3096} INFO - Sync 1 DAGs
[2026-05-12T08:08:54.772+0000] {logging_mixin.py:188} INFO - [2026-05-12T08:08:54.772+0000] {dag.py:3954} INFO - Setting next_dagrun for stackoverflow_medallion_pipeline to 2026-05-12 00:00:00+00:00, run_after=2026-05-13 00:00:00+00:00
[2026-05-12T08:08:54.822+0000] {processor.py:183} INFO - Processing /opt/airflow/dags/stackoverflow_migration_dag.py took 0.248 seconds
[2026-05-12T08:09:25.160+0000] {processor.py:161} INFO - Started process (PID=1264) to work on /opt/airflow/dags/stackoverflow_migration_dag.py
[2026-05-12T08:09:25.163+0000] {processor.py:830} INFO - Processing file /opt/airflow/dags/stackoverflow_migration_dag.py for tasks to queue
[2026-05-12T08:09:25.166+0000] {logging_mixin.py:188} INFO - [2026-05-12T08:09:25.165+0000] {dagbag.py:545} INFO - Filling up the DagBag from /opt/airflow/dags/stackoverflow_migration_dag.py
[2026-05-12T08:09:25.216+0000] {processor.py:840} INFO - DAG(s) 'stackoverflow_medallion_pipeline' retrieved from /opt/airflow/dags/stackoverflow_migration_dag.py
[2026-05-12T08:09:25.287+0000] {logging_mixin.py:188} INFO - [2026-05-12T08:09:25.287+0000] {dag.py:3096} INFO - Sync 1 DAGs
[2026-05-12T08:09:25.339+0000] {logging_mixin.py:188} INFO - [2026-05-12T08:09:25.339+0000] {dag.py:3954} INFO - Setting next_dagrun for stackoverflow_medallion_pipeline to 2026-05-12 00:00:00+00:00, run_after=2026-05-13 00:00:00+00:00
[2026-05-12T08:09:25.384+0000] {processor.py:183} INFO - Processing /opt/airflow/dags/stackoverflow_migration_dag.py took 0.232 seconds
[2026-05-12T08:09:55.653+0000] {processor.py:161} INFO - Started process (PID=1269) to work on /opt/airflow/dags/stackoverflow_migration_dag.py
[2026-05-12T08:09:55.654+0000] {processor.py:830} INFO - Processing file /opt/airflow/dags/stackoverflow_migration_dag.py for tasks to queue
[2026-05-12T08:09:55.657+0000] {logging_mixin.py:188} INFO - [2026-05-12T08:09:55.656+0000] {dagbag.py:545} INFO - Filling up the DagBag from /opt/airflow/dags/stackoverflow_migration_dag.py
[2026-05-12T08:09:55.689+0000] {processor.py:840} INFO - DAG(s) 'stackoverflow_medallion_pipeline' retrieved from /opt/airflow/dags/stackoverflow_migration_dag.py
[2026-05-12T08:09:55.755+0000] {logging_mixin.py:188} INFO - [2026-05-12T08:09:55.755+0000] {dag.py:3096} INFO - Sync 1 DAGs
[2026-05-12T08:09:55.804+0000] {logging_mixin.py:188} INFO - [2026-05-12T08:09:55.804+0000] {dag.py:3954} INFO - Setting next_dagrun for stackoverflow_medallion_pipeline to 2026-05-12 00:00:00+00:00, run_after=2026-05-13 00:00:00+00:00
[2026-05-12T08:09:55.844+0000] {processor.py:183} INFO - Processing /opt/airflow/dags/stackoverflow_migration_dag.py took 0.198 seconds
[2026-05-12T08:10:25.959+0000] {processor.py:161} INFO - Started process (PID=1274) to work on /opt/airflow/dags/stackoverflow_migration_dag.py
[2026-05-12T08:10:25.960+0000] {processor.py:830} INFO - Processing file /opt/airflow/dags/stackoverflow_migration_dag.py for tasks to queue
[2026-05-12T08:10:25.963+0000] {logging_mixin.py:188} INFO - [2026-05-12T08:10:25.962+0000] {dagbag.py:545} INFO - Filling up the DagBag from /opt/airflow/dags/stackoverflow_migration_dag.py
[2026-05-12T08:10:25.997+0000] {processor.py:840} INFO - DAG(s) 'stackoverflow_medallion_pipeline' retrieved from /opt/airflow/dags/stackoverflow_migration_dag.py
[2026-05-12T08:10:26.068+0000] {logging_mixin.py:188} INFO - [2026-05-12T08:10:26.068+0000] {dag.py:3096} INFO - Sync 1 DAGs
[2026-05-12T08:10:26.117+0000] {logging_mixin.py:188} INFO - [2026-05-12T08:10:26.116+0000] {dag.py:3954} INFO - Setting next_dagrun for stackoverflow_medallion_pipeline to 2026-05-12 00:00:00+00:00, run_after=2026-05-13 00:00:00+00:00
[2026-05-12T08:10:26.156+0000] {processor.py:183} INFO - Processing /opt/airflow/dags/stackoverflow_migration_dag.py took 0.204 seconds
[2026-05-12T08:10:56.398+0000] {processor.py:161} INFO - Started process (PID=1279) to work on /opt/airflow/dags/stackoverflow_migration_dag.py
[2026-05-12T08:10:56.399+0000] {processor.py:830} INFO - Processing file /opt/airflow/dags/stackoverflow_migration_dag.py for tasks to queue
[2026-05-12T08:10:56.401+0000] {logging_mixin.py:188} INFO - [2026-05-12T08:10:56.401+0000] {dagbag.py:545} INFO - Filling up the DagBag from /opt/airflow/dags/stackoverflow_migration_dag.py
[2026-05-12T08:10:56.436+0000] {processor.py:840} INFO - DAG(s) 'stackoverflow_medallion_pipeline' retrieved from /opt/airflow/dags/stackoverflow_migration_dag.py
[2026-05-12T08:10:56.503+0000] {logging_mixin.py:188} INFO - [2026-05-12T08:10:56.502+0000] {dag.py:3096} INFO - Sync 1 DAGs
[2026-05-12T08:10:56.550+0000] {logging_mixin.py:188} INFO - [2026-05-12T08:10:56.549+0000] {dag.py:3954} INFO - Setting next_dagrun for stackoverflow_medallion_pipeline to 2026-05-12 00:00:00+00:00, run_after=2026-05-13 00:00:00+00:00
[2026-05-12T08:10:56.589+0000] {processor.py:183} INFO - Processing /opt/airflow/dags/stackoverflow_migration_dag.py took 0.198 seconds
[2026-05-12T08:11:26.717+0000] {processor.py:161} INFO - Started process (PID=1284) to work on /opt/airflow/dags/stackoverflow_migration_dag.py
[2026-05-12T08:11:26.719+0000] {processor.py:830} INFO - Processing file /opt/airflow/dags/stackoverflow_migration_dag.py for tasks to queue
[2026-05-12T08:11:26.722+0000] {logging_mixin.py:188} INFO - [2026-05-12T08:11:26.721+0000] {dagbag.py:545} INFO - Filling up the DagBag from /opt/airflow/dags/stackoverflow_migration_dag.py
[2026-05-12T08:11:26.757+0000] {processor.py:840} INFO - DAG(s) 'stackoverflow_medallion_pipeline' retrieved from /opt/airflow/dags/stackoverflow_migration_dag.py
[2026-05-12T08:11:26.827+0000] {logging_mixin.py:188} INFO - [2026-05-12T08:11:26.826+0000] {dag.py:3096} INFO - Sync 1 DAGs
[2026-05-12T08:11:26.878+0000] {logging_mixin.py:188} INFO - [2026-05-12T08:11:26.877+0000] {dag.py:3954} INFO - Setting next_dagrun for stackoverflow_medallion_pipeline to 2026-05-12 00:00:00+00:00, run_after=2026-05-13 00:00:00+00:00
[2026-05-12T08:11:26.921+0000] {processor.py:183} INFO - Processing /opt/airflow/dags/stackoverflow_migration_dag.py took 0.211 seconds
[2026-05-12T08:11:57.016+0000] {processor.py:161} INFO - Started process (PID=1289) to work on /opt/airflow/dags/stackoverflow_migration_dag.py
[2026-05-12T08:11:57.018+0000] {processor.py:830} INFO - Processing file /opt/airflow/dags/stackoverflow_migration_dag.py for tasks to queue
[2026-05-12T08:11:57.020+0000] {logging_mixin.py:188} INFO - [2026-05-12T08:11:57.020+0000] {dagbag.py:545} INFO - Filling up the DagBag from /opt/airflow/dags/stackoverflow_migration_dag.py
[2026-05-12T08:11:57.052+0000] {processor.py:840} INFO - DAG(s) 'stackoverflow_medallion_pipeline' retrieved from /opt/airflow/dags/stackoverflow_migration_dag.py
[2026-05-12T08:11:57.116+0000] {logging_mixin.py:188} INFO - [2026-05-12T08:11:57.116+0000] {dag.py:3096} INFO - Sync 1 DAGs
[2026-05-12T08:11:57.163+0000] {logging_mixin.py:188} INFO - [2026-05-12T08:11:57.163+0000] {dag.py:3954} INFO - Setting next_dagrun for stackoverflow_medallion_pipeline to 2026-05-12 00:00:00+00:00, run_after=2026-05-13 00:00:00+00:00
[2026-05-12T08:11:57.202+0000] {processor.py:183} INFO - Processing /opt/airflow/dags/stackoverflow_migration_dag.py took 0.193 seconds
[2026-05-12T08:12:27.274+0000] {processor.py:161} INFO - Started process (PID=1294) to work on /opt/airflow/dags/stackoverflow_migration_dag.py
[2026-05-12T08:12:27.276+0000] {processor.py:830} INFO - Processing file /opt/airflow/dags/stackoverflow_migration_dag.py for tasks to queue
[2026-05-12T08:12:27.278+0000] {logging_mixin.py:188} INFO - [2026-05-12T08:12:27.278+0000] {dagbag.py:545} INFO - Filling up the DagBag from /opt/airflow/dags/stackoverflow_migration_dag.py
[2026-05-12T08:12:27.313+0000] {processor.py:840} INFO - DAG(s) 'stackoverflow_medallion_pipeline' retrieved from /opt/airflow/dags/stackoverflow_migration_dag.py
[2026-05-12T08:12:27.385+0000] {logging_mixin.py:188} INFO - [2026-05-12T08:12:27.384+0000] {dag.py:3096} INFO - Sync 1 DAGs
[2026-05-12T08:12:27.433+0000] {logging_mixin.py:188} INFO - [2026-05-12T08:12:27.433+0000] {dag.py:3954} INFO - Setting next_dagrun for stackoverflow_medallion_pipeline to 2026-05-12 00:00:00+00:00, run_after=2026-05-13 00:00:00+00:00
[2026-05-12T08:12:27.474+0000] {processor.py:183} INFO - Processing /opt/airflow/dags/stackoverflow_migration_dag.py took 0.206 seconds
[2026-05-12T08:12:57.792+0000] {processor.py:161} INFO - Started process (PID=1299) to work on /opt/airflow/dags/stackoverflow_migration_dag.py
[2026-05-12T08:12:57.794+0000] {processor.py:830} INFO - Processing file /opt/airflow/dags/stackoverflow_migration_dag.py for tasks to queue
[2026-05-12T08:12:57.796+0000] {logging_mixin.py:188} INFO - [2026-05-12T08:12:57.796+0000] {dagbag.py:545} INFO - Filling up the DagBag from /opt/airflow/dags/stackoverflow_migration_dag.py
[2026-05-12T08:12:57.830+0000] {processor.py:840} INFO - DAG(s) 'stackoverflow_medallion_pipeline' retrieved from /opt/airflow/dags/stackoverflow_migration_dag.py
[2026-05-12T08:12:57.898+0000] {logging_mixin.py:188} INFO - [2026-05-12T08:12:57.898+0000] {dag.py:3096} INFO - Sync 1 DAGs
[2026-05-12T08:12:57.948+0000] {logging_mixin.py:188} INFO - [2026-05-12T08:12:57.947+0000] {dag.py:3954} INFO - Setting next_dagrun for stackoverflow_medallion_pipeline to 2026-05-12 00:00:00+00:00, run_after=2026-05-13 00:00:00+00:00
[2026-05-12T08:12:57.987+0000] {processor.py:183} INFO - Processing /opt/airflow/dags/stackoverflow_migration_dag.py took 0.202 seconds
[2026-05-12T08:13:28.126+0000] {processor.py:161} INFO - Started process (PID=1304) to work on /opt/airflow/dags/stackoverflow_migration_dag.py
[2026-05-12T08:13:28.127+0000] {processor.py:830} INFO - Processing file /opt/airflow/dags/stackoverflow_migration_dag.py for tasks to queue
[2026-05-12T08:13:28.129+0000] {logging_mixin.py:188} INFO - [2026-05-12T08:13:28.129+0000] {dagbag.py:545} INFO - Filling up the DagBag from /opt/airflow/dags/stackoverflow_migration_dag.py
[2026-05-12T08:13:28.159+0000] {processor.py:840} INFO - DAG(s) 'stackoverflow_medallion_pipeline' retrieved from /opt/airflow/dags/stackoverflow_migration_dag.py
[2026-05-12T08:13:28.226+0000] {logging_mixin.py:188} INFO - [2026-05-12T08:13:28.226+0000] {dag.py:3096} INFO - Sync 1 DAGs
[2026-05-12T08:13:28.273+0000] {logging_mixin.py:188} INFO - [2026-05-12T08:13:28.273+0000] {dag.py:3954} INFO - Setting next_dagrun for stackoverflow_medallion_pipeline to 2026-05-12 00:00:00+00:00, run_after=2026-05-13 00:00:00+00:00
[2026-05-12T08:13:28.312+0000] {processor.py:183} INFO - Processing /opt/airflow/dags/stackoverflow_migration_dag.py took 0.193 seconds
[2026-05-12T08:13:58.588+0000] {processor.py:161} INFO - Started process (PID=1309) to work on /opt/airflow/dags/stackoverflow_migration_dag.py
[2026-05-12T08:13:58.590+0000] {processor.py:830} INFO - Processing file /opt/airflow/dags/stackoverflow_migration_dag.py for tasks to queue
[2026-05-12T08:13:58.592+0000] {logging_mixin.py:188} INFO - [2026-05-12T08:13:58.592+0000] {dagbag.py:545} INFO - Filling up the DagBag from /opt/airflow/dags/stackoverflow_migration_dag.py
[2026-05-12T08:13:58.622+0000] {processor.py:840} INFO - DAG(s) 'stackoverflow_medallion_pipeline' retrieved from /opt/airflow/dags/stackoverflow_migration_dag.py
[2026-05-12T08:13:58.688+0000] {logging_mixin.py:188} INFO - [2026-05-12T08:13:58.688+0000] {dag.py:3096} INFO - Sync 1 DAGs
[2026-05-12T08:13:58.733+0000] {logging_mixin.py:188} INFO - [2026-05-12T08:13:58.733+0000] {dag.py:3954} INFO - Setting next_dagrun for stackoverflow_medallion_pipeline to 2026-05-12 00:00:00+00:00, run_after=2026-05-13 00:00:00+00:00
[2026-05-12T08:13:58.771+0000] {processor.py:183} INFO - Processing /opt/airflow/dags/stackoverflow_migration_dag.py took 0.189 seconds
[2026-05-12T08:14:28.868+0000] {processor.py:161} INFO - Started process (PID=1314) to work on /opt/airflow/dags/stackoverflow_migration_dag.py
[2026-05-12T08:14:28.870+0000] {processor.py:830} INFO - Processing file /opt/airflow/dags/stackoverflow_migration_dag.py for tasks to queue
[2026-05-12T08:14:28.873+0000] {logging_mixin.py:188} INFO - [2026-05-12T08:14:28.872+0000] {dagbag.py:545} INFO - Filling up the DagBag from /opt/airflow/dags/stackoverflow_migration_dag.py
[2026-05-12T08:14:28.907+0000] {processor.py:840} INFO - DAG(s) 'stackoverflow_medallion_pipeline' retrieved from /opt/airflow/dags/stackoverflow_migration_dag.py
[2026-05-12T08:14:28.976+0000] {logging_mixin.py:188} INFO - [2026-05-12T08:14:28.976+0000] {dag.py:3096} INFO - Sync 1 DAGs
[2026-05-12T08:14:29.022+0000] {logging_mixin.py:188} INFO - [2026-05-12T08:14:29.022+0000] {dag.py:3954} INFO - Setting next_dagrun for stackoverflow_medallion_pipeline to 2026-05-12 00:00:00+00:00, run_after=2026-05-13 00:00:00+00:00
[2026-05-12T08:14:29.060+0000] {processor.py:183} INFO - Processing /opt/airflow/dags/stackoverflow_migration_dag.py took 0.199 seconds
[2026-05-12T08:14:59.322+0000] {processor.py:161} INFO - Started process (PID=1319) to work on /opt/airflow/dags/stackoverflow_migration_dag.py
[2026-05-12T08:14:59.323+0000] {processor.py:830} INFO - Processing file /opt/airflow/dags/stackoverflow_migration_dag.py for tasks to queue
[2026-05-12T08:14:59.325+0000] {logging_mixin.py:188} INFO - [2026-05-12T08:14:59.325+0000] {dagbag.py:545} INFO - Filling up the DagBag from /opt/airflow/dags/stackoverflow_migration_dag.py
[2026-05-12T08:14:59.358+0000] {processor.py:840} INFO - DAG(s) 'stackoverflow_medallion_pipeline' retrieved from /opt/airflow/dags/stackoverflow_migration_dag.py
[2026-05-12T08:14:59.428+0000] {logging_mixin.py:188} INFO - [2026-05-12T08:14:59.427+0000] {dag.py:3096} INFO - Sync 1 DAGs
[2026-05-12T08:14:59.474+0000] {logging_mixin.py:188} INFO - [2026-05-12T08:14:59.474+0000] {dag.py:3954} INFO - Setting next_dagrun for stackoverflow_medallion_pipeline to 2026-05-12 00:00:00+00:00, run_after=2026-05-13 00:00:00+00:00
[2026-05-12T08:14:59.513+0000] {processor.py:183} INFO - Processing /opt/airflow/dags/stackoverflow_migration_dag.py took 0.198 seconds
[2026-05-12T08:15:29.590+0000] {processor.py:161} INFO - Started process (PID=1324) to work on /opt/airflow/dags/stackoverflow_migration_dag.py
[2026-05-12T08:15:29.591+0000] {processor.py:830} INFO - Processing file /opt/airflow/dags/stackoverflow_migration_dag.py for tasks to queue
[2026-05-12T08:15:29.594+0000] {logging_mixin.py:188} INFO - [2026-05-12T08:15:29.594+0000] {dagbag.py:545} INFO - Filling up the DagBag from /opt/airflow/dags/stackoverflow_migration_dag.py
[2026-05-12T08:15:29.628+0000] {processor.py:840} INFO - DAG(s) 'stackoverflow_medallion_pipeline' retrieved from /opt/airflow/dags/stackoverflow_migration_dag.py
[2026-05-12T08:15:29.698+0000] {logging_mixin.py:188} INFO - [2026-05-12T08:15:29.697+0000] {dag.py:3096} INFO - Sync 1 DAGs
[2026-05-12T08:15:29.749+0000] {logging_mixin.py:188} INFO - [2026-05-12T08:15:29.748+0000] {dag.py:3954} INFO - Setting next_dagrun for stackoverflow_medallion_pipeline to 2026-05-12 00:00:00+00:00, run_after=2026-05-13 00:00:00+00:00
[2026-05-12T08:15:29.789+0000] {processor.py:183} INFO - Processing /opt/airflow/dags/stackoverflow_migration_dag.py took 0.207 seconds
[2026-05-12T08:15:59.879+0000] {processor.py:161} INFO - Started process (PID=1329) to work on /opt/airflow/dags/stackoverflow_migration_dag.py
[2026-05-12T08:15:59.880+0000] {processor.py:830} INFO - Processing file /opt/airflow/dags/stackoverflow_migration_dag.py for tasks to queue
[2026-05-12T08:15:59.883+0000] {logging_mixin.py:188} INFO - [2026-05-12T08:15:59.883+0000] {dagbag.py:545} INFO - Filling up the DagBag from /opt/airflow/dags/stackoverflow_migration_dag.py
[2026-05-12T08:15:59.918+0000] {processor.py:840} INFO - DAG(s) 'stackoverflow_medallion_pipeline' retrieved from /opt/airflow/dags/stackoverflow_migration_dag.py
[2026-05-12T08:15:59.990+0000] {logging_mixin.py:188} INFO - [2026-05-12T08:15:59.989+0000] {dag.py:3096} INFO - Sync 1 DAGs
[2026-05-12T08:16:00.040+0000] {logging_mixin.py:188} INFO - [2026-05-12T08:16:00.040+0000] {dag.py:3954} INFO - Setting next_dagrun for stackoverflow_medallion_pipeline to 2026-05-12 00:00:00+00:00, run_after=2026-05-13 00:00:00+00:00
[2026-05-12T08:16:00.079+0000] {processor.py:183} INFO - Processing /opt/airflow/dags/stackoverflow_migration_dag.py took 0.210 seconds
[2026-05-12T08:16:30.374+0000] {processor.py:161} INFO - Started process (PID=1334) to work on /opt/airflow/dags/stackoverflow_migration_dag.py
[2026-05-12T08:16:30.375+0000] {processor.py:830} INFO - Processing file /opt/airflow/dags/stackoverflow_migration_dag.py for tasks to queue
[2026-05-12T08:16:30.379+0000] {logging_mixin.py:188} INFO - [2026-05-12T08:16:30.378+0000] {dagbag.py:545} INFO - Filling up the DagBag from /opt/airflow/dags/stackoverflow_migration_dag.py
[2026-05-12T08:16:30.415+0000] {processor.py:840} INFO - DAG(s) 'stackoverflow_medallion_pipeline' retrieved from /opt/airflow/dags/stackoverflow_migration_dag.py
[2026-05-12T08:16:30.485+0000] {logging_mixin.py:188} INFO - [2026-05-12T08:16:30.484+0000] {dag.py:3096} INFO - Sync 1 DAGs
[2026-05-12T08:16:30.536+0000] {logging_mixin.py:188} INFO - [2026-05-12T08:16:30.536+0000] {dag.py:3954} INFO - Setting next_dagrun for stackoverflow_medallion_pipeline to 2026-05-12 00:00:00+00:00, run_after=2026-05-13 00:00:00+00:00
[2026-05-12T08:16:30.579+0000] {processor.py:183} INFO - Processing /opt/airflow/dags/stackoverflow_migration_dag.py took 0.212 seconds
[2026-05-12T08:17:00.896+0000] {processor.py:161} INFO - Started process (PID=1339) to work on /opt/airflow/dags/stackoverflow_migration_dag.py
[2026-05-12T08:17:00.898+0000] {processor.py:830} INFO - Processing file /opt/airflow/dags/stackoverflow_migration_dag.py for tasks to queue
[2026-05-12T08:17:00.900+0000] {logging_mixin.py:188} INFO - [2026-05-12T08:17:00.900+0000] {dagbag.py:545} INFO - Filling up the DagBag from /opt/airflow/dags/stackoverflow_migration_dag.py
[2026-05-12T08:17:00.932+0000] {processor.py:840} INFO - DAG(s) 'stackoverflow_medallion_pipeline' retrieved from /opt/airflow/dags/stackoverflow_migration_dag.py
[2026-05-12T08:17:00.994+0000] {logging_mixin.py:188} INFO - [2026-05-12T08:17:00.993+0000] {dag.py:3096} INFO - Sync 1 DAGs
[2026-05-12T08:17:01.042+0000] {logging_mixin.py:188} INFO - [2026-05-12T08:17:01.042+0000] {dag.py:3954} INFO - Setting next_dagrun for stackoverflow_medallion_pipeline to 2026-05-12 00:00:00+00:00, run_after=2026-05-13 00:00:00+00:00
[2026-05-12T08:17:01.082+0000] {processor.py:183} INFO - Processing /opt/airflow/dags/stackoverflow_migration_dag.py took 0.192 seconds
[2026-05-12T08:17:31.183+0000] {processor.py:161} INFO - Started process (PID=1344) to work on /opt/airflow/dags/stackoverflow_migration_dag.py
[2026-05-12T08:17:31.185+0000] {processor.py:830} INFO - Processing file /opt/airflow/dags/stackoverflow_migration_dag.py for tasks to queue
[2026-05-12T08:17:31.188+0000] {logging_mixin.py:188} INFO - [2026-05-12T08:17:31.188+0000] {dagbag.py:545} INFO - Filling up the DagBag from /opt/airflow/dags/stackoverflow_migration_dag.py
[2026-05-12T08:17:31.222+0000] {processor.py:840} INFO - DAG(s) 'stackoverflow_medallion_pipeline' retrieved from /opt/airflow/dags/stackoverflow_migration_dag.py
[2026-05-12T08:17:31.294+0000] {logging_mixin.py:188} INFO - [2026-05-12T08:17:31.294+0000] {dag.py:3096} INFO - Sync 1 DAGs
[2026-05-12T08:17:31.346+0000] {logging_mixin.py:188} INFO - [2026-05-12T08:17:31.345+0000] {dag.py:3954} INFO - Setting next_dagrun for stackoverflow_medallion_pipeline to 2026-05-12 00:00:00+00:00, run_after=2026-05-13 00:00:00+00:00
[2026-05-12T08:17:31.384+0000] {processor.py:183} INFO - Processing /opt/airflow/dags/stackoverflow_migration_dag.py took 0.210 seconds
[2026-05-12T08:18:01.621+0000] {processor.py:161} INFO - Started process (PID=1349) to work on /opt/airflow/dags/stackoverflow_migration_dag.py
[2026-05-12T08:18:01.622+0000] {processor.py:830} INFO - Processing file /opt/airflow/dags/stackoverflow_migration_dag.py for tasks to queue
[2026-05-12T08:18:01.625+0000] {logging_mixin.py:188} INFO - [2026-05-12T08:18:01.624+0000] {dagbag.py:545} INFO - Filling up the DagBag from /opt/airflow/dags/stackoverflow_migration_dag.py
[2026-05-12T08:18:01.658+0000] {processor.py:840} INFO - DAG(s) 'stackoverflow_medallion_pipeline' retrieved from /opt/airflow/dags/stackoverflow_migration_dag.py
[2026-05-12T08:18:01.727+0000] {logging_mixin.py:188} INFO - [2026-05-12T08:18:01.727+0000] {dag.py:3096} INFO - Sync 1 DAGs
[2026-05-12T08:18:01.773+0000] {logging_mixin.py:188} INFO - [2026-05-12T08:18:01.773+0000] {dag.py:3954} INFO - Setting next_dagrun for stackoverflow_medallion_pipeline to 2026-05-12 00:00:00+00:00, run_after=2026-05-13 00:00:00+00:00
[2026-05-12T08:18:01.812+0000] {processor.py:183} INFO - Processing /opt/airflow/dags/stackoverflow_migration_dag.py took 0.198 seconds
[2026-05-12T08:18:31.893+0000] {processor.py:161} INFO - Started process (PID=1354) to work on /opt/airflow/dags/stackoverflow_migration_dag.py
[2026-05-12T08:18:31.901+0000] {processor.py:830} INFO - Processing file /opt/airflow/dags/stackoverflow_migration_dag.py for tasks to queue
[2026-05-12T08:18:31.914+0000] {logging_mixin.py:188} INFO - [2026-05-12T08:18:31.914+0000] {dagbag.py:545} INFO - Filling up the DagBag from /opt/airflow/dags/stackoverflow_migration_dag.py
[2026-05-12T08:18:31.990+0000] {processor.py:840} INFO - DAG(s) 'stackoverflow_medallion_pipeline' retrieved from /opt/airflow/dags/stackoverflow_migration_dag.py
[2026-05-12T08:18:32.063+0000] {logging_mixin.py:188} INFO - [2026-05-12T08:18:32.062+0000] {dag.py:3096} INFO - Sync 1 DAGs
[2026-05-12T08:18:32.112+0000] {logging_mixin.py:188} INFO - [2026-05-12T08:18:32.112+0000] {dag.py:3954} INFO - Setting next_dagrun for stackoverflow_medallion_pipeline to 2026-05-12 00:00:00+00:00, run_after=2026-05-13 00:00:00+00:00
[2026-05-12T08:18:32.155+0000] {processor.py:183} INFO - Processing /opt/airflow/dags/stackoverflow_migration_dag.py took 0.269 seconds
[2026-05-12T08:19:02.446+0000] {processor.py:161} INFO - Started process (PID=1359) to work on /opt/airflow/dags/stackoverflow_migration_dag.py
[2026-05-12T08:19:02.448+0000] {processor.py:830} INFO - Processing file /opt/airflow/dags/stackoverflow_migration_dag.py for tasks to queue
[2026-05-12T08:19:02.450+0000] {logging_mixin.py:188} INFO - [2026-05-12T08:19:02.450+0000] {dagbag.py:545} INFO - Filling up the DagBag from /opt/airflow/dags/stackoverflow_migration_dag.py
[2026-05-12T08:19:02.486+0000] {processor.py:840} INFO - DAG(s) 'stackoverflow_medallion_pipeline' retrieved from /opt/airflow/dags/stackoverflow_migration_dag.py
[2026-05-12T08:19:02.546+0000] {logging_mixin.py:188} INFO - [2026-05-12T08:19:02.546+0000] {dag.py:3096} INFO - Sync 1 DAGs
[2026-05-12T08:19:02.592+0000] {logging_mixin.py:188} INFO - [2026-05-12T08:19:02.592+0000] {dag.py:3954} INFO - Setting next_dagrun for stackoverflow_medallion_pipeline to 2026-05-12 00:00:00+00:00, run_after=2026-05-13 00:00:00+00:00
[2026-05-12T08:19:02.631+0000] {processor.py:183} INFO - Processing /opt/airflow/dags/stackoverflow_migration_dag.py took 0.192 seconds
[2026-05-12T08:19:32.756+0000] {processor.py:161} INFO - Started process (PID=1364) to work on /opt/airflow/dags/stackoverflow_migration_dag.py
[2026-05-12T08:19:32.758+0000] {processor.py:830} INFO - Processing file /opt/airflow/dags/stackoverflow_migration_dag.py for tasks to queue
[2026-05-12T08:19:32.761+0000] {logging_mixin.py:188} INFO - [2026-05-12T08:19:32.761+0000] {dagbag.py:545} INFO - Filling up the DagBag from /opt/airflow/dags/stackoverflow_migration_dag.py
[2026-05-12T08:19:32.796+0000] {processor.py:840} INFO - DAG(s) 'stackoverflow_medallion_pipeline' retrieved from /opt/airflow/dags/stackoverflow_migration_dag.py
[2026-05-12T08:19:32.868+0000] {logging_mixin.py:188} INFO - [2026-05-12T08:19:32.867+0000] {dag.py:3096} INFO - Sync 1 DAGs
[2026-05-12T08:19:32.920+0000] {logging_mixin.py:188} INFO - [2026-05-12T08:19:32.920+0000] {dag.py:3954} INFO - Setting next_dagrun for stackoverflow_medallion_pipeline to 2026-05-12 00:00:00+00:00, run_after=2026-05-13 00:00:00+00:00
[2026-05-12T08:19:32.960+0000] {processor.py:183} INFO - Processing /opt/airflow/dags/stackoverflow_migration_dag.py took 0.211 seconds
[2026-05-12T08:20:03.163+0000] {processor.py:161} INFO - Started process (PID=1369) to work on /opt/airflow/dags/stackoverflow_migration_dag.py
[2026-05-12T08:20:03.164+0000] {processor.py:830} INFO - Processing file /opt/airflow/dags/stackoverflow_migration_dag.py for tasks to queue
[2026-05-12T08:20:03.167+0000] {logging_mixin.py:188} INFO - [2026-05-12T08:20:03.166+0000] {dagbag.py:545} INFO - Filling up the DagBag from /opt/airflow/dags/stackoverflow_migration_dag.py
[2026-05-12T08:20:03.198+0000] {processor.py:840} INFO - DAG(s) 'stackoverflow_medallion_pipeline' retrieved from /opt/airflow/dags/stackoverflow_migration_dag.py
[2026-05-12T08:20:03.267+0000] {logging_mixin.py:188} INFO - [2026-05-12T08:20:03.267+0000] {dag.py:3096} INFO - Sync 1 DAGs
[2026-05-12T08:20:03.313+0000] {logging_mixin.py:188} INFO - [2026-05-12T08:20:03.313+0000] {dag.py:3954} INFO - Setting next_dagrun for stackoverflow_medallion_pipeline to 2026-05-12 00:00:00+00:00, run_after=2026-05-13 00:00:00+00:00
[2026-05-12T08:20:03.355+0000] {processor.py:183} INFO - Processing /opt/airflow/dags/stackoverflow_migration_dag.py took 0.199 seconds
[2026-05-12T08:20:33.522+0000] {processor.py:161} INFO - Started process (PID=1374) to work on /opt/airflow/dags/stackoverflow_migration_dag.py
[2026-05-12T08:20:33.523+0000] {processor.py:830} INFO - Processing file /opt/airflow/dags/stackoverflow_migration_dag.py for tasks to queue
[2026-05-12T08:20:33.526+0000] {logging_mixin.py:188} INFO - [2026-05-12T08:20:33.526+0000] {dagbag.py:545} INFO - Filling up the DagBag from /opt/airflow/dags/stackoverflow_migration_dag.py
[2026-05-12T08:20:33.563+0000] {processor.py:840} INFO - DAG(s) 'stackoverflow_medallion_pipeline' retrieved from /opt/airflow/dags/stackoverflow_migration_dag.py
[2026-05-12T08:20:33.635+0000] {logging_mixin.py:188} INFO - [2026-05-12T08:20:33.635+0000] {dag.py:3096} INFO - Sync 1 DAGs
[2026-05-12T08:20:33.684+0000] {logging_mixin.py:188} INFO - [2026-05-12T08:20:33.684+0000] {dag.py:3954} INFO - Setting next_dagrun for stackoverflow_medallion_pipeline to 2026-05-12 00:00:00+00:00, run_after=2026-05-13 00:00:00+00:00
[2026-05-12T08:20:33.726+0000] {processor.py:183} INFO - Processing /opt/airflow/dags/stackoverflow_migration_dag.py took 0.212 seconds
[2026-05-12T08:21:03.898+0000] {processor.py:161} INFO - Started process (PID=1379) to work on /opt/airflow/dags/stackoverflow_migration_dag.py
[2026-05-12T08:21:03.899+0000] {processor.py:830} INFO - Processing file /opt/airflow/dags/stackoverflow_migration_dag.py for tasks to queue
[2026-05-12T08:21:03.902+0000] {logging_mixin.py:188} INFO - [2026-05-12T08:21:03.901+0000] {dagbag.py:545} INFO - Filling up the DagBag from /opt/airflow/dags/stackoverflow_migration_dag.py
[2026-05-12T08:21:03.936+0000] {processor.py:840} INFO - DAG(s) 'stackoverflow_medallion_pipeline' retrieved from /opt/airflow/dags/stackoverflow_migration_dag.py
[2026-05-12T08:21:04.003+0000] {logging_mixin.py:188} INFO - [2026-05-12T08:21:04.002+0000] {dag.py:3096} INFO - Sync 1 DAGs
[2026-05-12T08:21:04.050+0000] {logging_mixin.py:188} INFO - [2026-05-12T08:21:04.050+0000] {dag.py:3954} INFO - Setting next_dagrun for stackoverflow_medallion_pipeline to 2026-05-12 00:00:00+00:00, run_after=2026-05-13 00:00:00+00:00
[2026-05-12T08:21:04.090+0000] {processor.py:183} INFO - Processing /opt/airflow/dags/stackoverflow_migration_dag.py took 0.199 seconds
[2026-05-12T08:21:34.210+0000] {processor.py:161} INFO - Started process (PID=1384) to work on /opt/airflow/dags/stackoverflow_migration_dag.py
[2026-05-12T08:21:34.211+0000] {processor.py:830} INFO - Processing file /opt/airflow/dags/stackoverflow_migration_dag.py for tasks to queue
[2026-05-12T08:21:34.214+0000] {logging_mixin.py:188} INFO - [2026-05-12T08:21:34.213+0000] {dagbag.py:545} INFO - Filling up the DagBag from /opt/airflow/dags/stackoverflow_migration_dag.py
[2026-05-12T08:21:34.245+0000] {processor.py:840} INFO - DAG(s) 'stackoverflow_medallion_pipeline' retrieved from /opt/airflow/dags/stackoverflow_migration_dag.py
[2026-05-12T08:21:34.318+0000] {logging_mixin.py:188} INFO - [2026-05-12T08:21:34.317+0000] {dag.py:3096} INFO - Sync 1 DAGs
[2026-05-12T08:21:34.366+0000] {logging_mixin.py:188} INFO - [2026-05-12T08:21:34.366+0000] {dag.py:3954} INFO - Setting next_dagrun for stackoverflow_medallion_pipeline to 2026-05-12 00:00:00+00:00, run_after=2026-05-13 00:00:00+00:00
[2026-05-12T08:21:34.408+0000] {processor.py:183} INFO - Processing /opt/airflow/dags/stackoverflow_migration_dag.py took 0.205 seconds
[2026-05-12T08:22:04.708+0000] {processor.py:161} INFO - Started process (PID=1389) to work on /opt/airflow/dags/stackoverflow_migration_dag.py
[2026-05-12T08:22:04.709+0000] {processor.py:830} INFO - Processing file /opt/airflow/dags/stackoverflow_migration_dag.py for tasks to queue
[2026-05-12T08:22:04.712+0000] {logging_mixin.py:188} INFO - [2026-05-12T08:22:04.711+0000] {dagbag.py:545} INFO - Filling up the DagBag from /opt/airflow/dags/stackoverflow_migration_dag.py
[2026-05-12T08:22:04.747+0000] {processor.py:840} INFO - DAG(s) 'stackoverflow_medallion_pipeline' retrieved from /opt/airflow/dags/stackoverflow_migration_dag.py
[2026-05-12T08:22:04.814+0000] {logging_mixin.py:188} INFO - [2026-05-12T08:22:04.813+0000] {dag.py:3096} INFO - Sync 1 DAGs
[2026-05-12T08:22:04.860+0000] {logging_mixin.py:188} INFO - [2026-05-12T08:22:04.860+0000] {dag.py:3954} INFO - Setting next_dagrun for stackoverflow_medallion_pipeline to 2026-05-12 00:00:00+00:00, run_after=2026-05-13 00:00:00+00:00
[2026-05-12T08:22:04.902+0000] {processor.py:183} INFO - Processing /opt/airflow/dags/stackoverflow_migration_dag.py took 0.204 seconds
[2026-05-12T08:22:35.159+0000] {processor.py:161} INFO - Started process (PID=1394) to work on /opt/airflow/dags/stackoverflow_migration_dag.py
[2026-05-12T08:22:35.160+0000] {processor.py:830} INFO - Processing file /opt/airflow/dags/stackoverflow_migration_dag.py for tasks to queue
[2026-05-12T08:22:35.163+0000] {logging_mixin.py:188} INFO - [2026-05-12T08:22:35.162+0000] {dagbag.py:545} INFO - Filling up the DagBag from /opt/airflow/dags/stackoverflow_migration_dag.py
[2026-05-12T08:22:35.193+0000] {processor.py:840} INFO - DAG(s) 'stackoverflow_medallion_pipeline' retrieved from /opt/airflow/dags/stackoverflow_migration_dag.py
[2026-05-12T08:22:35.266+0000] {logging_mixin.py:188} INFO - [2026-05-12T08:22:35.266+0000] {dag.py:3096} INFO - Sync 1 DAGs
[2026-05-12T08:22:35.321+0000] {logging_mixin.py:188} INFO - [2026-05-12T08:22:35.321+0000] {dag.py:3954} INFO - Setting next_dagrun for stackoverflow_medallion_pipeline to 2026-05-12 00:00:00+00:00, run_after=2026-05-13 00:00:00+00:00
[2026-05-12T08:22:35.362+0000] {processor.py:183} INFO - Processing /opt/airflow/dags/stackoverflow_migration_dag.py took 0.210 seconds
[2026-05-12T08:23:05.680+0000] {processor.py:161} INFO - Started process (PID=1399) to work on /opt/airflow/dags/stackoverflow_migration_dag.py
[2026-05-12T08:23:05.682+0000] {processor.py:830} INFO - Processing file /opt/airflow/dags/stackoverflow_migration_dag.py for tasks to queue
[2026-05-12T08:23:05.685+0000] {logging_mixin.py:188} INFO - [2026-05-12T08:23:05.685+0000] {dagbag.py:545} INFO - Filling up the DagBag from /opt/airflow/dags/stackoverflow_migration_dag.py
[2026-05-12T08:23:05.721+0000] {processor.py:840} INFO - DAG(s) 'stackoverflow_medallion_pipeline' retrieved from /opt/airflow/dags/stackoverflow_migration_dag.py
[2026-05-12T08:23:05.796+0000] {logging_mixin.py:188} INFO - [2026-05-12T08:23:05.796+0000] {dag.py:3096} INFO - Sync 1 DAGs
[2026-05-12T08:23:05.854+0000] {logging_mixin.py:188} INFO - [2026-05-12T08:23:05.854+0000] {dag.py:3954} INFO - Setting next_dagrun for stackoverflow_medallion_pipeline to 2026-05-12 00:00:00+00:00, run_after=2026-05-13 00:00:00+00:00
[2026-05-12T08:23:05.901+0000] {processor.py:183} INFO - Processing /opt/airflow/dags/stackoverflow_migration_dag.py took 0.230 seconds
[2026-05-12T08:23:36.221+0000] {processor.py:161} INFO - Started process (PID=1404) to work on /opt/airflow/dags/stackoverflow_migration_dag.py
[2026-05-12T08:23:36.222+0000] {processor.py:830} INFO - Processing file /opt/airflow/dags/stackoverflow_migration_dag.py for tasks to queue
[2026-05-12T08:23:36.227+0000] {logging_mixin.py:188} INFO - [2026-05-12T08:23:36.227+0000] {dagbag.py:545} INFO - Filling up the DagBag from /opt/airflow/dags/stackoverflow_migration_dag.py
[2026-05-12T08:23:36.265+0000] {processor.py:840} INFO - DAG(s) 'stackoverflow_medallion_pipeline' retrieved from /opt/airflow/dags/stackoverflow_migration_dag.py
[2026-05-12T08:23:36.345+0000] {logging_mixin.py:188} INFO - [2026-05-12T08:23:36.344+0000] {dag.py:3096} INFO - Sync 1 DAGs
[2026-05-12T08:23:36.397+0000] {logging_mixin.py:188} INFO - [2026-05-12T08:23:36.396+0000] {dag.py:3954} INFO - Setting next_dagrun for stackoverflow_medallion_pipeline to 2026-05-12 00:00:00+00:00, run_after=2026-05-13 00:00:00+00:00
[2026-05-12T08:23:36.438+0000] {processor.py:183} INFO - Processing /opt/airflow/dags/stackoverflow_migration_dag.py took 0.226 seconds
[2026-05-12T08:24:06.745+0000] {processor.py:161} INFO - Started process (PID=1409) to work on /opt/airflow/dags/stackoverflow_migration_dag.py
[2026-05-12T08:24:06.746+0000] {processor.py:830} INFO - Processing file /opt/airflow/dags/stackoverflow_migration_dag.py for tasks to queue
[2026-05-12T08:24:06.748+0000] {logging_mixin.py:188} INFO - [2026-05-12T08:24:06.748+0000] {dagbag.py:545} INFO - Filling up the DagBag from /opt/airflow/dags/stackoverflow_migration_dag.py
[2026-05-12T08:24:06.781+0000] {processor.py:840} INFO - DAG(s) 'stackoverflow_medallion_pipeline' retrieved from /opt/airflow/dags/stackoverflow_migration_dag.py
[2026-05-12T08:24:06.852+0000] {logging_mixin.py:188} INFO - [2026-05-12T08:24:06.852+0000] {dag.py:3096} INFO - Sync 1 DAGs
[2026-05-12T08:24:06.900+0000] {logging_mixin.py:188} INFO - [2026-05-12T08:24:06.900+0000] {dag.py:3954} INFO - Setting next_dagrun for stackoverflow_medallion_pipeline to 2026-05-12 00:00:00+00:00, run_after=2026-05-13 00:00:00+00:00
[2026-05-12T08:24:06.940+0000] {processor.py:183} INFO - Processing /opt/airflow/dags/stackoverflow_migration_dag.py took 0.203 seconds
[2026-05-12T08:24:37.053+0000] {processor.py:161} INFO - Started process (PID=1414) to work on /opt/airflow/dags/stackoverflow_migration_dag.py
[2026-05-12T08:24:37.054+0000] {processor.py:830} INFO - Processing file /opt/airflow/dags/stackoverflow_migration_dag.py for tasks to queue
[2026-05-12T08:24:37.056+0000] {logging_mixin.py:188} INFO - [2026-05-12T08:24:37.056+0000] {dagbag.py:545} INFO - Filling up the DagBag from /opt/airflow/dags/stackoverflow_migration_dag.py
[2026-05-12T08:24:37.088+0000] {processor.py:840} INFO - DAG(s) 'stackoverflow_medallion_pipeline' retrieved from /opt/airflow/dags/stackoverflow_migration_dag.py
[2026-05-12T08:24:37.153+0000] {logging_mixin.py:188} INFO - [2026-05-12T08:24:37.153+0000] {dag.py:3096} INFO - Sync 1 DAGs
[2026-05-12T08:24:37.198+0000] {logging_mixin.py:188} INFO - [2026-05-12T08:24:37.198+0000] {dag.py:3954} INFO - Setting next_dagrun for stackoverflow_medallion_pipeline to 2026-05-12 00:00:00+00:00, run_after=2026-05-13 00:00:00+00:00
[2026-05-12T08:24:37.239+0000] {processor.py:183} INFO - Processing /opt/airflow/dags/stackoverflow_migration_dag.py took 0.193 seconds
[2026-05-12T08:25:07.529+0000] {processor.py:161} INFO - Started process (PID=1419) to work on /opt/airflow/dags/stackoverflow_migration_dag.py
[2026-05-12T08:25:07.530+0000] {processor.py:830} INFO - Processing file /opt/airflow/dags/stackoverflow_migration_dag.py for tasks to queue
[2026-05-12T08:25:07.533+0000] {logging_mixin.py:188} INFO - [2026-05-12T08:25:07.532+0000] {dagbag.py:545} INFO - Filling up the DagBag from /opt/airflow/dags/stackoverflow_migration_dag.py
[2026-05-12T08:25:07.565+0000] {processor.py:840} INFO - DAG(s) 'stackoverflow_medallion_pipeline' retrieved from /opt/airflow/dags/stackoverflow_migration_dag.py
[2026-05-12T08:25:07.635+0000] {logging_mixin.py:188} INFO - [2026-05-12T08:25:07.635+0000] {dag.py:3096} INFO - Sync 1 DAGs
[2026-05-12T08:25:07.687+0000] {logging_mixin.py:188} INFO - [2026-05-12T08:25:07.687+0000] {dag.py:3954} INFO - Setting next_dagrun for stackoverflow_medallion_pipeline to 2026-05-12 00:00:00+00:00, run_after=2026-05-13 00:00:00+00:00
[2026-05-12T08:25:07.726+0000] {processor.py:183} INFO - Processing /opt/airflow/dags/stackoverflow_migration_dag.py took 0.205 seconds
[2026-05-12T08:25:37.814+0000] {processor.py:161} INFO - Started process (PID=1424) to work on /opt/airflow/dags/stackoverflow_migration_dag.py
[2026-05-12T08:25:37.815+0000] {processor.py:830} INFO - Processing file /opt/airflow/dags/stackoverflow_migration_dag.py for tasks to queue
[2026-05-12T08:25:37.818+0000] {logging_mixin.py:188} INFO - [2026-05-12T08:25:37.817+0000] {dagbag.py:545} INFO - Filling up the DagBag from /opt/airflow/dags/stackoverflow_migration_dag.py
[2026-05-12T08:25:37.848+0000] {processor.py:840} INFO - DAG(s) 'stackoverflow_medallion_pipeline' retrieved from /opt/airflow/dags/stackoverflow_migration_dag.py
[2026-05-12T08:25:37.914+0000] {logging_mixin.py:188} INFO - [2026-05-12T08:25:37.913+0000] {dag.py:3096} INFO - Sync 1 DAGs
[2026-05-12T08:25:37.960+0000] {logging_mixin.py:188} INFO - [2026-05-12T08:25:37.959+0000] {dag.py:3954} INFO - Setting next_dagrun for stackoverflow_medallion_pipeline to 2026-05-12 00:00:00+00:00, run_after=2026-05-13 00:00:00+00:00
[2026-05-12T08:25:38.000+0000] {processor.py:183} INFO - Processing /opt/airflow/dags/stackoverflow_migration_dag.py took 0.194 seconds
[2026-05-12T08:26:08.372+0000] {processor.py:161} INFO - Started process (PID=1429) to work on /opt/airflow/dags/stackoverflow_migration_dag.py
[2026-05-12T08:26:08.374+0000] {processor.py:830} INFO - Processing file /opt/airflow/dags/stackoverflow_migration_dag.py for tasks to queue
[2026-05-12T08:26:08.377+0000] {logging_mixin.py:188} INFO - [2026-05-12T08:26:08.376+0000] {dagbag.py:545} INFO - Filling up the DagBag from /opt/airflow/dags/stackoverflow_migration_dag.py
[2026-05-12T08:26:08.412+0000] {processor.py:840} INFO - DAG(s) 'stackoverflow_medallion_pipeline' retrieved from /opt/airflow/dags/stackoverflow_migration_dag.py
[2026-05-12T08:26:08.479+0000] {logging_mixin.py:188} INFO - [2026-05-12T08:26:08.479+0000] {dag.py:3096} INFO - Sync 1 DAGs
[2026-05-12T08:26:08.529+0000] {logging_mixin.py:188} INFO - [2026-05-12T08:26:08.528+0000] {dag.py:3954} INFO - Setting next_dagrun for stackoverflow_medallion_pipeline to 2026-05-12 00:00:00+00:00, run_after=2026-05-13 00:00:00+00:00
[2026-05-12T08:26:08.568+0000] {processor.py:183} INFO - Processing /opt/airflow/dags/stackoverflow_migration_dag.py took 0.205 seconds
[2026-05-12T08:26:38.718+0000] {processor.py:161} INFO - Started process (PID=1434) to work on /opt/airflow/dags/stackoverflow_migration_dag.py
[2026-05-12T08:26:38.720+0000] {processor.py:830} INFO - Processing file /opt/airflow/dags/stackoverflow_migration_dag.py for tasks to queue
[2026-05-12T08:26:38.724+0000] {logging_mixin.py:188} INFO - [2026-05-12T08:26:38.723+0000] {dagbag.py:545} INFO - Filling up the DagBag from /opt/airflow/dags/stackoverflow_migration_dag.py
[2026-05-12T08:26:38.766+0000] {processor.py:840} INFO - DAG(s) 'stackoverflow_medallion_pipeline' retrieved from /opt/airflow/dags/stackoverflow_migration_dag.py
[2026-05-12T08:26:38.843+0000] {logging_mixin.py:188} INFO - [2026-05-12T08:26:38.843+0000] {dag.py:3096} INFO - Sync 1 DAGs
[2026-05-12T08:26:38.899+0000] {logging_mixin.py:188} INFO - [2026-05-12T08:26:38.899+0000] {dag.py:3954} INFO - Setting next_dagrun for stackoverflow_medallion_pipeline to 2026-05-12 00:00:00+00:00, run_after=2026-05-13 00:00:00+00:00
[2026-05-12T08:26:38.947+0000] {processor.py:183} INFO - Processing /opt/airflow/dags/stackoverflow_migration_dag.py took 0.241 seconds
[2026-05-12T08:27:09.067+0000] {processor.py:161} INFO - Started process (PID=1439) to work on /opt/airflow/dags/stackoverflow_migration_dag.py
[2026-05-12T08:27:09.068+0000] {processor.py:830} INFO - Processing file /opt/airflow/dags/stackoverflow_migration_dag.py for tasks to queue
[2026-05-12T08:27:09.071+0000] {logging_mixin.py:188} INFO - [2026-05-12T08:27:09.071+0000] {dagbag.py:545} INFO - Filling up the DagBag from /opt/airflow/dags/stackoverflow_migration_dag.py
[2026-05-12T08:27:09.103+0000] {processor.py:840} INFO - DAG(s) 'stackoverflow_medallion_pipeline' retrieved from /opt/airflow/dags/stackoverflow_migration_dag.py
[2026-05-12T08:27:09.179+0000] {logging_mixin.py:188} INFO - [2026-05-12T08:27:09.178+0000] {dag.py:3096} INFO - Sync 1 DAGs
[2026-05-12T08:27:09.228+0000] {logging_mixin.py:188} INFO - [2026-05-12T08:27:09.228+0000] {dag.py:3954} INFO - Setting next_dagrun for stackoverflow_medallion_pipeline to 2026-05-12 00:00:00+00:00, run_after=2026-05-13 00:00:00+00:00
[2026-05-12T08:27:09.268+0000] {processor.py:183} INFO - Processing /opt/airflow/dags/stackoverflow_migration_dag.py took 0.209 seconds
[2026-05-12T08:27:39.565+0000] {processor.py:161} INFO - Started process (PID=1444) to work on /opt/airflow/dags/stackoverflow_migration_dag.py
[2026-05-12T08:27:39.566+0000] {processor.py:830} INFO - Processing file /opt/airflow/dags/stackoverflow_migration_dag.py for tasks to queue
[2026-05-12T08:27:39.569+0000] {logging_mixin.py:188} INFO - [2026-05-12T08:27:39.568+0000] {dagbag.py:545} INFO - Filling up the DagBag from /opt/airflow/dags/stackoverflow_migration_dag.py
[2026-05-12T08:27:39.603+0000] {processor.py:840} INFO - DAG(s) 'stackoverflow_medallion_pipeline' retrieved from /opt/airflow/dags/stackoverflow_migration_dag.py
[2026-05-12T08:27:39.674+0000] {logging_mixin.py:188} INFO - [2026-05-12T08:27:39.674+0000] {dag.py:3096} INFO - Sync 1 DAGs
[2026-05-12T08:27:39.725+0000] {logging_mixin.py:188} INFO - [2026-05-12T08:27:39.725+0000] {dag.py:3954} INFO - Setting next_dagrun for stackoverflow_medallion_pipeline to 2026-05-12 00:00:00+00:00, run_after=2026-05-13 00:00:00+00:00
[2026-05-12T08:27:39.769+0000] {processor.py:183} INFO - Processing /opt/airflow/dags/stackoverflow_migration_dag.py took 0.211 seconds
[2026-05-12T08:28:09.877+0000] {processor.py:161} INFO - Started process (PID=1449) to work on /opt/airflow/dags/stackoverflow_migration_dag.py
[2026-05-12T08:28:09.879+0000] {processor.py:830} INFO - Processing file /opt/airflow/dags/stackoverflow_migration_dag.py for tasks to queue
[2026-05-12T08:28:09.881+0000] {logging_mixin.py:188} INFO - [2026-05-12T08:28:09.881+0000] {dagbag.py:545} INFO - Filling up the DagBag from /opt/airflow/dags/stackoverflow_migration_dag.py
[2026-05-12T08:28:09.914+0000] {processor.py:840} INFO - DAG(s) 'stackoverflow_medallion_pipeline' retrieved from /opt/airflow/dags/stackoverflow_migration_dag.py
[2026-05-12T08:28:09.986+0000] {logging_mixin.py:188} INFO - [2026-05-12T08:28:09.985+0000] {dag.py:3096} INFO - Sync 1 DAGs
[2026-05-12T08:28:10.035+0000] {logging_mixin.py:188} INFO - [2026-05-12T08:28:10.034+0000] {dag.py:3954} INFO - Setting next_dagrun for stackoverflow_medallion_pipeline to 2026-05-12 00:00:00+00:00, run_after=2026-05-13 00:00:00+00:00
[2026-05-12T08:28:10.073+0000] {processor.py:183} INFO - Processing /opt/airflow/dags/stackoverflow_migration_dag.py took 0.203 seconds
[2026-05-12T08:28:40.320+0000] {processor.py:161} INFO - Started process (PID=1454) to work on /opt/airflow/dags/stackoverflow_migration_dag.py
[2026-05-12T08:28:40.321+0000] {processor.py:830} INFO - Processing file /opt/airflow/dags/stackoverflow_migration_dag.py for tasks to queue
[2026-05-12T08:28:40.324+0000] {logging_mixin.py:188} INFO - [2026-05-12T08:28:40.324+0000] {dagbag.py:545} INFO - Filling up the DagBag from /opt/airflow/dags/stackoverflow_migration_dag.py
[2026-05-12T08:28:40.364+0000] {processor.py:840} INFO - DAG(s) 'stackoverflow_medallion_pipeline' retrieved from /opt/airflow/dags/stackoverflow_migration_dag.py
[2026-05-12T08:28:40.440+0000] {logging_mixin.py:188} INFO - [2026-05-12T08:28:40.440+0000] {dag.py:3096} INFO - Sync 1 DAGs
[2026-05-12T08:28:40.490+0000] {logging_mixin.py:188} INFO - [2026-05-12T08:28:40.490+0000] {dag.py:3954} INFO - Setting next_dagrun for stackoverflow_medallion_pipeline to 2026-05-12 00:00:00+00:00, run_after=2026-05-13 00:00:00+00:00
[2026-05-12T08:28:40.533+0000] {processor.py:183} INFO - Processing /opt/airflow/dags/stackoverflow_migration_dag.py took 0.221 seconds
[2026-05-12T08:29:10.620+0000] {processor.py:161} INFO - Started process (PID=1459) to work on /opt/airflow/dags/stackoverflow_migration_dag.py
[2026-05-12T08:29:10.621+0000] {processor.py:830} INFO - Processing file /opt/airflow/dags/stackoverflow_migration_dag.py for tasks to queue
[2026-05-12T08:29:10.624+0000] {logging_mixin.py:188} INFO - [2026-05-12T08:29:10.623+0000] {dagbag.py:545} INFO - Filling up the DagBag from /opt/airflow/dags/stackoverflow_migration_dag.py
[2026-05-12T08:29:10.654+0000] {processor.py:840} INFO - DAG(s) 'stackoverflow_medallion_pipeline' retrieved from /opt/airflow/dags/stackoverflow_migration_dag.py
[2026-05-12T08:29:10.725+0000] {logging_mixin.py:188} INFO - [2026-05-12T08:29:10.724+0000] {dag.py:3096} INFO - Sync 1 DAGs
[2026-05-12T08:29:10.772+0000] {logging_mixin.py:188} INFO - [2026-05-12T08:29:10.772+0000] {dag.py:3954} INFO - Setting next_dagrun for stackoverflow_medallion_pipeline to 2026-05-12 00:00:00+00:00, run_after=2026-05-13 00:00:00+00:00
[2026-05-12T08:29:10.814+0000] {processor.py:183} INFO - Processing /opt/airflow/dags/stackoverflow_migration_dag.py took 0.201 seconds
[2026-05-12T08:29:41.131+0000] {processor.py:161} INFO - Started process (PID=1464) to work on /opt/airflow/dags/stackoverflow_migration_dag.py
[2026-05-12T08:29:41.132+0000] {processor.py:830} INFO - Processing file /opt/airflow/dags/stackoverflow_migration_dag.py for tasks to queue
[2026-05-12T08:29:41.135+0000] {logging_mixin.py:188} INFO - [2026-05-12T08:29:41.134+0000] {dagbag.py:545} INFO - Filling up the DagBag from /opt/airflow/dags/stackoverflow_migration_dag.py
[2026-05-12T08:29:41.167+0000] {processor.py:840} INFO - DAG(s) 'stackoverflow_medallion_pipeline' retrieved from /opt/airflow/dags/stackoverflow_migration_dag.py
[2026-05-12T08:29:41.235+0000] {logging_mixin.py:188} INFO - [2026-05-12T08:29:41.234+0000] {dag.py:3096} INFO - Sync 1 DAGs
[2026-05-12T08:29:41.280+0000] {logging_mixin.py:188} INFO - [2026-05-12T08:29:41.280+0000] {dag.py:3954} INFO - Setting next_dagrun for stackoverflow_medallion_pipeline to 2026-05-12 00:00:00+00:00, run_after=2026-05-13 00:00:00+00:00
[2026-05-12T08:29:41.320+0000] {processor.py:183} INFO - Processing /opt/airflow/dags/stackoverflow_migration_dag.py took 0.195 seconds
[2026-05-12T08:30:11.613+0000] {processor.py:161} INFO - Started process (PID=1469) to work on /opt/airflow/dags/stackoverflow_migration_dag.py
[2026-05-12T08:30:11.614+0000] {processor.py:830} INFO - Processing file /opt/airflow/dags/stackoverflow_migration_dag.py for tasks to queue
[2026-05-12T08:30:11.617+0000] {logging_mixin.py:188} INFO - [2026-05-12T08:30:11.617+0000] {dagbag.py:545} INFO - Filling up the DagBag from /opt/airflow/dags/stackoverflow_migration_dag.py
[2026-05-12T08:30:11.650+0000] {processor.py:840} INFO - DAG(s) 'stackoverflow_medallion_pipeline' retrieved from /opt/airflow/dags/stackoverflow_migration_dag.py
[2026-05-12T08:30:11.720+0000] {logging_mixin.py:188} INFO - [2026-05-12T08:30:11.720+0000] {dag.py:3096} INFO - Sync 1 DAGs
[2026-05-12T08:30:11.769+0000] {logging_mixin.py:188} INFO - [2026-05-12T08:30:11.768+0000] {dag.py:3954} INFO - Setting next_dagrun for stackoverflow_medallion_pipeline to 2026-05-12 00:00:00+00:00, run_after=2026-05-13 00:00:00+00:00
[2026-05-12T08:30:11.808+0000] {processor.py:183} INFO - Processing /opt/airflow/dags/stackoverflow_migration_dag.py took 0.203 seconds
[2026-05-12T08:30:41.967+0000] {processor.py:161} INFO - Started process (PID=1474) to work on /opt/airflow/dags/stackoverflow_migration_dag.py
[2026-05-12T08:30:41.969+0000] {processor.py:830} INFO - Processing file /opt/airflow/dags/stackoverflow_migration_dag.py for tasks to queue
[2026-05-12T08:30:41.971+0000] {logging_mixin.py:188} INFO - [2026-05-12T08:30:41.971+0000] {dagbag.py:545} INFO - Filling up the DagBag from /opt/airflow/dags/stackoverflow_migration_dag.py
[2026-05-12T08:30:42.005+0000] {processor.py:840} INFO - DAG(s) 'stackoverflow_medallion_pipeline' retrieved from /opt/airflow/dags/stackoverflow_migration_dag.py
[2026-05-12T08:30:42.079+0000] {logging_mixin.py:188} INFO - [2026-05-12T08:30:42.079+0000] {dag.py:3096} INFO - Sync 1 DAGs
[2026-05-12T08:30:42.129+0000] {logging_mixin.py:188} INFO - [2026-05-12T08:30:42.129+0000] {dag.py:3954} INFO - Setting next_dagrun for stackoverflow_medallion_pipeline to 2026-05-12 00:00:00+00:00, run_after=2026-05-13 00:00:00+00:00
[2026-05-12T08:30:42.170+0000] {processor.py:183} INFO - Processing /opt/airflow/dags/stackoverflow_migration_dag.py took 0.210 seconds
[2026-05-12T08:31:12.397+0000] {processor.py:161} INFO - Started process (PID=1479) to work on /opt/airflow/dags/stackoverflow_migration_dag.py
[2026-05-12T08:31:12.399+0000] {processor.py:830} INFO - Processing file /opt/airflow/dags/stackoverflow_migration_dag.py for tasks to queue
[2026-05-12T08:31:12.401+0000] {logging_mixin.py:188} INFO - [2026-05-12T08:31:12.401+0000] {dagbag.py:545} INFO - Filling up the DagBag from /opt/airflow/dags/stackoverflow_migration_dag.py
[2026-05-12T08:31:12.432+0000] {processor.py:840} INFO - DAG(s) 'stackoverflow_medallion_pipeline' retrieved from /opt/airflow/dags/stackoverflow_migration_dag.py
[2026-05-12T08:31:12.504+0000] {logging_mixin.py:188} INFO - [2026-05-12T08:31:12.504+0000] {dag.py:3096} INFO - Sync 1 DAGs
[2026-05-12T08:31:12.555+0000] {logging_mixin.py:188} INFO - [2026-05-12T08:31:12.555+0000] {dag.py:3954} INFO - Setting next_dagrun for stackoverflow_medallion_pipeline to 2026-05-12 00:00:00+00:00, run_after=2026-05-13 00:00:00+00:00
[2026-05-12T08:31:12.596+0000] {processor.py:183} INFO - Processing /opt/airflow/dags/stackoverflow_migration_dag.py took 0.206 seconds
[2026-05-12T08:31:42.717+0000] {processor.py:161} INFO - Started process (PID=1484) to work on /opt/airflow/dags/stackoverflow_migration_dag.py
[2026-05-12T08:31:42.718+0000] {processor.py:830} INFO - Processing file /opt/airflow/dags/stackoverflow_migration_dag.py for tasks to queue
[2026-05-12T08:31:42.721+0000] {logging_mixin.py:188} INFO - [2026-05-12T08:31:42.720+0000] {dagbag.py:545} INFO - Filling up the DagBag from /opt/airflow/dags/stackoverflow_migration_dag.py
[2026-05-12T08:31:42.756+0000] {processor.py:840} INFO - DAG(s) 'stackoverflow_medallion_pipeline' retrieved from /opt/airflow/dags/stackoverflow_migration_dag.py
[2026-05-12T08:31:42.823+0000] {logging_mixin.py:188} INFO - [2026-05-12T08:31:42.823+0000] {dag.py:3096} INFO - Sync 1 DAGs
[2026-05-12T08:31:42.871+0000] {logging_mixin.py:188} INFO - [2026-05-12T08:31:42.871+0000] {dag.py:3954} INFO - Setting next_dagrun for stackoverflow_medallion_pipeline to 2026-05-12 00:00:00+00:00, run_after=2026-05-13 00:00:00+00:00
[2026-05-12T08:31:42.911+0000] {processor.py:183} INFO - Processing /opt/airflow/dags/stackoverflow_migration_dag.py took 0.202 seconds
[2026-05-12T08:32:13.150+0000] {processor.py:161} INFO - Started process (PID=1489) to work on /opt/airflow/dags/stackoverflow_migration_dag.py
[2026-05-12T08:32:13.151+0000] {processor.py:830} INFO - Processing file /opt/airflow/dags/stackoverflow_migration_dag.py for tasks to queue
[2026-05-12T08:32:13.154+0000] {logging_mixin.py:188} INFO - [2026-05-12T08:32:13.154+0000] {dagbag.py:545} INFO - Filling up the DagBag from /opt/airflow/dags/stackoverflow_migration_dag.py
[2026-05-12T08:32:13.187+0000] {processor.py:840} INFO - DAG(s) 'stackoverflow_medallion_pipeline' retrieved from /opt/airflow/dags/stackoverflow_migration_dag.py
[2026-05-12T08:32:13.258+0000] {logging_mixin.py:188} INFO - [2026-05-12T08:32:13.258+0000] {dag.py:3096} INFO - Sync 1 DAGs
[2026-05-12T08:32:13.308+0000] {logging_mixin.py:188} INFO - [2026-05-12T08:32:13.308+0000] {dag.py:3954} INFO - Setting next_dagrun for stackoverflow_medallion_pipeline to 2026-05-12 00:00:00+00:00, run_after=2026-05-13 00:00:00+00:00
[2026-05-12T08:32:13.351+0000] {processor.py:183} INFO - Processing /opt/airflow/dags/stackoverflow_migration_dag.py took 0.208 seconds
[2026-05-12T08:32:43.430+0000] {processor.py:161} INFO - Started process (PID=1494) to work on /opt/airflow/dags/stackoverflow_migration_dag.py
[2026-05-12T08:32:43.432+0000] {processor.py:830} INFO - Processing file /opt/airflow/dags/stackoverflow_migration_dag.py for tasks to queue
[2026-05-12T08:32:43.435+0000] {logging_mixin.py:188} INFO - [2026-05-12T08:32:43.435+0000] {dagbag.py:545} INFO - Filling up the DagBag from /opt/airflow/dags/stackoverflow_migration_dag.py
[2026-05-12T08:32:43.470+0000] {processor.py:840} INFO - DAG(s) 'stackoverflow_medallion_pipeline' retrieved from /opt/airflow/dags/stackoverflow_migration_dag.py
[2026-05-12T08:32:43.541+0000] {logging_mixin.py:188} INFO - [2026-05-12T08:32:43.541+0000] {dag.py:3096} INFO - Sync 1 DAGs
[2026-05-12T08:32:43.595+0000] {logging_mixin.py:188} INFO - [2026-05-12T08:32:43.595+0000] {dag.py:3954} INFO - Setting next_dagrun for stackoverflow_medallion_pipeline to 2026-05-12 00:00:00+00:00, run_after=2026-05-13 00:00:00+00:00
[2026-05-12T08:32:43.639+0000] {processor.py:183} INFO - Processing /opt/airflow/dags/stackoverflow_migration_dag.py took 0.216 seconds
[2026-05-12T08:33:13.864+0000] {processor.py:161} INFO - Started process (PID=1499) to work on /opt/airflow/dags/stackoverflow_migration_dag.py
[2026-05-12T08:33:13.866+0000] {processor.py:830} INFO - Processing file /opt/airflow/dags/stackoverflow_migration_dag.py for tasks to queue
[2026-05-12T08:33:13.868+0000] {logging_mixin.py:188} INFO - [2026-05-12T08:33:13.868+0000] {dagbag.py:545} INFO - Filling up the DagBag from /opt/airflow/dags/stackoverflow_migration_dag.py
[2026-05-12T08:33:13.899+0000] {processor.py:840} INFO - DAG(s) 'stackoverflow_medallion_pipeline' retrieved from /opt/airflow/dags/stackoverflow_migration_dag.py
[2026-05-12T08:33:13.966+0000] {logging_mixin.py:188} INFO - [2026-05-12T08:33:13.966+0000] {dag.py:3096} INFO - Sync 1 DAGs
[2026-05-12T08:33:14.017+0000] {logging_mixin.py:188} INFO - [2026-05-12T08:33:14.017+0000] {dag.py:3954} INFO - Setting next_dagrun for stackoverflow_medallion_pipeline to 2026-05-12 00:00:00+00:00, run_after=2026-05-13 00:00:00+00:00
[2026-05-12T08:33:14.057+0000] {processor.py:183} INFO - Processing /opt/airflow/dags/stackoverflow_migration_dag.py took 0.199 seconds
[2026-05-12T08:33:44.188+0000] {processor.py:161} INFO - Started process (PID=1504) to work on /opt/airflow/dags/stackoverflow_migration_dag.py
[2026-05-12T08:33:44.190+0000] {processor.py:830} INFO - Processing file /opt/airflow/dags/stackoverflow_migration_dag.py for tasks to queue
[2026-05-12T08:33:44.192+0000] {logging_mixin.py:188} INFO - [2026-05-12T08:33:44.192+0000] {dagbag.py:545} INFO - Filling up the DagBag from /opt/airflow/dags/stackoverflow_migration_dag.py
[2026-05-12T08:33:44.223+0000] {processor.py:840} INFO - DAG(s) 'stackoverflow_medallion_pipeline' retrieved from /opt/airflow/dags/stackoverflow_migration_dag.py
[2026-05-12T08:33:44.294+0000] {logging_mixin.py:188} INFO - [2026-05-12T08:33:44.293+0000] {dag.py:3096} INFO - Sync 1 DAGs
[2026-05-12T08:33:44.343+0000] {logging_mixin.py:188} INFO - [2026-05-12T08:33:44.343+0000] {dag.py:3954} INFO - Setting next_dagrun for stackoverflow_medallion_pipeline to 2026-05-12 00:00:00+00:00, run_after=2026-05-13 00:00:00+00:00
[2026-05-12T08:33:44.387+0000] {processor.py:183} INFO - Processing /opt/airflow/dags/stackoverflow_migration_dag.py took 0.206 seconds
[2026-05-12T08:34:14.666+0000] {processor.py:161} INFO - Started process (PID=1509) to work on /opt/airflow/dags/stackoverflow_migration_dag.py
[2026-05-12T08:34:14.668+0000] {processor.py:830} INFO - Processing file /opt/airflow/dags/stackoverflow_migration_dag.py for tasks to queue
[2026-05-12T08:34:14.670+0000] {logging_mixin.py:188} INFO - [2026-05-12T08:34:14.670+0000] {dagbag.py:545} INFO - Filling up the DagBag from /opt/airflow/dags/stackoverflow_migration_dag.py
[2026-05-12T08:34:14.707+0000] {processor.py:840} INFO - DAG(s) 'stackoverflow_medallion_pipeline' retrieved from /opt/airflow/dags/stackoverflow_migration_dag.py
[2026-05-12T08:34:14.781+0000] {logging_mixin.py:188} INFO - [2026-05-12T08:34:14.781+0000] {dag.py:3096} INFO - Sync 1 DAGs
[2026-05-12T08:34:14.834+0000] {logging_mixin.py:188} INFO - [2026-05-12T08:34:14.833+0000] {dag.py:3954} INFO - Setting next_dagrun for stackoverflow_medallion_pipeline to 2026-05-12 00:00:00+00:00, run_after=2026-05-13 00:00:00+00:00
[2026-05-12T08:34:14.875+0000] {processor.py:183} INFO - Processing /opt/airflow/dags/stackoverflow_migration_dag.py took 0.216 seconds
[2026-05-12T08:34:44.958+0000] {processor.py:161} INFO - Started process (PID=1514) to work on /opt/airflow/dags/stackoverflow_migration_dag.py
[2026-05-12T08:34:44.960+0000] {processor.py:830} INFO - Processing file /opt/airflow/dags/stackoverflow_migration_dag.py for tasks to queue
[2026-05-12T08:34:44.962+0000] {logging_mixin.py:188} INFO - [2026-05-12T08:34:44.962+0000] {dagbag.py:545} INFO - Filling up the DagBag from /opt/airflow/dags/stackoverflow_migration_dag.py
[2026-05-12T08:34:44.997+0000] {processor.py:840} INFO - DAG(s) 'stackoverflow_medallion_pipeline' retrieved from /opt/airflow/dags/stackoverflow_migration_dag.py
[2026-05-12T08:34:45.062+0000] {logging_mixin.py:188} INFO - [2026-05-12T08:34:45.062+0000] {dag.py:3096} INFO - Sync 1 DAGs
[2026-05-12T08:34:45.109+0000] {logging_mixin.py:188} INFO - [2026-05-12T08:34:45.108+0000] {dag.py:3954} INFO - Setting next_dagrun for stackoverflow_medallion_pipeline to 2026-05-12 00:00:00+00:00, run_after=2026-05-13 00:00:00+00:00
[2026-05-12T08:34:45.145+0000] {processor.py:183} INFO - Processing /opt/airflow/dags/stackoverflow_migration_dag.py took 0.194 seconds
[2026-05-12T08:35:15.490+0000] {processor.py:161} INFO - Started process (PID=1519) to work on /opt/airflow/dags/stackoverflow_migration_dag.py
[2026-05-12T08:35:15.493+0000] {processor.py:830} INFO - Processing file /opt/airflow/dags/stackoverflow_migration_dag.py for tasks to queue
[2026-05-12T08:35:15.499+0000] {logging_mixin.py:188} INFO - [2026-05-12T08:35:15.498+0000] {dagbag.py:545} INFO - Filling up the DagBag from /opt/airflow/dags/stackoverflow_migration_dag.py
[2026-05-12T08:35:15.587+0000] {processor.py:840} INFO - DAG(s) 'stackoverflow_medallion_pipeline' retrieved from /opt/airflow/dags/stackoverflow_migration_dag.py
[2026-05-12T08:35:15.705+0000] {logging_mixin.py:188} INFO - [2026-05-12T08:35:15.705+0000] {dag.py:3096} INFO - Sync 1 DAGs
[2026-05-12T08:35:15.793+0000] {logging_mixin.py:188} INFO - [2026-05-12T08:35:15.788+0000] {dag.py:3954} INFO - Setting next_dagrun for stackoverflow_medallion_pipeline to 2026-05-12 00:00:00+00:00, run_after=2026-05-13 00:00:00+00:00
[2026-05-12T08:35:15.849+0000] {processor.py:183} INFO - Processing /opt/airflow/dags/stackoverflow_migration_dag.py took 0.378 seconds
[2026-05-12T08:35:46.189+0000] {processor.py:161} INFO - Started process (PID=1524) to work on /opt/airflow/dags/stackoverflow_migration_dag.py
[2026-05-12T08:35:46.190+0000] {processor.py:830} INFO - Processing file /opt/airflow/dags/stackoverflow_migration_dag.py for tasks to queue
[2026-05-12T08:35:46.193+0000] {logging_mixin.py:188} INFO - [2026-05-12T08:35:46.193+0000] {dagbag.py:545} INFO - Filling up the DagBag from /opt/airflow/dags/stackoverflow_migration_dag.py
[2026-05-12T08:35:46.229+0000] {processor.py:840} INFO - DAG(s) 'stackoverflow_medallion_pipeline' retrieved from /opt/airflow/dags/stackoverflow_migration_dag.py
[2026-05-12T08:35:46.295+0000] {logging_mixin.py:188} INFO - [2026-05-12T08:35:46.294+0000] {dag.py:3096} INFO - Sync 1 DAGs
[2026-05-12T08:35:46.345+0000] {logging_mixin.py:188} INFO - [2026-05-12T08:35:46.345+0000] {dag.py:3954} INFO - Setting next_dagrun for stackoverflow_medallion_pipeline to 2026-05-12 00:00:00+00:00, run_after=2026-05-13 00:00:00+00:00
[2026-05-12T08:35:46.384+0000] {processor.py:183} INFO - Processing /opt/airflow/dags/stackoverflow_migration_dag.py took 0.204 seconds
[2026-05-12T08:36:16.472+0000] {processor.py:161} INFO - Started process (PID=1529) to work on /opt/airflow/dags/stackoverflow_migration_dag.py
[2026-05-12T08:36:16.473+0000] {processor.py:830} INFO - Processing file /opt/airflow/dags/stackoverflow_migration_dag.py for tasks to queue
[2026-05-12T08:36:16.477+0000] {logging_mixin.py:188} INFO - [2026-05-12T08:36:16.476+0000] {dagbag.py:545} INFO - Filling up the DagBag from /opt/airflow/dags/stackoverflow_migration_dag.py
[2026-05-12T08:36:16.515+0000] {processor.py:840} INFO - DAG(s) 'stackoverflow_medallion_pipeline' retrieved from /opt/airflow/dags/stackoverflow_migration_dag.py
[2026-05-12T08:36:16.598+0000] {logging_mixin.py:188} INFO - [2026-05-12T08:36:16.598+0000] {dag.py:3096} INFO - Sync 1 DAGs
[2026-05-12T08:36:16.648+0000] {logging_mixin.py:188} INFO - [2026-05-12T08:36:16.648+0000] {dag.py:3954} INFO - Setting next_dagrun for stackoverflow_medallion_pipeline to 2026-05-12 00:00:00+00:00, run_after=2026-05-13 00:00:00+00:00
[2026-05-12T08:36:16.687+0000] {processor.py:183} INFO - Processing /opt/airflow/dags/stackoverflow_migration_dag.py took 0.223 seconds
[2026-05-12T08:36:46.974+0000] {processor.py:161} INFO - Started process (PID=1534) to work on /opt/airflow/dags/stackoverflow_migration_dag.py
[2026-05-12T08:36:46.975+0000] {processor.py:830} INFO - Processing file /opt/airflow/dags/stackoverflow_migration_dag.py for tasks to queue
[2026-05-12T08:36:46.978+0000] {logging_mixin.py:188} INFO - [2026-05-12T08:36:46.977+0000] {dagbag.py:545} INFO - Filling up the DagBag from /opt/airflow/dags/stackoverflow_migration_dag.py
[2026-05-12T08:36:47.017+0000] {processor.py:840} INFO - DAG(s) 'stackoverflow_medallion_pipeline' retrieved from /opt/airflow/dags/stackoverflow_migration_dag.py
[2026-05-12T08:36:47.088+0000] {logging_mixin.py:188} INFO - [2026-05-12T08:36:47.088+0000] {dag.py:3096} INFO - Sync 1 DAGs
[2026-05-12T08:36:47.136+0000] {logging_mixin.py:188} INFO - [2026-05-12T08:36:47.136+0000] {dag.py:3954} INFO - Setting next_dagrun for stackoverflow_medallion_pipeline to 2026-05-12 00:00:00+00:00, run_after=2026-05-13 00:00:00+00:00
[2026-05-12T08:36:47.176+0000] {processor.py:183} INFO - Processing /opt/airflow/dags/stackoverflow_migration_dag.py took 0.209 seconds
[2026-05-12T08:37:17.284+0000] {processor.py:161} INFO - Started process (PID=1539) to work on /opt/airflow/dags/stackoverflow_migration_dag.py
[2026-05-12T08:37:17.285+0000] {processor.py:830} INFO - Processing file /opt/airflow/dags/stackoverflow_migration_dag.py for tasks to queue
[2026-05-12T08:37:17.288+0000] {logging_mixin.py:188} INFO - [2026-05-12T08:37:17.287+0000] {dagbag.py:545} INFO - Filling up the DagBag from /opt/airflow/dags/stackoverflow_migration_dag.py
[2026-05-12T08:37:17.321+0000] {processor.py:840} INFO - DAG(s) 'stackoverflow_medallion_pipeline' retrieved from /opt/airflow/dags/stackoverflow_migration_dag.py
[2026-05-12T08:37:17.393+0000] {logging_mixin.py:188} INFO - [2026-05-12T08:37:17.393+0000] {dag.py:3096} INFO - Sync 1 DAGs
[2026-05-12T08:37:17.443+0000] {logging_mixin.py:188} INFO - [2026-05-12T08:37:17.443+0000] {dag.py:3954} INFO - Setting next_dagrun for stackoverflow_medallion_pipeline to 2026-05-12 00:00:00+00:00, run_after=2026-05-13 00:00:00+00:00
[2026-05-12T08:37:17.482+0000] {processor.py:183} INFO - Processing /opt/airflow/dags/stackoverflow_migration_dag.py took 0.207 seconds
[2026-05-12T08:37:47.656+0000] {processor.py:161} INFO - Started process (PID=1544) to work on /opt/airflow/dags/stackoverflow_migration_dag.py
[2026-05-12T08:37:47.657+0000] {processor.py:830} INFO - Processing file /opt/airflow/dags/stackoverflow_migration_dag.py for tasks to queue
[2026-05-12T08:37:47.661+0000] {logging_mixin.py:188} INFO - [2026-05-12T08:37:47.660+0000] {dagbag.py:545} INFO - Filling up the DagBag from /opt/airflow/dags/stackoverflow_migration_dag.py
[2026-05-12T08:37:47.700+0000] {processor.py:840} INFO - DAG(s) 'stackoverflow_medallion_pipeline' retrieved from /opt/airflow/dags/stackoverflow_migration_dag.py
[2026-05-12T08:37:47.780+0000] {logging_mixin.py:188} INFO - [2026-05-12T08:37:47.779+0000] {dag.py:3096} INFO - Sync 1 DAGs
[2026-05-12T08:37:47.831+0000] {logging_mixin.py:188} INFO - [2026-05-12T08:37:47.831+0000] {dag.py:3954} INFO - Setting next_dagrun for stackoverflow_medallion_pipeline to 2026-05-12 00:00:00+00:00, run_after=2026-05-13 00:00:00+00:00
[2026-05-12T08:37:47.875+0000] {processor.py:183} INFO - Processing /opt/airflow/dags/stackoverflow_migration_dag.py took 0.228 seconds
[2026-05-12T08:38:18.005+0000] {processor.py:161} INFO - Started process (PID=1549) to work on /opt/airflow/dags/stackoverflow_migration_dag.py
[2026-05-12T08:38:18.007+0000] {processor.py:830} INFO - Processing file /opt/airflow/dags/stackoverflow_migration_dag.py for tasks to queue
[2026-05-12T08:38:18.009+0000] {logging_mixin.py:188} INFO - [2026-05-12T08:38:18.009+0000] {dagbag.py:545} INFO - Filling up the DagBag from /opt/airflow/dags/stackoverflow_migration_dag.py
[2026-05-12T08:38:18.042+0000] {processor.py:840} INFO - DAG(s) 'stackoverflow_medallion_pipeline' retrieved from /opt/airflow/dags/stackoverflow_migration_dag.py
[2026-05-12T08:38:18.110+0000] {logging_mixin.py:188} INFO - [2026-05-12T08:38:18.110+0000] {dag.py:3096} INFO - Sync 1 DAGs
[2026-05-12T08:38:18.157+0000] {logging_mixin.py:188} INFO - [2026-05-12T08:38:18.156+0000] {dag.py:3954} INFO - Setting next_dagrun for stackoverflow_medallion_pipeline to 2026-05-12 00:00:00+00:00, run_after=2026-05-13 00:00:00+00:00
[2026-05-12T08:38:18.200+0000] {processor.py:183} INFO - Processing /opt/airflow/dags/stackoverflow_migration_dag.py took 0.202 seconds
[2026-05-12T08:38:48.500+0000] {processor.py:161} INFO - Started process (PID=1554) to work on /opt/airflow/dags/stackoverflow_migration_dag.py
[2026-05-12T08:38:48.501+0000] {processor.py:830} INFO - Processing file /opt/airflow/dags/stackoverflow_migration_dag.py for tasks to queue
[2026-05-12T08:38:48.504+0000] {logging_mixin.py:188} INFO - [2026-05-12T08:38:48.503+0000] {dagbag.py:545} INFO - Filling up the DagBag from /opt/airflow/dags/stackoverflow_migration_dag.py
[2026-05-12T08:38:48.538+0000] {processor.py:840} INFO - DAG(s) 'stackoverflow_medallion_pipeline' retrieved from /opt/airflow/dags/stackoverflow_migration_dag.py
[2026-05-12T08:38:48.614+0000] {logging_mixin.py:188} INFO - [2026-05-12T08:38:48.613+0000] {dag.py:3096} INFO - Sync 1 DAGs
[2026-05-12T08:38:48.663+0000] {logging_mixin.py:188} INFO - [2026-05-12T08:38:48.663+0000] {dag.py:3954} INFO - Setting next_dagrun for stackoverflow_medallion_pipeline to 2026-05-12 00:00:00+00:00, run_after=2026-05-13 00:00:00+00:00
[2026-05-12T08:38:48.705+0000] {processor.py:183} INFO - Processing /opt/airflow/dags/stackoverflow_migration_dag.py took 0.212 seconds
[2026-05-12T08:39:19.033+0000] {processor.py:161} INFO - Started process (PID=1559) to work on /opt/airflow/dags/stackoverflow_migration_dag.py
[2026-05-12T08:39:19.035+0000] {processor.py:830} INFO - Processing file /opt/airflow/dags/stackoverflow_migration_dag.py for tasks to queue
[2026-05-12T08:39:19.037+0000] {logging_mixin.py:188} INFO - [2026-05-12T08:39:19.037+0000] {dagbag.py:545} INFO - Filling up the DagBag from /opt/airflow/dags/stackoverflow_migration_dag.py
[2026-05-12T08:39:19.069+0000] {processor.py:840} INFO - DAG(s) 'stackoverflow_medallion_pipeline' retrieved from /opt/airflow/dags/stackoverflow_migration_dag.py
[2026-05-12T08:39:19.138+0000] {logging_mixin.py:188} INFO - [2026-05-12T08:39:19.138+0000] {dag.py:3096} INFO - Sync 1 DAGs
[2026-05-12T08:39:19.184+0000] {logging_mixin.py:188} INFO - [2026-05-12T08:39:19.183+0000] {dag.py:3954} INFO - Setting next_dagrun for stackoverflow_medallion_pipeline to 2026-05-12 00:00:00+00:00, run_after=2026-05-13 00:00:00+00:00
[2026-05-12T08:39:19.223+0000] {processor.py:183} INFO - Processing /opt/airflow/dags/stackoverflow_migration_dag.py took 0.197 seconds
[2026-05-12T08:39:49.329+0000] {processor.py:161} INFO - Started process (PID=1564) to work on /opt/airflow/dags/stackoverflow_migration_dag.py
[2026-05-12T08:39:49.331+0000] {processor.py:830} INFO - Processing file /opt/airflow/dags/stackoverflow_migration_dag.py for tasks to queue
[2026-05-12T08:39:49.333+0000] {logging_mixin.py:188} INFO - [2026-05-12T08:39:49.333+0000] {dagbag.py:545} INFO - Filling up the DagBag from /opt/airflow/dags/stackoverflow_migration_dag.py
[2026-05-12T08:39:49.368+0000] {processor.py:840} INFO - DAG(s) 'stackoverflow_medallion_pipeline' retrieved from /opt/airflow/dags/stackoverflow_migration_dag.py
[2026-05-12T08:39:49.440+0000] {logging_mixin.py:188} INFO - [2026-05-12T08:39:49.440+0000] {dag.py:3096} INFO - Sync 1 DAGs
[2026-05-12T08:39:49.488+0000] {logging_mixin.py:188} INFO - [2026-05-12T08:39:49.487+0000] {dag.py:3954} INFO - Setting next_dagrun for stackoverflow_medallion_pipeline to 2026-05-12 00:00:00+00:00, run_after=2026-05-13 00:00:00+00:00
[2026-05-12T08:39:49.528+0000] {processor.py:183} INFO - Processing /opt/airflow/dags/stackoverflow_migration_dag.py took 0.206 seconds
[2026-05-12T08:40:19.822+0000] {processor.py:161} INFO - Started process (PID=1569) to work on /opt/airflow/dags/stackoverflow_migration_dag.py
[2026-05-12T08:40:19.824+0000] {processor.py:830} INFO - Processing file /opt/airflow/dags/stackoverflow_migration_dag.py for tasks to queue
[2026-05-12T08:40:19.827+0000] {logging_mixin.py:188} INFO - [2026-05-12T08:40:19.826+0000] {dagbag.py:545} INFO - Filling up the DagBag from /opt/airflow/dags/stackoverflow_migration_dag.py
[2026-05-12T08:40:19.864+0000] {processor.py:840} INFO - DAG(s) 'stackoverflow_medallion_pipeline' retrieved from /opt/airflow/dags/stackoverflow_migration_dag.py
[2026-05-12T08:40:19.930+0000] {logging_mixin.py:188} INFO - [2026-05-12T08:40:19.930+0000] {dag.py:3096} INFO - Sync 1 DAGs
[2026-05-12T08:40:19.979+0000] {logging_mixin.py:188} INFO - [2026-05-12T08:40:19.979+0000] {dag.py:3954} INFO - Setting next_dagrun for stackoverflow_medallion_pipeline to 2026-05-12 00:00:00+00:00, run_after=2026-05-13 00:00:00+00:00
[2026-05-12T08:40:20.020+0000] {processor.py:183} INFO - Processing /opt/airflow/dags/stackoverflow_migration_dag.py took 0.205 seconds
[2026-05-12T08:40:50.159+0000] {processor.py:161} INFO - Started process (PID=1574) to work on /opt/airflow/dags/stackoverflow_migration_dag.py
[2026-05-12T08:40:50.160+0000] {processor.py:830} INFO - Processing file /opt/airflow/dags/stackoverflow_migration_dag.py for tasks to queue
[2026-05-12T08:40:50.163+0000] {logging_mixin.py:188} INFO - [2026-05-12T08:40:50.163+0000] {dagbag.py:545} INFO - Filling up the DagBag from /opt/airflow/dags/stackoverflow_migration_dag.py
[2026-05-12T08:40:50.203+0000] {processor.py:840} INFO - DAG(s) 'stackoverflow_medallion_pipeline' retrieved from /opt/airflow/dags/stackoverflow_migration_dag.py
[2026-05-12T08:40:50.268+0000] {logging_mixin.py:188} INFO - [2026-05-12T08:40:50.268+0000] {dag.py:3096} INFO - Sync 1 DAGs
[2026-05-12T08:40:50.315+0000] {logging_mixin.py:188} INFO - [2026-05-12T08:40:50.315+0000] {dag.py:3954} INFO - Setting next_dagrun for stackoverflow_medallion_pipeline to 2026-05-12 00:00:00+00:00, run_after=2026-05-13 00:00:00+00:00
[2026-05-12T08:40:50.354+0000] {processor.py:183} INFO - Processing /opt/airflow/dags/stackoverflow_migration_dag.py took 0.205 seconds
[2026-05-12T08:41:20.696+0000] {processor.py:161} INFO - Started process (PID=1579) to work on /opt/airflow/dags/stackoverflow_migration_dag.py
[2026-05-12T08:41:20.697+0000] {processor.py:830} INFO - Processing file /opt/airflow/dags/stackoverflow_migration_dag.py for tasks to queue
[2026-05-12T08:41:20.700+0000] {logging_mixin.py:188} INFO - [2026-05-12T08:41:20.700+0000] {dagbag.py:545} INFO - Filling up the DagBag from /opt/airflow/dags/stackoverflow_migration_dag.py
[2026-05-12T08:41:20.735+0000] {processor.py:840} INFO - DAG(s) 'stackoverflow_medallion_pipeline' retrieved from /opt/airflow/dags/stackoverflow_migration_dag.py
[2026-05-12T08:41:20.802+0000] {logging_mixin.py:188} INFO - [2026-05-12T08:41:20.802+0000] {dag.py:3096} INFO - Sync 1 DAGs
[2026-05-12T08:41:20.847+0000] {logging_mixin.py:188} INFO - [2026-05-12T08:41:20.847+0000] {dag.py:3954} INFO - Setting next_dagrun for stackoverflow_medallion_pipeline to 2026-05-12 00:00:00+00:00, run_after=2026-05-13 00:00:00+00:00
[2026-05-12T08:41:20.884+0000] {processor.py:183} INFO - Processing /opt/airflow/dags/stackoverflow_migration_dag.py took 0.195 seconds
[2026-05-12T08:41:51.008+0000] {processor.py:161} INFO - Started process (PID=1584) to work on /opt/airflow/dags/stackoverflow_migration_dag.py
[2026-05-12T08:41:51.010+0000] {processor.py:830} INFO - Processing file /opt/airflow/dags/stackoverflow_migration_dag.py for tasks to queue
[2026-05-12T08:41:51.012+0000] {logging_mixin.py:188} INFO - [2026-05-12T08:41:51.012+0000] {dagbag.py:545} INFO - Filling up the DagBag from /opt/airflow/dags/stackoverflow_migration_dag.py
[2026-05-12T08:41:51.048+0000] {processor.py:840} INFO - DAG(s) 'stackoverflow_medallion_pipeline' retrieved from /opt/airflow/dags/stackoverflow_migration_dag.py
[2026-05-12T08:41:51.115+0000] {logging_mixin.py:188} INFO - [2026-05-12T08:41:51.115+0000] {dag.py:3096} INFO - Sync 1 DAGs
[2026-05-12T08:41:51.159+0000] {logging_mixin.py:188} INFO - [2026-05-12T08:41:51.159+0000] {dag.py:3954} INFO - Setting next_dagrun for stackoverflow_medallion_pipeline to 2026-05-12 00:00:00+00:00, run_after=2026-05-13 00:00:00+00:00
[2026-05-12T08:41:51.196+0000] {processor.py:183} INFO - Processing /opt/airflow/dags/stackoverflow_migration_dag.py took 0.194 seconds
[2026-05-12T08:42:21.465+0000] {processor.py:161} INFO - Started process (PID=1589) to work on /opt/airflow/dags/stackoverflow_migration_dag.py
[2026-05-12T08:42:21.466+0000] {processor.py:830} INFO - Processing file /opt/airflow/dags/stackoverflow_migration_dag.py for tasks to queue
[2026-05-12T08:42:21.469+0000] {logging_mixin.py:188} INFO - [2026-05-12T08:42:21.469+0000] {dagbag.py:545} INFO - Filling up the DagBag from /opt/airflow/dags/stackoverflow_migration_dag.py
[2026-05-12T08:42:21.508+0000] {processor.py:840} INFO - DAG(s) 'stackoverflow_medallion_pipeline' retrieved from /opt/airflow/dags/stackoverflow_migration_dag.py
[2026-05-12T08:42:21.573+0000] {logging_mixin.py:188} INFO - [2026-05-12T08:42:21.573+0000] {dag.py:3096} INFO - Sync 1 DAGs
[2026-05-12T08:42:21.624+0000] {logging_mixin.py:188} INFO - [2026-05-12T08:42:21.624+0000] {dag.py:3954} INFO - Setting next_dagrun for stackoverflow_medallion_pipeline to 2026-05-12 00:00:00+00:00, run_after=2026-05-13 00:00:00+00:00
[2026-05-12T08:42:21.664+0000] {processor.py:183} INFO - Processing /opt/airflow/dags/stackoverflow_migration_dag.py took 0.207 seconds
[2026-05-12T08:42:51.736+0000] {processor.py:161} INFO - Started process (PID=1594) to work on /opt/airflow/dags/stackoverflow_migration_dag.py
[2026-05-12T08:42:51.737+0000] {processor.py:830} INFO - Processing file /opt/airflow/dags/stackoverflow_migration_dag.py for tasks to queue
[2026-05-12T08:42:51.740+0000] {logging_mixin.py:188} INFO - [2026-05-12T08:42:51.739+0000] {dagbag.py:545} INFO - Filling up the DagBag from /opt/airflow/dags/stackoverflow_migration_dag.py
[2026-05-12T08:42:51.778+0000] {processor.py:840} INFO - DAG(s) 'stackoverflow_medallion_pipeline' retrieved from /opt/airflow/dags/stackoverflow_migration_dag.py
[2026-05-12T08:42:51.847+0000] {logging_mixin.py:188} INFO - [2026-05-12T08:42:51.847+0000] {dag.py:3096} INFO - Sync 1 DAGs
[2026-05-12T08:42:51.897+0000] {logging_mixin.py:188} INFO - [2026-05-12T08:42:51.897+0000] {dag.py:3954} INFO - Setting next_dagrun for stackoverflow_medallion_pipeline to 2026-05-12 00:00:00+00:00, run_after=2026-05-13 00:00:00+00:00
[2026-05-12T08:42:51.940+0000] {processor.py:183} INFO - Processing /opt/airflow/dags/stackoverflow_migration_dag.py took 0.211 seconds
[2026-05-12T08:43:22.251+0000] {processor.py:161} INFO - Started process (PID=1599) to work on /opt/airflow/dags/stackoverflow_migration_dag.py
[2026-05-12T08:43:22.253+0000] {processor.py:830} INFO - Processing file /opt/airflow/dags/stackoverflow_migration_dag.py for tasks to queue
[2026-05-12T08:43:22.256+0000] {logging_mixin.py:188} INFO - [2026-05-12T08:43:22.255+0000] {dagbag.py:545} INFO - Filling up the DagBag from /opt/airflow/dags/stackoverflow_migration_dag.py
[2026-05-12T08:43:22.293+0000] {processor.py:840} INFO - DAG(s) 'stackoverflow_medallion_pipeline' retrieved from /opt/airflow/dags/stackoverflow_migration_dag.py
[2026-05-12T08:43:22.360+0000] {logging_mixin.py:188} INFO - [2026-05-12T08:43:22.360+0000] {dag.py:3096} INFO - Sync 1 DAGs
[2026-05-12T08:43:22.438+0000] {logging_mixin.py:188} INFO - [2026-05-12T08:43:22.438+0000] {dag.py:3954} INFO - Setting next_dagrun for stackoverflow_medallion_pipeline to 2026-05-12 00:00:00+00:00, run_after=2026-05-13 00:00:00+00:00
[2026-05-12T08:43:22.477+0000] {processor.py:183} INFO - Processing /opt/airflow/dags/stackoverflow_migration_dag.py took 0.234 seconds
[2026-05-12T08:43:52.579+0000] {processor.py:161} INFO - Started process (PID=1604) to work on /opt/airflow/dags/stackoverflow_migration_dag.py
[2026-05-12T08:43:52.581+0000] {processor.py:830} INFO - Processing file /opt/airflow/dags/stackoverflow_migration_dag.py for tasks to queue
[2026-05-12T08:43:52.583+0000] {logging_mixin.py:188} INFO - [2026-05-12T08:43:52.583+0000] {dagbag.py:545} INFO - Filling up the DagBag from /opt/airflow/dags/stackoverflow_migration_dag.py
[2026-05-12T08:43:52.615+0000] {processor.py:840} INFO - DAG(s) 'stackoverflow_medallion_pipeline' retrieved from /opt/airflow/dags/stackoverflow_migration_dag.py
[2026-05-12T08:43:52.679+0000] {logging_mixin.py:188} INFO - [2026-05-12T08:43:52.679+0000] {dag.py:3096} INFO - Sync 1 DAGs
[2026-05-12T08:43:52.726+0000] {logging_mixin.py:188} INFO - [2026-05-12T08:43:52.726+0000] {dag.py:3954} INFO - Setting next_dagrun for stackoverflow_medallion_pipeline to 2026-05-12 00:00:00+00:00, run_after=2026-05-13 00:00:00+00:00
[2026-05-12T08:43:52.763+0000] {processor.py:183} INFO - Processing /opt/airflow/dags/stackoverflow_migration_dag.py took 0.190 seconds
[2026-05-12T08:44:23.057+0000] {processor.py:161} INFO - Started process (PID=1609) to work on /opt/airflow/dags/stackoverflow_migration_dag.py
[2026-05-12T08:44:23.059+0000] {processor.py:830} INFO - Processing file /opt/airflow/dags/stackoverflow_migration_dag.py for tasks to queue
[2026-05-12T08:44:23.062+0000] {logging_mixin.py:188} INFO - [2026-05-12T08:44:23.061+0000] {dagbag.py:545} INFO - Filling up the DagBag from /opt/airflow/dags/stackoverflow_migration_dag.py
[2026-05-12T08:44:23.094+0000] {processor.py:840} INFO - DAG(s) 'stackoverflow_medallion_pipeline' retrieved from /opt/airflow/dags/stackoverflow_migration_dag.py
[2026-05-12T08:44:23.161+0000] {logging_mixin.py:188} INFO - [2026-05-12T08:44:23.160+0000] {dag.py:3096} INFO - Sync 1 DAGs
[2026-05-12T08:44:23.209+0000] {logging_mixin.py:188} INFO - [2026-05-12T08:44:23.209+0000] {dag.py:3954} INFO - Setting next_dagrun for stackoverflow_medallion_pipeline to 2026-05-12 00:00:00+00:00, run_after=2026-05-13 00:00:00+00:00
[2026-05-12T08:44:23.250+0000] {processor.py:183} INFO - Processing /opt/airflow/dags/stackoverflow_migration_dag.py took 0.200 seconds
[2026-05-12T08:44:53.334+0000] {processor.py:161} INFO - Started process (PID=1614) to work on /opt/airflow/dags/stackoverflow_migration_dag.py
[2026-05-12T08:44:53.336+0000] {processor.py:830} INFO - Processing file /opt/airflow/dags/stackoverflow_migration_dag.py for tasks to queue
[2026-05-12T08:44:53.338+0000] {logging_mixin.py:188} INFO - [2026-05-12T08:44:53.338+0000] {dagbag.py:545} INFO - Filling up the DagBag from /opt/airflow/dags/stackoverflow_migration_dag.py
[2026-05-12T08:44:53.371+0000] {processor.py:840} INFO - DAG(s) 'stackoverflow_medallion_pipeline' retrieved from /opt/airflow/dags/stackoverflow_migration_dag.py
[2026-05-12T08:44:53.435+0000] {logging_mixin.py:188} INFO - [2026-05-12T08:44:53.435+0000] {dag.py:3096} INFO - Sync 1 DAGs
[2026-05-12T08:44:53.482+0000] {logging_mixin.py:188} INFO - [2026-05-12T08:44:53.481+0000] {dag.py:3954} INFO - Setting next_dagrun for stackoverflow_medallion_pipeline to 2026-05-12 00:00:00+00:00, run_after=2026-05-13 00:00:00+00:00
[2026-05-12T08:44:53.521+0000] {processor.py:183} INFO - Processing /opt/airflow/dags/stackoverflow_migration_dag.py took 0.197 seconds
[2026-05-12T08:45:23.832+0000] {processor.py:161} INFO - Started process (PID=1619) to work on /opt/airflow/dags/stackoverflow_migration_dag.py
[2026-05-12T08:45:23.834+0000] {processor.py:830} INFO - Processing file /opt/airflow/dags/stackoverflow_migration_dag.py for tasks to queue
[2026-05-12T08:45:23.836+0000] {logging_mixin.py:188} INFO - [2026-05-12T08:45:23.836+0000] {dagbag.py:545} INFO - Filling up the DagBag from /opt/airflow/dags/stackoverflow_migration_dag.py
[2026-05-12T08:45:23.869+0000] {processor.py:840} INFO - DAG(s) 'stackoverflow_medallion_pipeline' retrieved from /opt/airflow/dags/stackoverflow_migration_dag.py
[2026-05-12T08:45:23.936+0000] {logging_mixin.py:188} INFO - [2026-05-12T08:45:23.936+0000] {dag.py:3096} INFO - Sync 1 DAGs
[2026-05-12T08:45:23.983+0000] {logging_mixin.py:188} INFO - [2026-05-12T08:45:23.982+0000] {dag.py:3954} INFO - Setting next_dagrun for stackoverflow_medallion_pipeline to 2026-05-12 00:00:00+00:00, run_after=2026-05-13 00:00:00+00:00
[2026-05-12T08:45:24.022+0000] {processor.py:183} INFO - Processing /opt/airflow/dags/stackoverflow_migration_dag.py took 0.197 seconds
[2026-05-12T08:45:54.132+0000] {processor.py:161} INFO - Started process (PID=1624) to work on /opt/airflow/dags/stackoverflow_migration_dag.py
[2026-05-12T08:45:54.134+0000] {processor.py:830} INFO - Processing file /opt/airflow/dags/stackoverflow_migration_dag.py for tasks to queue
[2026-05-12T08:45:54.137+0000] {logging_mixin.py:188} INFO - [2026-05-12T08:45:54.136+0000] {dagbag.py:545} INFO - Filling up the DagBag from /opt/airflow/dags/stackoverflow_migration_dag.py
[2026-05-12T08:45:54.170+0000] {processor.py:840} INFO - DAG(s) 'stackoverflow_medallion_pipeline' retrieved from /opt/airflow/dags/stackoverflow_migration_dag.py
[2026-05-12T08:45:54.245+0000] {logging_mixin.py:188} INFO - [2026-05-12T08:45:54.244+0000] {dag.py:3096} INFO - Sync 1 DAGs
[2026-05-12T08:45:54.294+0000] {logging_mixin.py:188} INFO - [2026-05-12T08:45:54.293+0000] {dag.py:3954} INFO - Setting next_dagrun for stackoverflow_medallion_pipeline to 2026-05-12 00:00:00+00:00, run_after=2026-05-13 00:00:00+00:00
[2026-05-12T08:45:54.337+0000] {processor.py:183} INFO - Processing /opt/airflow/dags/stackoverflow_migration_dag.py took 0.212 seconds
[2026-05-12T08:46:24.617+0000] {processor.py:161} INFO - Started process (PID=1629) to work on /opt/airflow/dags/stackoverflow_migration_dag.py
[2026-05-12T08:46:24.618+0000] {processor.py:830} INFO - Processing file /opt/airflow/dags/stackoverflow_migration_dag.py for tasks to queue
[2026-05-12T08:46:24.621+0000] {logging_mixin.py:188} INFO - [2026-05-12T08:46:24.620+0000] {dagbag.py:545} INFO - Filling up the DagBag from /opt/airflow/dags/stackoverflow_migration_dag.py
[2026-05-12T08:46:24.655+0000] {processor.py:840} INFO - DAG(s) 'stackoverflow_medallion_pipeline' retrieved from /opt/airflow/dags/stackoverflow_migration_dag.py
[2026-05-12T08:46:24.720+0000] {logging_mixin.py:188} INFO - [2026-05-12T08:46:24.720+0000] {dag.py:3096} INFO - Sync 1 DAGs
[2026-05-12T08:46:24.770+0000] {logging_mixin.py:188} INFO - [2026-05-12T08:46:24.770+0000] {dag.py:3954} INFO - Setting next_dagrun for stackoverflow_medallion_pipeline to 2026-05-12 00:00:00+00:00, run_after=2026-05-13 00:00:00+00:00
[2026-05-12T08:46:24.812+0000] {processor.py:183} INFO - Processing /opt/airflow/dags/stackoverflow_migration_dag.py took 0.202 seconds
[2026-05-12T08:46:54.965+0000] {processor.py:161} INFO - Started process (PID=1634) to work on /opt/airflow/dags/stackoverflow_migration_dag.py
[2026-05-12T08:46:54.966+0000] {processor.py:830} INFO - Processing file /opt/airflow/dags/stackoverflow_migration_dag.py for tasks to queue
[2026-05-12T08:46:54.969+0000] {logging_mixin.py:188} INFO - [2026-05-12T08:46:54.968+0000] {dagbag.py:545} INFO - Filling up the DagBag from /opt/airflow/dags/stackoverflow_migration_dag.py
[2026-05-12T08:46:55.004+0000] {processor.py:840} INFO - DAG(s) 'stackoverflow_medallion_pipeline' retrieved from /opt/airflow/dags/stackoverflow_migration_dag.py
[2026-05-12T08:46:55.078+0000] {logging_mixin.py:188} INFO - [2026-05-12T08:46:55.077+0000] {dag.py:3096} INFO - Sync 1 DAGs
[2026-05-12T08:46:55.126+0000] {logging_mixin.py:188} INFO - [2026-05-12T08:46:55.126+0000] {dag.py:3954} INFO - Setting next_dagrun for stackoverflow_medallion_pipeline to 2026-05-12 00:00:00+00:00, run_after=2026-05-13 00:00:00+00:00
[2026-05-12T08:46:55.165+0000] {processor.py:183} INFO - Processing /opt/airflow/dags/stackoverflow_migration_dag.py took 0.207 seconds
[2026-05-12T08:47:25.383+0000] {processor.py:161} INFO - Started process (PID=1639) to work on /opt/airflow/dags/stackoverflow_migration_dag.py
[2026-05-12T08:47:25.385+0000] {processor.py:830} INFO - Processing file /opt/airflow/dags/stackoverflow_migration_dag.py for tasks to queue
[2026-05-12T08:47:25.387+0000] {logging_mixin.py:188} INFO - [2026-05-12T08:47:25.387+0000] {dagbag.py:545} INFO - Filling up the DagBag from /opt/airflow/dags/stackoverflow_migration_dag.py
[2026-05-12T08:47:25.421+0000] {processor.py:840} INFO - DAG(s) 'stackoverflow_medallion_pipeline' retrieved from /opt/airflow/dags/stackoverflow_migration_dag.py
[2026-05-12T08:47:25.489+0000] {logging_mixin.py:188} INFO - [2026-05-12T08:47:25.488+0000] {dag.py:3096} INFO - Sync 1 DAGs
[2026-05-12T08:47:25.539+0000] {logging_mixin.py:188} INFO - [2026-05-12T08:47:25.538+0000] {dag.py:3954} INFO - Setting next_dagrun for stackoverflow_medallion_pipeline to 2026-05-12 00:00:00+00:00, run_after=2026-05-13 00:00:00+00:00
[2026-05-12T08:47:25.581+0000] {processor.py:183} INFO - Processing /opt/airflow/dags/stackoverflow_migration_dag.py took 0.205 seconds
[2026-05-12T08:47:55.807+0000] {processor.py:161} INFO - Started process (PID=1644) to work on /opt/airflow/dags/stackoverflow_migration_dag.py
[2026-05-12T08:47:55.808+0000] {processor.py:830} INFO - Processing file /opt/airflow/dags/stackoverflow_migration_dag.py for tasks to queue
[2026-05-12T08:47:55.810+0000] {logging_mixin.py:188} INFO - [2026-05-12T08:47:55.810+0000] {dagbag.py:545} INFO - Filling up the DagBag from /opt/airflow/dags/stackoverflow_migration_dag.py
[2026-05-12T08:47:55.840+0000] {processor.py:840} INFO - DAG(s) 'stackoverflow_medallion_pipeline' retrieved from /opt/airflow/dags/stackoverflow_migration_dag.py
[2026-05-12T08:47:55.911+0000] {logging_mixin.py:188} INFO - [2026-05-12T08:47:55.910+0000] {dag.py:3096} INFO - Sync 1 DAGs
[2026-05-12T08:47:55.957+0000] {logging_mixin.py:188} INFO - [2026-05-12T08:47:55.956+0000] {dag.py:3954} INFO - Setting next_dagrun for stackoverflow_medallion_pipeline to 2026-05-12 00:00:00+00:00, run_after=2026-05-13 00:00:00+00:00
[2026-05-12T08:47:55.995+0000] {processor.py:183} INFO - Processing /opt/airflow/dags/stackoverflow_migration_dag.py took 0.195 seconds
[2026-05-12T08:48:26.162+0000] {processor.py:161} INFO - Started process (PID=1649) to work on /opt/airflow/dags/stackoverflow_migration_dag.py
[2026-05-12T08:48:26.163+0000] {processor.py:830} INFO - Processing file /opt/airflow/dags/stackoverflow_migration_dag.py for tasks to queue
[2026-05-12T08:48:26.166+0000] {logging_mixin.py:188} INFO - [2026-05-12T08:48:26.165+0000] {dagbag.py:545} INFO - Filling up the DagBag from /opt/airflow/dags/stackoverflow_migration_dag.py
[2026-05-12T08:48:26.202+0000] {processor.py:840} INFO - DAG(s) 'stackoverflow_medallion_pipeline' retrieved from /opt/airflow/dags/stackoverflow_migration_dag.py
[2026-05-12T08:48:26.267+0000] {logging_mixin.py:188} INFO - [2026-05-12T08:48:26.267+0000] {dag.py:3096} INFO - Sync 1 DAGs
[2026-05-12T08:48:26.314+0000] {logging_mixin.py:188} INFO - [2026-05-12T08:48:26.314+0000] {dag.py:3954} INFO - Setting next_dagrun for stackoverflow_medallion_pipeline to 2026-05-12 00:00:00+00:00, run_after=2026-05-13 00:00:00+00:00
[2026-05-12T08:48:26.356+0000] {processor.py:183} INFO - Processing /opt/airflow/dags/stackoverflow_migration_dag.py took 0.201 seconds
[2026-05-12T08:48:56.453+0000] {processor.py:161} INFO - Started process (PID=1654) to work on /opt/airflow/dags/stackoverflow_migration_dag.py
[2026-05-12T08:48:56.454+0000] {processor.py:830} INFO - Processing file /opt/airflow/dags/stackoverflow_migration_dag.py for tasks to queue
[2026-05-12T08:48:56.457+0000] {logging_mixin.py:188} INFO - [2026-05-12T08:48:56.456+0000] {dagbag.py:545} INFO - Filling up the DagBag from /opt/airflow/dags/stackoverflow_migration_dag.py
[2026-05-12T08:48:56.491+0000] {processor.py:840} INFO - DAG(s) 'stackoverflow_medallion_pipeline' retrieved from /opt/airflow/dags/stackoverflow_migration_dag.py
[2026-05-12T08:48:56.559+0000] {logging_mixin.py:188} INFO - [2026-05-12T08:48:56.559+0000] {dag.py:3096} INFO - Sync 1 DAGs
[2026-05-12T08:48:56.611+0000] {logging_mixin.py:188} INFO - [2026-05-12T08:48:56.611+0000] {dag.py:3954} INFO - Setting next_dagrun for stackoverflow_medallion_pipeline to 2026-05-12 00:00:00+00:00, run_after=2026-05-13 00:00:00+00:00
[2026-05-12T08:48:56.651+0000] {processor.py:183} INFO - Processing /opt/airflow/dags/stackoverflow_migration_dag.py took 0.205 seconds
[2026-05-12T08:49:26.863+0000] {processor.py:161} INFO - Started process (PID=1659) to work on /opt/airflow/dags/stackoverflow_migration_dag.py
[2026-05-12T08:49:26.865+0000] {processor.py:830} INFO - Processing file /opt/airflow/dags/stackoverflow_migration_dag.py for tasks to queue
[2026-05-12T08:49:26.867+0000] {logging_mixin.py:188} INFO - [2026-05-12T08:49:26.866+0000] {dagbag.py:545} INFO - Filling up the DagBag from /opt/airflow/dags/stackoverflow_migration_dag.py
[2026-05-12T08:49:26.896+0000] {processor.py:840} INFO - DAG(s) 'stackoverflow_medallion_pipeline' retrieved from /opt/airflow/dags/stackoverflow_migration_dag.py
[2026-05-12T08:49:26.963+0000] {logging_mixin.py:188} INFO - [2026-05-12T08:49:26.963+0000] {dag.py:3096} INFO - Sync 1 DAGs
[2026-05-12T08:49:27.012+0000] {logging_mixin.py:188} INFO - [2026-05-12T08:49:27.012+0000] {dag.py:3954} INFO - Setting next_dagrun for stackoverflow_medallion_pipeline to 2026-05-12 00:00:00+00:00, run_after=2026-05-13 00:00:00+00:00
[2026-05-12T08:49:27.051+0000] {processor.py:183} INFO - Processing /opt/airflow/dags/stackoverflow_migration_dag.py took 0.195 seconds
[2026-05-12T08:49:57.236+0000] {processor.py:161} INFO - Started process (PID=1664) to work on /opt/airflow/dags/stackoverflow_migration_dag.py
[2026-05-12T08:49:57.237+0000] {processor.py:830} INFO - Processing file /opt/airflow/dags/stackoverflow_migration_dag.py for tasks to queue
[2026-05-12T08:49:57.240+0000] {logging_mixin.py:188} INFO - [2026-05-12T08:49:57.239+0000] {dagbag.py:545} INFO - Filling up the DagBag from /opt/airflow/dags/stackoverflow_migration_dag.py
[2026-05-12T08:49:57.273+0000] {processor.py:840} INFO - DAG(s) 'stackoverflow_medallion_pipeline' retrieved from /opt/airflow/dags/stackoverflow_migration_dag.py
[2026-05-12T08:49:57.344+0000] {logging_mixin.py:188} INFO - [2026-05-12T08:49:57.344+0000] {dag.py:3096} INFO - Sync 1 DAGs
[2026-05-12T08:49:57.401+0000] {logging_mixin.py:188} INFO - [2026-05-12T08:49:57.401+0000] {dag.py:3954} INFO - Setting next_dagrun for stackoverflow_medallion_pipeline to 2026-05-12 00:00:00+00:00, run_after=2026-05-13 00:00:00+00:00
[2026-05-12T08:49:57.445+0000] {processor.py:183} INFO - Processing /opt/airflow/dags/stackoverflow_migration_dag.py took 0.217 seconds
[2026-05-12T08:50:27.587+0000] {processor.py:161} INFO - Started process (PID=1669) to work on /opt/airflow/dags/stackoverflow_migration_dag.py
[2026-05-12T08:50:27.588+0000] {processor.py:830} INFO - Processing file /opt/airflow/dags/stackoverflow_migration_dag.py for tasks to queue
[2026-05-12T08:50:27.591+0000] {logging_mixin.py:188} INFO - [2026-05-12T08:50:27.590+0000] {dagbag.py:545} INFO - Filling up the DagBag from /opt/airflow/dags/stackoverflow_migration_dag.py
[2026-05-12T08:50:27.624+0000] {processor.py:840} INFO - DAG(s) 'stackoverflow_medallion_pipeline' retrieved from /opt/airflow/dags/stackoverflow_migration_dag.py
[2026-05-12T08:50:27.696+0000] {logging_mixin.py:188} INFO - [2026-05-12T08:50:27.696+0000] {dag.py:3096} INFO - Sync 1 DAGs
[2026-05-12T08:50:27.745+0000] {logging_mixin.py:188} INFO - [2026-05-12T08:50:27.744+0000] {dag.py:3954} INFO - Setting next_dagrun for stackoverflow_medallion_pipeline to 2026-05-12 00:00:00+00:00, run_after=2026-05-13 00:00:00+00:00
[2026-05-12T08:50:27.785+0000] {processor.py:183} INFO - Processing /opt/airflow/dags/stackoverflow_migration_dag.py took 0.205 seconds
[2026-05-12T08:50:58.037+0000] {processor.py:161} INFO - Started process (PID=1674) to work on /opt/airflow/dags/stackoverflow_migration_dag.py
[2026-05-12T08:50:58.038+0000] {processor.py:830} INFO - Processing file /opt/airflow/dags/stackoverflow_migration_dag.py for tasks to queue
[2026-05-12T08:50:58.040+0000] {logging_mixin.py:188} INFO - [2026-05-12T08:50:58.040+0000] {dagbag.py:545} INFO - Filling up the DagBag from /opt/airflow/dags/stackoverflow_migration_dag.py
[2026-05-12T08:50:58.072+0000] {processor.py:840} INFO - DAG(s) 'stackoverflow_medallion_pipeline' retrieved from /opt/airflow/dags/stackoverflow_migration_dag.py
[2026-05-12T08:50:58.143+0000] {logging_mixin.py:188} INFO - [2026-05-12T08:50:58.143+0000] {dag.py:3096} INFO - Sync 1 DAGs
[2026-05-12T08:50:58.190+0000] {logging_mixin.py:188} INFO - [2026-05-12T08:50:58.189+0000] {dag.py:3954} INFO - Setting next_dagrun for stackoverflow_medallion_pipeline to 2026-05-12 00:00:00+00:00, run_after=2026-05-13 00:00:00+00:00
[2026-05-12T08:50:58.228+0000] {processor.py:183} INFO - Processing /opt/airflow/dags/stackoverflow_migration_dag.py took 0.198 seconds
[2026-05-12T08:51:28.385+0000] {processor.py:161} INFO - Started process (PID=1679) to work on /opt/airflow/dags/stackoverflow_migration_dag.py
[2026-05-12T08:51:28.386+0000] {processor.py:830} INFO - Processing file /opt/airflow/dags/stackoverflow_migration_dag.py for tasks to queue
[2026-05-12T08:51:28.389+0000] {logging_mixin.py:188} INFO - [2026-05-12T08:51:28.388+0000] {dagbag.py:545} INFO - Filling up the DagBag from /opt/airflow/dags/stackoverflow_migration_dag.py
[2026-05-12T08:51:28.425+0000] {processor.py:840} INFO - DAG(s) 'stackoverflow_medallion_pipeline' retrieved from /opt/airflow/dags/stackoverflow_migration_dag.py
[2026-05-12T08:51:28.495+0000] {logging_mixin.py:188} INFO - [2026-05-12T08:51:28.495+0000] {dag.py:3096} INFO - Sync 1 DAGs
[2026-05-12T08:51:28.546+0000] {logging_mixin.py:188} INFO - [2026-05-12T08:51:28.546+0000] {dag.py:3954} INFO - Setting next_dagrun for stackoverflow_medallion_pipeline to 2026-05-12 00:00:00+00:00, run_after=2026-05-13 00:00:00+00:00
[2026-05-12T08:51:28.587+0000] {processor.py:183} INFO - Processing /opt/airflow/dags/stackoverflow_migration_dag.py took 0.209 seconds
[2026-05-12T08:51:59.447+0000] {processor.py:161} INFO - Started process (PID=1684) to work on /opt/airflow/dags/stackoverflow_migration_dag.py
[2026-05-12T08:51:59.449+0000] {processor.py:830} INFO - Processing file /opt/airflow/dags/stackoverflow_migration_dag.py for tasks to queue
[2026-05-12T08:51:59.452+0000] {logging_mixin.py:188} INFO - [2026-05-12T08:51:59.451+0000] {dagbag.py:545} INFO - Filling up the DagBag from /opt/airflow/dags/stackoverflow_migration_dag.py
[2026-05-12T08:51:59.485+0000] {processor.py:840} INFO - DAG(s) 'stackoverflow_medallion_pipeline' retrieved from /opt/airflow/dags/stackoverflow_migration_dag.py
[2026-05-12T08:51:59.555+0000] {logging_mixin.py:188} INFO - [2026-05-12T08:51:59.555+0000] {dag.py:3096} INFO - Sync 1 DAGs
[2026-05-12T08:51:59.605+0000] {logging_mixin.py:188} INFO - [2026-05-12T08:51:59.605+0000] {dag.py:3954} INFO - Setting next_dagrun for stackoverflow_medallion_pipeline to 2026-05-12 00:00:00+00:00, run_after=2026-05-13 00:00:00+00:00
[2026-05-12T08:51:59.648+0000] {processor.py:183} INFO - Processing /opt/airflow/dags/stackoverflow_migration_dag.py took 0.210 seconds
[2026-05-12T08:52:29.874+0000] {processor.py:161} INFO - Started process (PID=1689) to work on /opt/airflow/dags/stackoverflow_migration_dag.py
[2026-05-12T08:52:29.876+0000] {processor.py:830} INFO - Processing file /opt/airflow/dags/stackoverflow_migration_dag.py for tasks to queue
[2026-05-12T08:52:29.880+0000] {logging_mixin.py:188} INFO - [2026-05-12T08:52:29.879+0000] {dagbag.py:545} INFO - Filling up the DagBag from /opt/airflow/dags/stackoverflow_migration_dag.py
[2026-05-12T08:52:29.918+0000] {processor.py:840} INFO - DAG(s) 'stackoverflow_medallion_pipeline' retrieved from /opt/airflow/dags/stackoverflow_migration_dag.py
[2026-05-12T08:52:30.061+0000] {logging_mixin.py:188} INFO - [2026-05-12T08:52:30.060+0000] {dag.py:3096} INFO - Sync 1 DAGs
[2026-05-12T08:52:30.153+0000] {logging_mixin.py:188} INFO - [2026-05-12T08:52:30.153+0000] {dag.py:3954} INFO - Setting next_dagrun for stackoverflow_medallion_pipeline to 2026-05-12 00:00:00+00:00, run_after=2026-05-13 00:00:00+00:00
[2026-05-12T08:52:30.223+0000] {processor.py:183} INFO - Processing /opt/airflow/dags/stackoverflow_migration_dag.py took 0.361 seconds
